{
"type": "FeatureCollection",
"name": "jasper_ab_2024",
"crs": { "type": "name", "properties": { "name": "urn:ogc:def:crs:OGC:1.3:CRS84" } },
"features": [
{ "type": "Feature", "properties": { "YEAR": 2024.0, "NFIREID": 451.0, "BASRC": "MAFiMS", "FIREMAPS": "Sentinel-2", "FIREMAPM": "Processed imagery", "FIRECAUS": "Natural", "HS_SDATE": "2024-07-23T00:00:00", "HS_EDATE": "2024-09-07T00:00:00", "AG_SDATE": "2024-07-22T00:00:00", "AG_EDATE": null, "CAPDATE": "2024-09-08T00:00:00", "POLY_HA": 31644.597903499998, "ADJ_HA": 31644.597903499998, "ADJ_FLAG": null, "ADMIN_NAME": "PC", "ADMIN_DIV": "JA", "PRESCRIBED": null, "VERSION": "20260513", "GID": "2024_451" }, "geometry": { "type": "MultiPolygon", "coordinates": [ [ [ [ -117.865559247359727, 52.633298627592865 ], [ -117.865593390721827, 52.633051815857755 ], [ -117.865709942777301, 52.63295932085601 ], [ -117.866682834712662, 52.632894572675859 ], [ -117.866861633075828, 52.632787398748938 ], [ -117.866886180970511, 52.631789063417671 ], [ -117.866967440528384, 52.631623974488861 ], [ -117.867215471040737, 52.63150428695247 ], [ -117.867287852380187, 52.631386735397172 ], [ -117.867292148037848, 52.630645398367548 ], [ -117.86722884470764, 52.630439895582207 ], [ -117.867017886940175, 52.630172394440848 ], [ -117.866830545690576, 52.63002416267765 ], [ -117.866480813687616, 52.629887805254185 ], [ -117.866431770178977, 52.62978223142332 ], [ -117.866505695288637, 52.629673133490748 ], [ -117.866813768725549, 52.629538785904238 ], [ -117.867193377720014, 52.629436485839008 ], [ -117.8676265620321, 52.629395696681591 ], [ -117.868059503463996, 52.629416925359145 ], [ -117.868324309265745, 52.629504048499705 ], [ -117.868550071993852, 52.629678344866022 ], [ -117.868612459541225, 52.629876274035617 ], [ -117.86855991097093, 52.630108263895565 ], [ -117.868216173619274, 52.630337859509218 ], [ -117.868176634707964, 52.630743525863302 ], [ -117.868228035593418, 52.631919517665558 ], [ -117.868304420640399, 52.63203577352477 ], [ -117.868591310082294, 52.632184649169062 ], [ -117.868654006078231, 52.632364074940057 ], [ -117.86867963373551, 52.63382290071219 ], [ -117.868593448020746, 52.634012269488764 ], [ -117.868409725557768, 52.634147442450349 ], [ -117.868167452026697, 52.634226275079357 ], [ -117.867912005256244, 52.634201257470501 ], [ -117.867712931633733, 52.634051724149771 ], [ -117.867522855302468, 52.63400753254804 ], [ -117.86624402187644, 52.634000057994626 ], [ -117.865878811384931, 52.633946325149168 ], [ -117.865671659767443, 52.63370994261885 ], [ -117.865559247359727, 52.633298627592865 ] ] ], [ [ [ -117.8197012454782, 52.716529650952701 ], [ -117.819790984795645, 52.716368779584506 ], [ -117.820041569675894, 52.716337081279413 ], [ -117.820292422296319, 52.716415350003771 ], [ -117.820521459416852, 52.716591010032481 ], [ -117.820595400883121, 52.716795912475582 ], [ -117.820596336874246, 52.717170799888464 ], [ -117.820512807201794, 52.717341839533837 ], [ -117.820252365237366, 52.717463397969624 ], [ -117.820068444403503, 52.717617211921642 ], [ -117.819807296652058, 52.717612947992045 ], [ -117.819706110054938, 52.717352909215208 ], [ -117.8197012454782, 52.716529650952701 ] ] ], [ [ [ -117.838917370364925, 52.723840254281932 ], [ -117.839183165086183, 52.723713268279162 ], [ -117.839552549341462, 52.723650931948256 ], [ -117.839786996331398, 52.723672284289044 ], [ -117.840176685150638, 52.723787034779164 ], [ -117.840852089449541, 52.724045423221611 ], [ -117.841559537498071, 52.724410387920564 ], [ -117.8417163386152, 52.724570528702785 ], [ -117.841673621812234, 52.724793404018151 ], [ -117.841220577065457, 52.724973205474548 ], [ -117.840583595777517, 52.725089361550644 ], [ -117.840079510181482, 52.725037361617275 ], [ -117.839442135374739, 52.724892051864217 ], [ -117.839281599494669, 52.724803585324381 ], [ -117.839172555332766, 52.724655514675426 ], [ -117.838918712464746, 52.72404634837028 ], [ -117.838917370364925, 52.723840254281932 ] ] ], [ [ [ -117.847387456312248, 52.75252015074895 ], [ -117.84713024929691, 52.752360932549529 ], [ -117.846924072982858, 52.752301631097339 ], [ -117.846354722919074, 52.752250098067343 ], [ -117.84619716514203, 52.752181805115278 ], [ -117.846118821327551, 52.75189776201848 ], [ -117.846160759513467, 52.751526206035791 ], [ -117.846304346866802, 52.751365949318313 ], [ -117.846591401716992, 52.751230508560475 ], [ -117.84768672385654, 52.751154213536182 ], [ -117.84806302020047, 52.750941625396933 ], [ -117.848578688411777, 52.7509210128568 ], [ -117.848732403704062, 52.750989358542753 ], [ -117.848798716708941, 52.751170487135809 ], [ -117.848777906717686, 52.75212572072013 ], [ -117.848662362010813, 52.752218234202957 ], [ -117.848034530907555, 52.752330793281494 ], [ -117.84786880635923, 52.752712965133441 ], [ -117.847742705590406, 52.752770715581022 ], [ -117.84758847225288, 52.752745782002648 ], [ -117.847387456312248, 52.75252015074895 ] ] ], [ [ [ -118.01699576388269, 52.786185907034124 ], [ -118.017322424190411, 52.78607842911601 ], [ -118.017598822251003, 52.786207001291828 ], [ -118.017813401778469, 52.786544497704064 ], [ -118.017783758860773, 52.786898431425229 ], [ -118.01763229992703, 52.787186207975935 ], [ -118.017247965223504, 52.787511418641984 ], [ -118.016939527932024, 52.78765755533707 ], [ -118.016532598769587, 52.787708764075994 ], [ -118.016267417146523, 52.787621670021409 ], [ -118.01610923262966, 52.787471075282376 ], [ -118.01598172296687, 52.7871720148881 ], [ -118.015960609018535, 52.786866707314701 ], [ -118.016082168000608, 52.78670135671085 ], [ -118.01699576388269, 52.786185907034124 ] ] ], [ [ [ -117.927860775540395, 52.809492712758392 ], [ -117.927954565061313, 52.809410657380212 ], [ -117.928427690838106, 52.809365886144654 ], [ -117.929053119213023, 52.809391890594121 ], [ -117.929379412891976, 52.809510955884164 ], [ -117.929565411199818, 52.809694402489221 ], [ -117.929517770683049, 52.809848322449859 ], [ -117.929332041880755, 52.809899916400035 ], [ -117.928727567935766, 52.809916632217536 ], [ -117.928356874821702, 52.809862018562306 ], [ -117.928153510910931, 52.809703659144382 ], [ -117.927898913580293, 52.809591583085989 ], [ -117.927860775540395, 52.809492712758392 ] ] ], [ [ [ -117.933556959985552, 52.807178915125959 ], [ -117.933530411836927, 52.806364191836224 ], [ -117.933622860762455, 52.80615263015531 ], [ -117.933888778405901, 52.806096336439097 ], [ -117.935097918199446, 52.806054888486976 ], [ -117.935409697112433, 52.805867702314181 ], [ -117.935568721183159, 52.805842418640452 ], [ -117.935666595844054, 52.805868512231307 ], [ -117.93574099894316, 52.805976270498093 ], [ -117.935766822526475, 52.806396100358064 ], [ -117.935704383319333, 52.806657773488745 ], [ -117.935350963222916, 52.80727251682702 ], [ -117.935347155984573, 52.809198092883804 ], [ -117.935232963586202, 52.809292756407004 ], [ -117.935017934034263, 52.809328304990927 ], [ -117.934419522697809, 52.809330997192575 ], [ -117.934143927837994, 52.809276935652846 ], [ -117.933792557682779, 52.808984594750797 ], [ -117.93246066538812, 52.808394558950496 ], [ -117.93229685931594, 52.808247402573237 ], [ -117.932271909740081, 52.808058421193991 ], [ -117.932510705854028, 52.807840204437362 ], [ -117.933215460307267, 52.807633331102295 ], [ -117.933493246160168, 52.807432014700694 ], [ -117.933556959985552, 52.807178915125959 ] ] ], [ [ [ -117.930978540576405, 52.812061370664217 ], [ -117.93108128927696, 52.811821631532496 ], [ -117.931401052704857, 52.811775748726831 ], [ -117.931780431486274, 52.811830082575391 ], [ -117.931871979625072, 52.812068436222688 ], [ -117.931795762200608, 52.81226653791812 ], [ -117.931453360279789, 52.812316174791562 ], [ -117.931046178672219, 52.812263113340023 ], [ -117.930978540576405, 52.812061370664217 ] ] ], [ [ [ -117.937007525630364, 52.818722133356147 ], [ -117.937256575754319, 52.818560742100708 ], [ -117.93746289853388, 52.818501340601188 ], [ -117.938033055098302, 52.818446337861111 ], [ -117.938186530321389, 52.818377200924786 ], [ -117.93824448568283, 52.818199241668943 ], [ -117.938257116348836, 52.81711682200568 ], [ -117.938556812862998, 52.816710264890844 ], [ -117.93870440158328, 52.816619271577643 ], [ -117.93889431662798, 52.816595499521156 ], [ -117.939037796153087, 52.81665264215853 ], [ -117.939107463317129, 52.816884089733001 ], [ -117.939163676105665, 52.819865533381211 ], [ -117.939111578912588, 52.819996645519886 ], [ -117.938960622050985, 52.820067256988594 ], [ -117.938658075276308, 52.8200833385783 ], [ -117.9383851164242, 52.820035426451355 ], [ -117.938121053670784, 52.819864501756634 ], [ -117.937504286876205, 52.81979058583731 ], [ -117.937275165495791, 52.819679148096704 ], [ -117.93695561536444, 52.819282237321694 ], [ -117.936919254433306, 52.818909779080364 ], [ -117.937007525630364, 52.818722133356147 ] ] ], [ [ [ -118.041682395733872, 52.815891236745202 ], [ -118.041961061706843, 52.815758751028483 ], [ -118.042223657570489, 52.815823138426964 ], [ -118.043020644390353, 52.816290765502998 ], [ -118.043394632155852, 52.816634276698174 ], [ -118.043881704938642, 52.817347640526833 ], [ -118.044045494858608, 52.817865320828062 ], [ -118.043989530746671, 52.818157178082387 ], [ -118.043669882139753, 52.818349346676079 ], [ -118.043346589321956, 52.818357497174112 ], [ -118.042966328170351, 52.818208721193514 ], [ -118.042142192350255, 52.817638695359605 ], [ -118.041699285773007, 52.817229861043792 ], [ -118.041538235107097, 52.816951351572285 ], [ -118.041458697070993, 52.816535304268292 ], [ -118.041529871195735, 52.816174967844375 ], [ -118.041682395733872, 52.815891236745202 ] ] ], [ [ [ -118.047388263562297, 52.820211719566593 ], [ -118.047084138259763, 52.820082964918178 ], [ -118.046417548882559, 52.819464304486779 ], [ -118.045609632821055, 52.818901851281595 ], [ -118.045534590792982, 52.818650110946798 ], [ -118.045473555649139, 52.817430970913456 ], [ -118.045353739932949, 52.81734157521727 ], [ -118.044833961333808, 52.817282920865097 ], [ -118.044677952155709, 52.81721631892043 ], [ -118.044523166374873, 52.816249125345003 ], [ -118.043489467773327, 52.81535508606806 ], [ -118.042950546574247, 52.814698739384248 ], [ -118.042932860859366, 52.814220801594061 ], [ -118.043129471781086, 52.813999102844619 ], [ -118.04340393828241, 52.813837472979849 ], [ -118.043586907749585, 52.813826502241973 ], [ -118.043825570162184, 52.813904276500239 ], [ -118.044155378643254, 52.814202098584843 ], [ -118.044287248894889, 52.814453921151681 ], [ -118.044448101193382, 52.815254717508829 ], [ -118.045011805091136, 52.815963066881984 ], [ -118.045377975482182, 52.816560581745058 ], [ -118.045553959040703, 52.816709656944226 ], [ -118.046020386316172, 52.816763375601141 ], [ -118.048616009784894, 52.816729906538242 ], [ -118.048849411866854, 52.816748531977467 ], [ -118.049003656245787, 52.81681654199425 ], [ -118.049075327678807, 52.817100324053172 ], [ -118.049084165428056, 52.819208014087977 ], [ -118.049175101757172, 52.819371582427053 ], [ -118.049467850813002, 52.819485302968701 ], [ -118.049509570153774, 52.819577562846852 ], [ -118.049417848033627, 52.819654594945142 ], [ -118.048790106774049, 52.819762582489275 ], [ -118.048710381495326, 52.819878233639272 ], [ -118.048638318871625, 52.820422049003739 ], [ -118.048512247350857, 52.820480442256041 ], [ -118.048353748236522, 52.820459513363367 ], [ -118.048101873938847, 52.820294764132839 ], [ -118.047388263562297, 52.820211719566593 ] ] ], [ [ [ -118.112059991158375, 52.85470976123846 ], [ -118.112257874641699, 52.854630199514375 ], [ -118.112667191144666, 52.854557503053805 ], [ -118.11291319575426, 52.854556174106413 ], [ -118.113140211411192, 52.854614111736041 ], [ -118.113467524044239, 52.854835648136742 ], [ -118.113530854730001, 52.855084173063311 ], [ -118.113483739121094, 52.855259849860843 ], [ -118.113336120289361, 52.855327510867461 ], [ -118.112936592471343, 52.855346917914702 ], [ -118.112501840981992, 52.855321915530894 ], [ -118.112209936674304, 52.855249529081128 ], [ -118.112052909811922, 52.855150639758435 ], [ -118.111939023388487, 52.854968876135104 ], [ -118.111953964765405, 52.854829182227043 ], [ -118.112059991158375, 52.85470976123846 ] ] ], [ [ [ -117.899155369982338, 52.904159436432366 ], [ -117.899296208735436, 52.904111923865344 ], [ -117.899454831626556, 52.904180426801176 ], [ -117.89954502712682, 52.904337794162323 ], [ -117.899507101280321, 52.904816856767674 ], [ -117.899420473996628, 52.904972068444877 ], [ -117.899261485983359, 52.905055388393414 ], [ -117.899036221702985, 52.905026630397508 ], [ -117.898911965574811, 52.904851526867702 ], [ -117.898878183332428, 52.904570594820285 ], [ -117.89899217941074, 52.904299567433412 ], [ -117.899155369982338, 52.904159436432366 ] ] ], [ [ [ -118.094308406432646, 52.87014098484547 ], [ -118.094356859536688, 52.870097342741765 ], [ -118.094461029020025, 52.870086485030782 ], [ -118.094661745646818, 52.870115382369249 ], [ -118.094770802833594, 52.870125766856866 ], [ -118.094875518183883, 52.87018607064676 ], [ -118.094780593764824, 52.870264026496933 ], [ -118.094621237362105, 52.870217487506778 ], [ -118.094406712063403, 52.870209324283977 ], [ -118.094339167959717, 52.870187947220963 ], [ -118.094308406432646, 52.87014098484547 ] ] ], [ [ [ -117.942111636413571, 52.902314420670237 ], [ -117.941771959404036, 52.902284111950614 ], [ -117.941308400657576, 52.902168027303979 ], [ -117.940945713517578, 52.902041015656152 ], [ -117.940666096049725, 52.901882810423672 ], [ -117.940557016147636, 52.901774977646333 ], [ -117.940534705135306, 52.901647860912497 ], [ -117.940866200766948, 52.901420958623014 ], [ -117.940902701266424, 52.901089300959185 ], [ -117.940681280051876, 52.900853490506826 ], [ -117.94017177746052, 52.900676495852757 ], [ -117.940056193948905, 52.900579738319649 ], [ -117.939955417403041, 52.899763679843097 ], [ -117.939636697125025, 52.899569068154626 ], [ -117.939559137069907, 52.899451104552156 ], [ -117.939551848859438, 52.899263656700583 ], [ -117.93962669652899, 52.899152223254589 ], [ -117.93988775711496, 52.899110207881051 ], [ -117.940195668591855, 52.899155833983869 ], [ -117.941409564390611, 52.899506328283458 ], [ -117.941796352806819, 52.899677867214741 ], [ -117.942605270653388, 52.900604310471941 ], [ -117.942779458516213, 52.901408416012828 ], [ -117.943478842560793, 52.901709899846139 ], [ -117.943578450262066, 52.901864778635407 ], [ -117.943525447023177, 52.901971827478526 ], [ -117.942896047306135, 52.902082699598068 ], [ -117.942582767693537, 52.902277142046607 ], [ -117.942111636413571, 52.902314420670237 ] ] ], [ [ [ -118.093481020716666, 52.870391408065466 ], [ -118.093508027493357, 52.870323339409879 ], [ -118.093824043343389, 52.870252162473591 ], [ -118.094012484998345, 52.870368293645107 ], [ -118.093973428993408, 52.87048568354848 ], [ -118.093787288906313, 52.870469298307093 ], [ -118.093634496842995, 52.870421371556745 ], [ -118.093481020716666, 52.870391408065466 ] ] ], [ [ [ -118.092811740199707, 52.870539392318548 ], [ -118.092901334683035, 52.870516024264106 ], [ -118.092986890652753, 52.870555873150998 ], [ -118.093033069029502, 52.870604036659508 ], [ -118.093064372012222, 52.870722161491273 ], [ -118.093097812839105, 52.870837609007125 ], [ -118.093023564993132, 52.870906742163427 ], [ -118.092954191711357, 52.870901341389171 ], [ -118.092864882379928, 52.87074646012222 ], [ -118.092805036565395, 52.870629906209324 ], [ -118.092811740199707, 52.870539392318548 ] ] ], [ [ [ -118.097664591333142, 52.870325636333597 ], [ -118.097464901734071, 52.870154972130926 ], [ -118.097443526282618, 52.87016333838357 ], [ -118.097440280017722, 52.870140692462627 ], [ -118.097506780092203, 52.870111854619573 ], [ -118.097683823695064, 52.869970054075665 ], [ -118.097705984916885, 52.869888806955551 ], [ -118.097698688089096, 52.869796376647948 ], [ -118.0976056415779, 52.869635046369581 ], [ -118.097422680985886, 52.869447457781618 ], [ -118.097341198026115, 52.869363913366833 ], [ -118.097314683470287, 52.869270795669436 ], [ -118.097035157335952, 52.869019854377818 ], [ -118.096967920359987, 52.869008465692751 ], [ -118.096934164588561, 52.868969398928179 ], [ -118.096739061065847, 52.868850501954057 ], [ -118.096455732303312, 52.868778080028648 ], [ -118.096088957246721, 52.868810286621269 ], [ -118.095737108698728, 52.868968112968922 ], [ -118.095685279400271, 52.869177437785467 ], [ -118.095804434523728, 52.8693541363942 ], [ -118.095835812122502, 52.869398618916421 ], [ -118.095822344657392, 52.869488045655082 ], [ -118.095720662507588, 52.869732476926025 ], [ -118.095468389975139, 52.869731366207368 ], [ -118.095256715998616, 52.869629235051704 ], [ -118.095211403504706, 52.869410404889258 ], [ -118.09523093139849, 52.869210512982043 ], [ -118.095071962258487, 52.868950426151912 ], [ -118.094878528937301, 52.868708493726679 ], [ -118.095034829107846, 52.868621109944819 ], [ -118.095601572165464, 52.868528626791189 ], [ -118.096231483712202, 52.868498933607434 ], [ -118.09672074427661, 52.868537004996284 ], [ -118.097308985998154, 52.868793446914765 ], [ -118.097791104180345, 52.869333328167073 ], [ -118.098207580633073, 52.869587976274012 ], [ -118.098267106279181, 52.869956074481372 ], [ -118.09803499757237, 52.870130168151242 ], [ -118.098028331997256, 52.87030559646994 ], [ -118.09836304023348, 52.870621019289459 ], [ -118.098342773444756, 52.870788443865109 ], [ -118.097949943140023, 52.870960254726484 ], [ -118.09793840555642, 52.870949970744611 ], [ -118.097889850337083, 52.870855812044603 ], [ -118.097852133128256, 52.870710639648117 ], [ -118.097812043877539, 52.87061121360901 ], [ -118.097758676370674, 52.87053169164497 ], [ -118.097757639728513, 52.870486966876541 ], [ -118.097664591333142, 52.870325636333597 ] ] ], [ [ [ -118.100170742040163, 52.869423520592548 ], [ -118.100351542620743, 52.869346383108784 ], [ -118.10043689647091, 52.869412570143716 ], [ -118.100426772767065, 52.869497125814519 ], [ -118.100301338639582, 52.869585987614293 ], [ -118.100144389674654, 52.869690415709819 ], [ -118.099954161780801, 52.869781824356338 ], [ -118.099843522507655, 52.869845285415067 ], [ -118.099833707615517, 52.869880781919974 ], [ -118.099832525673207, 52.869881063456354 ], [ -118.099747044231719, 52.870013319300746 ], [ -118.099758072316973, 52.870141505689546 ], [ -118.099746199512225, 52.870323472733553 ], [ -118.09983868691063, 52.870499364711748 ], [ -118.099838852303975, 52.870499679327708 ], [ -118.099884684483129, 52.870569971654838 ], [ -118.100049100188841, 52.870770689909868 ], [ -118.099872850829229, 52.870807913550109 ], [ -118.099549223776989, 52.870854508280843 ], [ -118.099455129497898, 52.870847189853954 ], [ -118.099155094099913, 52.870638645968455 ], [ -118.099089653550038, 52.870478445551115 ], [ -118.099131531815772, 52.870317332509089 ], [ -118.099317989083957, 52.870142000142096 ], [ -118.099556062262195, 52.869993833690963 ], [ -118.099722566401965, 52.869768332398657 ], [ -118.100170742040163, 52.869423520592548 ] ] ], [ [ [ -118.094199158713877, 52.871930390077011 ], [ -118.093919297873512, 52.871949383892925 ], [ -118.093719871809839, 52.871929121042022 ], [ -118.093599807728665, 52.871823052226034 ], [ -118.093638714779146, 52.871699013288037 ], [ -118.093729440525038, 52.871581852311031 ], [ -118.093669144385231, 52.87154112463493 ], [ -118.09340149158956, 52.871517446796446 ], [ -118.093296774948698, 52.871457141310053 ], [ -118.09335965565721, 52.871419363794168 ], [ -118.093691558247869, 52.871369336642701 ], [ -118.093849996319989, 52.871375979102837 ], [ -118.094186324097066, 52.871327243539888 ], [ -118.094420084912954, 52.871311299263724 ], [ -118.09456813221513, 52.871248856745041 ], [ -118.094953527646027, 52.871183075950889 ], [ -118.095088155365133, 52.871205880559458 ], [ -118.095130455868272, 52.871323912609135 ], [ -118.095106048692841, 52.871409253426876 ], [ -118.095172603888869, 52.871435294250446 ], [ -118.095376812222725, 52.87132980784007 ], [ -118.09567420326816, 52.871213555925991 ], [ -118.095765556617607, 52.871218768639132 ], [ -118.095920663848005, 52.871366439189359 ], [ -118.095726693352418, 52.871534359845235 ], [ -118.09549477858566, 52.871630105273802 ], [ -118.09522064684964, 52.871659029635154 ], [ -118.094951863126454, 52.871729145682707 ], [ -118.094893255612718, 52.871761567175746 ], [ -118.094801915728567, 52.871852129932158 ], [ -118.094805452026407, 52.872005075611831 ], [ -118.094706473077622, 52.87205047572148 ], [ -118.094396992128964, 52.872024493707698 ], [ -118.094199158713877, 52.871930390077011 ] ] ], [ [ [ -118.096249425193605, 52.871661623547205 ], [ -118.096559553014757, 52.871481286404844 ], [ -118.09663133723609, 52.871466127624544 ], [ -118.096649712070331, 52.871517934278714 ], [ -118.096542172004192, 52.871620690526022 ], [ -118.096420796648005, 52.871719407989346 ], [ -118.09627461071203, 52.871785079568951 ], [ -118.096236478059794, 52.871918425769245 ], [ -118.09637495093412, 52.872038842957203 ], [ -118.096441157727327, 52.872153636759514 ], [ -118.09621650870848, 52.87224283645876 ], [ -118.095367951866621, 52.872387202885733 ], [ -118.095323940573635, 52.872340809597148 ], [ -118.095307595858273, 52.872302496686707 ], [ -118.095427666822459, 52.872221458119796 ], [ -118.095660783062996, 52.872126992051371 ], [ -118.095796233643654, 52.872042706365768 ], [ -118.096071060915179, 52.871821098910296 ], [ -118.096249425193605, 52.871661623547205 ] ] ], [ [ [ -118.076683104152707, 52.874645336403574 ], [ -118.076918578830174, 52.874433393693607 ], [ -118.077113730943594, 52.874461773059153 ], [ -118.077376069517882, 52.874761887619933 ], [ -118.077437929894728, 52.875135200768796 ], [ -118.077473782719949, 52.875707180546534 ], [ -118.077335158441215, 52.876153693182474 ], [ -118.076949754285721, 52.876482259247652 ], [ -118.076761961078773, 52.876662129992532 ], [ -118.076332187399132, 52.876772879682001 ], [ -118.076031823589105, 52.876706782923378 ], [ -118.076073718378936, 52.876535674931354 ], [ -118.07619689644153, 52.876416967324545 ], [ -118.076521397795659, 52.876093524135044 ], [ -118.076678835006447, 52.875635319483443 ], [ -118.076618861581977, 52.875176610139263 ], [ -118.076683104152707, 52.874645336403574 ] ] ], [ [ [ -118.106874702495617, 52.87042165450066 ], [ -118.104383968258816, 52.870463802033598 ], [ -118.104028216157758, 52.870619457116838 ], [ -118.103694116007361, 52.870947169302454 ], [ -118.102351849168912, 52.871017232401933 ], [ -118.102154925874359, 52.871065212696791 ], [ -118.102059149695663, 52.871132264474738 ], [ -118.1019347486843, 52.871087444407706 ], [ -118.101719016278878, 52.871042519284316 ], [ -118.101680723974411, 52.870916276823984 ], [ -118.101838560708131, 52.870865867876766 ], [ -118.102204052364854, 52.870658151407667 ], [ -118.102428134826425, 52.870485740596109 ], [ -118.102561299473294, 52.870327094870404 ], [ -118.10272295105375, 52.870124363885694 ], [ -118.102947784744245, 52.869984421174692 ], [ -118.103184708795013, 52.869787542040207 ], [ -118.103440069748771, 52.869575890560391 ], [ -118.103567631633041, 52.869407548930695 ], [ -118.103751647444426, 52.86924359807135 ], [ -118.103956140321898, 52.86903725132909 ], [ -118.104055210378334, 52.868912996200912 ], [ -118.104045827531266, 52.868740952134623 ], [ -118.104044796451291, 52.868738946712817 ], [ -118.104054268002088, 52.868730415510512 ], [ -118.104278405848831, 52.868596287639221 ], [ -118.104593150984627, 52.868544937629238 ], [ -118.105211294191648, 52.868539174425692 ], [ -118.105542457878599, 52.86857957118734 ], [ -118.105725872872469, 52.868651821754554 ], [ -118.106088171230724, 52.868986920591006 ], [ -118.10625014682968, 52.869053499469899 ], [ -118.106764508587148, 52.869030894705048 ], [ -118.107071323951146, 52.868834966691317 ], [ -118.107408325602279, 52.868850760378258 ], [ -118.107752003292561, 52.869070560674871 ], [ -118.107816120901504, 52.869369581200566 ], [ -118.1077361228038, 52.869537123238814 ], [ -118.107555582171287, 52.869639027986459 ], [ -118.107282126943645, 52.869661548656289 ], [ -118.106870018536696, 52.869710548864163 ], [ -118.106993223167663, 52.869815039694323 ], [ -118.107279819782846, 52.869906763488451 ], [ -118.107416787524443, 52.869973274877559 ], [ -118.107380538159148, 52.870240124047477 ], [ -118.107254434485952, 52.870378801064483 ], [ -118.106874702495617, 52.87042165450066 ] ] ], [ [ [ -118.103215950997011, 52.871453755938198 ], [ -118.103250871537327, 52.871404613948172 ], [ -118.103466215961717, 52.871359126665496 ], [ -118.103795812510327, 52.871352154451536 ], [ -118.103927238427929, 52.871390522438048 ], [ -118.103914282063812, 52.871497674763106 ], [ -118.103604614750495, 52.8715491648056 ], [ -118.103260939064413, 52.871541707079459 ], [ -118.103215950997011, 52.871453755938198 ] ] ], [ [ [ -118.101539278633297, 52.871842703521459 ], [ -118.101925867783692, 52.871733861399541 ], [ -118.102331735630713, 52.87187654220515 ], [ -118.102748792247581, 52.872038613083383 ], [ -118.103210221192342, 52.872262008438675 ], [ -118.103408557220277, 52.872481153261845 ], [ -118.103843829875274, 52.872503416367195 ], [ -118.103852220178354, 52.872517959398117 ], [ -118.103998558040217, 52.87269370439666 ], [ -118.104099624153946, 52.872884450935516 ], [ -118.104301521862908, 52.873140911296154 ], [ -118.104103884997556, 52.873296863621192 ], [ -118.103761801520207, 52.873358243787997 ], [ -118.103208529077151, 52.873224944128232 ], [ -118.103003314749444, 52.873056195506045 ], [ -118.102870733001026, 52.872779654620182 ], [ -118.102587677161367, 52.872725236934372 ], [ -118.102138567290439, 52.872569933688851 ], [ -118.101944697332229, 52.872311776474625 ], [ -118.101553338519892, 52.872100770053954 ], [ -118.101539278633297, 52.871842703521459 ] ] ], [ [ [ -118.093536483309165, 52.874817620992388 ], [ -118.093827702851243, 52.874587069842718 ], [ -118.094386856244967, 52.874340401881589 ], [ -118.094510748140053, 52.87423195265967 ], [ -118.09459612797653, 52.873835161523232 ], [ -118.094735149954204, 52.873653146653247 ], [ -118.09549595617186, 52.873151670464914 ], [ -118.096071046677565, 52.873160612785547 ], [ -118.096506487305973, 52.87307410789024 ], [ -118.097500175185459, 52.872989362160716 ], [ -118.09820812961533, 52.873312987079899 ], [ -118.09868927933401, 52.873461538158153 ], [ -118.099134960354945, 52.874047195772093 ], [ -118.099513698107771, 52.874407711754912 ], [ -118.099791080890384, 52.874795069202314 ], [ -118.099920410866346, 52.874908942004147 ], [ -118.099941120759738, 52.875338887069262 ], [ -118.100015239937136, 52.875592381528236 ], [ -118.100186792722624, 52.875733458311444 ], [ -118.10042901050339, 52.875830704126692 ], [ -118.10146960721039, 52.875875027716098 ], [ -118.101663883211714, 52.875922058804804 ], [ -118.101763906764063, 52.876128086497715 ], [ -118.101676485021713, 52.876336772511003 ], [ -118.101323545407752, 52.876401849195844 ], [ -118.099300427156265, 52.876441126913342 ], [ -118.099181390592037, 52.87647888760236 ], [ -118.098845337187697, 52.876752584804642 ], [ -118.098112625966493, 52.876957586647762 ], [ -118.096957421344172, 52.876983024802414 ], [ -118.096517533641986, 52.876926358582949 ], [ -118.096317438834717, 52.876775078047615 ], [ -118.096041784865818, 52.876724696262876 ], [ -118.094979755541601, 52.876734272254808 ], [ -118.094688613282102, 52.876816989286574 ], [ -118.094691279260743, 52.876914203693104 ], [ -118.094835027982811, 52.876974639957922 ], [ -118.096057005630314, 52.876992832046213 ], [ -118.096326347879824, 52.877045600418455 ], [ -118.096512827812617, 52.877427196879957 ], [ -118.09680095761766, 52.877582692351339 ], [ -118.096889187631803, 52.877792915350327 ], [ -118.096863483123499, 52.877927518644142 ], [ -118.096748510457729, 52.878019319924029 ], [ -118.096116297355337, 52.878130436711267 ], [ -118.095873237635701, 52.878663741932719 ], [ -118.095613064445971, 52.8788170745228 ], [ -118.095130849998981, 52.878964762067156 ], [ -118.094912881203143, 52.879156645979357 ], [ -118.094724888649438, 52.879484606562499 ], [ -118.094717173682668, 52.880294124018626 ], [ -118.094578653155821, 52.880480074077852 ], [ -118.09406381535895, 52.880496031736769 ], [ -118.093733384235748, 52.880305747720328 ], [ -118.093462729339976, 52.880257990052407 ], [ -118.093095467490983, 52.880289887183572 ], [ -118.092844470699688, 52.880467626479408 ], [ -118.092500745119921, 52.880522474146403 ], [ -118.092211576085447, 52.880495511054612 ], [ -118.091954705125843, 52.880324285722331 ], [ -118.091758856570735, 52.880280526146173 ], [ -118.090000458402059, 52.880266269041421 ], [ -118.089601758169977, 52.880136730326619 ], [ -118.089297482846362, 52.879835491259584 ], [ -118.089158691826171, 52.879783221831723 ], [ -118.088976861906787, 52.879844607773862 ], [ -118.088821496319326, 52.880232083231988 ], [ -118.088619263895524, 52.880256165457112 ], [ -118.088488393973336, 52.880081613737616 ], [ -118.08843521335443, 52.879382460061834 ], [ -118.088360495503608, 52.879273520934809 ], [ -118.088263298539232, 52.879248215396238 ], [ -118.088079327947469, 52.879310922747997 ], [ -118.087918368453586, 52.879700533378205 ], [ -118.087773790914724, 52.879731899424982 ], [ -118.087646095788926, 52.879680208902037 ], [ -118.08756758877432, 52.879343875396337 ], [ -118.087558246322104, 52.878634027545814 ], [ -118.088052359260303, 52.878253287686363 ], [ -118.088112023561237, 52.878087378105491 ], [ -118.088310835567484, 52.877921777543698 ], [ -118.088600323484997, 52.877771659893945 ], [ -118.088890997109004, 52.877566888325752 ], [ -118.088876251993227, 52.877456247291697 ], [ -118.088840828607502, 52.877295567825058 ], [ -118.088809641961078, 52.877213126241706 ], [ -118.088742356316644, 52.877153139836558 ], [ -118.088731849131037, 52.87712073841827 ], [ -118.088676555335297, 52.876993377401753 ], [ -118.08881443384152, 52.876930573392784 ], [ -118.088952517673277, 52.876950521924222 ], [ -118.089315385148552, 52.876913503921521 ], [ -118.089706723926625, 52.876840799788503 ], [ -118.089908404496327, 52.876694371557477 ], [ -118.089910263615479, 52.876456581897102 ], [ -118.089811387275233, 52.876285101990021 ], [ -118.091074966412535, 52.875722538787855 ], [ -118.091399389933656, 52.875683829420375 ], [ -118.091713231396199, 52.875700191039911 ], [ -118.09203923136684, 52.875889406757786 ], [ -118.09231795101293, 52.87594243777194 ], [ -118.092920025088091, 52.875941222606173 ], [ -118.093184664514666, 52.875882196617603 ], [ -118.093245835270594, 52.87572202618901 ], [ -118.093122306287299, 52.875491887047595 ], [ -118.092808106609596, 52.875208717769915 ], [ -118.092481685145088, 52.875083969948598 ], [ -118.093087632810253, 52.874847054696275 ], [ -118.093536483309165, 52.874817620992388 ] ] ], [ [ [ -118.094145112083751, 52.881257355135673 ], [ -118.094549579325701, 52.881154983450692 ], [ -118.094855632320218, 52.881149858105324 ], [ -118.095038232194057, 52.881247265941496 ], [ -118.095157961896362, 52.881527886654688 ], [ -118.095006268328447, 52.881678867689615 ], [ -118.09412336620565, 52.88195020618496 ], [ -118.093793704106375, 52.88184135297692 ], [ -118.093723213152984, 52.881694788063264 ], [ -118.093822483671175, 52.881452911132556 ], [ -118.094145112083751, 52.881257355135673 ] ] ], [ [ [ -118.084844637986393, 52.884103700593684 ], [ -118.085603890779524, 52.883739593935339 ], [ -118.08607218108358, 52.883674777092146 ], [ -118.08600138877199, 52.884063569095318 ], [ -118.085658294429464, 52.884467328738857 ], [ -118.08496601217, 52.884825801253925 ], [ -118.08419857783052, 52.885200122677411 ], [ -118.083990938332718, 52.885107980136297 ], [ -118.083919318655106, 52.884910672289678 ], [ -118.083943517187549, 52.884684655089075 ], [ -118.084844637986393, 52.884103700593684 ] ] ], [ [ [ -118.063808357259347, 52.892454208025427 ], [ -118.063965680738022, 52.891870682219206 ], [ -118.064331373953479, 52.891480665493127 ], [ -118.064649466717569, 52.891334290484799 ], [ -118.066328127402969, 52.891338212711304 ], [ -118.066891300150729, 52.891275229928219 ], [ -118.067122814339982, 52.891148326837538 ], [ -118.067402006864029, 52.890894556777788 ], [ -118.06778902745711, 52.890283798457766 ], [ -118.067941479134092, 52.890243938799308 ], [ -118.068110926470965, 52.890281719605312 ], [ -118.068383715162099, 52.890603991502495 ], [ -118.06863004518226, 52.891214659850313 ], [ -118.068754408277542, 52.892316770508437 ], [ -118.069077057752338, 52.893058259187114 ], [ -118.069101697219253, 52.893257893805334 ], [ -118.068857636026706, 52.893761459989733 ], [ -118.068626912728021, 52.893912889720205 ], [ -118.068390332264286, 52.893893615057657 ], [ -118.068310319289409, 52.893826572581958 ], [ -118.068246540289849, 52.893228296699306 ], [ -118.068016685999012, 52.892707504444459 ], [ -118.067800505023655, 52.892234807459261 ], [ -118.067465137167915, 52.89187219145456 ], [ -118.066999760990839, 52.891698400193285 ], [ -118.066711650754044, 52.891759119743128 ], [ -118.066347608915351, 52.892175681367007 ], [ -118.066429389505672, 52.892829629005469 ], [ -118.066359142862851, 52.893439153060562 ], [ -118.066453653640863, 52.893725091053298 ], [ -118.066511541718057, 52.893752496012929 ], [ -118.066654433883031, 52.894012227300394 ], [ -118.067293358891447, 52.894573539660968 ], [ -118.067472668498255, 52.895004840982601 ], [ -118.067450253377615, 52.895205192635942 ], [ -118.067127900108503, 52.895875762286046 ], [ -118.066962037735664, 52.896662703142248 ], [ -118.067093848699585, 52.897176039466338 ], [ -118.067406840558732, 52.897778817166078 ], [ -118.067475397278372, 52.899062884826463 ], [ -118.067670441345356, 52.899943044703441 ], [ -118.067553433780461, 52.90040516282864 ], [ -118.067009165465237, 52.901111249804025 ], [ -118.066882406796623, 52.901409605432903 ], [ -118.066726782514806, 52.902342361712755 ], [ -118.066792266890701, 52.903547435977757 ], [ -118.066745767149982, 52.903817123659671 ], [ -118.066629996690438, 52.903937420132415 ], [ -118.06636497187597, 52.90405589426755 ], [ -118.065557698644284, 52.904194350980667 ], [ -118.065231789371055, 52.904182174909927 ], [ -118.065126710720236, 52.90404039228941 ], [ -118.064908480764487, 52.900553701401421 ], [ -118.064792405946108, 52.900306191014316 ], [ -118.064308253812641, 52.899745878907481 ], [ -118.064063741016241, 52.898919797218717 ], [ -118.064094696115902, 52.898663594275007 ], [ -118.064595888758589, 52.897290053952105 ], [ -118.064657907022593, 52.896650480851612 ], [ -118.064378015112283, 52.896166776525092 ], [ -118.063778738330896, 52.895537192347348 ], [ -118.063393626050939, 52.895027962734545 ], [ -118.062990861990031, 52.894259171058394 ], [ -118.063220697097435, 52.893602061945423 ], [ -118.063808357259347, 52.892454208025427 ] ] ], [ [ [ -118.055513998654703, 52.916292530509743 ], [ -118.055804806367618, 52.916149761641883 ], [ -118.056138295860464, 52.916168963607717 ], [ -118.056465352835417, 52.91637260315423 ], [ -118.056520185867072, 52.916585696313675 ], [ -118.056394018268591, 52.916664712336946 ], [ -118.056062358729051, 52.916753004940212 ], [ -118.05558583596094, 52.916741481086675 ], [ -118.055446817008061, 52.916676564190574 ], [ -118.055372190241528, 52.916542911947182 ], [ -118.055513998654703, 52.916292530509743 ] ] ], [ [ [ -117.960481684286606, 52.941025106699186 ], [ -117.96116044324009, 52.940839698499282 ], [ -117.961666210743388, 52.940830816744054 ], [ -117.962074623419738, 52.940973313794025 ], [ -117.962291844699209, 52.941158489061408 ], [ -117.962247491756472, 52.941435197526019 ], [ -117.962048335259894, 52.941644984015376 ], [ -117.961695289119234, 52.941797159159172 ], [ -117.960981651799671, 52.94201850248016 ], [ -117.960528163074486, 52.94204926025705 ], [ -117.960361092311189, 52.941976540182957 ], [ -117.960212556402738, 52.941809611877034 ], [ -117.960126380217758, 52.941555011959863 ], [ -117.960159833133503, 52.94135587742398 ], [ -117.960283398543268, 52.94117396240874 ], [ -117.960481684286606, 52.941025106699186 ] ] ], [ [ [ -118.04588333730608, 52.929822929639009 ], [ -118.045566917044582, 52.929633593827667 ], [ -118.04552107856037, 52.929123245300197 ], [ -118.045712363966217, 52.928801157889453 ], [ -118.046541294271208, 52.92820132963238 ], [ -118.046696526260945, 52.928021533514759 ], [ -118.046840405745002, 52.926590253360047 ], [ -118.047095538595798, 52.926427697500813 ], [ -118.048439293749482, 52.925966122786029 ], [ -118.048546324360046, 52.925793906168529 ], [ -118.048614126578272, 52.925246907923416 ], [ -118.048765333129069, 52.925176780215082 ], [ -118.049411015197038, 52.925103878687715 ], [ -118.049743354217313, 52.924935253893061 ], [ -118.049856434133119, 52.92476135816397 ], [ -118.04991650855149, 52.924193052079872 ], [ -118.050246350639455, 52.923939145752506 ], [ -118.050145078351235, 52.92382957575127 ], [ -118.049627571421539, 52.923773256859015 ], [ -118.049484480169113, 52.923714570674875 ], [ -118.049502858637808, 52.923587971792649 ], [ -118.049781571446459, 52.923435649416511 ], [ -118.049841940101118, 52.923198365237965 ], [ -118.049729304031544, 52.922848155923859 ], [ -118.049455050682056, 52.922639524269471 ], [ -118.049248349792094, 52.922612782306736 ], [ -118.049021869810062, 52.922656317531107 ], [ -118.047727863222619, 52.923128181806831 ], [ -118.046346332396624, 52.92325900325249 ], [ -118.046132173373564, 52.923243203734806 ], [ -118.046005644537061, 52.923159420043717 ], [ -118.045943589030941, 52.922918400367848 ], [ -118.045980465229292, 52.922721867649052 ], [ -118.04610906529355, 52.9226115358953 ], [ -118.046699449100188, 52.922336538373152 ], [ -118.047389413187702, 52.921802453467286 ], [ -118.048733210790047, 52.921156634529105 ], [ -118.050310783564242, 52.919898028983532 ], [ -118.050843931630027, 52.919718669864572 ], [ -118.051297796495348, 52.919680837852319 ], [ -118.05147641270122, 52.919794860448228 ], [ -118.051633784693294, 52.920059457722324 ], [ -118.051644656823186, 52.920726886653121 ], [ -118.05186613428252, 52.921446857142286 ], [ -118.051978616248718, 52.921558203655657 ], [ -118.05241428428684, 52.921710254193009 ], [ -118.052540610308881, 52.92228766450139 ], [ -118.052850776767357, 52.922477671117903 ], [ -118.052927311571295, 52.922594246379042 ], [ -118.052998528564586, 52.924084736197734 ], [ -118.05309001790053, 52.924248894148775 ], [ -118.053381571291538, 52.924398758494149 ], [ -118.053435516928872, 52.924572342471336 ], [ -118.053389700325596, 52.92474689661281 ], [ -118.053046884690431, 52.924976898208499 ], [ -118.053025615820431, 52.925651674186021 ], [ -118.053128546245119, 52.925867884001178 ], [ -118.053422822390075, 52.926022232811619 ], [ -118.053459015386323, 52.926333074254707 ], [ -118.053405042581716, 52.926397640353159 ], [ -118.053250257357575, 52.926425011251105 ], [ -118.052945221964478, 52.926254905273233 ], [ -118.052682785847693, 52.926227926044362 ], [ -118.05249198793399, 52.92627906731768 ], [ -118.052289930758946, 52.926403279279583 ], [ -118.052166174813593, 52.926630800170649 ], [ -118.052159103521078, 52.927380653600196 ], [ -118.052030852763622, 52.927517746403716 ], [ -118.050609061179287, 52.927585318231507 ], [ -118.050435064745812, 52.92769533587181 ], [ -118.050313681976348, 52.928071692568274 ], [ -118.050035833546644, 52.928221708189298 ], [ -118.049427474599781, 52.92836837856045 ], [ -118.048278930007768, 52.9284163303277 ], [ -118.047967337194663, 52.928535689220617 ], [ -118.04778154473756, 52.928729225408794 ], [ -118.047690570339498, 52.929384055905444 ], [ -118.047538842275941, 52.929454023439796 ], [ -118.047022614718259, 52.929522690493599 ], [ -118.046907888326018, 52.929613512484949 ], [ -118.046895090764423, 52.930610017119122 ], [ -118.046835929638334, 52.930790402326913 ], [ -118.046534585733369, 52.930877962147854 ], [ -118.046109928026539, 52.930824635651149 ], [ -118.046012660269398, 52.930664182702579 ], [ -118.045959132718863, 52.929937578315297 ], [ -118.04588333730608, 52.929822929639009 ] ] ], [ [ [ -118.022520059735101, 52.947583914885428 ], [ -118.022822641424753, 52.947507085197095 ], [ -118.023202598868352, 52.947529740659327 ], [ -118.023557160699369, 52.947654680701945 ], [ -118.023898347818005, 52.947868877044954 ], [ -118.024040410599767, 52.948023460915863 ], [ -118.02409784303795, 52.948227053774453 ], [ -118.024076549080064, 52.948580446745673 ], [ -118.023958990140983, 52.948766096266489 ], [ -118.023707456048427, 52.948800973084182 ], [ -118.023326259401728, 52.948738146598757 ], [ -118.022918962654927, 52.948552463657578 ], [ -118.022520983026453, 52.948297800025315 ], [ -118.022384713185829, 52.948135521823737 ], [ -118.02234628749892, 52.947929656848544 ], [ -118.022391285588157, 52.947737729019643 ], [ -118.022520059735101, 52.947583914885428 ] ] ], [ [ [ -118.053872735046539, 52.889518870548329 ], [ -118.053990114911727, 52.890037802363572 ], [ -118.054168826922265, 52.890315643108664 ], [ -118.054420224285451, 52.890574106208021 ], [ -118.05480408199702, 52.890808806320308 ], [ -118.055682658193305, 52.891073433724273 ], [ -118.057260757348331, 52.891103038324012 ], [ -118.057451048564175, 52.891149449545374 ], [ -118.057516709425428, 52.891218641847018 ], [ -118.057534183759685, 52.891781980816248 ], [ -118.057170393400909, 52.892241239617206 ], [ -118.057094702643738, 52.892924149513412 ], [ -118.056862393819557, 52.893163898580326 ], [ -118.056355575661897, 52.893456453416057 ], [ -118.056161649864308, 52.893508139091473 ], [ -118.055964032228687, 52.893498312429394 ], [ -118.055850986351729, 52.89341073901555 ], [ -118.055692372581191, 52.893066138174241 ], [ -118.055129972433491, 52.892973902596729 ], [ -118.054976721598891, 52.892903283351906 ], [ -118.054795592899453, 52.892523862568879 ], [ -118.05461987289064, 52.892490332881508 ], [ -118.054356034882346, 52.892545718266412 ], [ -118.053356608336273, 52.892953555371051 ], [ -118.053140989093862, 52.893088045545042 ], [ -118.052334864012437, 52.894821425933749 ], [ -118.05228343586711, 52.895191825320573 ], [ -118.052378312099336, 52.895394138194519 ], [ -118.052592343971952, 52.895409012391667 ], [ -118.052829555845548, 52.895244310919622 ], [ -118.052994427963782, 52.895217997539476 ], [ -118.053130507333307, 52.895271458186571 ], [ -118.053184242014154, 52.895441367225338 ], [ -118.053094007169051, 52.895647875549997 ], [ -118.052454293386901, 52.895760391456427 ], [ -118.052337444397523, 52.895852730720485 ], [ -118.05235570649873, 52.897230773821917 ], [ -118.052578332702311, 52.897465693859473 ], [ -118.053172680647265, 52.897698683024601 ], [ -118.053296284238655, 52.89827817146535 ], [ -118.053660174737487, 52.898542817835725 ], [ -118.053759532307282, 52.899159256320686 ], [ -118.053907912522419, 52.899318835746989 ], [ -118.054135771405754, 52.899433809516289 ], [ -118.054448606918925, 52.899486158031372 ], [ -118.054852036699103, 52.899467595938908 ], [ -118.055005626190436, 52.899395271281044 ], [ -118.055057994242034, 52.899263294171057 ], [ -118.055042642113122, 52.898177409337173 ], [ -118.054969623022416, 52.897948800767644 ], [ -118.054811856334652, 52.897882018425946 ], [ -118.054235064027765, 52.897835301935061 ], [ -118.054024107066311, 52.897778523583689 ], [ -118.053809692225414, 52.897656856150277 ], [ -118.05370236965507, 52.897489165263053 ], [ -118.053762142919524, 52.897308184157595 ], [ -118.054009026165872, 52.897145874674756 ], [ -118.05421736601815, 52.897085208776616 ], [ -118.05479307924648, 52.89702712492754 ], [ -118.054974526829966, 52.896918049317108 ], [ -118.054970593692431, 52.896417988879257 ], [ -118.054887586630258, 52.896298617059493 ], [ -118.054602726980747, 52.896146322198717 ], [ -118.054632331494361, 52.895943088839843 ], [ -118.054868347809688, 52.895785330091691 ], [ -118.055132517375938, 52.895729402318317 ], [ -118.055323764266973, 52.895759939950977 ], [ -118.055571404328447, 52.895922794393798 ], [ -118.055779792978271, 52.895903852180389 ], [ -118.055856875134339, 52.895748868558776 ], [ -118.055910381914671, 52.89489939166419 ], [ -118.056276397180355, 52.894604279616928 ], [ -118.0570346496838, 52.894182709861695 ], [ -118.057227783750136, 52.894163172609048 ], [ -118.057808149773663, 52.894305829608847 ], [ -118.058749481852018, 52.894362494474791 ], [ -118.058867504378554, 52.894402450664273 ], [ -118.058950542320602, 52.894512728146005 ], [ -118.058934460168089, 52.894994246474369 ], [ -118.058622095733355, 52.895189820278226 ], [ -118.058543928739113, 52.895352142089095 ], [ -118.058595732412456, 52.895572655536022 ], [ -118.058887129706079, 52.895722606877953 ], [ -118.058966007084507, 52.895839556126262 ], [ -118.059013396584788, 52.896526381146508 ], [ -118.058974074509578, 52.897062173245835 ], [ -118.058611813341784, 52.897881703863298 ], [ -118.058619785357592, 52.89917798696144 ], [ -118.058700875161534, 52.899621530601685 ], [ -118.059053070215171, 52.899844360578307 ], [ -118.059099523704162, 52.900243084048135 ], [ -118.059042699612434, 52.900424542359559 ], [ -118.058702079336541, 52.900653457831389 ], [ -118.05866475350058, 52.901967119893634 ], [ -118.058590337559423, 52.902085916826564 ], [ -118.058343374895458, 52.902206738308955 ], [ -118.058295398332547, 52.902318799329599 ], [ -118.058390831389744, 52.902474041166123 ], [ -118.058661968545096, 52.902616263648362 ], [ -118.059500834006926, 52.902698621873924 ], [ -118.059875365695973, 52.902842777689251 ], [ -118.060045980168155, 52.903048771026754 ], [ -118.060066180118284, 52.903520843560322 ], [ -118.059980743074121, 52.903686946755229 ], [ -118.059696050774832, 52.903841529013562 ], [ -118.059646665935261, 52.90397257486849 ], [ -118.059677931359133, 52.905905124122285 ], [ -118.059622978478046, 52.906085468537398 ], [ -118.059341541724393, 52.906239089527624 ], [ -118.05927036841841, 52.906356649518592 ], [ -118.059232350743756, 52.907466953570882 ], [ -118.059039211648923, 52.907656429790165 ], [ -118.058540158383821, 52.907839602167577 ], [ -118.05842911872584, 52.907937599806893 ], [ -118.058383761372298, 52.90902442835781 ], [ -118.058272888096809, 52.909122527297257 ], [ -118.05782807137355, 52.909275807059565 ], [ -118.057609736066354, 52.909449909929243 ], [ -118.057509510716969, 52.910108758863799 ], [ -118.05720999602903, 52.910304069529367 ], [ -118.057140551899167, 52.91042258938031 ], [ -118.057070814109736, 52.911231968729098 ], [ -118.056917782341955, 52.911301610923232 ], [ -118.05640029628286, 52.911369951748782 ], [ -118.056284956315153, 52.91146172065956 ], [ -118.05627159294778, 52.912410729636392 ], [ -118.05621278681447, 52.912588844871358 ], [ -118.056059674427004, 52.912658445522943 ], [ -118.055543568257008, 52.912727615787617 ], [ -118.055454641527845, 52.91278174204426 ], [ -118.055357348758534, 52.913362879996612 ], [ -118.055006173796457, 52.913637219236165 ], [ -118.054915187613162, 52.914220236753408 ], [ -118.054838499072574, 52.914267013508557 ], [ -118.054673973495852, 52.914267902034759 ], [ -118.054385650987783, 52.914089660052397 ], [ -118.05417700789728, 52.914108272847585 ], [ -118.054002128725884, 52.914878726382945 ], [ -118.052885938541039, 52.915604607704417 ], [ -118.051424065705802, 52.916186542592158 ], [ -118.050392815818441, 52.91624727599288 ], [ -118.050112834356668, 52.916317306109093 ], [ -118.0497893099365, 52.916644345241792 ], [ -118.049244915584922, 52.917514311271312 ], [ -118.048960706523118, 52.917557313975387 ], [ -118.04859549520107, 52.917365884349337 ], [ -118.048383154009656, 52.917378303136353 ], [ -118.048201006189871, 52.917442462439894 ], [ -118.047584105165242, 52.917858858002106 ], [ -118.047384882387263, 52.918359956798412 ], [ -118.046826214912727, 52.918454568610265 ], [ -118.04667654817419, 52.918525330336443 ], [ -118.046575732434036, 52.918844058903893 ], [ -118.046471452374874, 52.918959566170578 ], [ -118.045063385728568, 52.919321214958188 ], [ -118.043522957868944, 52.9198192219867 ], [ -118.043174350849498, 52.920058548649152 ], [ -118.043043905581612, 52.920491443763026 ], [ -118.042933298571143, 52.920585919578627 ], [ -118.04246675422813, 52.920631912104724 ], [ -118.041139792531538, 52.920625372202267 ], [ -118.040916330264906, 52.920544551367151 ], [ -118.040803103923281, 52.920231350087406 ], [ -118.040687626393833, 52.920138937418237 ], [ -118.039208450793282, 52.920074204619439 ], [ -118.039092280347248, 52.91998243105617 ], [ -118.038936705549219, 52.91964133112662 ], [ -118.038037847824285, 52.919492916988098 ], [ -118.03778565848998, 52.91933646489337 ], [ -118.037730366721306, 52.919174085351663 ], [ -118.037893499124593, 52.919068268714938 ], [ -118.038876752830262, 52.918990277688231 ], [ -118.03922368197135, 52.918798648828705 ], [ -118.03940700334168, 52.918856576022513 ], [ -118.039517103109858, 52.919170184347216 ], [ -118.039695267809748, 52.919274763316537 ], [ -118.040144689591173, 52.919232525796104 ], [ -118.040802494627954, 52.91901223783875 ], [ -118.041187492192847, 52.918731360883555 ], [ -118.041304315564759, 52.918029781239944 ], [ -118.041455773328352, 52.917959874240296 ], [ -118.041969829777088, 52.917890531970563 ], [ -118.042058311745635, 52.91783633732765 ], [ -118.042180152713271, 52.917128921035584 ], [ -118.042343398802103, 52.916981439429875 ], [ -118.042568957637627, 52.916882650708352 ], [ -118.042886121545607, 52.916900841713158 ], [ -118.043067714843048, 52.91728670494188 ], [ -118.043221925624152, 52.917358830301232 ], [ -118.044264939258682, 52.917378780937568 ], [ -118.044706976620432, 52.917308667234543 ], [ -118.044792007937758, 52.917148075291344 ], [ -118.044729602997322, 52.916927048976156 ], [ -118.044568982385385, 52.916858460954444 ], [ -118.043985618969955, 52.916773398495906 ], [ -118.043873400809005, 52.916564274128447 ], [ -118.043856701625472, 52.916079292646479 ], [ -118.043924811706773, 52.915847429541827 ], [ -118.044080964737262, 52.915776545494893 ], [ -118.044594473835986, 52.915710015016401 ], [ -118.04468523087894, 52.915632402068738 ], [ -118.044643580547657, 52.915538065356522 ], [ -118.044368458077159, 52.915395248034805 ], [ -118.044391577657223, 52.915191561330246 ], [ -118.044719865199994, 52.914941581124339 ], [ -118.046773470658152, 52.913683061379459 ], [ -118.047124705820025, 52.913586492828365 ], [ -118.048060659011739, 52.913542528191407 ], [ -118.048212926993514, 52.913473031392471 ], [ -118.048272120633271, 52.91324200452469 ], [ -118.04825264627398, 52.912368103178842 ], [ -118.048175193038119, 52.912033159224642 ], [ -118.048026122789025, 52.911968200110337 ], [ -118.047336971791907, 52.911915650523589 ], [ -118.047043274823608, 52.91177014770021 ], [ -118.046473353174122, 52.911141570801853 ], [ -118.046347658921889, 52.910415148684038 ], [ -118.046213274590258, 52.910310304344257 ], [ -118.045685653381341, 52.910105904863407 ], [ -118.045543128616558, 52.909960807082562 ], [ -118.045563660117068, 52.909825523887498 ], [ -118.045678898515391, 52.909705555230026 ], [ -118.046544821179666, 52.909159297391895 ], [ -118.046756329413441, 52.908971876938288 ], [ -118.046825925593453, 52.908500786948657 ], [ -118.046745995542466, 52.907987283293579 ], [ -118.046529370931637, 52.907868144531591 ], [ -118.045569422455742, 52.907642119275359 ], [ -118.04504535896632, 52.90722603770304 ], [ -118.044868619367861, 52.907149084710511 ], [ -118.044458326945175, 52.907117555746339 ], [ -118.043112182324833, 52.907132932653433 ], [ -118.042715696454891, 52.907076991161468 ], [ -118.042376196119079, 52.906849688478104 ], [ -118.042226883128194, 52.906415611050704 ], [ -118.042079726124257, 52.906354626227539 ], [ -118.041873081531321, 52.906369067493934 ], [ -118.041516795910979, 52.906576893851422 ], [ -118.041373737991634, 52.907087442547571 ], [ -118.041134085455596, 52.907312134534124 ], [ -118.040960891145843, 52.907378834262246 ], [ -118.040749901892383, 52.9073920411671 ], [ -118.040630746379421, 52.907364248674355 ], [ -118.040438227780569, 52.907218995027272 ], [ -118.040228174188186, 52.907205119174321 ], [ -118.040131105222102, 52.907289014509203 ], [ -118.039992810366769, 52.907631471391937 ], [ -118.039236899563164, 52.907749072330645 ], [ -118.038908859786289, 52.907919314601259 ], [ -118.038814543312782, 52.908043579942863 ], [ -118.038720957023315, 52.908446344448294 ], [ -118.038597564440806, 52.908555520835989 ], [ -118.038041945857117, 52.908741599251435 ], [ -118.037101634639768, 52.908828175117812 ], [ -118.036789686300807, 52.908946486439113 ], [ -118.036602927930801, 52.909138570935291 ], [ -118.036483932148613, 52.909711865141226 ], [ -118.036193014102267, 52.910054025122612 ], [ -118.035900332344895, 52.910128706082084 ], [ -118.035544285432564, 52.909941386142478 ], [ -118.035381033253969, 52.909943286378891 ], [ -118.035305118436114, 52.909991090899595 ], [ -118.035164329929145, 52.9106504171775 ], [ -118.035015932093529, 52.91067823508665 ], [ -118.034919652607968, 52.91065003923044 ], [ -118.034769349722325, 52.910302942065378 ], [ -118.034654948852889, 52.910212853998509 ], [ -118.03438613255247, 52.910213356676763 ], [ -118.034149042947803, 52.91030913725244 ], [ -118.033773349808897, 52.910578569991891 ], [ -118.033108822570711, 52.911224417636738 ], [ -118.032668615974828, 52.91224592506682 ], [ -118.032320128525626, 52.915990842818047 ], [ -118.031920013824035, 52.916312652944782 ], [ -118.031034668492552, 52.916732578086965 ], [ -118.030941538295991, 52.917000731310431 ], [ -118.030971413517207, 52.917866712411772 ], [ -118.031124545436811, 52.918209861717251 ], [ -118.031429719700967, 52.91848232277799 ], [ -118.03217794593472, 52.918594206095094 ], [ -118.032317972885309, 52.918725187938641 ], [ -118.032493690004259, 52.92159097924614 ], [ -118.033123152304157, 52.922386277061058 ], [ -118.033700022042041, 52.922879528432624 ], [ -118.033775021905981, 52.923077440603876 ], [ -118.033748583796154, 52.923533479223714 ], [ -118.033439890250051, 52.923727496349365 ], [ -118.033357082288617, 52.923892332031258 ], [ -118.033382124431796, 52.925285325274118 ], [ -118.033445880991906, 52.925464694136174 ], [ -118.033734788235591, 52.925613417581545 ], [ -118.033811668922425, 52.925729791078005 ], [ -118.033870433061395, 52.926678411301403 ], [ -118.033959658954515, 52.926841937722394 ], [ -118.034214315995186, 52.926957578650565 ], [ -118.034292087250336, 52.927073926554201 ], [ -118.03434189532517, 52.927923922688201 ], [ -118.034251549313424, 52.928213553456025 ], [ -118.033637684268896, 52.928493010674991 ], [ -118.033506618759546, 52.928600893624527 ], [ -118.033452755651169, 52.929010052470687 ], [ -118.033573465417049, 52.92927084425969 ], [ -118.034214378077451, 52.929365324252416 ], [ -118.034313657676535, 52.929473735855595 ], [ -118.034035696587978, 52.929650796506529 ], [ -118.033961945942565, 52.929770190009059 ], [ -118.033952513483669, 52.930677767543926 ], [ -118.033891452966643, 52.930856567824975 ], [ -118.033736127741918, 52.930926894802802 ], [ -118.033221127631691, 52.930992363276673 ], [ -118.033128302936603, 52.931069395883128 ], [ -118.033167456951446, 52.931163109036284 ], [ -118.033450262580885, 52.931307859896371 ], [ -118.033508419687379, 52.931439635581555 ], [ -118.033557257883245, 52.932470093540807 ], [ -118.033502013073374, 52.9327522761075 ], [ -118.033425424611323, 52.93279923994163 ], [ -118.033261727476628, 52.932800769530118 ], [ -118.03301533206438, 52.932634840559281 ], [ -118.032664972151309, 52.932583877185202 ], [ -118.032319373876433, 52.932635419011213 ], [ -118.03206878110916, 52.93281133707039 ], [ -118.031597345808947, 52.932857668111701 ], [ -118.030276144636346, 52.932851205595625 ], [ -118.030078996994391, 52.932806188695594 ], [ -118.029874718354435, 52.932652082774027 ], [ -118.029679138652327, 52.932607969829917 ], [ -118.029300159678414, 52.932618221119299 ], [ -118.029149265012137, 52.932688648065266 ], [ -118.02908801737378, 52.93297544181771 ], [ -118.029156613319415, 52.936207152882311 ], [ -118.029081556633415, 52.936324112608645 ], [ -118.028638804056683, 52.936535241800009 ], [ -118.028384513567246, 52.936837488904928 ], [ -118.02830730114826, 52.937089660403764 ], [ -118.028295045162537, 52.938220053126685 ], [ -118.02810528790188, 52.938413130476278 ], [ -118.027790440412559, 52.938534490722418 ], [ -118.027267943185421, 52.938567878505324 ], [ -118.026771508636003, 52.938542644257311 ], [ -118.026608138782521, 52.938473710232145 ], [ -118.026443194515522, 52.938271970092977 ], [ -118.026192787876312, 52.938112295627008 ], [ -118.025909232735117, 52.938041641253484 ], [ -118.02547376518369, 52.938027128152861 ], [ -118.022352169524936, 52.938069980694365 ], [ -118.022176651784704, 52.938115827806435 ], [ -118.02213767644362, 52.938210418970385 ], [ -118.022456893069304, 52.938415780879332 ], [ -118.02246039396438, 52.93851718681362 ], [ -118.022385271939697, 52.938566636246136 ], [ -118.021651831830667, 52.938612853374835 ], [ -118.021191037678236, 52.938536263620783 ], [ -118.020782509817707, 52.938120336907424 ], [ -118.020404118108118, 52.937301997383074 ], [ -118.020242124575717, 52.937086440302672 ], [ -118.020059033418562, 52.937022639587383 ], [ -118.01957310367456, 52.936981933180597 ], [ -118.019368694120985, 52.93692497303617 ], [ -118.019007324956533, 52.936557706544079 ], [ -118.018799944578149, 52.935992434630549 ], [ -118.017960986222619, 52.93587237280525 ], [ -118.017617321234354, 52.935658398894127 ], [ -118.017645989348367, 52.935467735301685 ], [ -118.018282795098045, 52.935359467942668 ], [ -118.018418848880955, 52.935223838847079 ], [ -118.018417903398941, 52.934042798086658 ], [ -118.018352496710264, 52.933862941267101 ], [ -118.018196349333422, 52.933793959924536 ], [ -118.017150681055313, 52.933778228619282 ], [ -118.01671433998763, 52.933846374440208 ], [ -118.016628494309273, 52.934010178514527 ], [ -118.016634982249514, 52.934698855943623 ], [ -118.016501078151848, 52.934868114698098 ], [ -118.016119205929698, 52.934900750696634 ], [ -118.014493431433181, 52.934883984641736 ], [ -118.014062072191692, 52.934949226478338 ], [ -118.013987004090978, 52.935064242398205 ], [ -118.013910347683407, 52.935685388519438 ], [ -118.013691659987671, 52.935860911543138 ], [ -118.013243252696171, 52.936016326836082 ], [ -118.013132145807617, 52.936114015039095 ], [ -118.013138388203245, 52.936384472634771 ], [ -118.013490044362456, 52.936609523750796 ], [ -118.013624522681283, 52.937192320795127 ], [ -118.013935652619921, 52.937383310690556 ], [ -118.013981861518332, 52.937536734300181 ], [ -118.013696895669085, 52.937774996239824 ], [ -118.013109170307189, 52.937930632334911 ], [ -118.012747301741499, 52.938107473908431 ], [ -118.012392185169688, 52.938352076975576 ], [ -118.012306281698116, 52.938512631709706 ], [ -118.012358687945834, 52.938623621190331 ], [ -118.012668212138038, 52.938813021654255 ], [ -118.01274446530266, 52.939324320813846 ], [ -118.012840115906002, 52.939509653285455 ], [ -118.013090639187766, 52.939668688865865 ], [ -118.013537378013609, 52.939811472262328 ], [ -118.013602044311412, 52.939882599625989 ], [ -118.013665559709409, 52.941373907665394 ], [ -118.013741148001159, 52.941626068766837 ], [ -118.014090827542802, 52.941844130010765 ], [ -118.014920474234316, 52.941961439502165 ], [ -118.015134418674407, 52.942397028905134 ], [ -118.015844823647953, 52.942734095841757 ], [ -118.01599550050507, 52.94337377628532 ], [ -118.016335716703722, 52.943598132729008 ], [ -118.016457510958801, 52.944253492508487 ], [ -118.016710308673467, 52.944474966667151 ], [ -118.017056023685925, 52.944570024942536 ], [ -118.017467748464057, 52.944564874706366 ], [ -118.017663416045465, 52.944516205583746 ], [ -118.01791817536764, 52.944335191599244 ], [ -118.018303800354857, 52.94429684853985 ], [ -118.018702020049474, 52.944349829367809 ], [ -118.018975156059341, 52.94449640718689 ], [ -118.019071378907626, 52.944654046606345 ], [ -118.019017060819422, 52.944765690555023 ], [ -118.018517471525684, 52.944947747317187 ], [ -118.018262397548284, 52.945171359746929 ], [ -118.018214408725527, 52.945541038491704 ], [ -118.018291392554801, 52.945824837478149 ], [ -118.018449377192297, 52.945892637871019 ], [ -118.019287129684187, 52.945963580444037 ], [ -118.019907165911746, 52.946167633552847 ], [ -118.019967916895908, 52.946351598511761 ], [ -118.019701375535831, 52.946498247059701 ], [ -118.019678378899997, 52.946625333557911 ], [ -118.019817531992629, 52.94668414589264 ], [ -118.02038661981257, 52.946767884973141 ], [ -118.020471163335159, 52.946881119772293 ], [ -118.020578391896919, 52.947418724249928 ], [ -118.020734016520422, 52.947486626350148 ], [ -118.021304847358138, 52.947551197859475 ], [ -118.021435206598028, 52.947683479877895 ], [ -118.021434875476871, 52.948644525512933 ], [ -118.021383173315868, 52.948772085834342 ], [ -118.021251441280668, 52.94882813945506 ], [ -118.021092187195933, 52.948800716583897 ], [ -118.020688159442741, 52.948434072211455 ], [ -118.020371312865649, 52.948349808374978 ], [ -118.020190451137438, 52.948383795302824 ], [ -118.019993567465491, 52.948615830599401 ], [ -118.019748110255392, 52.948781693397478 ], [ -118.019547035570938, 52.948846289474012 ], [ -118.019205921994811, 52.948878619700608 ], [ -118.018398234082014, 52.948887237545762 ], [ -118.018017986524356, 52.94884717236603 ], [ -118.017902915329174, 52.948753526731956 ], [ -118.017789372574342, 52.948438739979238 ], [ -118.017564497341041, 52.948356917847505 ], [ -118.016348572621794, 52.948363026588915 ], [ -118.01615986142626, 52.948413925874014 ], [ -118.01608092204782, 52.948528820147359 ], [ -118.016077214371748, 52.949168875595952 ], [ -118.016153221919993, 52.949482588401452 ], [ -118.016450999068752, 52.949827330004858 ], [ -118.016904034789292, 52.95003090702388 ], [ -118.01698468226688, 52.950146553030933 ], [ -118.017041752658869, 52.951430672701072 ], [ -118.017030022185253, 52.951697024141552 ], [ -118.016941387923865, 52.951882534780026 ], [ -118.016696882344903, 52.952044744332753 ], [ -118.016255923488259, 52.952194482174626 ], [ -118.016177857651471, 52.952310389802157 ], [ -118.016206544733222, 52.954074741855734 ], [ -118.016357718833248, 52.954254427057379 ], [ -118.016990976212199, 52.954353438059762 ], [ -118.017221113333122, 52.954757592499469 ], [ -118.017789314805924, 52.954842219007681 ], [ -118.017944341991438, 52.954909959274389 ], [ -118.018091920887031, 52.955802472262974 ], [ -118.018633422761141, 52.956005220101396 ], [ -118.018890728189973, 52.956220654078514 ], [ -118.018990273512983, 52.958266168267535 ], [ -118.018934414482786, 52.958507451842131 ], [ -118.018790525149413, 52.958599799365494 ], [ -118.017549035524141, 52.958815348691914 ], [ -118.016403381187857, 52.958890762372427 ], [ -118.015936922081266, 52.958991446606099 ], [ -118.015515674797001, 52.959190169654782 ], [ -118.015394629839861, 52.959566460674274 ], [ -118.015298895976343, 52.959651105668101 ], [ -118.01509080869387, 52.959637627833352 ], [ -118.01484420510576, 52.95947304615143 ], [ -118.014552066947488, 52.959461889251251 ], [ -118.012909763401325, 52.959933585695659 ], [ -118.012135651751507, 52.960002070055616 ], [ -118.011542625553176, 52.959970524062363 ], [ -118.011229765478234, 52.959778205879473 ], [ -118.011008666706431, 52.959458412361037 ], [ -118.010949398974077, 52.958869559262588 ], [ -118.010856023662583, 52.958708081998772 ], [ -118.010416537271539, 52.958648251612416 ], [ -118.009366653155709, 52.958687838924803 ], [ -118.009187769302216, 52.958801524832545 ], [ -118.009219694153316, 52.959112117335614 ], [ -118.00930180222413, 52.959158228796461 ], [ -118.009471271699397, 52.959157763082963 ], [ -118.009757609395749, 52.958977178904561 ], [ -118.009968965237249, 52.95899320499538 ], [ -118.01004368281238, 52.959100573293249 ], [ -118.010126997330147, 52.95960415947161 ], [ -118.010480544446011, 52.959834561584877 ], [ -118.010515868600407, 52.9601475445847 ], [ -118.010454839399728, 52.960217419515459 ], [ -118.010266000352885, 52.960267773777446 ], [ -118.008750009034557, 52.960287509233765 ], [ -118.008401695297906, 52.960349484630079 ], [ -118.008316100848234, 52.960512801107157 ], [ -118.008318800871592, 52.961158200020385 ], [ -118.008243790700561, 52.961315442124679 ], [ -118.008038485899206, 52.961336798236353 ], [ -118.007795672923947, 52.961172910446116 ], [ -118.00751842432723, 52.96112057648007 ], [ -118.004388019513982, 52.961141980656642 ], [ -118.003954798073934, 52.961082767859637 ], [ -118.0038748957584, 52.960968269205509 ], [ -118.003775931201659, 52.960427980043086 ], [ -118.003621518743969, 52.960359755733897 ], [ -118.003103414105723, 52.960298579102997 ], [ -118.002984801709189, 52.960208155230902 ], [ -118.002865693220556, 52.959353818195147 ], [ -118.002710021966223, 52.959286565292061 ], [ -118.002156012774549, 52.959231777992706 ], [ -118.001972462466952, 52.959157353308115 ], [ -118.001650055454604, 52.958821942303224 ], [ -118.001554527834628, 52.958462445633899 ], [ -118.001602611274762, 52.958264746821584 ], [ -118.001790722150758, 52.958127530986076 ], [ -118.002377068551311, 52.957955905184413 ], [ -118.003186113590502, 52.95786905513701 ], [ -118.003299412006612, 52.957775856647352 ], [ -118.003446226284638, 52.957432856104361 ], [ -118.00407686975133, 52.957321051670817 ], [ -118.0041693872232, 52.9572109397063 ], [ -118.004073999183575, 52.95713511425118 ], [ -118.003436971881541, 52.957073148927094 ], [ -118.003169042549331, 52.956988060988834 ], [ -118.002942157938904, 52.956815718750882 ], [ -118.002748247786698, 52.956359867291631 ], [ -118.00218080834594, 52.956275794959772 ], [ -118.002026149108232, 52.956207996103736 ], [ -118.001901815856314, 52.955629080592281 ], [ -118.001593887347539, 52.955437403988206 ], [ -118.001519158100223, 52.955319706286637 ], [ -118.001419551762936, 52.954506328834398 ], [ -118.001113050588003, 52.954423165787439 ], [ -117.999906814988591, 52.954406655458875 ], [ -117.999459962118664, 52.954192818676447 ], [ -117.998521995303108, 52.954160385748139 ], [ -117.998230876875326, 52.954092654144262 ], [ -117.997978534107631, 52.953932072450506 ], [ -117.997884207730138, 52.953694513547632 ], [ -117.99794184930218, 52.953459614287745 ], [ -117.998254332093779, 52.953275430305169 ], [ -117.998221935705189, 52.953150195702619 ], [ -117.997881699764193, 52.953100416927484 ], [ -117.996437543216672, 52.953112795388371 ], [ -117.996040268161394, 52.953057288213081 ], [ -117.995701683078025, 52.952832291283976 ], [ -117.99551765033776, 52.952373792957893 ], [ -117.994757329221443, 52.95227334058724 ], [ -117.994501059491938, 52.952180018878856 ], [ -117.993923665418862, 52.951805949906628 ], [ -117.993696250708268, 52.951309331861083 ], [ -117.993056789336109, 52.951209006309398 ], [ -117.992951085397152, 52.951121386542113 ], [ -117.992967172432103, 52.950995614782173 ], [ -117.993074460426087, 52.950888409414937 ], [ -117.993439593371633, 52.950733918457622 ], [ -117.994146630586812, 52.950697116353631 ], [ -117.995480857283553, 52.950715351154258 ], [ -117.995846270483298, 52.950864905846757 ], [ -117.996150229987776, 52.951252688484324 ], [ -117.996457261007691, 52.951432829863002 ], [ -117.996791823479114, 52.951448058075833 ], [ -117.997081369460176, 52.951263095062927 ], [ -117.997287985117367, 52.951280074828219 ], [ -117.997359207518784, 52.951388792614992 ], [ -117.99743050392189, 52.951898863328914 ], [ -117.99754631989785, 52.951993829990691 ], [ -117.997759636624593, 52.9520248355566 ], [ -117.998321854780301, 52.951964976979539 ], [ -117.999393300572351, 52.951530038369754 ], [ -117.999570143516848, 52.951394845107934 ], [ -117.999555012897162, 52.951215250282246 ], [ -117.999389235302203, 52.951071450365468 ], [ -117.998351134435211, 52.950627705003122 ], [ -117.998146332838644, 52.950189149442423 ], [ -117.997996933888942, 52.950164698443842 ], [ -117.997902122819085, 52.950194742683209 ], [ -117.997746466420281, 52.950581494482584 ], [ -117.997670670247331, 52.950631322465831 ], [ -117.997514711635432, 52.950634108883179 ], [ -117.997413392745614, 52.950550871305637 ], [ -117.997257206711708, 52.9502075463393 ], [ -117.996364898395242, 52.95006107511788 ], [ -117.995389442522807, 52.94951280693693 ], [ -117.995177518995405, 52.949325999333709 ], [ -117.994989017382977, 52.948871052584721 ], [ -117.994154613462669, 52.948753297684043 ], [ -117.993877918028787, 52.94860849806259 ], [ -117.993764402741306, 52.94843725651333 ], [ -117.993789415950303, 52.9482351521564 ], [ -117.993945140894951, 52.948002781723098 ], [ -117.994160891584443, 52.947812358456197 ], [ -117.994340331223654, 52.94776462421855 ], [ -117.994517677208975, 52.94778953229126 ], [ -117.994772376341928, 52.947958722203197 ], [ -117.995246416145292, 52.947999356610254 ], [ -117.996408379782466, 52.947975448929192 ], [ -117.998281393310478, 52.947715075533615 ], [ -117.998611108687285, 52.947743655869559 ], [ -117.999059485838202, 52.947904543347406 ], [ -117.999376737893328, 52.947957995181646 ], [ -118.000081543507889, 52.947957105281539 ], [ -118.000376731819856, 52.947867311359545 ], [ -118.000367597160832, 52.947703123603347 ], [ -118.000142857971284, 52.947536132267224 ], [ -117.999869779908607, 52.947450766815663 ], [ -117.99922007511428, 52.947383434170447 ], [ -117.999099113852466, 52.947292454698967 ], [ -117.999070694964331, 52.947110395590855 ], [ -117.999163107523415, 52.946952006138972 ], [ -117.999747878212602, 52.946854529337493 ], [ -117.999895867438028, 52.946785387573371 ], [ -117.999913359175025, 52.946665964114196 ], [ -117.999825845839013, 52.946552125802235 ], [ -117.999405037792627, 52.946372965202144 ], [ -117.998367163755944, 52.94633222895763 ], [ -117.998247909908983, 52.946295226043802 ], [ -117.998161297865281, 52.946181773944993 ], [ -117.998132120484073, 52.945873378350321 ], [ -117.998201500663981, 52.945641323633772 ], [ -117.998358664099953, 52.945570346035467 ], [ -117.998936841393359, 52.945476295385681 ], [ -117.999043733161969, 52.945213432912489 ], [ -117.999024632578283, 52.944954343190616 ], [ -117.998921800589557, 52.944794936181346 ], [ -117.99827775144449, 52.944697634196316 ], [ -117.998137648770708, 52.944565051978508 ], [ -117.99810144762364, 52.943388655148667 ], [ -117.998195504663244, 52.943170534192326 ], [ -117.998465627730155, 52.94302244134262 ], [ -117.998459828978227, 52.942923207678341 ], [ -117.998379502632815, 52.942876257471205 ], [ -117.997637952502757, 52.942846718007331 ], [ -117.997398314375857, 52.942871833268306 ], [ -117.997242438054187, 52.942944270714989 ], [ -117.997225937079477, 52.943257201042748 ], [ -117.997612123320934, 52.943525279878962 ], [ -117.99766594227161, 52.943988796580037 ], [ -117.997531700532591, 52.94427054203188 ], [ -117.99714077252483, 52.944448687205714 ], [ -117.996883250883982, 52.944424099404486 ], [ -117.996682647076014, 52.944274516052843 ], [ -117.996485971504967, 52.944229307982383 ], [ -117.99356934375507, 52.944229119583831 ], [ -117.993296375337962, 52.944178974045954 ], [ -117.99297419526691, 52.94399191491474 ], [ -117.992125487795988, 52.943978563643846 ], [ -117.991816266961706, 52.944036583669231 ], [ -117.991516492721331, 52.944227755310187 ], [ -117.99138221920397, 52.944734357503201 ], [ -117.99124489792402, 52.944896662856848 ], [ -117.991027232804797, 52.945013552349018 ], [ -117.99072185413624, 52.945060833476788 ], [ -117.990319771615489, 52.945010101535786 ], [ -117.989831049468137, 52.944843043068104 ], [ -117.98949238130669, 52.944479795578751 ], [ -117.989158840343961, 52.944311844763476 ], [ -117.988382073250321, 52.944269817604123 ], [ -117.987422042418018, 52.944324082628263 ], [ -117.987001694355385, 52.94452009085029 ], [ -117.986614210915718, 52.944808143537713 ], [ -117.986534350389221, 52.944999181874266 ], [ -117.986494138414812, 52.945586365667687 ], [ -117.986354010383977, 52.945747661716489 ], [ -117.986132362267711, 52.945865557274921 ], [ -117.985823620100703, 52.945921661363748 ], [ -117.98542324162463, 52.945906339654385 ], [ -117.985268418156153, 52.945833968302338 ], [ -117.985080856909008, 52.945441282283852 ], [ -117.984739819440165, 52.945383923664188 ], [ -117.984400087504298, 52.945441885831016 ], [ -117.984311294986583, 52.945607550578949 ], [ -117.984300140411818, 52.946304018613716 ], [ -117.984232946215528, 52.946413997340329 ], [ -117.984081531213491, 52.94644311841391 ], [ -117.983656250442749, 52.946239800996281 ], [ -117.98268491836302, 52.946178373704612 ], [ -117.982075112499146, 52.945677284371179 ], [ -117.981722832530721, 52.945493237281021 ], [ -117.981428489003065, 52.945423843021153 ], [ -117.980497194166603, 52.945442739754242 ], [ -117.980347707381327, 52.945517260911643 ], [ -117.980246225739577, 52.945837122576904 ], [ -117.980133647960514, 52.945934085860294 ], [ -117.979840230591861, 52.945974214253361 ], [ -117.979426333961129, 52.945941006170138 ], [ -117.979132866514149, 52.945807195137498 ], [ -117.978984249762917, 52.945647884564721 ], [ -117.978919454086892, 52.944840895439732 ], [ -117.978791798484224, 52.944668132305104 ], [ -117.978580732176638, 52.944685797942903 ], [ -117.978268526659761, 52.944876374762941 ], [ -117.977440256842257, 52.94489823690931 ], [ -117.9772435213861, 52.944854347749718 ], [ -117.976920277294141, 52.944669743752769 ], [ -117.975374419205679, 52.944618719975317 ], [ -117.974723964440813, 52.944296871775556 ], [ -117.974508554262286, 52.944111269096659 ], [ -117.974440705052373, 52.943910670383588 ], [ -117.974423069220464, 52.94240940324103 ], [ -117.974554990863339, 52.942274729433073 ], [ -117.975297588359936, 52.942150130338185 ], [ -117.975622577874688, 52.94182639718926 ], [ -117.975723045671799, 52.94157874960036 ], [ -117.975729100932583, 52.940975549748956 ], [ -117.975680294250196, 52.940727773248099 ], [ -117.975565535955155, 52.940640861503638 ], [ -117.975365006304429, 52.940632616944939 ], [ -117.975108878491099, 52.940711973058782 ], [ -117.9744234902725, 52.941168758958881 ], [ -117.973911113701334, 52.942284570001291 ], [ -117.973350838801764, 52.943016941429512 ], [ -117.973095469281219, 52.943252649266157 ], [ -117.972896215287307, 52.943314189331097 ], [ -117.97256033775146, 52.943337430320412 ], [ -117.970069419041096, 52.943329368405507 ], [ -117.96968138022676, 52.943188030647782 ], [ -117.967747729840241, 52.942082546256565 ], [ -117.967431778800318, 52.942031216689287 ], [ -117.966374956685456, 52.942004840826179 ], [ -117.965449923295822, 52.941803359045416 ], [ -117.964669665937095, 52.941754143379882 ], [ -117.964302135294801, 52.941608233350792 ], [ -117.964138205652972, 52.941401339917498 ], [ -117.964060928611147, 52.940837237699931 ], [ -117.963696679221698, 52.940573499118905 ], [ -117.963565464157853, 52.939915997740677 ], [ -117.963337700360583, 52.939744910520908 ], [ -117.962882219592956, 52.93959715651431 ], [ -117.962767197054887, 52.939501121020676 ], [ -117.9627877044353, 52.939189346857965 ], [ -117.963137850318446, 52.938953457792422 ], [ -117.963133484862368, 52.938676130374084 ], [ -117.96301460626232, 52.938582717164593 ], [ -117.96264177593585, 52.938552807554778 ], [ -117.962340098222484, 52.938641202037687 ], [ -117.962160975209216, 52.939230651472137 ], [ -117.961460722843555, 52.940074672556371 ], [ -117.96128382884794, 52.940152470833198 ], [ -117.96062761356913, 52.940258376540584 ], [ -117.960486358014336, 52.940598324491319 ], [ -117.960373065801576, 52.940690762859525 ], [ -117.959667640620395, 52.940782115356185 ], [ -117.959336371646458, 52.940951899654891 ], [ -117.959224329624703, 52.941127193160511 ], [ -117.959198911937548, 52.941607271376412 ], [ -117.959124682851723, 52.941764610983206 ], [ -117.958920065012904, 52.941786412683236 ], [ -117.958551834735289, 52.941589963682951 ], [ -117.957609870233753, 52.941552939998537 ], [ -117.957263478395561, 52.941458378007958 ], [ -117.957040966021367, 52.941286007329545 ], [ -117.956849696142001, 52.940742148240602 ], [ -117.956601165284198, 52.94058187756346 ], [ -117.956114096493437, 52.940403318534493 ], [ -117.956043281388474, 52.939911964463342 ], [ -117.956189711957208, 52.939728159403899 ], [ -117.956905887271134, 52.939639453489939 ], [ -117.957239592430838, 52.939470995823022 ], [ -117.957353352357117, 52.939297130076717 ], [ -117.957415983276846, 52.938728055947749 ], [ -117.957714527489969, 52.938533729644504 ], [ -117.957735035581678, 52.938404326843433 ], [ -117.957442863416816, 52.938328282206712 ], [ -117.9566860560534, 52.938355015037274 ], [ -117.956522613715563, 52.938427414254313 ], [ -117.956362049220388, 52.938634302363944 ], [ -117.956115396381605, 52.938799472561747 ], [ -117.955838962607615, 52.938865486945083 ], [ -117.955604801854534, 52.938848272370677 ], [ -117.955232789981054, 52.938644728470301 ], [ -117.95500492015023, 52.938142677130166 ], [ -117.954438623275934, 52.938057008446343 ], [ -117.9543003041058, 52.937997378561306 ], [ -117.954323984819666, 52.937869348799978 ], [ -117.954588226602098, 52.937727433084028 ], [ -117.954555023463655, 52.937602236587665 ], [ -117.954295280980887, 52.937556559614734 ], [ -117.953607996129094, 52.937541796630704 ], [ -117.953376677664707, 52.937465336414249 ], [ -117.953224860393334, 52.936493060703469 ], [ -117.952940321301782, 52.936295897515755 ], [ -117.952493477921195, 52.936153216533647 ], [ -117.952410388490762, 52.936038600712237 ], [ -117.952335058586257, 52.934653041347936 ], [ -117.951950769530896, 52.934050517600689 ], [ -117.951846062162204, 52.933382594961159 ], [ -117.95147752539367, 52.93312066663573 ], [ -117.951383152087601, 52.93230719190764 ], [ -117.951319923250182, 52.932235601738725 ], [ -117.950874218761101, 52.932092288292381 ], [ -117.950559015172757, 52.931898401459712 ], [ -117.950130250117212, 52.931263082052148 ], [ -117.949946586471668, 52.931092555835676 ], [ -117.948826955919756, 52.930590182387583 ], [ -117.948716391565654, 52.93040872573399 ], [ -117.948626929115719, 52.929859814499622 ], [ -117.948400865665235, 52.929783059126038 ], [ -117.947535487781636, 52.929763637294151 ], [ -117.947247807046693, 52.929696611575643 ], [ -117.946996525409432, 52.929537595770746 ], [ -117.946693377872791, 52.929156211138604 ], [ -117.946470627452598, 52.929042192588334 ], [ -117.946018432022811, 52.928939657371913 ], [ -117.94578265673519, 52.928837030559876 ], [ -117.945607990811155, 52.92869633253045 ], [ -117.945429145294469, 52.928423407113087 ], [ -117.945117251993594, 52.928240911793637 ], [ -117.944891807711784, 52.928196920326535 ], [ -117.943892592832484, 52.928152509889784 ], [ -117.943496934570092, 52.927792087675819 ], [ -117.942934356448106, 52.927472176638197 ], [ -117.942640999831028, 52.927406338022777 ], [ -117.941644532506487, 52.927360492982267 ], [ -117.94129463520855, 52.927039727609561 ], [ -117.94101260550957, 52.926888917860801 ], [ -117.939609492370849, 52.926581513213513 ], [ -117.939028141200055, 52.926403874828353 ], [ -117.93887279545099, 52.926311311722401 ], [ -117.938800146591106, 52.9261755950536 ], [ -117.938711946398257, 52.925355242358314 ], [ -117.938557384047158, 52.925287914594755 ], [ -117.937774845333564, 52.925186603240022 ], [ -117.937358849192918, 52.924977066768797 ], [ -117.93706701531093, 52.924763944625944 ], [ -117.9369670486209, 52.924523482497463 ], [ -117.936922661531284, 52.923566273009683 ], [ -117.936845977421328, 52.923449910022612 ], [ -117.936591529630206, 52.923334028000198 ], [ -117.936501260873442, 52.923170253446614 ], [ -117.936496697435473, 52.922170266098973 ], [ -117.936610310759889, 52.922076964170053 ], [ -117.936825080320716, 52.922043379201284 ], [ -117.938499417622111, 52.922009188335139 ], [ -117.938679511287532, 52.921898877971792 ], [ -117.938691447500332, 52.921663104624805 ], [ -117.938497418070995, 52.921475759715364 ], [ -117.937533519640667, 52.921249278693104 ], [ -117.937262168592838, 52.921073915068867 ], [ -117.936905116890699, 52.920422750081997 ], [ -117.936816584594723, 52.919344245295278 ], [ -117.936456714743514, 52.9189104007759 ], [ -117.936291180626199, 52.918843001942427 ], [ -117.93610336831577, 52.918849939014443 ], [ -117.935601192287123, 52.919272281166478 ], [ -117.935339984900821, 52.919333949884049 ], [ -117.935123691264266, 52.919273048414055 ], [ -117.935098902649074, 52.91895990533785 ], [ -117.935409907586092, 52.918757994617842 ], [ -117.935460705434949, 52.918643596341788 ], [ -117.935368379777486, 52.918485700327508 ], [ -117.935101111808336, 52.918340031779685 ], [ -117.934522414100343, 52.91828039893521 ], [ -117.932109018716687, 52.918317500795609 ], [ -117.931720306886504, 52.918452258386921 ], [ -117.931334588736036, 52.918815931707108 ], [ -117.930778048289511, 52.918864584222966 ], [ -117.93020958390801, 52.918807237272084 ], [ -117.929747896350719, 52.918434992041306 ], [ -117.929496264225321, 52.918342036900697 ], [ -117.928532927956667, 52.918322917103076 ], [ -117.927933278553354, 52.91837313913279 ], [ -117.92745705750464, 52.918602586179333 ], [ -117.927092302225304, 52.918896363878865 ], [ -117.92703521307854, 52.919098416678892 ], [ -117.927039323659827, 52.919798380387014 ], [ -117.926868044307724, 52.92007073600935 ], [ -117.926090997366742, 52.920527518990092 ], [ -117.925504436097256, 52.920718047591862 ], [ -117.925097886291908, 52.920786418735524 ], [ -117.924491503627721, 52.920773565144202 ], [ -117.924176015966907, 52.920656359747944 ], [ -117.923982333229176, 52.920464017662184 ], [ -117.923857496905157, 52.919999861222713 ], [ -117.92357651013964, 52.919797965204886 ], [ -117.923289661240645, 52.919730140597629 ], [ -117.922876311731216, 52.919736170564299 ], [ -117.922679567392606, 52.919785216334454 ], [ -117.922492507663804, 52.919937254669627 ], [ -117.922284790294341, 52.919953159457464 ], [ -117.922185270782606, 52.919869477038475 ], [ -117.922073864884752, 52.919556346471268 ], [ -117.921848945567206, 52.919474285341202 ], [ -117.920192018203522, 52.919490059298539 ], [ -117.919997815955639, 52.9195377672918 ], [ -117.919748736683758, 52.919713909239135 ], [ -117.919461058668659, 52.919746078557289 ], [ -117.919171663286207, 52.919717698945107 ], [ -117.91878840278072, 52.91950803266959 ], [ -117.917962225360213, 52.919500952514603 ], [ -117.91774096165166, 52.919586420185205 ], [ -117.917580090714679, 52.919975589043567 ], [ -117.91739610589191, 52.920028592663385 ], [ -117.916975853712088, 52.920049476433412 ], [ -117.91644002281248, 52.92003354715969 ], [ -117.916043093293609, 52.919956081684873 ], [ -117.915574902339443, 52.919777596373429 ], [ -117.915338125094891, 52.919567449067941 ], [ -117.915083512717842, 52.919541318162644 ], [ -117.914842380514642, 52.919622570838186 ], [ -117.914661254097467, 52.919760686438877 ], [ -117.914461868991665, 52.920265400061176 ], [ -117.913706007695836, 52.920378183969738 ], [ -117.913253230915245, 52.920615472882346 ], [ -117.912888999864094, 52.921064959744378 ], [ -117.912712508248035, 52.921636088105153 ], [ -117.912281730145537, 52.921701784251589 ], [ -117.910844467364441, 52.921702747660937 ], [ -117.910534873617934, 52.921649812408042 ], [ -117.910268784080699, 52.921500293580912 ], [ -117.910170829125121, 52.921375905030111 ], [ -117.91007971354459, 52.921031479771599 ], [ -117.909901437038499, 52.920923707402203 ], [ -117.90855086606976, 52.920888384674235 ], [ -117.908229623786511, 52.920705300496998 ], [ -117.907956829796078, 52.920656126200264 ], [ -117.906201430881637, 52.920637372397366 ], [ -117.90526692916859, 52.920290170585545 ], [ -117.903094317615313, 52.919660789013996 ], [ -117.902764983459988, 52.919618482638292 ], [ -117.901608406822191, 52.91961836215085 ], [ -117.901313782311036, 52.919582985689836 ], [ -117.901198039602363, 52.919490946521528 ], [ -117.901040803051515, 52.91915025492829 ], [ -117.900405851200347, 52.91904711557941 ], [ -117.900270170637768, 52.918915063440522 ], [ -117.900305258900715, 52.918647554317054 ], [ -117.900593272934159, 52.918490981236502 ], [ -117.900679166418485, 52.918324340622547 ], [ -117.900680582214036, 52.917464989537159 ], [ -117.900641669465116, 52.917324372660538 ], [ -117.900522989276141, 52.917233453228832 ], [ -117.899550546351918, 52.917175998134319 ], [ -117.899095361243454, 52.916955893141093 ], [ -117.898581554449436, 52.916973403028415 ], [ -117.898443686684274, 52.917160978231671 ], [ -117.898392904960772, 52.9179399189061 ], [ -117.898087283581987, 52.918032776509129 ], [ -117.897402667595202, 52.918030757938588 ], [ -117.897211159364758, 52.917981524333229 ], [ -117.897145751796288, 52.917910776761929 ], [ -117.897054918529122, 52.917088529810137 ], [ -117.896713703747409, 52.916862067573156 ], [ -117.896612067762334, 52.916316664193218 ], [ -117.896476202808856, 52.916177855141797 ], [ -117.896109048866421, 52.916149295328715 ], [ -117.895848992080332, 52.916207206415322 ], [ -117.895649012186908, 52.916718230571135 ], [ -117.895286647884546, 52.91693085415794 ], [ -117.894868080900721, 52.916977301968281 ], [ -117.89343969878945, 52.916982239443108 ], [ -117.893137952999766, 52.91689516239083 ], [ -117.892991310979582, 52.916461399324838 ], [ -117.892659077320275, 52.916238048416687 ], [ -117.892327778955377, 52.916219724267215 ], [ -117.892079503800261, 52.91639083158578 ], [ -117.891803930310331, 52.916448094465991 ], [ -117.89059734327995, 52.91644557566449 ], [ -117.890489341918013, 52.91641167251808 ], [ -117.890444977410809, 52.916317899241875 ], [ -117.890723139125555, 52.916141056798722 ], [ -117.890745932788718, 52.916012642142285 ], [ -117.890605895719872, 52.915952751218278 ], [ -117.890083995388707, 52.915889921518755 ], [ -117.889963294691427, 52.915799498581315 ], [ -117.889978350668528, 52.915489280434848 ], [ -117.890264812364833, 52.915332690380055 ], [ -117.890338248189408, 52.915213861409256 ], [ -117.890367155322082, 52.914154873182724 ], [ -117.89046307825879, 52.914031955933105 ], [ -117.890636682566367, 52.913945099079378 ], [ -117.891315459984881, 52.913775737675344 ], [ -117.892633823453366, 52.913714602046952 ], [ -117.893970218806658, 52.913316756859913 ], [ -117.894280547276509, 52.91312569078292 ], [ -117.894428520648376, 52.912635316896363 ], [ -117.894789872517009, 52.912425529798604 ], [ -117.895207208501816, 52.912380776272364 ], [ -117.897694207779082, 52.912346166176825 ], [ -117.89794243782022, 52.912248902167399 ], [ -117.898334473596066, 52.911896619360022 ], [ -117.898527854127067, 52.911841744206264 ], [ -117.898874817686149, 52.911893765766351 ], [ -117.899154661723315, 52.91209551679178 ], [ -117.899260683918612, 52.912727351555901 ], [ -117.899343983307247, 52.912843688472179 ], [ -117.899608445384871, 52.91289707599563 ], [ -117.899976824811105, 52.912862703966191 ], [ -117.90010775995205, 52.912721708203804 ], [ -117.900118453207568, 52.912027268854892 ], [ -117.900204792604441, 52.911864691275646 ], [ -117.900471238384938, 52.911808533914154 ], [ -117.901611554626172, 52.911788206573029 ], [ -117.901835699734477, 52.91170729711731 ], [ -117.901880791615227, 52.910936113660348 ], [ -117.901966386482712, 52.910774498339372 ], [ -117.90282438589287, 52.910667855229136 ], [ -117.903498030000321, 52.91047705496328 ], [ -117.903969998570219, 52.910224347866375 ], [ -117.904427899153617, 52.909760055062016 ], [ -117.904638924817661, 52.909620078796983 ], [ -117.906007312042604, 52.909290308102811 ], [ -117.906732890799674, 52.90904771230511 ], [ -117.907082185909914, 52.908808667989923 ], [ -117.907215206013078, 52.908377279340478 ], [ -117.907327319668298, 52.908284261787145 ], [ -117.908416430062402, 52.908210367152094 ], [ -117.908682081484386, 52.90812043466731 ], [ -117.908866250929066, 52.907985863690776 ], [ -117.908911973798581, 52.907820421445287 ], [ -117.90880807225804, 52.907731309896555 ], [ -117.908286888968831, 52.907723381451447 ], [ -117.907966664977394, 52.907913348886893 ], [ -117.907727066903306, 52.907934339265523 ], [ -117.907563871644186, 52.907866199973164 ], [ -117.90709809703192, 52.907502165212378 ], [ -117.906466685805484, 52.907424250699592 ], [ -117.906275246608018, 52.907360779961166 ], [ -117.905970013359919, 52.906946173851665 ], [ -117.905779474724014, 52.906270613081404 ], [ -117.905646096661712, 52.906135100989829 ], [ -117.905264511554932, 52.906099455323762 ], [ -117.902853916144096, 52.906110744553658 ], [ -117.902557650563551, 52.906038942126244 ], [ -117.901797966296272, 52.905661106717588 ], [ -117.900964067608456, 52.905540104263231 ], [ -117.90085419391751, 52.905280486116595 ], [ -117.900888677542184, 52.904526946847788 ], [ -117.901499102323882, 52.903699258792194 ], [ -117.901669495509282, 52.903537940074905 ], [ -117.901845117812769, 52.903458018118322 ], [ -117.902159335813892, 52.903428122061214 ], [ -117.902454594155017, 52.903459863805708 ], [ -117.902863719140356, 52.903753977260443 ], [ -117.903521984725984, 52.903938671505905 ], [ -117.904416288318856, 52.903964253753095 ], [ -117.905089735626618, 52.90393200003836 ], [ -117.90526232494102, 52.903820246450195 ], [ -117.905305804075013, 52.903313939235254 ], [ -117.90537997276715, 52.903197118413615 ], [ -117.907233959998081, 52.902882900567249 ], [ -117.907442512983835, 52.902766811220594 ], [ -117.907602841141269, 52.902368322084897 ], [ -117.907867482864134, 52.902306572530954 ], [ -117.908383968546829, 52.902296289566394 ], [ -117.908619169783591, 52.902317331464239 ], [ -117.908773998496983, 52.902387773057278 ], [ -117.908872215989959, 52.902996794664631 ], [ -117.909033170875105, 52.903209454030538 ], [ -117.909451026730238, 52.903424703076773 ], [ -117.910133534431594, 52.903611567455279 ], [ -117.910544694679103, 52.903617335510539 ], [ -117.910853250117142, 52.903498301057724 ], [ -117.911013419051997, 52.903349960064304 ], [ -117.911115050173578, 52.902953655030466 ], [ -117.911225801023406, 52.90285837116253 ], [ -117.911604836108637, 52.902814132860193 ], [ -117.912863279964327, 52.902806033879365 ], [ -117.913161269471473, 52.902841237040974 ], [ -117.91327709290448, 52.902933991654145 ], [ -117.913343979258258, 52.903720138733256 ], [ -117.913427224370025, 52.903835665612725 ], [ -117.913543236836546, 52.90387350643374 ], [ -117.913846494714377, 52.903885276703939 ], [ -117.914105973888482, 52.903825976541313 ], [ -117.914272337154841, 52.903434053194928 ], [ -117.91442184083364, 52.903360509410255 ], [ -117.915637074758322, 52.903321846330812 ], [ -117.916286023075699, 52.903360203967615 ], [ -117.916631098482014, 52.903622467385198 ], [ -117.917271783300819, 52.903822074410911 ], [ -117.918322132338247, 52.90385083568902 ], [ -117.918589152500005, 52.903791879457046 ], [ -117.918668661581449, 52.903676039402413 ], [ -117.918679697284006, 52.903087756859343 ], [ -117.918606363708165, 52.90285513447337 ], [ -117.918296405302684, 52.902772012713505 ], [ -117.91701115138612, 52.902743282873288 ], [ -117.916870834049689, 52.902606506685487 ], [ -117.916838446601844, 52.902348980861127 ], [ -117.916877621625758, 52.902099674072261 ], [ -117.916993689912019, 52.902004296998363 ], [ -117.917293206563798, 52.901963721965778 ], [ -117.918284589045015, 52.901952073208875 ], [ -117.918933881427478, 52.901991117649573 ], [ -117.919238183766481, 52.902277973593527 ], [ -117.919508672482266, 52.902423335110825 ], [ -117.920378017312075, 52.902539297603411 ], [ -117.921070893037566, 52.903117703650331 ], [ -117.921307427692767, 52.903230569869116 ], [ -117.92161564380018, 52.903281257379376 ], [ -117.922078674004723, 52.90324600039424 ], [ -117.922385341300469, 52.90304533368294 ], [ -117.922769219545046, 52.903001286706598 ], [ -117.923346515978039, 52.903021641607467 ], [ -117.92372795899901, 52.903229954029186 ], [ -117.924199591023068, 52.903267601955065 ], [ -117.924756679516847, 52.903220940232927 ], [ -117.925008137766511, 52.903043042171603 ], [ -117.925273867380241, 52.902991635521715 ], [ -117.925639627248003, 52.903017000003935 ], [ -117.925895477545041, 52.903188971946065 ], [ -117.926251484550463, 52.903243798609672 ], [ -117.930357746117323, 52.903218352637715 ], [ -117.931001363198149, 52.903171549042668 ], [ -117.93124737075938, 52.902996950794346 ], [ -117.931439551490783, 52.902950372275299 ], [ -117.933384179213348, 52.902917780858523 ], [ -117.934120482116541, 52.902954805522732 ], [ -117.934500616802808, 52.903162344017737 ], [ -117.935166437591079, 52.903180672055392 ], [ -117.935513397851395, 52.903112487162346 ], [ -117.93567545903538, 52.90272352223419 ], [ -117.935853557730013, 52.902665258191313 ], [ -117.935981253377903, 52.902721600300829 ], [ -117.936122983253398, 52.903076445209578 ], [ -117.936421572594185, 52.903162735100906 ], [ -117.936789693793983, 52.903130751423511 ], [ -117.937043328306558, 52.902952112142017 ], [ -117.937400215468756, 52.902889772814028 ], [ -117.938062268243442, 52.902905866215242 ], [ -117.938440884263983, 52.903112481042584 ], [ -117.939177670010963, 52.903149706750114 ], [ -117.940677125948213, 52.903118872430461 ], [ -117.940870767270212, 52.903071365863674 ], [ -117.941119152050732, 52.902895247913968 ], [ -117.94148344545313, 52.902863810765432 ], [ -117.9417507821519, 52.902910389114076 ], [ -117.9420746670271, 52.903096076444299 ], [ -117.943422964722572, 52.903137074136019 ], [ -117.943745279510694, 52.903321707421235 ], [ -117.943941492959269, 52.903366032326787 ], [ -117.944993773699053, 52.903374095622858 ], [ -117.945347932710774, 52.903309368091179 ], [ -117.945437749447294, 52.903044986447227 ], [ -117.945293205696728, 52.902769580224032 ], [ -117.944947865058552, 52.902603467414437 ], [ -117.944170786215523, 52.90253615634964 ], [ -117.943959887342672, 52.902477964928607 ], [ -117.943678802077272, 52.902284437298142 ], [ -117.943704402549528, 52.90209079502543 ], [ -117.943969374531903, 52.902034719951608 ], [ -117.945122260381652, 52.902010210403965 ], [ -117.94531303582626, 52.90196028482336 ], [ -117.94537697448412, 52.901889474114789 ], [ -117.945409032710529, 52.901537104432116 ], [ -117.945331027105325, 52.901303633094351 ], [ -117.944778526232469, 52.901095345469528 ], [ -117.944515246190818, 52.90087498244727 ], [ -117.944483589529511, 52.900574570640543 ], [ -117.944615560943021, 52.900434580247094 ], [ -117.944999017904991, 52.900397504977761 ], [ -117.945394765022229, 52.900455360619304 ], [ -117.945669574362881, 52.900606432556224 ], [ -117.945925450559116, 52.900877252517404 ], [ -117.946047624090227, 52.900915839075324 ], [ -117.946803744608005, 52.900930144421707 ], [ -117.947110021418126, 52.9008377136891 ], [ -117.947124233153275, 52.900523640318291 ], [ -117.946766931368245, 52.900294037827031 ], [ -117.946713281470437, 52.90011735712433 ], [ -117.946761450441542, 52.899939961113198 ], [ -117.947037749974641, 52.899788611717995 ], [ -117.947056181892137, 52.899661917368185 ], [ -117.946912854238462, 52.899603203908882 ], [ -117.946338296321585, 52.899521318823133 ], [ -117.946296893281399, 52.899328568555873 ], [ -117.946601365999825, 52.899073178001402 ], [ -117.947072471554705, 52.898828226419234 ], [ -117.947387694999449, 52.89877431596949 ], [ -117.948260218269638, 52.898740829717113 ], [ -117.948461837896247, 52.89868080836338 ], [ -117.948601688828376, 52.898574413342367 ], [ -117.948866723448731, 52.898160883490021 ], [ -117.948862618684572, 52.897075285260513 ], [ -117.948923294796913, 52.896872644564596 ], [ -117.949038381867652, 52.89676052639242 ], [ -117.949252495616818, 52.896648413774329 ], [ -117.949453882827413, 52.896614624517476 ], [ -117.949640435608686, 52.896644587833165 ], [ -117.949899244487383, 52.896817114151801 ], [ -117.950119682662475, 52.896850348739804 ], [ -117.950904467643397, 52.896842010812463 ], [ -117.951248019028483, 52.896740593061587 ], [ -117.951433947057566, 52.896604223764449 ], [ -117.951507422636027, 52.89646715895578 ], [ -117.951540347941915, 52.895496807178354 ], [ -117.951879261257645, 52.895060850060339 ], [ -117.952132241963653, 52.894969578999977 ], [ -117.952995651041277, 52.89493374949523 ], [ -117.95327612605881, 52.894864433806198 ], [ -117.954292803004677, 52.893944445136185 ], [ -117.955030989961386, 52.892856789321961 ], [ -117.955793457164916, 52.892697212680126 ], [ -117.955933470603412, 52.892355729260537 ], [ -117.956045775771031, 52.892262896857332 ], [ -117.957042649382174, 52.89220114227097 ], [ -117.957328173636512, 52.892129993542355 ], [ -117.957599389473287, 52.891927194428881 ], [ -117.957758098634471, 52.891376751768497 ], [ -117.958088354758019, 52.891122828870024 ], [ -117.958564073311663, 52.890896682100681 ], [ -117.959468194111764, 52.890786041511632 ], [ -117.960177995800578, 52.890366499925008 ], [ -117.960309591384544, 52.890032802539629 ], [ -117.960259584848785, 52.889064052558467 ], [ -117.960036143207361, 52.888828949154814 ], [ -117.959434721694009, 52.888595437503319 ], [ -117.959356295149817, 52.888208048850714 ], [ -117.959419680788471, 52.887975126810957 ], [ -117.959855400522727, 52.887764891058268 ], [ -117.96015454784272, 52.887425473409266 ], [ -117.960223904564671, 52.887226045924621 ], [ -117.960239849158356, 52.88669009169913 ], [ -117.960322282180556, 52.886501668823257 ], [ -117.961421014992055, 52.885766712920287 ], [ -117.961984300281458, 52.885243809276552 ], [ -117.962712372165512, 52.885113772111083 ], [ -117.962825283040331, 52.885021346169623 ], [ -117.962968512971329, 52.88468162170588 ], [ -117.963638587167893, 52.884545930326496 ], [ -117.963794997018837, 52.884144639146101 ], [ -117.963976071923085, 52.884005722559536 ], [ -117.964713158581546, 52.88380555445989 ], [ -117.966256817602826, 52.883744778032856 ], [ -117.966544224527169, 52.883513061014227 ], [ -117.967110220410291, 52.88326579539482 ], [ -117.967239204930635, 52.883156382815443 ], [ -117.967294572307893, 52.882744428716208 ], [ -117.967181013398871, 52.882482313167415 ], [ -117.966908763649982, 52.882431016933957 ], [ -117.966030842615083, 52.882408425338213 ], [ -117.96576327014607, 52.882325012908893 ], [ -117.965568073233513, 52.8821919807542 ], [ -117.965446917833916, 52.881787635844368 ], [ -117.965467349634864, 52.881529278963988 ], [ -117.965547307860689, 52.881414020639802 ], [ -117.965983164999528, 52.881348483652623 ], [ -117.968492841440025, 52.881334441207677 ], [ -117.968876471041042, 52.881371445135393 ], [ -117.969132598543311, 52.881545184567592 ], [ -117.969327672892575, 52.88158945170877 ], [ -117.969735652965312, 52.881586744420964 ], [ -117.970080681371243, 52.881486703933064 ], [ -117.970470823411304, 52.881187509805486 ], [ -117.971547336200331, 52.879823244966765 ], [ -117.971642656795865, 52.879576266255363 ], [ -117.971665624796486, 52.879050831200672 ], [ -117.971742486615085, 52.878937541455777 ], [ -117.971929699892542, 52.878889145050678 ], [ -117.972710666164659, 52.878863764308612 ], [ -117.973021261420527, 52.87880905537078 ], [ -117.973352928036604, 52.878580482857345 ], [ -117.973524409597132, 52.878120375755067 ], [ -117.974093586831387, 52.878025247657263 ], [ -117.974248161707379, 52.877954982526241 ], [ -117.97429965090241, 52.87778259636422 ], [ -117.974239628578303, 52.877608053065678 ], [ -117.973684238983111, 52.877398545465766 ], [ -117.973458058530369, 52.877226040594351 ], [ -117.97342983235491, 52.877034705143551 ], [ -117.973612337379492, 52.876842304293312 ], [ -117.973841831645501, 52.876743655462626 ], [ -117.97411312788384, 52.87674201856592 ], [ -117.974228956208947, 52.876831564471466 ], [ -117.97434942003035, 52.877148864270907 ], [ -117.974562388558198, 52.877213497381597 ], [ -117.974873187923166, 52.877126784039902 ], [ -117.975265382245468, 52.876752000285308 ], [ -117.975454259850707, 52.876702427481469 ], [ -117.975897527618017, 52.876723804227687 ], [ -117.976157049177772, 52.876899951357608 ], [ -117.976353507913871, 52.876945217574807 ], [ -117.976762365203896, 52.876943271864192 ], [ -117.977048938092722, 52.876871446232343 ], [ -117.977588968065987, 52.876500129273033 ], [ -117.97872882558714, 52.875327452327262 ], [ -117.979048968487547, 52.875132226284904 ], [ -117.979524580147867, 52.874949377475836 ], [ -117.979583408155662, 52.874717961326311 ], [ -117.979547812878366, 52.873688258264217 ], [ -117.979640997035162, 52.873477123902127 ], [ -117.979907858975508, 52.87342148301164 ], [ -117.981178430939636, 52.873373674466293 ], [ -117.981290193573159, 52.873280452119168 ], [ -117.981458357398324, 52.872809201652927 ], [ -117.982209943693064, 52.872332408156346 ], [ -117.983091653741099, 52.872068277800139 ], [ -117.984750308715718, 52.872002157148103 ], [ -117.985015165793129, 52.871848251690118 ], [ -117.985267384747246, 52.871485801437295 ], [ -117.985304641514006, 52.871109953028686 ], [ -117.985243425488662, 52.870743670000031 ], [ -117.984484526418939, 52.87000747567248 ], [ -117.984382079279058, 52.869815773337059 ], [ -117.984359397980853, 52.869554472956892 ], [ -117.984481507167018, 52.869334799219281 ], [ -117.985288515098347, 52.869015574506435 ], [ -117.985590125872719, 52.868810005947992 ], [ -117.98568282494297, 52.868589884119238 ], [ -117.985666772916133, 52.868202317180248 ], [ -117.985574838553035, 52.868037986521713 ], [ -117.985262002425856, 52.867848299695808 ], [ -117.985185747349703, 52.867392393410121 ], [ -117.985085808325294, 52.867196136779953 ], [ -117.98405935374771, 52.866287607443979 ], [ -117.983876420850436, 52.866196436802355 ], [ -117.98356017036518, 52.866149634601442 ], [ -117.981003721319553, 52.866144549752015 ], [ -117.980784892320756, 52.866226717681911 ], [ -117.980625826892961, 52.866612113089609 ], [ -117.980383749532933, 52.866644823136276 ], [ -117.980035753179877, 52.866504845006119 ], [ -117.979677540469126, 52.866180838337847 ], [ -117.978713850015168, 52.866122561226604 ], [ -117.978547212652288, 52.866059381023724 ], [ -117.978298712985406, 52.865850804738209 ], [ -117.977960433858414, 52.865729518884841 ], [ -117.977575791913893, 52.865646493734211 ], [ -117.976849723142891, 52.865582842614543 ], [ -117.976733358014485, 52.865491663774819 ], [ -117.97657584770549, 52.865153383576192 ], [ -117.975945585766766, 52.865053509004106 ], [ -117.975826883231633, 52.864963304561918 ], [ -117.975770680524462, 52.863740996328332 ], [ -117.975668020517233, 52.863532062337462 ], [ -117.975478112700429, 52.863486669644807 ], [ -117.974452693821348, 52.863440588088146 ], [ -117.974164009008419, 52.863309222298575 ], [ -117.973910594766167, 52.863040821070413 ], [ -117.973748490286368, 52.862974075368683 ], [ -117.97220493026299, 52.86292586871695 ], [ -117.971719560796444, 52.862705376491739 ], [ -117.971343689434363, 52.862416583788679 ], [ -117.971217166394709, 52.861755404761183 ], [ -117.970905715245124, 52.861563481076935 ], [ -117.970824300479862, 52.861401729870977 ], [ -117.97087089762843, 52.861177920720657 ], [ -117.971147790566604, 52.861026939916485 ], [ -117.971166529104707, 52.860900437117351 ], [ -117.97102369353577, 52.860841976840995 ], [ -117.970503170924658, 52.860783045721213 ], [ -117.970390784318255, 52.860656658186734 ], [ -117.970475417427053, 52.860496261522236 ], [ -117.97096285381312, 52.860054651479778 ], [ -117.971177746307092, 52.859731593859095 ], [ -117.971224228132627, 52.858445768362465 ], [ -117.971364169492034, 52.858287140294401 ], [ -117.971648779615748, 52.858152793681491 ], [ -117.972692747082093, 52.858096108896831 ], [ -117.972999200581526, 52.858039709878923 ], [ -117.973262517950232, 52.857889414491943 ], [ -117.973556805302223, 52.857599868999522 ], [ -117.974450801782297, 52.85754147387977 ], [ -117.974675853984351, 52.857461843870716 ], [ -117.974731838103892, 52.857282676194139 ], [ -117.974733541807055, 52.856525471012702 ], [ -117.974958602082495, 52.856153307915129 ], [ -117.975267319801873, 52.855959994244017 ], [ -117.976083509848507, 52.855853751488389 ], [ -117.976307326667339, 52.855739402877809 ], [ -117.976435363287294, 52.855590560406647 ], [ -117.976414762328588, 52.855471747265099 ], [ -117.97632920808509, 52.855420478016164 ], [ -117.975604484276658, 52.855339961736092 ], [ -117.975359207606317, 52.855242320180544 ], [ -117.975195503911891, 52.855106861897156 ], [ -117.9751870169097, 52.854941259371074 ], [ -117.975524227762392, 52.854706655417822 ], [ -117.975550126507457, 52.854520358827926 ], [ -117.975472106637127, 52.854368758533447 ], [ -117.975263140026883, 52.854351303455623 ], [ -117.975022279287401, 52.854521084650706 ], [ -117.974824419698237, 52.854570290166969 ], [ -117.974494499889332, 52.854581566452566 ], [ -117.974185587802253, 52.854531735821148 ], [ -117.973842960768764, 52.854305451734014 ], [ -117.973690987836548, 52.853877275761874 ], [ -117.973538188800433, 52.853808237301678 ], [ -117.972976314472845, 52.853719804641344 ], [ -117.972752605958576, 52.853305028435607 ], [ -117.972410065052017, 52.853249357311292 ], [ -117.972026527291348, 52.853302218257419 ], [ -117.971523459635733, 52.853712922004597 ], [ -117.971150662228865, 52.853895234110048 ], [ -117.971076285769044, 52.854435173469966 ], [ -117.971000899233132, 52.854552279808971 ], [ -117.97056452645748, 52.854703742966777 ], [ -117.970290154745499, 52.854905857462938 ], [ -117.970229674662363, 52.855106117389269 ], [ -117.970234091168237, 52.855750441040698 ], [ -117.970146123351228, 52.855910957488391 ], [ -117.969009389499448, 52.856037205116664 ], [ -117.968853097572449, 52.856558312157965 ], [ -117.96862634829229, 52.856873220130247 ], [ -117.968433287951768, 52.857010427636403 ], [ -117.967844596008561, 52.857217909549973 ], [ -117.967456294658803, 52.857574172204302 ], [ -117.966900601292252, 52.857620613295211 ], [ -117.965380534884019, 52.857605101689529 ], [ -117.964852077876742, 52.857476931911535 ], [ -117.964565673163406, 52.857332721914723 ], [ -117.964442691656373, 52.856730468086056 ], [ -117.964359797875275, 52.856618490797622 ], [ -117.963788830921345, 52.856536001528774 ], [ -117.963631749553841, 52.856468818151349 ], [ -117.963552159071313, 52.856186852308802 ], [ -117.963575537918572, 52.855658938796942 ], [ -117.963650842655028, 52.855539410938633 ], [ -117.963939056268202, 52.85538218212853 ], [ -117.963973955656272, 52.85511448692764 ], [ -117.963838331657783, 52.854982464240436 ], [ -117.963204152474361, 52.854879581409314 ], [ -117.9629823164843, 52.85446876640291 ], [ -117.962635891997735, 52.854409573683334 ], [ -117.961302108950008, 52.854425180072575 ], [ -117.961002357954641, 52.854465692047384 ], [ -117.960628362483519, 52.854681641751682 ], [ -117.960248453026892, 52.854696925083417 ], [ -117.960023423462061, 52.854620065424683 ], [ -117.959947839799341, 52.854333486180707 ], [ -117.959955363256682, 52.85357693873285 ], [ -117.960041167435676, 52.853409909511853 ], [ -117.960353428084275, 52.853211847228877 ], [ -117.96037711875195, 52.853026680805996 ], [ -117.960286913134993, 52.852868240176441 ], [ -117.959845589980262, 52.85280647814897 ], [ -117.959145725513238, 52.852843420495738 ], [ -117.958784947298554, 52.853001755109958 ], [ -117.958447183070973, 52.853333860109473 ], [ -117.958066036008049, 52.853375359455164 ], [ -117.957561703513775, 52.85332898268517 ], [ -117.95712081364222, 52.853201075174738 ], [ -117.956902452989283, 52.853080653469661 ], [ -117.956731346422544, 52.852589986535634 ], [ -117.95645900732022, 52.852377147376224 ], [ -117.95605622964284, 52.852217043556166 ], [ -117.954626904435472, 52.851791474447523 ], [ -117.954193650580663, 52.851535220999573 ], [ -117.954137897365939, 52.85141359462088 ], [ -117.954195274106809, 52.851307277821313 ], [ -117.954829811247748, 52.851199849775824 ], [ -117.954946407016379, 52.85110705472011 ], [ -117.954975834094384, 52.850376775127877 ], [ -117.955061935000643, 52.850214533878642 ], [ -117.955327973372647, 52.850158409848241 ], [ -117.956466663851103, 52.85013763477599 ], [ -117.956690377943161, 52.850056586711638 ], [ -117.956733984384783, 52.84928394590046 ], [ -117.956819096991381, 52.849121354031638 ], [ -117.957083822515415, 52.849064771069557 ], [ -117.958329601626801, 52.849039001152008 ], [ -117.958555932993406, 52.848990569065393 ], [ -117.958774658031857, 52.848875600556809 ], [ -117.958879941536736, 52.848768857769251 ], [ -117.958896299371574, 52.848640981512361 ], [ -117.958526182216261, 52.848374608906028 ], [ -117.958491411185392, 52.848188731747456 ], [ -117.95857342733764, 52.848028580694788 ], [ -117.958924789443145, 52.847964367898967 ], [ -117.959523644955482, 52.847976852320741 ], [ -117.959723577048663, 52.848023892989076 ], [ -117.959927087945573, 52.848175517062828 ], [ -117.960114063235977, 52.848205547669338 ], [ -117.960315565450813, 52.848171784141272 ], [ -117.960529660452707, 52.848059679500942 ], [ -117.960644729852618, 52.847947556080683 ], [ -117.960705515677375, 52.847744905860743 ], [ -117.960687080767173, 52.84650177920529 ], [ -117.960755209322869, 52.846365882012549 ], [ -117.960906948250638, 52.846271217804151 ], [ -117.962377845595697, 52.845822022472532 ], [ -117.96362680719875, 52.845732104572598 ], [ -117.963874190828406, 52.845556699575383 ], [ -117.96414489027849, 52.84550287004668 ], [ -117.964654892723985, 52.845515810066864 ], [ -117.965038083441357, 52.845603602182223 ], [ -117.965376989858839, 52.845729829615088 ], [ -117.965628819457407, 52.845945244391629 ], [ -117.965795785494336, 52.846011652752971 ], [ -117.96610028009205, 52.846025892035215 ], [ -117.966359326581312, 52.845970302112491 ], [ -117.966446289943391, 52.845805487664357 ], [ -117.966445220569284, 52.845212519696197 ], [ -117.966505062294686, 52.845031934393468 ], [ -117.966660229299308, 52.844960563696944 ], [ -117.967176994429849, 52.844892710273434 ], [ -117.967269199981828, 52.844815894057014 ], [ -117.967172492257632, 52.844708616342054 ], [ -117.966650877827973, 52.844649337183654 ], [ -117.966490460860754, 52.844580688497594 ], [ -117.966397571980437, 52.844078320365576 ], [ -117.966422584550898, 52.84376765033403 ], [ -117.966504894724238, 52.843654701881761 ], [ -117.967140598559936, 52.843548278412285 ], [ -117.967256897934405, 52.843456792670651 ], [ -117.967294920093735, 52.843051452965312 ], [ -117.967226791621528, 52.842236282275813 ], [ -117.966862193865623, 52.841800305120401 ], [ -117.966695899951134, 52.841731788097086 ], [ -117.966511858429811, 52.841738064530105 ], [ -117.966392602192556, 52.841871371664716 ], [ -117.966366580111142, 52.842289626475086 ], [ -117.966280180917906, 52.842453981040521 ], [ -117.966092646711203, 52.842504229678134 ], [ -117.96519893132799, 52.842568104175946 ], [ -117.965083787075386, 52.84266297172524 ], [ -117.965005073893479, 52.842938506218651 ], [ -117.964907629133791, 52.843023686292938 ], [ -117.964751784416237, 52.843023629230785 ], [ -117.964673768274096, 52.842975109138578 ], [ -117.9644989222421, 52.842590924455067 ], [ -117.964402198299666, 52.842562515355226 ], [ -117.964253634456369, 52.842590006017673 ], [ -117.964177684712354, 52.842749548112707 ], [ -117.964151149992915, 52.843168967098286 ], [ -117.964026257889017, 52.843305143193035 ], [ -117.963741038771218, 52.843318947180563 ], [ -117.962832976123295, 52.843141234452176 ], [ -117.961924779554835, 52.843333877217098 ], [ -117.961513126953662, 52.843322996911056 ], [ -117.961226432577249, 52.843193394319144 ], [ -117.961098286887392, 52.843043404445254 ], [ -117.961142836722715, 52.842884007488969 ], [ -117.961410506619984, 52.842733427249144 ], [ -117.961377137828762, 52.842606571614347 ], [ -117.961124647033458, 52.842563159901545 ], [ -117.960816105805563, 52.84258405376363 ], [ -117.960390547476649, 52.842799806798929 ], [ -117.960233776025333, 52.842773747612199 ], [ -117.960144368250582, 52.842617680806299 ], [ -117.960130697208953, 52.842303221615452 ], [ -117.960194346332699, 52.842121932550896 ], [ -117.960350645182743, 52.842050662434353 ], [ -117.960874036683023, 52.841980406509535 ], [ -117.961008864681204, 52.84184486919613 ], [ -117.961013394251154, 52.841592642826903 ], [ -117.960898315942032, 52.841347714203962 ], [ -117.960608051965309, 52.841056362249027 ], [ -117.960197481135566, 52.840885318658685 ], [ -117.960100895876835, 52.840672468901261 ], [ -117.960135070148937, 52.840472117446573 ], [ -117.960237373623556, 52.840348305254125 ], [ -117.960508667670709, 52.840192810888098 ], [ -117.960889144448316, 52.840069405163916 ], [ -117.960918712577921, 52.839943208372901 ], [ -117.960627405537437, 52.839870452137411 ], [ -117.959347301788213, 52.839839174433983 ], [ -117.958995504574176, 52.839583100775279 ], [ -117.958273220426747, 52.839281414256035 ], [ -117.957885745483338, 52.838847571676411 ], [ -117.957856780721883, 52.838709788812658 ], [ -117.957922474371557, 52.838598938231748 ], [ -117.958758987329503, 52.838468200595884 ], [ -117.959101056224753, 52.838243004102083 ], [ -117.959105695494785, 52.837946145840583 ], [ -117.958941811312755, 52.837718289411228 ], [ -117.958711339354352, 52.837529424790283 ], [ -117.958423819758082, 52.837463460822718 ], [ -117.957581868659446, 52.837433136503989 ], [ -117.957258000650853, 52.837249661225862 ], [ -117.957061874537558, 52.83720511172821 ], [ -117.956121283369527, 52.837222282848195 ], [ -117.955862917211917, 52.837313050708858 ], [ -117.955680333221153, 52.83745084816055 ], [ -117.955547102228664, 52.837955500786542 ], [ -117.955411026417551, 52.838116356861661 ], [ -117.955131073546696, 52.838253312577727 ], [ -117.954801997171771, 52.838294914311675 ], [ -117.952217287337618, 52.838302938864196 ], [ -117.951862201550142, 52.838210034069142 ], [ -117.951351969384376, 52.83791636094287 ], [ -117.951139219892823, 52.837665992269145 ], [ -117.951180426796114, 52.837335340306524 ], [ -117.951339216956853, 52.837263932139173 ], [ -117.951861517602296, 52.837195526104402 ], [ -117.951954273190566, 52.837086569689411 ], [ -117.951858963141731, 52.837011275048496 ], [ -117.951273805345082, 52.836937140597072 ], [ -117.951152005277166, 52.836846174205931 ], [ -117.951089195028942, 52.835836734186131 ], [ -117.951019823113327, 52.835635009441276 ], [ -117.950795701912881, 52.835464266977617 ], [ -117.950547722034301, 52.835390656221719 ], [ -117.950289471354765, 52.835422000561593 ], [ -117.950038309463324, 52.835592640657822 ], [ -117.949700186776397, 52.835577563766343 ], [ -117.949389479851092, 52.835397138809022 ], [ -117.949287678012837, 52.835159036941661 ], [ -117.949371954240519, 52.834890839217792 ], [ -117.949719367545001, 52.834743400343868 ], [ -117.950172642753316, 52.834367322153675 ], [ -117.950970365047382, 52.83421179070023 ], [ -117.951059453244767, 52.834052654894819 ], [ -117.951031216350671, 52.833868940526365 ], [ -117.950912547130017, 52.833776762254239 ], [ -117.950694291834736, 52.833744865870862 ], [ -117.948907209320595, 52.833729920181248 ], [ -117.948585800506649, 52.833612417289828 ], [ -117.948403078385624, 52.83342955814804 ], [ -117.948452275084605, 52.833276709654939 ], [ -117.948712388298915, 52.833223245506915 ], [ -117.949094105330246, 52.833252773985542 ], [ -117.949407771424461, 52.833439312673235 ], [ -117.949574007301933, 52.833437225090691 ], [ -117.949651184427395, 52.833390321970136 ], [ -117.949693686287617, 52.833219632504502 ], [ -117.949637394320391, 52.833042109902919 ], [ -117.9493436844093, 52.832887127598525 ], [ -117.949263575661604, 52.832768284982414 ], [ -117.949230760423092, 52.832085503000734 ], [ -117.94937803913551, 52.831902053745864 ], [ -117.949902688153401, 52.831830262664852 ], [ -117.950059555685314, 52.831758885804966 ], [ -117.950114373124308, 52.831583917254726 ], [ -117.950056863297604, 52.831408241920833 ], [ -117.949744405941487, 52.831319726821356 ], [ -117.948987992394791, 52.831346031203672 ], [ -117.948824880631008, 52.831418766084965 ], [ -117.948477189842578, 52.831762047979815 ], [ -117.948306419324979, 52.831831788387511 ], [ -117.948100468422538, 52.831847655058858 ], [ -117.947944329275202, 52.831790207237319 ], [ -117.947777094008757, 52.831591331637483 ], [ -117.947520432963373, 52.83143234319612 ], [ -117.947314059710038, 52.831372947962727 ], [ -117.946676393562072, 52.831304388302684 ], [ -117.946539308862441, 52.831170806066773 ], [ -117.946537057357673, 52.830985875624684 ], [ -117.946617750459026, 52.830873654817196 ], [ -117.947189978138297, 52.830778152185729 ], [ -117.947342273171117, 52.830707315637511 ], [ -117.947477052409099, 52.830279831651247 ], [ -117.947689828378756, 52.83009757858072 ], [ -117.947941364662952, 52.829984298358418 ], [ -117.948845240975118, 52.829771263323849 ], [ -117.949097080092145, 52.82966223865045 ], [ -117.949177905865071, 52.829483015687863 ], [ -117.949144966177926, 52.829293696856794 ], [ -117.948959778093567, 52.829184914918059 ], [ -117.948502191069608, 52.829190084475741 ], [ -117.948338062296131, 52.829262464644707 ], [ -117.94798098115325, 52.829609473545638 ], [ -117.947737081201183, 52.829693856032897 ], [ -117.947539636547546, 52.829687011937807 ], [ -117.94739724337775, 52.829508082175749 ], [ -117.947351462887781, 52.828808679307016 ], [ -117.947278192766305, 52.828699296224663 ], [ -117.947181992441188, 52.828673479831252 ], [ -117.947000148429879, 52.828734753845069 ], [ -117.946894119141291, 52.82905545564315 ], [ -117.94677825451771, 52.82915409442824 ], [ -117.946412097138463, 52.829192847566283 ], [ -117.946148873528458, 52.829141389490417 ], [ -117.946065327601303, 52.829026115408638 ], [ -117.945986722644264, 52.828521615093244 ], [ -117.945678602113347, 52.828329754008621 ], [ -117.945602928693347, 52.828212828611591 ], [ -117.945506949712893, 52.827104056973305 ], [ -117.945164899772081, 52.826747990137015 ], [ -117.945103694549957, 52.826600032184004 ], [ -117.945144148833847, 52.826319257302337 ], [ -117.945450210000388, 52.826228752718841 ], [ -117.946206214121048, 52.826246719544201 ], [ -117.946593535803018, 52.826458226142314 ], [ -117.94710620580021, 52.8264674718233 ], [ -117.947254962938786, 52.826393921030437 ], [ -117.947421447153957, 52.826003269636296 ], [ -117.947738527203398, 52.825978837199415 ], [ -117.948020186593581, 52.826105143131365 ], [ -117.948169784715262, 52.826263764116455 ], [ -117.948262834372329, 52.827722998086657 ], [ -117.948385901917334, 52.827897005178116 ], [ -117.948652987609336, 52.828041397528402 ], [ -117.948855270969432, 52.828071648816511 ], [ -117.949031531484323, 52.828033290610378 ], [ -117.949200668278721, 52.827641333953942 ], [ -117.949351331112837, 52.827566959159988 ], [ -117.949652188429681, 52.82754811711542 ], [ -117.949914439596029, 52.827603039361961 ], [ -117.950097260166842, 52.827991483970052 ], [ -117.950278306926904, 52.828047392843906 ], [ -117.950403437031099, 52.827989149093909 ], [ -117.950567004085499, 52.827597667900221 ], [ -117.950831538324493, 52.827535975079506 ], [ -117.951165621797315, 52.827539003105485 ], [ -117.951512539630357, 52.827636054638887 ], [ -117.951737362859276, 52.827811942256872 ], [ -117.951838759881213, 52.828440809595705 ], [ -117.951970095385803, 52.828574325793646 ], [ -117.952257320496841, 52.828584300395384 ], [ -117.952628767127422, 52.828494814933329 ], [ -117.953018570211384, 52.828330044056919 ], [ -117.953250222159724, 52.828110691170401 ], [ -117.953593128226046, 52.828053665305134 ], [ -117.953935985244726, 52.828106815190203 ], [ -117.954190782233113, 52.828378195670773 ], [ -117.954465638669063, 52.828529630713227 ], [ -117.955026946011756, 52.828583972521798 ], [ -117.955293346748576, 52.828526184938852 ], [ -117.955376068234457, 52.828317076863009 ], [ -117.955315251742519, 52.828137780133822 ], [ -117.95502187854197, 52.827981824461965 ], [ -117.954972580214701, 52.827824382800998 ], [ -117.955146386737184, 52.82763965998214 ], [ -117.955462372814509, 52.827517153760262 ], [ -117.955797646708817, 52.827493086044818 ], [ -117.956093499438921, 52.827527923016831 ], [ -117.956210946899006, 52.827623111694194 ], [ -117.956366524167393, 52.827974907517188 ], [ -117.956553113590275, 52.828024882673652 ], [ -117.956877727380089, 52.828028633780214 ], [ -117.95711821145558, 52.827991939704866 ], [ -117.957352149514975, 52.827885836960043 ], [ -117.957769860139592, 52.827448655557042 ], [ -117.958398351632141, 52.827242742829938 ], [ -117.959873734540878, 52.827155122547055 ], [ -117.961502604722355, 52.826697250493609 ], [ -117.961725488661045, 52.826705722276351 ], [ -117.96266036797175, 52.826897307437626 ], [ -117.963098846230537, 52.826897983290792 ], [ -117.963407045233552, 52.826842109715137 ], [ -117.963626078286865, 52.826725264067441 ], [ -117.963765067075471, 52.826564414023359 ], [ -117.963796494496677, 52.825754210890508 ], [ -117.963919687728193, 52.825576809020113 ], [ -117.964077960687334, 52.825576674397091 ], [ -117.964179762290414, 52.825663305605985 ], [ -117.964256341776633, 52.826178545864785 ], [ -117.964339018556799, 52.826296444517837 ], [ -117.964684475685985, 52.826353169606755 ], [ -117.965070532071778, 52.82630099219574 ], [ -117.965350290222659, 52.826079507480777 ], [ -117.965910019337926, 52.8253438235798 ], [ -117.96600246731883, 52.824613099469914 ], [ -117.966112794351631, 52.824485687605808 ], [ -117.966322956915903, 52.82449946855867 ], [ -117.966516126631504, 52.824647393363847 ], [ -117.966713969472295, 52.824692645646962 ], [ -117.968211857764501, 52.824699012540052 ], [ -117.968505481077585, 52.824735174536357 ], [ -117.968619795308101, 52.824828137934951 ], [ -117.968731229207549, 52.825141722058618 ], [ -117.968953460536397, 52.825222440902095 ], [ -117.971125292133678, 52.825193727056664 ], [ -117.971273208220623, 52.825121080595856 ], [ -117.971371444238727, 52.824806300699862 ], [ -117.971482430178597, 52.824712062607148 ], [ -117.972826342018649, 52.824653476902718 ], [ -117.973049550933268, 52.824572878042048 ], [ -117.973155129779116, 52.823810544203972 ], [ -117.973422486943193, 52.823446113314887 ], [ -117.973898644464072, 52.823014895712745 ], [ -117.973969282791657, 52.822707077612982 ], [ -117.973887396965992, 52.822317479424065 ], [ -117.973181625503656, 52.822015924501237 ], [ -117.973071955334078, 52.821848773411944 ], [ -117.97309939847824, 52.821706868520579 ], [ -117.973259422861489, 52.821563471679653 ], [ -117.97349835538364, 52.82146099465642 ], [ -117.974662579808452, 52.821370479929499 ], [ -117.97477542110299, 52.82127759171734 ], [ -117.974918413543961, 52.820935946198524 ], [ -117.975599159460586, 52.820800316390539 ], [ -117.975703382951295, 52.820536728259768 ], [ -117.975618708637469, 52.820147838175998 ], [ -117.975457314190123, 52.82007906335182 ], [ -117.974931296779999, 52.82001621752935 ], [ -117.974845823371041, 52.819965063430573 ], [ -117.97482484270482, 52.819846502944934 ], [ -117.974909176685415, 52.819731679012712 ], [ -117.975117097073522, 52.819607004420703 ], [ -117.975326875520835, 52.819544935542289 ], [ -117.975965487422329, 52.819470880377914 ], [ -117.976056270412272, 52.819361184440332 ], [ -117.975959105899989, 52.819285277650856 ], [ -117.9753698524096, 52.819209168841198 ], [ -117.975246241360963, 52.819116987299367 ], [ -117.975195363067797, 52.818871500177934 ], [ -117.975238878384772, 52.818568462591458 ], [ -117.975579998902546, 52.818306671302174 ], [ -117.975530837290989, 52.818212604152166 ], [ -117.975275425774043, 52.818166240314646 ], [ -117.974970221685808, 52.818184776882504 ], [ -117.974817648456579, 52.81825749233024 ], [ -117.974739493348025, 52.818806218025337 ], [ -117.974613523230616, 52.818945628699865 ], [ -117.973910232074061, 52.81904138274129 ], [ -117.973233904848186, 52.819256351662645 ], [ -117.97282434868562, 52.819263532591819 ], [ -117.972599553031372, 52.819184669687807 ], [ -117.972480022928778, 52.818597331658069 ], [ -117.972168307143463, 52.818403622771257 ], [ -117.972089282160937, 52.818285174966526 ], [ -117.972092189193717, 52.817787256441648 ], [ -117.972208588533221, 52.817694708096383 ], [ -117.972823868588378, 52.817614431035707 ], [ -117.973049472247268, 52.817501491149734 ], [ -117.973344030309121, 52.817101456603964 ], [ -117.973438962487236, 52.816385589582708 ], [ -117.973594233894204, 52.816314274534342 ], [ -117.974113335820789, 52.816244157677311 ], [ -117.974208079726438, 52.81616497086187 ], [ -117.974163169600388, 52.816073610964821 ], [ -117.974053316166078, 52.816039733915503 ], [ -117.973286431007097, 52.816024692776281 ], [ -117.972883272043291, 52.816087522427964 ], [ -117.971773411176315, 52.816551998506718 ], [ -117.971648228500356, 52.816663199507218 ], [ -117.97153052218404, 52.817036594634054 ], [ -117.971404268477869, 52.817094541524774 ], [ -117.971255591488003, 52.817067696488984 ], [ -117.971199835616389, 52.817000464768441 ], [ -117.971125932205467, 52.816486902689995 ], [ -117.971042860579544, 52.816369489457806 ], [ -117.970691929269563, 52.816312626156979 ], [ -117.970211179830073, 52.816376500163528 ], [ -117.969947586497625, 52.816529777554265 ], [ -117.969861539919506, 52.816691247428516 ], [ -117.969916859233152, 52.816805316842085 ], [ -117.970189618923072, 52.816948056522591 ], [ -117.970190393656566, 52.817045928356698 ], [ -117.970054812959035, 52.817107608430234 ], [ -117.969493797870356, 52.817204123063398 ], [ -117.969319426908953, 52.817591385934101 ], [ -117.969099122224435, 52.817675108040255 ], [ -117.968794590612575, 52.817677323770887 ], [ -117.968609902878754, 52.817628600004852 ], [ -117.968427751484825, 52.817241046270205 ], [ -117.968274938617824, 52.817170695362606 ], [ -117.966923172570475, 52.817128899637119 ], [ -117.966477616019574, 52.816919739884121 ], [ -117.966266024001214, 52.816935314979546 ], [ -117.966038307836953, 52.817034417934487 ], [ -117.965878401971352, 52.817180726752412 ], [ -117.965860583641259, 52.81737522066792 ], [ -117.966000388506515, 52.817533176153113 ], [ -117.966221973778815, 52.817643514955549 ], [ -117.966561461253633, 52.817660410187592 ], [ -117.966816791788062, 52.817486066579839 ], [ -117.967011909976293, 52.817437199919617 ], [ -117.967391083064086, 52.817439634280213 ], [ -117.967543611684576, 52.817507536569849 ], [ -117.967696200050852, 52.818211669404569 ], [ -117.967921984051642, 52.818383325457809 ], [ -117.968376181254328, 52.81853121313334 ], [ -117.968494807915661, 52.818629022651812 ], [ -117.968540613037177, 52.819083394539888 ], [ -117.9683976430683, 52.819269825519058 ], [ -117.966457630580791, 52.819355507524328 ], [ -117.966383096956889, 52.819403870053648 ], [ -117.966386518651902, 52.819504507148203 ], [ -117.966657667049418, 52.819647482071431 ], [ -117.966686803159007, 52.819780560160851 ], [ -117.966550815926425, 52.819845131594441 ], [ -117.966172399924417, 52.819858429131699 ], [ -117.965982733705701, 52.819811773997095 ], [ -117.965916281015893, 52.81974112731735 ], [ -117.965844982214165, 52.818955614656296 ], [ -117.965764196181297, 52.818841603998742 ], [ -117.965648700485119, 52.81880403237966 ], [ -117.961616194629741, 52.818840427430075 ], [ -117.96146737731334, 52.818912338024276 ], [ -117.961301709954256, 52.819293687732461 ], [ -117.960676932359618, 52.819404236648531 ], [ -117.96056230448994, 52.819496319151696 ], [ -117.960566370502477, 52.82099336225702 ], [ -117.960473777388557, 52.821204491486192 ], [ -117.960134844515139, 52.821240406326012 ], [ -117.959528106343356, 52.821090412646726 ], [ -117.959013656259984, 52.820854336640608 ], [ -117.958666159425562, 52.820514927522197 ], [ -117.958343554545507, 52.82050006291707 ], [ -117.957991056884254, 52.820706852353879 ], [ -117.957839379776601, 52.821202121226264 ], [ -117.957595729768883, 52.821368101831382 ], [ -117.956929550410138, 52.821563052431934 ], [ -117.955244349151485, 52.821849515595119 ], [ -117.953533658146696, 52.822351456670738 ], [ -117.952155368699508, 52.822441942209842 ], [ -117.951795329980683, 52.822652633370353 ], [ -117.951665010016896, 52.823086508351025 ], [ -117.951492728182558, 52.823197776720065 ], [ -117.949827633558726, 52.8232366562141 ], [ -117.949247539044805, 52.823213279054549 ], [ -117.949096165200942, 52.823143205263662 ], [ -117.948982047898483, 52.822831092912367 ], [ -117.948865155210868, 52.822739441943625 ], [ -117.947967259385777, 52.822691794744195 ], [ -117.947775154318421, 52.822645724962562 ], [ -117.94768457945797, 52.822489492614679 ], [ -117.947709290237896, 52.822304612894847 ], [ -117.948060110828621, 52.822069328469631 ], [ -117.948105729683391, 52.821844926373849 ], [ -117.947957605558614, 52.821666726509925 ], [ -117.947435362958871, 52.821605023160181 ], [ -117.94729410674644, 52.821546096347333 ], [ -117.947314960446121, 52.82141876015956 ], [ -117.947561622788115, 52.821299786592853 ], [ -117.947636855269224, 52.821179737282897 ], [ -117.947622920764829, 52.820947299328054 ], [ -117.947442129586008, 52.820838134523235 ], [ -117.946672150229645, 52.820821367884321 ], [ -117.94621375193104, 52.820912364146693 ], [ -117.945943807295905, 52.821121255196225 ], [ -117.94581838935126, 52.821556413924384 ], [ -117.945603281925543, 52.821629129436026 ], [ -117.945301873492099, 52.821599984047275 ], [ -117.944291204357981, 52.821337561736833 ], [ -117.943189134375899, 52.821139823073715 ], [ -117.942520775851847, 52.821156842515308 ], [ -117.942164993403097, 52.821362945781679 ], [ -117.94196060920342, 52.821344643406235 ], [ -117.941788721385365, 52.82069348549652 ], [ -117.941633936892416, 52.820624831280149 ], [ -117.94111536826243, 52.820563685376683 ], [ -117.940995615924805, 52.820473870698827 ], [ -117.940936284203502, 52.819470022261228 ], [ -117.940993515770245, 52.819210614922802 ], [ -117.941190031081064, 52.818941463690066 ], [ -117.941367365201245, 52.818791831734174 ], [ -117.941747408216841, 52.818614946563613 ], [ -117.941847243858817, 52.818031668095593 ], [ -117.942188828561129, 52.817797798786096 ], [ -117.942226425724186, 52.817527364166011 ], [ -117.942145969910939, 52.817415901362374 ], [ -117.941955532900195, 52.817368701633519 ], [ -117.940443148647176, 52.81737425587977 ], [ -117.94009130225345, 52.817318796769214 ], [ -117.939986854981512, 52.817108264525025 ], [ -117.939986497462428, 52.816460423917626 ], [ -117.940072120539156, 52.816269910246518 ], [ -117.940355171114192, 52.816051561117021 ], [ -117.940824276431002, 52.815811540252767 ], [ -117.941643686756692, 52.815678182494246 ], [ -117.941843594079856, 52.815267228000685 ], [ -117.942655414486353, 52.815128758607024 ], [ -117.942921250414912, 52.814978630630833 ], [ -117.943163239104081, 52.814708005548226 ], [ -117.94335578844526, 52.814656210467497 ], [ -117.943862134607386, 52.814636169022847 ], [ -117.944243726494165, 52.814675990046773 ], [ -117.944360286374803, 52.814770803629145 ], [ -117.944456620092694, 52.815119831190792 ], [ -117.944556481087133, 52.815245925753075 ], [ -117.944878533111776, 52.815411107245538 ], [ -117.945149086161393, 52.815411883120184 ], [ -117.945542629812593, 52.815058306646122 ], [ -117.946117330722558, 52.814807298389994 ], [ -117.946234275329914, 52.81409858411719 ], [ -117.946395759885618, 52.813952537719871 ], [ -117.946619554641799, 52.813854936640958 ], [ -117.946891072082963, 52.813849886754788 ], [ -117.947269241822795, 52.814051263562988 ], [ -117.948546152579269, 52.814087012699844 ], [ -117.948743321929953, 52.81413134928097 ], [ -117.949069785738345, 52.814319566587116 ], [ -117.949581555504139, 52.81430238986529 ], [ -117.949718627979266, 52.814114909362019 ], [ -117.949740418305623, 52.813377483294737 ], [ -117.949852090710181, 52.813283010698783 ], [ -117.950065476324312, 52.813248187633562 ], [ -117.95149867424918, 52.813235271173795 ], [ -117.951730754390894, 52.813253386876291 ], [ -117.951870200385642, 52.813312931878329 ], [ -117.951847315407178, 52.813441068704641 ], [ -117.951568323634319, 52.813592860909331 ], [ -117.951503396679726, 52.813828031426176 ], [ -117.951524642121996, 52.814910591721244 ], [ -117.951582062809891, 52.815040529611153 ], [ -117.95173790989864, 52.815109589691566 ], [ -117.952639606634108, 52.8150950587601 ], [ -117.952955224441084, 52.814903848335931 ], [ -117.953144753585363, 52.814867348632497 ], [ -117.953447008561781, 52.814897118267858 ], [ -117.954133266233342, 52.815066092049534 ], [ -117.954540177402393, 52.815074102112042 ], [ -117.954895873732227, 52.814922919349669 ], [ -117.955179797384332, 52.81461496652576 ], [ -117.955449653217087, 52.814555840275943 ], [ -117.956199546167113, 52.814573583311208 ], [ -117.956520136302458, 52.814759932198754 ], [ -117.95673215528673, 52.814774561648761 ], [ -117.956830237537417, 52.814690591147617 ], [ -117.956862073701544, 52.814498683245183 ], [ -117.956815577633321, 52.812874491648664 ], [ -117.956663707109342, 52.812695609934671 ], [ -117.956078864425677, 52.812622120023725 ], [ -117.955958971541733, 52.812532653990942 ], [ -117.955915606642705, 52.810899545777808 ], [ -117.955977531635199, 52.81082955691911 ], [ -117.956165369749911, 52.81078060938971 ], [ -117.957217135670277, 52.810761119378512 ], [ -117.957511961606045, 52.81072052672851 ], [ -117.957624191744628, 52.810625045827862 ], [ -117.957725099495619, 52.810309560262809 ], [ -117.957867529870981, 52.810246952461384 ], [ -117.958072251943193, 52.810258922587074 ], [ -117.958246918775558, 52.810326138500876 ], [ -117.958658890164131, 52.810697968971112 ], [ -117.958852825199273, 52.810746779158563 ], [ -117.959162392256346, 52.810746824563687 ], [ -117.959349728743533, 52.810697617215581 ], [ -117.959459644676002, 52.810437590849958 ], [ -117.959427806157478, 52.809544830415611 ], [ -117.958928265475151, 52.808844821446364 ], [ -117.958734390769109, 52.808433198994031 ], [ -117.95864081853972, 52.807479038831801 ], [ -117.958351162212693, 52.806775743274002 ], [ -117.958208768193117, 52.80605773673981 ], [ -117.957745537713308, 52.805649554790463 ], [ -117.956872405906907, 52.805180137096606 ], [ -117.95625158937284, 52.804551329120223 ], [ -117.955849993693278, 52.804407238215397 ], [ -117.955211055854321, 52.80431430658895 ], [ -117.951555998726491, 52.804336212756112 ], [ -117.951210321794804, 52.804304202434466 ], [ -117.950811848564271, 52.804200987642162 ], [ -117.95054699527941, 52.804085541234194 ], [ -117.950424205322534, 52.803916445342317 ], [ -117.95036113958075, 52.802812194548395 ], [ -117.950290562142328, 52.802571711901898 ], [ -117.950161742343255, 52.802468151567098 ], [ -117.949604265000232, 52.802217412535171 ], [ -117.949082345589375, 52.801766547173607 ], [ -117.94842992209513, 52.801371060253032 ], [ -117.947973391189649, 52.800675808947737 ], [ -117.947465395154651, 52.800215640068359 ], [ -117.947168906798851, 52.800090070082625 ], [ -117.946852256309086, 52.800111503636948 ], [ -117.946654791164548, 52.800723399686078 ], [ -117.946255183143023, 52.801004009023856 ], [ -117.945850978695447, 52.801182399914303 ], [ -117.945558489923741, 52.801175496046802 ], [ -117.945188258256863, 52.801061172850595 ], [ -117.944706924674591, 52.80070908316798 ], [ -117.944530597879464, 52.800378062443549 ], [ -117.944601406848477, 52.799985267099174 ], [ -117.944960100284021, 52.799613190845889 ], [ -117.94563601249142, 52.799503030620762 ], [ -117.945772220796187, 52.799442264990958 ], [ -117.945770796427468, 52.79934482526167 ], [ -117.945496183269071, 52.799202744267127 ], [ -117.945439576124627, 52.799089300576675 ], [ -117.945523059892082, 52.798929224907532 ], [ -117.945782167748789, 52.798778321284438 ], [ -117.946092024975869, 52.798719737161818 ], [ -117.946808330427558, 52.798701205674796 ], [ -117.94733873701459, 52.798709837119659 ], [ -117.947649163474082, 52.798766776881415 ], [ -117.948867770926569, 52.799519700312366 ], [ -117.949471544548558, 52.799968234697772 ], [ -117.949627319370578, 52.80001438038169 ], [ -117.949921248102584, 52.799934934606149 ], [ -117.950216632455181, 52.7995898865423 ], [ -117.95029512100264, 52.799332807199704 ], [ -117.950293939136003, 52.798788457042015 ], [ -117.950176829776126, 52.798472098365551 ], [ -117.949727801178696, 52.798327161648899 ], [ -117.949455084661935, 52.798135550036847 ], [ -117.949446945268647, 52.797971883340772 ], [ -117.949764784973283, 52.79774685523634 ], [ -117.949676799544363, 52.797549437191634 ], [ -117.949342046957796, 52.797387993120807 ], [ -117.948522236073131, 52.797296003651766 ], [ -117.948318115475743, 52.797167651004358 ], [ -117.948129549778116, 52.796952132238246 ], [ -117.948013476512614, 52.79665395078657 ], [ -117.947966595304507, 52.795518818543769 ], [ -117.947680151127088, 52.795111889695853 ], [ -117.947405884118666, 52.794964727278199 ], [ -117.946744606668631, 52.794871066150911 ], [ -117.946538811260794, 52.794431291138807 ], [ -117.946183253613171, 52.794263757780556 ], [ -117.945725260515758, 52.794159769179863 ], [ -117.944756932444307, 52.794138241343141 ], [ -117.944491803570543, 52.794085059213721 ], [ -117.944412128578591, 52.793970574901152 ], [ -117.94436035412123, 52.793506954877877 ], [ -117.944228664424983, 52.793368832444372 ], [ -117.943717008112486, 52.79335973884978 ], [ -117.943341081865128, 52.793576313610124 ], [ -117.943051151873519, 52.793609455442471 ], [ -117.942759817972856, 52.793580852155131 ], [ -117.942373711701379, 52.793369818673703 ], [ -117.942067820869454, 52.793354476119667 ], [ -117.941807493640141, 52.793408159108253 ], [ -117.94171161527575, 52.793621708730697 ], [ -117.941738076328321, 52.794433825719601 ], [ -117.941804553014265, 52.7946155981655 ], [ -117.942158586022416, 52.794843447188086 ], [ -117.942180135011327, 52.795075656468072 ], [ -117.942050532744219, 52.795213566975839 ], [ -117.941682060002591, 52.795247095407589 ], [ -117.941418851964244, 52.795192544923992 ], [ -117.941234006617009, 52.794803375490311 ], [ -117.941080779880821, 52.794731738781458 ], [ -117.940048312007889, 52.794711740619448 ], [ -117.939617709053991, 52.794781427476238 ], [ -117.939414640535531, 52.795195810058679 ], [ -117.938855209921101, 52.795291029540309 ], [ -117.938704875617674, 52.795361532794203 ], [ -117.938581467577265, 52.796060608446517 ], [ -117.938308214390375, 52.796263253689048 ], [ -117.937869945687979, 52.79641349377782 ], [ -117.937792236737934, 52.796529500316105 ], [ -117.937772276420006, 52.798114093575407 ], [ -117.937655652443709, 52.798205640436578 ], [ -117.937069583330597, 52.798289689125589 ], [ -117.936925977139197, 52.798470815762279 ], [ -117.93702571949494, 52.798806050306744 ], [ -117.937767277770732, 52.799339197164372 ], [ -117.937853106805591, 52.799698861026862 ], [ -117.937863521676903, 52.800350654603122 ], [ -117.937796199078406, 52.800581072482309 ], [ -117.937639781218522, 52.800651711226045 ], [ -117.937122516449776, 52.800718860871498 ], [ -117.937031410148279, 52.800827686680584 ], [ -117.937127910407213, 52.800903134365001 ], [ -117.937652809513523, 52.80096337289411 ], [ -117.937814738594696, 52.801032383997715 ], [ -117.937882345367186, 52.801209975265486 ], [ -117.937828405806698, 52.801460418810457 ], [ -117.937664218157138, 52.801612343010603 ], [ -117.937369396367941, 52.801770769547829 ], [ -117.936544511532418, 52.802008788589966 ], [ -117.935952259059093, 52.802019245442914 ], [ -117.935754391303945, 52.801973034651638 ], [ -117.93551139726533, 52.80180680621983 ], [ -117.93534966943183, 52.801808623148695 ], [ -117.935274225277652, 52.801855903188027 ], [ -117.935193803914402, 52.802716204120578 ], [ -117.934888055373051, 52.802913005737402 ], [ -117.934811950621139, 52.803075037998447 ], [ -117.934866014817899, 52.803296161305163 ], [ -117.935223666379727, 52.803522467148255 ], [ -117.935261793555341, 52.80371411722551 ], [ -117.935207658692974, 52.803912234042791 ], [ -117.935041703758486, 52.804057063996268 ], [ -117.934803194837173, 52.804159322778389 ], [ -117.933773480942307, 52.804219085598397 ], [ -117.933586964668919, 52.804267716218902 ], [ -117.93350182789392, 52.804428944541009 ], [ -117.93346303649345, 52.804954806003792 ], [ -117.933283240444126, 52.805157440119487 ], [ -117.932659567616341, 52.805503810668988 ], [ -117.931941215944306, 52.805597794557769 ], [ -117.931786936851779, 52.80566855551438 ], [ -117.931737506632956, 52.805842043349998 ], [ -117.931800515878479, 52.80601468731313 ], [ -117.931961399280766, 52.806083494411332 ], [ -117.932547883790974, 52.806171476617372 ], [ -117.932647237667695, 52.806421444646595 ], [ -117.932506153977727, 52.806602036933796 ], [ -117.93198562007629, 52.80667489233457 ], [ -117.931832975663909, 52.80674681942282 ], [ -117.931736752620651, 52.80733842129542 ], [ -117.931569421149675, 52.807439988727552 ], [ -117.93136276843255, 52.807428181777652 ], [ -117.931133483614602, 52.80733107151655 ], [ -117.930732990719278, 52.80686876816722 ], [ -117.930396197136687, 52.806699213484769 ], [ -117.929825691594147, 52.806679192578933 ], [ -117.929629297354793, 52.806728470567577 ], [ -117.929392678087794, 52.806899129418134 ], [ -117.929187601482212, 52.806881981124121 ], [ -117.92910707300905, 52.806726463260084 ], [ -117.929053314946628, 52.806255800450856 ], [ -117.928953903655938, 52.806132980841383 ], [ -117.928778186916745, 52.806047499535183 ], [ -117.927502946604505, 52.805679210832558 ], [ -117.926488711199354, 52.805554215805692 ], [ -117.926445899638878, 52.805463739882093 ], [ -117.926543614011877, 52.805384391607397 ], [ -117.927182516667742, 52.805276701295369 ], [ -117.927231562614438, 52.805184603588394 ], [ -117.927139885006284, 52.805106952632435 ], [ -117.925715453551163, 52.805053685313062 ], [ -117.925333443505508, 52.804846730390331 ], [ -117.924966477849878, 52.804820727783955 ], [ -117.924702741907623, 52.804876832193742 ], [ -117.924499290511051, 52.805116346230221 ], [ -117.924254057957356, 52.805281847556351 ], [ -117.924066831599319, 52.805337947065155 ], [ -117.923870744363768, 52.805331147961702 ], [ -117.923759473790938, 52.805244518053911 ], [ -117.923681495602168, 52.804676924412597 ], [ -117.923541876701449, 52.804499583499009 ], [ -117.921518045794258, 52.803548545415858 ], [ -117.92101534814951, 52.803496189919649 ], [ -117.917623418762247, 52.80353068368413 ], [ -117.917158994952587, 52.803491774065165 ], [ -117.917044476084797, 52.803399246536934 ], [ -117.916891771791143, 52.803057498080129 ], [ -117.916129618941923, 52.802952274634727 ], [ -117.915756784345504, 52.80275537528987 ], [ -117.915722489746514, 52.80255397833303 ], [ -117.916042417896094, 52.80232756105778 ], [ -117.915954145301853, 52.802129798107437 ], [ -117.915618807981105, 52.801967638715325 ], [ -117.91485661997622, 52.801862438260954 ], [ -117.914703599692402, 52.801520887460022 ], [ -117.914588699659888, 52.801428585461103 ], [ -117.914294629161503, 52.801392955953624 ], [ -117.912725021447201, 52.801381038833298 ], [ -117.912571286283793, 52.80130955409674 ], [ -117.912431072662258, 52.800955961304169 ], [ -117.912248883240196, 52.800899523914076 ], [ -117.91210134829204, 52.800995925723797 ], [ -117.912046595226855, 52.801510637293461 ], [ -117.911935340609631, 52.80164167818107 ], [ -117.911779170571677, 52.801641754907791 ], [ -117.911701473692915, 52.801593293023757 ], [ -117.911520703938152, 52.801206067768547 ], [ -117.911180801201823, 52.801169626791044 ], [ -117.910736351063065, 52.801278152605079 ], [ -117.910426229043523, 52.801419849787713 ], [ -117.910259492543574, 52.801836926283826 ], [ -117.910148296711782, 52.801932801432692 ], [ -117.909856052645267, 52.801972429119608 ], [ -117.909424966914983, 52.801954621058194 ], [ -117.908676087730313, 52.801747854033252 ], [ -117.908359772957709, 52.801530106785947 ], [ -117.908098609710933, 52.801163999863839 ], [ -117.908019520754053, 52.800523960582112 ], [ -117.907899940201162, 52.800395847016091 ], [ -117.90774098324178, 52.800397485004744 ], [ -117.90764165260029, 52.800484682078299 ], [ -117.907556553903476, 52.801363136953192 ], [ -117.90747057086358, 52.801414476607484 ], [ -117.907271678103385, 52.801426258493144 ], [ -117.906968791759837, 52.801318242457171 ], [ -117.906751882631937, 52.801073405936968 ], [ -117.906651117066886, 52.800463097456223 ], [ -117.906425023017448, 52.800386062770691 ], [ -117.905475231626966, 52.800357918483478 ], [ -117.90515622897378, 52.800245381340858 ], [ -117.904942295623243, 52.800006993742691 ], [ -117.904896371000874, 52.799472160737317 ], [ -117.904808238791205, 52.799282355585369 ], [ -117.904407755106845, 52.798999554612429 ], [ -117.903978030682126, 52.798809178441928 ], [ -117.903409655774738, 52.79878780997673 ], [ -117.903216996493754, 52.798835003388454 ], [ -117.90290353628869, 52.799028180746419 ], [ -117.902143133679729, 52.799064015699969 ], [ -117.901106194594064, 52.799039012358229 ], [ -117.900793159070474, 52.798857327571476 ], [ -117.900637353575164, 52.798836261329164 ], [ -117.900512503737403, 52.798894589438284 ], [ -117.900354920714804, 52.799281208577952 ], [ -117.899838642365268, 52.799354125913666 ], [ -117.899278955148986, 52.799316156642703 ], [ -117.898898796884936, 52.799111442318214 ], [ -117.897886037814516, 52.799067453624822 ], [ -117.897492679751736, 52.798928499831419 ], [ -117.897057863211586, 52.798660251148597 ], [ -117.89689560040263, 52.798447957417245 ], [ -117.896849773824684, 52.797583990605453 ], [ -117.896915481259256, 52.797302017960533 ], [ -117.89706821608047, 52.797232488478777 ], [ -117.897630829920701, 52.79714008749572 ], [ -117.897789547788747, 52.796740235337168 ], [ -117.898033934711748, 52.796575069840962 ], [ -117.89862306141552, 52.796415356356931 ], [ -117.899483267114036, 52.796340038248331 ], [ -117.899794152526695, 52.796210075087231 ], [ -117.900176356373009, 52.795969401101672 ], [ -117.900345333116221, 52.795777492491951 ], [ -117.900289774588103, 52.795628655745645 ], [ -117.899382943811602, 52.795486271839067 ], [ -117.899095827314639, 52.795289266559948 ], [ -117.899067994028442, 52.795099425614509 ], [ -117.899201240791569, 52.794942440445467 ], [ -117.899425584093819, 52.794827129304103 ], [ -117.900265297623761, 52.794727274944577 ], [ -117.900472973716077, 52.794665394963857 ], [ -117.900678619811799, 52.794539428561968 ], [ -117.900768487061526, 52.794379221193687 ], [ -117.900659244127581, 52.794248550159153 ], [ -117.900292408828506, 52.794221642407564 ], [ -117.900076378313202, 52.794252752597785 ], [ -117.899820812211274, 52.794430247727526 ], [ -117.899547738215858, 52.794485751307121 ], [ -117.897420803802603, 52.794504181473464 ], [ -117.896710715691938, 52.794363141681629 ], [ -117.896118628612982, 52.794113036870961 ], [ -117.89589996594114, 52.793866997004194 ], [ -117.895880732392627, 52.79366046721649 ], [ -117.895958711563537, 52.793473066989776 ], [ -117.896179141786689, 52.793351171782504 ], [ -117.896544791751197, 52.79323982059384 ], [ -117.897561129031388, 52.793099069299934 ], [ -117.897742758236191, 52.792405170431628 ], [ -117.89800632429025, 52.792345442527967 ], [ -117.898601374104558, 52.792344524442086 ], [ -117.898877358734083, 52.792397088132809 ], [ -117.899200824918339, 52.792585117794815 ], [ -117.900051368060375, 52.792607916490034 ], [ -117.900609683092199, 52.792559600272654 ], [ -117.900859564194533, 52.792382317057928 ], [ -117.901054193544354, 52.792333976050735 ], [ -117.901874702205731, 52.79233667319037 ], [ -117.902027536435781, 52.792407301438907 ], [ -117.9022072662097, 52.792788336610968 ], [ -117.90298786359385, 52.792931989896182 ], [ -117.90343870642107, 52.79332114145614 ], [ -117.903689523058191, 52.793448597907528 ], [ -117.905169163779249, 52.793878496105485 ], [ -117.905942418260608, 52.793898019906059 ], [ -117.906229828194697, 52.793825414255977 ], [ -117.906681730504758, 52.793567938625664 ], [ -117.907447183137734, 52.792896602288621 ], [ -117.908222769825286, 52.792742547675047 ], [ -117.908360345306846, 52.792399453626849 ], [ -117.908471288459651, 52.792305553826573 ], [ -117.910391753123406, 52.792218162444676 ], [ -117.910680960481372, 52.791925623893363 ], [ -117.910994082131722, 52.791726282470393 ], [ -117.912227680008257, 52.791314584204038 ], [ -117.91275786966284, 52.791182879209352 ], [ -117.913822053986195, 52.791140362241038 ], [ -117.914134913806066, 52.79108297755873 ], [ -117.91446608731286, 52.790858260706351 ], [ -117.914432610137951, 52.790663398239644 ], [ -117.913998157242474, 52.790603965583607 ], [ -117.911316200546707, 52.790631579196877 ], [ -117.91102083384537, 52.790723602752102 ], [ -117.910897902191977, 52.79107875827529 ], [ -117.910748878605105, 52.791152188893122 ], [ -117.909715123640439, 52.791189776501199 ], [ -117.909275937178961, 52.791129832117072 ], [ -117.909192221990196, 52.791016235433275 ], [ -117.909161067651496, 52.790759474538561 ], [ -117.909165965179213, 52.790267720034805 ], [ -117.909244887817849, 52.790013877629946 ], [ -117.909597354014053, 52.789642009540486 ], [ -117.910085974991986, 52.789495859653819 ], [ -117.910352204175993, 52.78934408500195 ], [ -117.91044586272065, 52.789221532239132 ], [ -117.910446984497014, 52.789020122009212 ], [ -117.91022465599552, 52.788702660351056 ], [ -117.909977376514163, 52.788530912482827 ], [ -117.909664518379614, 52.788485315741504 ], [ -117.908686292953902, 52.788489285723429 ], [ -117.908390869363572, 52.78845472076906 ], [ -117.908274627641845, 52.788362986843573 ], [ -117.908115399897724, 52.788022495986951 ], [ -117.907545412212812, 52.787935779215275 ], [ -117.907398788180444, 52.787870351260189 ], [ -117.907378484428023, 52.78775210395883 ], [ -117.90750245514495, 52.787598413254408 ], [ -117.908562524144813, 52.786894017337723 ], [ -117.908650954882589, 52.786552055476072 ], [ -117.908500869935409, 52.786371904557186 ], [ -117.907592861590544, 52.786330274241948 ], [ -117.907362081339073, 52.786254748401369 ], [ -117.907291559347101, 52.786025155997258 ], [ -117.907271968875932, 52.784937850885861 ], [ -117.907174906977517, 52.784775270625524 ], [ -117.906987242484362, 52.784728629352422 ], [ -117.906679859439421, 52.784733157869212 ], [ -117.906495873129643, 52.78478557740393 ], [ -117.906352506334684, 52.785136546759674 ], [ -117.906239374326944, 52.785231044871402 ], [ -117.905353668074738, 52.785295865364247 ], [ -117.905160379883299, 52.785345395195804 ], [ -117.904870522456065, 52.785652020881301 ], [ -117.904529152007527, 52.785797507936593 ], [ -117.904335306695046, 52.785788634431661 ], [ -117.904249999156349, 52.785738737812544 ], [ -117.904110629691615, 52.78538490247611 ], [ -117.90395882846002, 52.785313402403865 ], [ -117.902120189533463, 52.785298902684069 ], [ -117.901600765534539, 52.785367522932184 ], [ -117.901320434028776, 52.785672492161474 ], [ -117.900964216326543, 52.785827350431909 ], [ -117.899279412193238, 52.785863830383569 ], [ -117.89898141419846, 52.785903020168703 ], [ -117.898854644245191, 52.786038759390458 ], [ -117.898879729617349, 52.786268586764585 ], [ -117.89923649623266, 52.786495291953074 ], [ -117.899304084949222, 52.786677066915665 ], [ -117.899325584860904, 52.78721761092001 ], [ -117.899258583051207, 52.787474719609293 ], [ -117.899040919253551, 52.787649181102545 ], [ -117.89879613973288, 52.787726728769023 ], [ -117.898537131762993, 52.787699424754557 ], [ -117.898280869945353, 52.787532587436587 ], [ -117.898078190212445, 52.787523672886437 ], [ -117.89789052730805, 52.787575248575841 ], [ -117.897622416041955, 52.787778239730095 ], [ -117.897453202764709, 52.788336624494555 ], [ -117.897269867170607, 52.788474715500882 ], [ -117.897027458898265, 52.788555395124362 ], [ -117.896830728512825, 52.788545645726082 ], [ -117.896743372703412, 52.788495549328665 ], [ -117.896552864773483, 52.788112681167718 ], [ -117.895917391171878, 52.788007463255774 ], [ -117.895807108821586, 52.787880063703511 ], [ -117.895860135388844, 52.787759010531495 ], [ -117.896044991427473, 52.787626734217582 ], [ -117.896691851079396, 52.78743996842045 ], [ -117.896962874879691, 52.787285285392777 ], [ -117.897090228115658, 52.787058923643094 ], [ -117.897039192372361, 52.786780678126412 ], [ -117.896849002173667, 52.786726262740217 ], [ -117.896426065778257, 52.786942894536914 ], [ -117.895850974616096, 52.786950227108534 ], [ -117.895429545940189, 52.786767265340885 ], [ -117.895321827238547, 52.786548701791517 ], [ -117.895510706968707, 52.78630297960148 ], [ -117.895949495188248, 52.786092700188973 ], [ -117.896558399559183, 52.785926944926793 ], [ -117.897423124576989, 52.785818410764463 ], [ -117.897522366657995, 52.785604824478291 ], [ -117.897495520282888, 52.785241653054207 ], [ -117.897409908837645, 52.78512623076589 ], [ -117.89713975491361, 52.785070437511905 ], [ -117.896258270300919, 52.785088218823418 ], [ -117.895640348066252, 52.785236883916397 ], [ -117.895122126317276, 52.785465277428031 ], [ -117.894784738717973, 52.78581110509198 ], [ -117.894625989770176, 52.78587995422145 ], [ -117.893154185732357, 52.785925111105733 ], [ -117.892619066140398, 52.786047628351362 ], [ -117.892264171906831, 52.786218657629206 ], [ -117.891943341848375, 52.786582603793448 ], [ -117.891304703289151, 52.78682085134637 ], [ -117.890909559494702, 52.787171564784835 ], [ -117.890733981979736, 52.787252236239134 ], [ -117.890419794387427, 52.787282884872504 ], [ -117.89012866744693, 52.787248167828352 ], [ -117.890010507349061, 52.787151752631154 ], [ -117.889894659596621, 52.786833400437885 ], [ -117.889817023002649, 52.786784647448187 ], [ -117.889661059758936, 52.786783896149878 ], [ -117.889550506703756, 52.78691297954051 ], [ -117.889469786090203, 52.787546500815182 ], [ -117.889252447711456, 52.787726042193647 ], [ -117.888995654810827, 52.787810656510672 ], [ -117.888681036770109, 52.78779845648279 ], [ -117.888393867042566, 52.78766512668237 ], [ -117.888247261122402, 52.787502189758072 ], [ -117.888122085458832, 52.787114081049452 ], [ -117.887906126226639, 52.787050583940548 ], [ -117.887590691217767, 52.787137331888957 ], [ -117.887384294897927, 52.787310280839172 ], [ -117.88738412194698, 52.787480655094384 ], [ -117.887700905082497, 52.787695988597982 ], [ -117.887659587385826, 52.787790521203533 ], [ -117.887411712147482, 52.787839376090034 ], [ -117.8870409587106, 52.787811843902411 ], [ -117.886779522207519, 52.787638863868146 ], [ -117.886583009036102, 52.787594373609643 ], [ -117.88430203782049, 52.787571088227722 ], [ -117.883939348000411, 52.787420946779733 ], [ -117.883643090522099, 52.787118149650802 ], [ -117.883287895284511, 52.787058113585843 ], [ -117.882776038529499, 52.787067628301415 ], [ -117.882512177381543, 52.787130400530771 ], [ -117.882353748756728, 52.787517425457793 ], [ -117.882228499802267, 52.787575625545493 ], [ -117.882072053750534, 52.787554289452395 ], [ -117.88182277853312, 52.787386314874986 ], [ -117.881346376486249, 52.787346959060763 ], [ -117.880850107390557, 52.787378868649924 ], [ -117.880487353748805, 52.787585112225365 ], [ -117.880278312290656, 52.787567057387207 ], [ -117.88018414480365, 52.787361364604237 ], [ -117.880200063450033, 52.786999710383704 ], [ -117.880273991980232, 52.786879611278337 ], [ -117.880580087121658, 52.786683053209508 ], [ -117.880617498796923, 52.785893079629901 ], [ -117.880743286077134, 52.785664452370085 ], [ -117.881003488433095, 52.785515681259895 ], [ -117.881271022051834, 52.785485809557251 ], [ -117.881418976001399, 52.785548543040761 ], [ -117.881540432710963, 52.785868341798412 ], [ -117.881659102050705, 52.785965012013328 ], [ -117.882025910733248, 52.78599839396734 ], [ -117.882287658715825, 52.785943777810495 ], [ -117.882384191102616, 52.785729537515259 ], [ -117.882383259315461, 52.784699663652106 ], [ -117.882722854185275, 52.784190512900445 ], [ -117.883198149867482, 52.783890420557277 ], [ -117.883919643340434, 52.783800724589341 ], [ -117.884106597544701, 52.783734651688967 ], [ -117.884612146982022, 52.783041278840955 ], [ -117.885394189985959, 52.78270691198248 ], [ -117.885659158434294, 52.782463737429893 ], [ -117.885857942654908, 52.782082443163127 ], [ -117.885836836530117, 52.780891983676504 ], [ -117.885899541640185, 52.780662780691152 ], [ -117.886051880478533, 52.78059308384919 ], [ -117.886614758453376, 52.780499873206907 ], [ -117.88676199721823, 52.780160937316232 ], [ -117.886875639009389, 52.780068556856186 ], [ -117.887494440541943, 52.779956843602072 ], [ -117.887651842163166, 52.779557240982129 ], [ -117.887895539087424, 52.779391738980969 ], [ -117.889295224463837, 52.778967084959469 ], [ -117.890685504252247, 52.778874952800415 ], [ -117.891053861260829, 52.778667226489148 ], [ -117.891082299146589, 52.778465502550873 ], [ -117.890935508359206, 52.778397890156043 ], [ -117.890700533763706, 52.778377767853307 ], [ -117.888750785379543, 52.778379115851223 ], [ -117.888556972743189, 52.778335686898174 ], [ -117.888238432539097, 52.778151337724502 ], [ -117.886522139468681, 52.778125671568603 ], [ -117.886328116675628, 52.778082289276469 ], [ -117.886074564873553, 52.777911428793118 ], [ -117.88560403754613, 52.777873557829388 ], [ -117.884523827639256, 52.777881936133596 ], [ -117.884149505243442, 52.777922565029272 ], [ -117.884075362916889, 52.777971006162126 ], [ -117.884079450436914, 52.778071457826307 ], [ -117.884397633850355, 52.778276339664821 ], [ -117.884358248279497, 52.778371016648741 ], [ -117.884254075755365, 52.778406289243485 ], [ -117.88286857204254, 52.778445809341086 ], [ -117.882401874159569, 52.77840885890339 ], [ -117.882284209144103, 52.778317278071817 ], [ -117.882244566033251, 52.778176283787538 ], [ -117.882221154243112, 52.776724647162595 ], [ -117.882356906301425, 52.77658846792928 ], [ -117.882939162883773, 52.776505254662773 ], [ -117.88303167038255, 52.776396179656189 ], [ -117.882937289961717, 52.776320246761841 ], [ -117.882306668763718, 52.776218501322731 ], [ -117.882144374156383, 52.775849046363732 ], [ -117.882031108085087, 52.775761369522201 ], [ -117.881384529459041, 52.775727241899574 ], [ -117.880677213807928, 52.775755857009997 ], [ -117.88039707669293, 52.775830816550929 ], [ -117.880039635242341, 52.776205522149802 ], [ -117.879583637359985, 52.7770087398019 ], [ -117.87931715094652, 52.777247687375514 ], [ -117.876487620284806, 52.778422984043502 ], [ -117.875273630806873, 52.778532203075436 ], [ -117.874816470665507, 52.778853268970551 ], [ -117.874385199651741, 52.778989612834316 ], [ -117.874059399298858, 52.779038083139625 ], [ -117.873505920731972, 52.77901104741408 ], [ -117.873251808485705, 52.778838654996242 ], [ -117.873057724792972, 52.778794852155322 ], [ -117.871496754153668, 52.778754371753379 ], [ -117.870628244840404, 52.778483200036966 ], [ -117.870068023189262, 52.778027317969027 ], [ -117.869771515088118, 52.777993003252909 ], [ -117.868002693267016, 52.777982941824767 ], [ -117.866789540811567, 52.777662176764586 ], [ -117.866327535597478, 52.777484658843214 ], [ -117.86619298306006, 52.777213829314874 ], [ -117.866130298254717, 52.775452522045079 ], [ -117.866011927586712, 52.775362270239867 ], [ -117.865383221881103, 52.775261494325513 ], [ -117.865227657079046, 52.774921591899457 ], [ -117.865112124192905, 52.774829810254289 ], [ -117.864817549223815, 52.774794972988907 ], [ -117.863750237234385, 52.77479682426879 ], [ -117.863440435091576, 52.774746008816614 ], [ -117.863102875012544, 52.774522481662103 ], [ -117.862989385919121, 52.774120698758246 ], [ -117.862890046248822, 52.77399939130963 ], [ -117.862090291131253, 52.773688595739642 ], [ -117.861073726317969, 52.77316045585976 ], [ -117.860322896545838, 52.772963683464702 ], [ -117.859215917144994, 52.772921561707903 ], [ -117.858771416616662, 52.772707668894114 ], [ -117.857814606656106, 52.772647126783205 ], [ -117.857725575704166, 52.772593249983501 ], [ -117.857612427126, 52.7722814019032 ], [ -117.857497443771678, 52.772189046904309 ], [ -117.856086530412597, 52.772137291254559 ], [ -117.855934405938527, 52.772067967672562 ], [ -117.855820071185349, 52.771756556351995 ], [ -117.85570336101749, 52.771664922955139 ], [ -117.854806192360812, 52.771616846148206 ], [ -117.854614121963763, 52.771570809156621 ], [ -117.854532561939948, 52.77146036853263 ], [ -117.854531414130051, 52.771274876617852 ], [ -117.85460421533152, 52.771157063640821 ], [ -117.854917455031725, 52.770959250840363 ], [ -117.854959792921079, 52.770496454879712 ], [ -117.854879230860135, 52.770104505132693 ], [ -117.854588562179444, 52.76995443393627 ], [ -117.854510024708304, 52.769837606390581 ], [ -117.854475043080143, 52.769421711450278 ], [ -117.854531677199731, 52.769160050010882 ], [ -117.854725701160461, 52.768888245098864 ], [ -117.854964605653336, 52.7687156322989 ], [ -117.855696069464187, 52.768628273856656 ], [ -117.856007454285916, 52.768509678063658 ], [ -117.856193689277319, 52.768316739948794 ], [ -117.856296906000978, 52.767932213444347 ], [ -117.856596594091144, 52.767840587391674 ], [ -117.857571737150067, 52.767830674150972 ], [ -117.857911519642869, 52.767883711995367 ], [ -117.857942872361775, 52.768010166196376 ], [ -117.857626801756922, 52.768229521461741 ], [ -117.857646355197957, 52.768358673997163 ], [ -117.857751203643119, 52.768469464185308 ], [ -117.858431704241809, 52.768844734963437 ], [ -117.859338913873529, 52.768942992192059 ], [ -117.859709024865793, 52.76909790697588 ], [ -117.860161027097504, 52.769413761491904 ], [ -117.860311206396474, 52.769846694653822 ], [ -117.860490414523937, 52.769955499280059 ], [ -117.861312331464049, 52.769955812713725 ], [ -117.861507444693757, 52.769907054813636 ], [ -117.861758812127519, 52.769728798019294 ], [ -117.862313128931859, 52.769682836647036 ], [ -117.862782161184157, 52.769720433512191 ], [ -117.863037100730168, 52.769892780813493 ], [ -117.863390785185331, 52.769947128801057 ], [ -117.867473281064761, 52.769923893427993 ], [ -117.867773749101872, 52.770012281171702 ], [ -117.867890995190109, 52.770329551079115 ], [ -117.868008838262952, 52.770424493051287 ], [ -117.86845343932346, 52.770449654864642 ], [ -117.868679532370521, 52.770366923954398 ], [ -117.868733228768846, 52.770133818251374 ], [ -117.868664494202079, 52.769935000025306 ], [ -117.868433527429048, 52.769761791848005 ], [ -117.867891219617277, 52.769555650800484 ], [ -117.867786903458864, 52.768896377187005 ], [ -117.867691955397305, 52.768704288172863 ], [ -117.86741309463396, 52.768414887782527 ], [ -117.866978641743373, 52.768249594277336 ], [ -117.866841475737061, 52.768141524874167 ], [ -117.866275378658983, 52.767261247621448 ], [ -117.865702285928194, 52.766565078114155 ], [ -117.864806286302411, 52.766174336201196 ], [ -117.862608989816991, 52.765660992535039 ], [ -117.862470096923275, 52.765560759227803 ], [ -117.862292478318096, 52.765168634765267 ], [ -117.861663466302787, 52.765069600596021 ], [ -117.861513708403336, 52.764889940288541 ], [ -117.861469376196979, 52.763269010361114 ], [ -117.861536871701375, 52.762959296367058 ], [ -117.861754965742236, 52.762785669120518 ], [ -117.862001165980573, 52.762708732089862 ], [ -117.862262234389007, 52.762736566587463 ], [ -117.862563816920641, 52.762908247697169 ], [ -117.862718215919799, 52.762881032318049 ], [ -117.862789315259462, 52.762772427284972 ], [ -117.862772919824039, 52.762313635319259 ], [ -117.862692123846529, 52.762193886533858 ], [ -117.862371910501523, 52.762000927162262 ], [ -117.862388146415228, 52.76169099357525 ], [ -117.863020085486824, 52.761413309836222 ], [ -117.863311467327861, 52.761027932293928 ], [ -117.863702225106536, 52.760742865867819 ], [ -117.864054134991392, 52.760566905496283 ], [ -117.864760888749657, 52.760357217981401 ], [ -117.86520396194615, 52.760086279681069 ], [ -117.865374534962498, 52.759893135737244 ], [ -117.865354692360725, 52.759771953241327 ], [ -117.865270225962377, 52.759719664551021 ], [ -117.864706579294477, 52.75968512973941 ], [ -117.864223524035566, 52.759735029416589 ], [ -117.863971794381342, 52.759908210467621 ], [ -117.863756354831466, 52.759923880984225 ], [ -117.863637914186981, 52.759798465097376 ], [ -117.86365352539579, 52.759568254864753 ], [ -117.863769531613798, 52.759473509103408 ], [ -117.86440319225062, 52.759354854056781 ], [ -117.864572995530082, 52.758971982863557 ], [ -117.864699027891717, 52.758915374143228 ], [ -117.864880627870917, 52.758973054806077 ], [ -117.864996326040398, 52.759290232865965 ], [ -117.865111780717982, 52.759380603752142 ], [ -117.865381342501337, 52.759380372779702 ], [ -117.865609896448333, 52.759282834503367 ], [ -117.865778033655658, 52.759136433326383 ], [ -117.865836546889014, 52.758985137603133 ], [ -117.86584616263363, 52.758603590544837 ], [ -117.865769680328754, 52.758347475112963 ], [ -117.865544072019503, 52.758174521073229 ], [ -117.865280633857694, 52.758089092529673 ], [ -117.86368114439459, 52.758075746694075 ], [ -117.863255204704004, 52.758144653717707 ], [ -117.863097282820604, 52.758531595196452 ], [ -117.862878790971237, 52.758615968002722 ], [ -117.861294084746916, 52.758639453807106 ], [ -117.860964275837972, 52.758601862589273 ], [ -117.860781855451464, 52.758531343537058 ], [ -117.860589415141604, 52.758397761301751 ], [ -117.860280514174178, 52.758013960159545 ], [ -117.859729708493461, 52.757803322810162 ], [ -117.859639954911572, 52.757721089789321 ], [ -117.859734022283718, 52.75761110200569 ], [ -117.860315998849686, 52.757529495034376 ], [ -117.860434153016314, 52.757437126336491 ], [ -117.860450884283054, 52.755779302864561 ], [ -117.860409421234422, 52.755520771741907 ], [ -117.860306707099909, 52.755398284888031 ], [ -117.859986596900029, 52.755264558962232 ], [ -117.859536439263195, 52.755164046496951 ], [ -117.859200332936609, 52.755204467468388 ], [ -117.859037010767992, 52.755593824031301 ], [ -117.858815927519615, 52.755680078332695 ], [ -117.857993403289925, 52.75567313320488 ], [ -117.857668510343018, 52.755482246992827 ], [ -117.857473456835109, 52.755437477816407 ], [ -117.857148659269825, 52.75543288901401 ], [ -117.856840564291815, 52.755486782990445 ], [ -117.856486128727653, 52.75566414520766 ], [ -117.856137661138405, 52.755914925777077 ], [ -117.856046611624777, 52.756043084916186 ], [ -117.855951450660825, 52.756444160628817 ], [ -117.855770254757076, 52.756581682566214 ], [ -117.85457490932464, 52.757048084255352 ], [ -117.85396540781143, 52.757084241047949 ], [ -117.853492181193317, 52.757045459446296 ], [ -117.853341847220278, 52.756860016524683 ], [ -117.853373994296859, 52.75633315119704 ], [ -117.853627311251913, 52.756109873546961 ], [ -117.854170140492457, 52.755893200581951 ], [ -117.854224179268542, 52.755716543221332 ], [ -117.854168862475987, 52.7555426712306 ], [ -117.854012979480913, 52.755473757442793 ], [ -117.853777061531517, 52.755453707630586 ], [ -117.85181447223853, 52.755460993066727 ], [ -117.85162361598546, 52.755413244328608 ], [ -117.851532137293788, 52.755253816703551 ], [ -117.851611430505287, 52.754971588486441 ], [ -117.852228912292119, 52.754689218210494 ], [ -117.852358278769742, 52.75458177245406 ], [ -117.852432319681697, 52.753749242942853 ], [ -117.852506477254025, 52.753629210381916 ], [ -117.852750083590891, 52.753511907540819 ], [ -117.852773177547036, 52.753383880984835 ], [ -117.852634434991032, 52.753324503719696 ], [ -117.8523178741751, 52.753305099976735 ], [ -117.84955494293402, 52.753321576758722 ], [ -117.8493660417885, 52.753274221922432 ], [ -117.849270498803776, 52.753112913372924 ], [ -117.849252531635102, 52.752577271315225 ], [ -117.849318400692482, 52.752344119634934 ], [ -117.849852448976691, 52.752132683197388 ], [ -117.850099152471188, 52.751912883348858 ], [ -117.850115816065852, 52.750893189487059 ], [ -117.850172030670237, 52.750713477424775 ], [ -117.8503965777426, 52.750633374594344 ], [ -117.851534874139858, 52.75061397866088 ], [ -117.851802319822198, 52.750557797453432 ], [ -117.851881747656094, 52.750442893777489 ], [ -117.851901972625413, 52.750127479622122 ], [ -117.851872334986425, 52.749747748190181 ], [ -117.851784227607112, 52.749590633412375 ], [ -117.851633135587932, 52.749565573894785 ], [ -117.851537857756583, 52.749595046442465 ], [ -117.851378684445066, 52.749981293165611 ], [ -117.851228255100992, 52.75005506153542 ], [ -117.849758534365691, 52.750108269640336 ], [ -117.848589186923093, 52.750363397563341 ], [ -117.847655738994419, 52.750358056693877 ], [ -117.847504464623853, 52.750287734752533 ], [ -117.84738692745556, 52.749904505837357 ], [ -117.847242567968323, 52.749746441076148 ], [ -117.846954551492544, 52.749614905516772 ], [ -117.846199358569564, 52.749510359492639 ], [ -117.845980692191702, 52.749101827856613 ], [ -117.845714003458284, 52.749049321308448 ], [ -117.845034646778998, 52.749034098686657 ], [ -117.844804387601229, 52.748957689391936 ], [ -117.844728656789883, 52.748673770785985 ], [ -117.844753402822931, 52.748145847339572 ], [ -117.844827318401457, 52.748027339621437 ], [ -117.845112173738755, 52.747872362481061 ], [ -117.845171057577517, 52.747690166222512 ], [ -117.845161370491468, 52.747104098116125 ], [ -117.845012620383471, 52.746921478143172 ], [ -117.84352856702472, 52.74686111392657 ], [ -117.84341356623635, 52.746768822689333 ], [ -117.843308483788618, 52.746435070025271 ], [ -117.843180627277903, 52.746325599879903 ], [ -117.842695762778661, 52.746157266692364 ], [ -117.842294355072866, 52.746106309059343 ], [ -117.84198979399909, 52.746153485508195 ], [ -117.841772775165353, 52.746270369353837 ], [ -117.841635554411525, 52.746432506404652 ], [ -117.841509736697191, 52.746881904280329 ], [ -117.841297163312646, 52.747006107297373 ], [ -117.840939537671645, 52.747121562087273 ], [ -117.840535436071832, 52.747187058888215 ], [ -117.840118730283123, 52.747182325659097 ], [ -117.839923462252855, 52.747137603433657 ], [ -117.839666521883828, 52.746963362564003 ], [ -117.839108878465268, 52.746926663722007 ], [ -117.838636664773205, 52.746974074171334 ], [ -117.838394558183282, 52.747146349013271 ], [ -117.838238768117108, 52.747170517655682 ], [ -117.838110588946009, 52.747115119369539 ], [ -117.837931892618329, 52.746738069096949 ], [ -117.837301214565926, 52.746635057307252 ], [ -117.837183078957992, 52.746544206985284 ], [ -117.837128879104512, 52.745588351983329 ], [ -117.837038527402498, 52.745383403151436 ], [ -117.836831515503192, 52.745366291435779 ], [ -117.836592414153642, 52.745536342087604 ], [ -117.836313534212039, 52.745595451428706 ], [ -117.835630247365302, 52.745599086510829 ], [ -117.835400110831188, 52.745519442345262 ], [ -117.835370834988382, 52.745207220048549 ], [ -117.835736253809728, 52.744933404009814 ], [ -117.835816458992028, 52.74439036596138 ], [ -117.836117927496446, 52.744195641158861 ], [ -117.836188836660895, 52.7440778084922 ], [ -117.836231726667691, 52.742967058225886 ], [ -117.836425179924348, 52.742777959425332 ], [ -117.836973871425428, 52.742570436004513 ], [ -117.837051977908089, 52.742454629213903 ], [ -117.837069398083585, 52.740600529294966 ], [ -117.837185189984112, 52.740509227913563 ], [ -117.837701233565753, 52.740441981954497 ], [ -117.837853799633763, 52.740372486486379 ], [ -117.837965218153727, 52.739478812754243 ], [ -117.838117332038721, 52.739409079796431 ], [ -117.838681935594707, 52.739317568683276 ], [ -117.838760367042028, 52.739204342275855 ], [ -117.838842879281771, 52.738664950761624 ], [ -117.839430557832131, 52.738418933106928 ], [ -117.839626336060704, 52.738183441986564 ], [ -117.839591945702139, 52.73804290969418 ], [ -117.839425352873619, 52.737902457801006 ], [ -117.838605199189161, 52.737640233838277 ], [ -117.838156993404382, 52.737267320178631 ], [ -117.837997629874934, 52.737271341672496 ], [ -117.837921779210859, 52.737321402345671 ], [ -117.837767296871249, 52.737708251651298 ], [ -117.837672926088516, 52.737738173260546 ], [ -117.837524468205231, 52.737713321591691 ], [ -117.837372439929268, 52.737302744919731 ], [ -117.837174106026509, 52.737110936442534 ], [ -117.836933464557418, 52.737011438199367 ], [ -117.836283089587042, 52.736946113804947 ], [ -117.836124604376721, 52.736877477128054 ], [ -117.836045167154282, 52.736592648878997 ], [ -117.836108389196383, 52.736251326186661 ], [ -117.836262057662537, 52.736178996317761 ], [ -117.836496115756404, 52.736155015429972 ], [ -117.837831131774621, 52.736171896603111 ], [ -117.838545895802227, 52.736382179901156 ], [ -117.838869391830912, 52.736687421477612 ], [ -117.839258769023743, 52.736844202972293 ], [ -117.839720932583319, 52.736934360277942 ], [ -117.840174102472886, 52.736866909685681 ], [ -117.84083956844708, 52.736467717624322 ], [ -117.841210102859208, 52.736083752212714 ], [ -117.841359814229435, 52.735798232834412 ], [ -117.841415683389243, 52.735109111512358 ], [ -117.841660295128165, 52.734889464468957 ], [ -117.842188646061572, 52.734678747811977 ], [ -117.842277939902786, 52.733964339447581 ], [ -117.842567450203774, 52.73356272695009 ], [ -117.842864605048263, 52.733435265273705 ], [ -117.843815887826139, 52.733395360587174 ], [ -117.84410544515471, 52.733325677105704 ], [ -117.845011163506655, 52.732792550143678 ], [ -117.845285130046037, 52.732528397400721 ], [ -117.845233400295271, 52.732378334510301 ], [ -117.845048510979126, 52.732332589505013 ], [ -117.843450538989316, 52.732332542892841 ], [ -117.843142275706953, 52.732246155832456 ], [ -117.843069232497044, 52.731849557130666 ], [ -117.843162059992068, 52.731588050108655 ], [ -117.843371089048802, 52.73156643528057 ], [ -117.843616824324144, 52.731731992660677 ], [ -117.843816313061481, 52.731779368672747 ], [ -117.844330010625868, 52.731796540999284 ], [ -117.844746481780021, 52.731758296258633 ], [ -117.844925800402294, 52.731677616709703 ], [ -117.84509657834252, 52.731515091807822 ], [ -117.845269853175637, 52.731147548427735 ], [ -117.845147877821177, 52.731014502118754 ], [ -117.844515560574578, 52.730911780257827 ], [ -117.844357223730469, 52.730572256554467 ], [ -117.844240773135411, 52.730481153523115 ], [ -117.843159723802927, 52.730425267859474 ], [ -117.842789253179788, 52.730280519203369 ], [ -117.842608560984942, 52.730022989496341 ], [ -117.842605751104827, 52.72921371585182 ], [ -117.842720831114633, 52.72904064090929 ], [ -117.842988143115576, 52.728892083681103 ], [ -117.843899565949826, 52.72877917905506 ], [ -117.844230429340314, 52.728610893213855 ], [ -117.84431702709557, 52.728453551980337 ], [ -117.844253296685565, 52.728346876302517 ], [ -117.843559898397203, 52.728226464678819 ], [ -117.843509245185501, 52.728165446422651 ], [ -117.843545163521952, 52.728059427519668 ], [ -117.843785106672144, 52.727958930135756 ], [ -117.844517762532746, 52.727786381702536 ], [ -117.844770774946653, 52.72766690420282 ], [ -117.845193732617531, 52.727054823856832 ], [ -117.845591559743468, 52.726832361694079 ], [ -117.845665776028326, 52.7262272230492 ], [ -117.845821387405749, 52.726018446759298 ], [ -117.846185235810751, 52.725868096184051 ], [ -117.847018937018419, 52.725770203010576 ], [ -117.847323828947026, 52.725585466288351 ], [ -117.847371145027381, 52.725422249819601 ], [ -117.847204250384422, 52.725319307165108 ], [ -117.846229046298774, 52.725261416883733 ], [ -117.84584806127252, 52.72506004419143 ], [ -117.84457872942302, 52.725030188529551 ], [ -117.844383913404187, 52.724987716625122 ], [ -117.844062383144859, 52.72480651180252 ], [ -117.842997759527464, 52.724736239999586 ], [ -117.842753751231129, 52.724565882588927 ], [ -117.842528797701888, 52.724248417664285 ], [ -117.84246705340091, 52.723543640694146 ], [ -117.842505561639427, 52.723298259982357 ], [ -117.842620745697104, 52.723206417834803 ], [ -117.843602349041419, 52.723143560867349 ], [ -117.843862066680032, 52.723003568780115 ], [ -117.844601319476283, 52.721364254436352 ], [ -117.84468531025324, 52.720587885510682 ], [ -117.844801460843826, 52.720495844571388 ], [ -117.845441222647139, 52.720385479899328 ], [ -117.84553227179488, 52.720226516462667 ], [ -117.845505262717751, 52.720042005505498 ], [ -117.845386642180245, 52.719948385954503 ], [ -117.844996757483941, 52.719907326597635 ], [ -117.844375697204327, 52.719927572220477 ], [ -117.844089167386244, 52.720002202406825 ], [ -117.843792138508434, 52.720255907326553 ], [ -117.843745773027251, 52.720834978517075 ], [ -117.843632030752872, 52.720985519329417 ], [ -117.841171863727354, 52.721491591160941 ], [ -117.840709413233981, 52.721625190579047 ], [ -117.840346612674992, 52.721821525088636 ], [ -117.840092140894711, 52.722170670582642 ], [ -117.839571526669005, 52.72251353075557 ], [ -117.839322036380338, 52.722611326934079 ], [ -117.838572809125068, 52.722726619661401 ], [ -117.838411302502763, 52.723111616883877 ], [ -117.838262950149897, 52.723184470339845 ], [ -117.837691913198881, 52.723198825518914 ], [ -117.837144536599908, 52.723081414535308 ], [ -117.836582373008071, 52.722869494216297 ], [ -117.835194813675983, 52.722100971606544 ], [ -117.834447104846987, 52.721901368402477 ], [ -117.833744768115864, 52.721878040651553 ], [ -117.833056038382495, 52.721926605440906 ], [ -117.832070940350391, 52.722195805105457 ], [ -117.829921967476352, 52.722657723393617 ], [ -117.829679768736128, 52.722767610637732 ], [ -117.829546022360731, 52.723137840984378 ], [ -117.829371429997977, 52.723249491897924 ], [ -117.82907193129887, 52.723266203169082 ], [ -117.828810743429571, 52.72321006242904 ], [ -117.828629830194231, 52.722820541440996 ], [ -117.828449678875529, 52.722764027783391 ], [ -117.828325155980977, 52.722821599626535 ], [ -117.828226811017743, 52.723136686588298 ], [ -117.828114042935681, 52.72323324933074 ], [ -117.827735262510316, 52.723279897761152 ], [ -117.826746388459242, 52.723290300928277 ], [ -117.826326476052316, 52.723275694879568 ], [ -117.826141135507612, 52.72322634694536 ], [ -117.825990149701269, 52.72288216367042 ], [ -117.825873134918609, 52.722790237920222 ], [ -117.824899960242064, 52.722731301313374 ], [ -117.824732694629162, 52.722629150534999 ], [ -117.824780826025545, 52.722466549868088 ], [ -117.825025813402206, 52.722306865653081 ], [ -117.825922032658525, 52.722149286961702 ], [ -117.826010822348778, 52.721988301197271 ], [ -117.826011316374363, 52.72140041186217 ], [ -117.826071497867218, 52.72122026088401 ], [ -117.82622648064347, 52.721149195711135 ], [ -117.826742419710968, 52.721081992575137 ], [ -117.826835077811822, 52.721005171759487 ], [ -117.826740244110965, 52.720897449732256 ], [ -117.826109246534543, 52.720797807205408 ], [ -117.825918098299482, 52.720338000470321 ], [ -117.825641712111647, 52.720136098181698 ], [ -117.825357708268911, 52.720066383326717 ], [ -117.824921839888944, 52.720052577222809 ], [ -117.822945567035291, 52.720068483166784 ], [ -117.822507508667471, 52.720136441177345 ], [ -117.822419039156827, 52.720345410725464 ], [ -117.822517198815845, 52.720552550875823 ], [ -117.822790618039832, 52.72060690687961 ], [ -117.824010721084065, 52.720624621631146 ], [ -117.824168462059674, 52.720693736965742 ], [ -117.82423692598023, 52.720875085379276 ], [ -117.824234528830317, 52.721189918277283 ], [ -117.824140984025689, 52.721353394425719 ], [ -117.823950737791478, 52.721403691933041 ], [ -117.823119417049895, 52.721452010430603 ], [ -117.822685982696399, 52.721666508725114 ], [ -117.822355019489947, 52.7216167393563 ], [ -117.82193834330964, 52.721341372250279 ], [ -117.821621568305346, 52.720927361384561 ], [ -117.821439495698115, 52.720404934139268 ], [ -117.821259195914351, 52.720372614648795 ], [ -117.821055192412942, 52.720408891179218 ], [ -117.82075669185113, 52.720594312771482 ], [ -117.820727199341192, 52.720798917519652 ], [ -117.821422125809619, 52.721107390287564 ], [ -117.821529807821307, 52.721230966147033 ], [ -117.821573840764657, 52.721434119720975 ], [ -117.821483556308152, 52.721648539325557 ], [ -117.821050037749544, 52.721710052888319 ], [ -117.820718100016421, 52.721674806643279 ], [ -117.820523558872011, 52.721605622715742 ], [ -117.819708843572201, 52.721083103625084 ], [ -117.819363002327734, 52.720630265262947 ], [ -117.819334969738364, 52.720003131767015 ], [ -117.81940790929373, 52.719884787870605 ], [ -117.819688403767714, 52.719727950817315 ], [ -117.819770966485507, 52.719180911668985 ], [ -117.819882934623593, 52.719052178190054 ], [ -117.82003942038989, 52.719052979974542 ], [ -117.820117448171629, 52.719101755742066 ], [ -117.820236547980016, 52.719420328197842 ], [ -117.820357009304914, 52.719516890756466 ], [ -117.820803388658433, 52.719543566592165 ], [ -117.820990643194023, 52.719493864757489 ], [ -117.82105299587343, 52.719423073308498 ], [ -117.821046608385672, 52.719147242928621 ], [ -117.820691163209787, 52.718918730834957 ], [ -117.820636743987635, 52.718638864272357 ], [ -117.820688361909205, 52.718491941167954 ], [ -117.821028492016382, 52.718083989862869 ], [ -117.821070916632451, 52.716852157515618 ], [ -117.821280289671691, 52.716530543748462 ], [ -117.821563076887571, 52.716297452650835 ], [ -117.822793692521685, 52.715887794672376 ], [ -117.823335577000108, 52.715766061109875 ], [ -117.823908347927983, 52.715774769342993 ], [ -117.824280560027034, 52.715979191652551 ], [ -117.82461098023991, 52.715957931565661 ], [ -117.82499142027973, 52.715742139957442 ], [ -117.825608543719724, 52.71518822544185 ], [ -117.826485904294898, 52.714772889820672 ], [ -117.826856114041291, 52.714641575381243 ], [ -117.827512215278034, 52.71449265810692 ], [ -117.828947675973495, 52.714271142772006 ], [ -117.831265240134087, 52.713221222120033 ], [ -117.831932178081857, 52.712730701976653 ], [ -117.833035960405326, 52.712238218527936 ], [ -117.834231679058234, 52.711417549704571 ], [ -117.834909672223375, 52.711073605031054 ], [ -117.834883982140795, 52.710927600891559 ], [ -117.834374000815103, 52.710391678358995 ], [ -117.834305855779149, 52.71020490793537 ], [ -117.834364930854576, 52.710095511862221 ], [ -117.834697843884967, 52.709983156894005 ], [ -117.835532818438111, 52.709812709729647 ], [ -117.836650754614624, 52.70968837210313 ], [ -117.836922372126111, 52.709615344062868 ], [ -117.837032405083548, 52.709454125089678 ], [ -117.837218632373322, 52.708580155212545 ], [ -117.8374797986896, 52.70831649469114 ], [ -117.837872830811321, 52.708041677539001 ], [ -117.838611780595343, 52.707748572553008 ], [ -117.839168943448257, 52.707596573707157 ], [ -117.84078577623508, 52.707388580659781 ], [ -117.842104429625181, 52.70731801008197 ], [ -117.842363727652213, 52.707263280146215 ], [ -117.842428662293699, 52.707122831889691 ], [ -117.842247147110072, 52.706115572026356 ], [ -117.842360301277367, 52.705918359865578 ], [ -117.842901541379462, 52.705831779147957 ], [ -117.843514929002751, 52.705855920095082 ], [ -117.844282312865545, 52.705983902459707 ], [ -117.845433934792538, 52.70634469534258 ], [ -117.84562652863687, 52.706355191429218 ], [ -117.845725111527031, 52.70631233610758 ], [ -117.846375904609175, 52.705598644859279 ], [ -117.847390588815585, 52.705030250335753 ], [ -117.847574382836285, 52.704810371753588 ], [ -117.847682288843387, 52.704186383225071 ], [ -117.847443352102658, 52.703230792491361 ], [ -117.847340396079929, 52.702265660488806 ], [ -117.847092840935986, 52.701809849259675 ], [ -117.846879811023555, 52.701612359031706 ], [ -117.846495557570449, 52.701556392224752 ], [ -117.845829579212534, 52.701586001164564 ], [ -117.845679351409046, 52.701658114545765 ], [ -117.845565970593256, 52.701975397008212 ], [ -117.845450846006187, 52.702102349287351 ], [ -117.844710902818335, 52.702469404725903 ], [ -117.843472383696891, 52.702852114314666 ], [ -117.842011927047835, 52.70316208946268 ], [ -117.841002442104141, 52.703549926764502 ], [ -117.840709927345955, 52.703595711147898 ], [ -117.840454744667625, 52.703575666312858 ], [ -117.840344551632001, 52.703488037316951 ], [ -117.840306864129644, 52.703345605764738 ], [ -117.840317050936079, 52.702641721242159 ], [ -117.840370528097679, 52.702507591609958 ], [ -117.840645653149025, 52.702356841522857 ], [ -117.840679269833231, 52.702261510102531 ], [ -117.840581385770776, 52.702184531945981 ], [ -117.840000517652342, 52.702111820834723 ], [ -117.839919440578512, 52.702066266931446 ], [ -117.839916103609951, 52.701972350594978 ], [ -117.840054166108857, 52.701911482048779 ], [ -117.840621625833705, 52.701817345185567 ], [ -117.840841086454617, 52.701155875910267 ], [ -117.841494644973054, 52.700996020146405 ], [ -117.841639438262817, 52.700655984825289 ], [ -117.841753833535989, 52.700563395820225 ], [ -117.8423850880543, 52.700486438958379 ], [ -117.842650650626084, 52.700396951768376 ], [ -117.842865905034955, 52.700226627482088 ], [ -117.842867901183567, 52.70006248571169 ], [ -117.842570935320637, 52.699977482015129 ], [ -117.841775534280004, 52.699988090071308 ], [ -117.840764078724476, 52.700221905529567 ], [ -117.84026279772587, 52.70026103277258 ], [ -117.839966684250427, 52.700229285082187 ], [ -117.839592510580417, 52.700023015686945 ], [ -117.837943644730316, 52.700008812223103 ], [ -117.837727909937499, 52.699978138276791 ], [ -117.837609784530557, 52.699886274627765 ], [ -117.837562374459097, 52.699586708350751 ], [ -117.837610547586323, 52.699271294286007 ], [ -117.838193643869886, 52.698704036414085 ], [ -117.838422788457208, 52.698331025850244 ], [ -117.83843060820108, 52.695812467570612 ], [ -117.838607952611198, 52.695704324949695 ], [ -117.838989711987281, 52.695697208997274 ], [ -117.839187943052181, 52.695743546920333 ], [ -117.839387346856654, 52.695894629525455 ], [ -117.839603044176002, 52.695908968848862 ], [ -117.839730901783071, 52.69573205090721 ], [ -117.839711524854877, 52.695313952378839 ], [ -117.839573707874649, 52.695174726226014 ], [ -117.839130970702712, 52.695153365139518 ], [ -117.838937876113548, 52.695199974330599 ], [ -117.838619665367744, 52.695393236207543 ], [ -117.836896782686026, 52.695450372666258 ], [ -117.836701111636529, 52.695498553944383 ], [ -117.836512956944148, 52.695648834753968 ], [ -117.836353730485499, 52.695673348253159 ], [ -117.836255487597981, 52.695646452094586 ], [ -117.836180189140705, 52.695537182915963 ], [ -117.836175484997298, 52.695076148462007 ], [ -117.836312191175807, 52.694937778797602 ], [ -117.836897373707586, 52.694849560558026 ], [ -117.837011675859415, 52.694757432732409 ], [ -117.83700201261756, 52.694484467857947 ], [ -117.836659149903483, 52.694264808377099 ], [ -117.836686875082648, 52.694138994158422 ], [ -117.836942678953235, 52.694089047795032 ], [ -117.838082681892772, 52.694067019253765 ], [ -117.838307090470721, 52.693986583156928 ], [ -117.838380266040815, 52.69299565161127 ], [ -117.838717759891679, 52.692558337562062 ], [ -117.839049867308134, 52.692456997421644 ], [ -117.840194014458547, 52.692438535526477 ], [ -117.840458004938611, 52.69238192025044 ], [ -117.840534822116851, 52.692266966702661 ], [ -117.840594651740901, 52.691760623138229 ], [ -117.840891638362805, 52.691565903866149 ], [ -117.840928384709059, 52.691469198147757 ], [ -117.840882419332274, 52.691411024196718 ], [ -117.840702115715075, 52.691369766582071 ], [ -117.839412637355821, 52.691338662624467 ], [ -117.839098402954974, 52.691158173934028 ], [ -117.838942799958346, 52.691137150922351 ], [ -117.838818258213919, 52.691195386240075 ], [ -117.838699193106322, 52.691548187546957 ], [ -117.838550122245735, 52.691621990508757 ], [ -117.83761278869919, 52.691658184659907 ], [ -117.836917727638209, 52.691619678206486 ], [ -117.836320568157987, 52.691454773173604 ], [ -117.835611122159449, 52.691169981158907 ], [ -117.834590889069389, 52.691123324793679 ], [ -117.83440216972518, 52.69107754835774 ], [ -117.834299813396868, 52.690868380657434 ], [ -117.834284233177172, 52.690164206338082 ], [ -117.834310011487133, 52.68990059173278 ], [ -117.834420323567613, 52.689724386519075 ], [ -117.835229016162401, 52.688942985153467 ], [ -117.836032848939766, 52.688420286033221 ], [ -117.836586023176835, 52.688178052968453 ], [ -117.837448465339108, 52.688141767745186 ], [ -117.837712220865512, 52.688086778893435 ], [ -117.83778861167832, 52.687972618092004 ], [ -117.837814019572221, 52.687390199758426 ], [ -117.837906940084451, 52.687195319889589 ], [ -117.838477686716573, 52.686693886047955 ], [ -117.839045103780066, 52.686422302840079 ], [ -117.839148031255789, 52.685836055009439 ], [ -117.839445204039876, 52.685643097253319 ], [ -117.839465875412913, 52.68551589761492 ], [ -117.839253700025992, 52.685449389477256 ], [ -117.838354424678116, 52.685400963595633 ], [ -117.837995442976819, 52.685076301905269 ], [ -117.837648780276737, 52.684935608093149 ], [ -117.837455579135693, 52.684947067188297 ], [ -117.837372298884318, 52.684997938465195 ], [ -117.837270687944553, 52.68531225822894 ], [ -117.837158551442215, 52.68540716571168 ], [ -117.836278132424951, 52.685510961153518 ], [ -117.835668974522505, 52.685727895750659 ], [ -117.835561901933474, 52.685901658342601 ], [ -117.835532374324913, 52.686373729225636 ], [ -117.835405924913218, 52.686514147007635 ], [ -117.835036266317061, 52.686548004972323 ], [ -117.834733694355961, 52.686498919165075 ], [ -117.834217584101495, 52.686089291588694 ], [ -117.833937243104387, 52.686017812085559 ], [ -117.833255552650115, 52.686046590248658 ], [ -117.832619622009886, 52.686252759743113 ], [ -117.832494081400554, 52.6863617781922 ], [ -117.832450239786994, 52.686507813508392 ], [ -117.832453841739223, 52.687475120933946 ], [ -117.832374835893404, 52.687590871833031 ], [ -117.832258749005888, 52.687631112077305 ], [ -117.831504311835715, 52.687654621212701 ], [ -117.831195646781509, 52.687566861572201 ], [ -117.831126818351422, 52.687332898123785 ], [ -117.83112015917699, 52.686563682788289 ], [ -117.831020376373033, 52.686353609906639 ], [ -117.83069990171721, 52.686337831597093 ], [ -117.830303959482734, 52.686539275830405 ], [ -117.829859699068109, 52.687076813809085 ], [ -117.829752911003382, 52.687856953564754 ], [ -117.829003909172087, 52.688276108144677 ], [ -117.829010702071727, 52.68838936104094 ], [ -117.829280642659754, 52.688530305561429 ], [ -117.829309802320381, 52.68865684803761 ], [ -117.829173404200262, 52.688717396624405 ], [ -117.828464149068637, 52.688808237326448 ], [ -117.828240044479784, 52.688922058953501 ], [ -117.828096586526442, 52.689079819090217 ], [ -117.82807389465448, 52.690317984630461 ], [ -117.828183210114815, 52.69066321938989 ], [ -117.828545136153949, 52.690895264724695 ], [ -117.829439479427691, 52.691224269262257 ], [ -117.830080214878691, 52.691547639778854 ], [ -117.830359284776932, 52.691628471572251 ], [ -117.83065161781272, 52.691644591020086 ], [ -117.830860453398742, 52.691587714387765 ], [ -117.831019841836351, 52.691445276355992 ], [ -117.831586175501741, 52.68990443468094 ], [ -117.832004115888665, 52.689364112444878 ], [ -117.832179390791339, 52.689287768599719 ], [ -117.832414303345431, 52.689270851535262 ], [ -117.83302511532554, 52.689403888521888 ], [ -117.833318303091858, 52.689550720591853 ], [ -117.833419205505919, 52.689845362400369 ], [ -117.833353352830102, 52.690238241759026 ], [ -117.832817429487548, 52.690450329623857 ], [ -117.832570515245038, 52.690670222769029 ], [ -117.832552901808512, 52.691688777798355 ], [ -117.832496491431854, 52.691867571366643 ], [ -117.832344669835891, 52.691937016311613 ], [ -117.831366920203223, 52.692054654179586 ], [ -117.831016591329941, 52.692171825148186 ], [ -117.830831319625233, 52.6923078484689 ], [ -117.830779044714347, 52.692611140508262 ], [ -117.830826002208994, 52.694129216349651 ], [ -117.830731987645109, 52.694422582566084 ], [ -117.830297526594649, 52.694675037363268 ], [ -117.828981676150036, 52.694972800311916 ], [ -117.828357494545912, 52.695189220923517 ], [ -117.828213193121869, 52.695343548045571 ], [ -117.828126780700316, 52.695687062414279 ], [ -117.828003490833666, 52.695795279484337 ], [ -117.82664851920957, 52.69624937769413 ], [ -117.826361635565902, 52.696412960906116 ], [ -117.82602814743494, 52.696812841534225 ], [ -117.82562590363834, 52.697513016150801 ], [ -117.825356774280394, 52.697657937599544 ], [ -117.824829316747937, 52.697643519775546 ], [ -117.82444777106933, 52.697436926394339 ], [ -117.823383310467577, 52.69736346414939 ], [ -117.823183155724635, 52.697232758276833 ], [ -117.823000717144708, 52.697013353961289 ], [ -117.822772303677652, 52.696397285551441 ], [ -117.82258466888112, 52.696350378966528 ], [ -117.82175823266229, 52.696314387763699 ], [ -117.821317755895379, 52.696105922038207 ], [ -117.820988719556624, 52.696160026505048 ], [ -117.820581160442572, 52.696439687562226 ], [ -117.820238906382869, 52.696951596590374 ], [ -117.820225465956838, 52.69920634781834 ], [ -117.820113969300522, 52.699295184586248 ], [ -117.819914816436906, 52.699306359789638 ], [ -117.819561469375586, 52.699165566348022 ], [ -117.819394542553312, 52.698954735449583 ], [ -117.81928232437231, 52.698269281502597 ], [ -117.819057254954672, 52.698098533892299 ], [ -117.818515027455035, 52.69789391166762 ], [ -117.818436934235578, 52.697504355693923 ], [ -117.818531254483531, 52.697213795519865 ], [ -117.819143924339443, 52.696935574545876 ], [ -117.81929606376454, 52.696783938179408 ], [ -117.819308803553923, 52.695237639534206 ], [ -117.81939015677122, 52.695072916561358 ], [ -117.819690510291338, 52.694879243107302 ], [ -117.819789699474939, 52.694219663469994 ], [ -117.820117934789067, 52.693974750011499 ], [ -117.8209575983783, 52.693621952304305 ], [ -117.821034303205707, 52.693435457648484 ], [ -117.82103106696043, 52.69279307102591 ], [ -117.821116295589206, 52.692631331759486 ], [ -117.821379451856117, 52.692575273359353 ], [ -117.822518487425256, 52.692526141524979 ], [ -117.823355791408247, 52.692359923839668 ], [ -117.823784975470573, 52.692211453857219 ], [ -117.824049984528827, 52.691997108584907 ], [ -117.824216433411394, 52.691538296183516 ], [ -117.824941171514809, 52.691415313648939 ], [ -117.825178899429275, 52.691242992272393 ], [ -117.825368454532892, 52.690971346057268 ], [ -117.825452066215306, 52.690500844995718 ], [ -117.825566617704169, 52.690328951134113 ], [ -117.826241560308034, 52.690020482495271 ], [ -117.826299134664737, 52.68984043947885 ], [ -117.826320302960227, 52.688894805579721 ], [ -117.826654560220405, 52.688665943543384 ], [ -117.826760178198583, 52.688080704932482 ], [ -117.827089944933377, 52.687826482089115 ], [ -117.826988499291289, 52.687715806984166 ], [ -117.826356123368868, 52.687621699770787 ], [ -117.826319648248671, 52.687500048175643 ], [ -117.826531613500848, 52.687429317444838 ], [ -117.82722007967584, 52.687401291607621 ], [ -117.827478861560124, 52.687351114741595 ], [ -117.827507848276014, 52.687225526113991 ], [ -117.827185230935584, 52.687010415864705 ], [ -117.827201155807813, 52.686882296304809 ], [ -117.827306218138304, 52.686775813480295 ], [ -117.827669303789733, 52.686625399505445 ], [ -117.828504036591994, 52.686528157494088 ], [ -117.82872767607077, 52.68641368151556 ], [ -117.828860657044601, 52.686257617170966 ], [ -117.828833619204985, 52.686067650787905 ], [ -117.828666257693087, 52.685921257192078 ], [ -117.827726509152896, 52.685547566923013 ], [ -117.8275956464079, 52.685412944703693 ], [ -117.827635078980862, 52.685307479605882 ], [ -117.827932663717661, 52.685114065772119 ], [ -117.828037092741951, 52.684530409520498 ], [ -117.828466326216002, 52.684320778662027 ], [ -117.828768640050541, 52.683981766750122 ], [ -117.828851764938165, 52.683676138102946 ], [ -117.828782637389892, 52.683311344627604 ], [ -117.828109914950346, 52.682489662099705 ], [ -117.827785661371607, 52.682191412744487 ], [ -117.827273385171353, 52.681991194065354 ], [ -117.826513555440016, 52.68183246622889 ], [ -117.826012623874661, 52.681795840123975 ], [ -117.825534753623401, 52.681825269669815 ], [ -117.825255491510802, 52.681915916264799 ], [ -117.82454912293737, 52.682282229677682 ], [ -117.824028915778129, 52.682447925339638 ], [ -117.823502088507738, 52.68252897294483 ], [ -117.823203537610368, 52.682428075401916 ], [ -117.823091997169215, 52.682318030099054 ], [ -117.823041454708289, 52.68213092590937 ], [ -117.823019536071968, 52.68054670727799 ], [ -117.823245914762978, 52.679623045761112 ], [ -117.823134789462912, 52.679385214137028 ], [ -117.822868993352174, 52.679168478988913 ], [ -117.822692297268162, 52.679155824871842 ], [ -117.822491189159592, 52.679205107984522 ], [ -117.82150093428659, 52.679613953160526 ], [ -117.82112619422243, 52.679830405057295 ], [ -117.820512711174075, 52.680313172284215 ], [ -117.820260638793229, 52.680418409334351 ], [ -117.818115641202979, 52.680463418083811 ], [ -117.817827839011727, 52.680428648052178 ], [ -117.817712154102892, 52.680336924457585 ], [ -117.817678180097516, 52.67954958785063 ], [ -117.817748259220267, 52.679412313362022 ], [ -117.817900960452974, 52.679317360768529 ], [ -117.818478492274025, 52.679146204130234 ], [ -117.819396731214866, 52.679051643316598 ], [ -117.819984463959997, 52.678742799867528 ], [ -117.823277061420796, 52.677724775580877 ], [ -117.823903748974743, 52.677411656075897 ], [ -117.824136321095224, 52.677218548294135 ], [ -117.824214382675436, 52.676985659528064 ], [ -117.824161545899202, 52.676419699172172 ], [ -117.824015722144168, 52.676169784253297 ], [ -117.823482885767561, 52.676109715404813 ], [ -117.820467885330743, 52.6761454109391 ], [ -117.820221532283014, 52.676240126735678 ], [ -117.819781642744474, 52.676620179429946 ], [ -117.818990014179448, 52.67689304574192 ], [ -117.81876994262322, 52.676929169382255 ], [ -117.818538181201916, 52.676909323559755 ], [ -117.818358701339221, 52.676840346849673 ], [ -117.817956424079469, 52.676470417490812 ], [ -117.817766744538744, 52.676422894025052 ], [ -117.817462396992553, 52.676425022781018 ], [ -117.817274113265867, 52.676475186674296 ], [ -117.816986363951429, 52.676785552651147 ], [ -117.816646653900563, 52.676931146404129 ], [ -117.81639454206821, 52.67690847952975 ], [ -117.816085970261554, 52.676726577221594 ], [ -117.815365768023497, 52.676699435013255 ], [ -117.813465961144701, 52.676732990478861 ], [ -117.813271999763202, 52.676780976241147 ], [ -117.812988268601359, 52.676953828664296 ], [ -117.812807246744072, 52.676896657444729 ], [ -117.812698925494189, 52.676583511947591 ], [ -117.81258173070465, 52.676487909911621 ], [ -117.811854795585276, 52.676450447491654 ], [ -117.811509703733407, 52.676517781257225 ], [ -117.811370557984219, 52.676869119748119 ], [ -117.811258633053797, 52.676965673090663 ], [ -117.810879841852227, 52.677013151542283 ], [ -117.81027586049133, 52.67699611705595 ], [ -117.810069933643504, 52.676935772976549 ], [ -117.80984091992346, 52.676744276606321 ], [ -117.809679886693914, 52.676515407927631 ], [ -117.809651271644753, 52.676314733305922 ], [ -117.809858927811433, 52.676072980872924 ], [ -117.810409055701271, 52.675862561992695 ], [ -117.810437036568331, 52.675735259680891 ], [ -117.810297303110474, 52.675676597317214 ], [ -117.80991574240899, 52.675674894215781 ], [ -117.809718068820061, 52.675722611153759 ], [ -117.809526040111535, 52.675874670975084 ], [ -117.809316430532618, 52.67589136783581 ], [ -117.809216491656656, 52.675808035777116 ], [ -117.809112715723174, 52.675476040704545 ], [ -117.808861523329057, 52.675312311053645 ], [ -117.808345176500012, 52.67517207969378 ], [ -117.807482997511244, 52.67511395181711 ], [ -117.807219830230636, 52.675030249089794 ], [ -117.807028560301021, 52.674898011777223 ], [ -117.806948280086502, 52.674762451363883 ], [ -117.806915744079177, 52.674065371711485 ], [ -117.807011758230658, 52.673851549719373 ], [ -117.807554786402193, 52.673641898744542 ], [ -117.808022210865118, 52.673111193106983 ], [ -117.808394015745876, 52.672871587325396 ], [ -117.808699524831155, 52.672742315341537 ], [ -117.80978341400774, 52.672667968228588 ], [ -117.810094955020105, 52.672481042041824 ], [ -117.810363966791485, 52.672427822462097 ], [ -117.813100470354968, 52.672402418858795 ], [ -117.813451915872633, 52.672458384684738 ], [ -117.813684748556582, 52.672669941716528 ], [ -117.814146939554178, 52.672846873340454 ], [ -117.814540430099399, 52.672924353578459 ], [ -117.81506531884358, 52.672928789845614 ], [ -117.815371345697557, 52.672871037024947 ], [ -117.815587219719873, 52.67275227837618 ], [ -117.815723230892374, 52.672589901417531 ], [ -117.815824265698396, 52.672203366511212 ], [ -117.815972619732406, 52.672130831214226 ], [ -117.816202556798132, 52.672106425223348 ], [ -117.817090531936316, 52.672099936758407 ], [ -117.81750739681803, 52.672142907602556 ], [ -117.817838649913114, 52.672311630317715 ], [ -117.818084515475448, 52.67257893582741 ], [ -117.818353218676322, 52.672633273496928 ], [ -117.819918431190175, 52.672611176740148 ], [ -117.820111511797492, 52.672563626076411 ], [ -117.820359251270048, 52.672387522446847 ], [ -117.820645035287413, 52.672355358290858 ], [ -117.82093191501616, 52.672383419597331 ], [ -117.821185942770512, 52.672555537977395 ], [ -117.821380452238245, 52.672599785643385 ], [ -117.82320812797839, 52.672625371168017 ], [ -117.823536122713236, 52.672736916492674 ], [ -117.824211255353362, 52.673135488800646 ], [ -117.824512450532794, 52.673347547176732 ], [ -117.824758458239444, 52.673616024668561 ], [ -117.825112261103953, 52.673673694973004 ], [ -117.825908017891891, 52.673671454040111 ], [ -117.82628622387891, 52.673626689296242 ], [ -117.826396943368366, 52.673531449285164 ], [ -117.826498637710372, 52.673137454150641 ], [ -117.826765910728739, 52.672932232132489 ], [ -117.827046872468358, 52.672858804738851 ], [ -117.827817153821314, 52.67279279012547 ], [ -117.828727873591276, 52.672582442432656 ], [ -117.829080517742653, 52.6726399659835 ], [ -117.829586266537476, 52.673042665562569 ], [ -117.830061734884367, 52.673098168669597 ], [ -117.831907421049422, 52.673066597661176 ], [ -117.832100131437301, 52.673019263883383 ], [ -117.832347560541507, 52.672843362700171 ], [ -117.832633357973066, 52.672811283674378 ], [ -117.832920423134425, 52.672839512710731 ], [ -117.833297582889074, 52.673047515688523 ], [ -117.834405666387966, 52.673063436760813 ], [ -117.83470303176766, 52.673024569403118 ], [ -117.835072156582044, 52.672814500010752 ], [ -117.836280865476454, 52.672772226874969 ], [ -117.836541337062599, 52.672719424284224 ], [ -117.836586035960252, 52.672660000319198 ], [ -117.83653931784616, 52.672567758052466 ], [ -117.8362786431654, 52.672517932849253 ], [ -117.833617431837951, 52.672505126510302 ], [ -117.833306643048104, 52.672387510417842 ], [ -117.832965281608793, 52.672054479554447 ], [ -117.832774573926187, 52.672007178313116 ], [ -117.830919414788696, 52.6720136587779 ], [ -117.830535703238965, 52.671976532222146 ], [ -117.830421135333125, 52.671884885927248 ], [ -117.830408305491417, 52.671654772148202 ], [ -117.8304837249553, 52.671535770842532 ], [ -117.830733918475843, 52.671413027178808 ], [ -117.830774505474167, 52.671258263142477 ], [ -117.830592176808125, 52.671081188183138 ], [ -117.830084409779147, 52.670903730920045 ], [ -117.829968824826608, 52.67080960045309 ], [ -117.829910763168982, 52.67041980406038 ], [ -117.829953387574832, 52.670024943148029 ], [ -117.830327619442002, 52.669728942620615 ], [ -117.830451884416078, 52.669236971488957 ], [ -117.830574047933993, 52.669064737449894 ], [ -117.832151875783211, 52.668371774322075 ], [ -117.832650696351166, 52.668086027850968 ], [ -117.832920510428025, 52.667723854845697 ], [ -117.833072416379196, 52.667046777270954 ], [ -117.833335418710135, 52.666774621767118 ], [ -117.833581178458189, 52.666639711673788 ], [ -117.834338371062572, 52.666419627174974 ], [ -117.834819934705521, 52.666329607491221 ], [ -117.837110880496795, 52.666309930659231 ], [ -117.837296657080074, 52.666358532913712 ], [ -117.837358902839156, 52.666429439121949 ], [ -117.83747416761328, 52.667023029206455 ], [ -117.837628602596524, 52.667093254287231 ], [ -117.837854320163146, 52.667108793887742 ], [ -117.838135767331693, 52.667075834397394 ], [ -117.838224917996428, 52.6669933457977 ], [ -117.838182605064077, 52.666893517319487 ], [ -117.837913104259485, 52.666750560712849 ], [ -117.83791054507688, 52.666650193547618 ], [ -117.837985581084581, 52.666602199540613 ], [ -117.839256857794467, 52.666552697473826 ], [ -117.839562399262462, 52.666464487707302 ], [ -117.839578322358975, 52.666153752247567 ], [ -117.839261287189643, 52.665960295359213 ], [ -117.839184162400571, 52.665841530471255 ], [ -117.8390797710599, 52.665023225137425 ], [ -117.838927028728278, 52.664955005841463 ], [ -117.838548675418551, 52.664951493627363 ], [ -117.838354228778826, 52.664999915208746 ], [ -117.838031105097713, 52.665197852210802 ], [ -117.837727508350497, 52.665217723651111 ], [ -117.83746833412637, 52.665167118834844 ], [ -117.83738796800678, 52.665052308778499 ], [ -117.83734583880711, 52.664639518019349 ], [ -117.837256906097707, 52.664472527076889 ], [ -117.836473419959219, 52.664179187481267 ], [ -117.836066860135105, 52.663868344993297 ], [ -117.83599245616081, 52.66355789388561 ], [ -117.836032282121778, 52.663205800758966 ], [ -117.836391637418274, 52.66293709342289 ], [ -117.836441111753615, 52.662428171326418 ], [ -117.836544117361299, 52.662244904890535 ], [ -117.836855617365458, 52.662072608222424 ], [ -117.837599612622583, 52.661779543849079 ], [ -117.838183780550878, 52.661702978815462 ], [ -117.841271614052204, 52.661670747722106 ], [ -117.841542099666185, 52.661613038439583 ], [ -117.841635943636376, 52.661501266900963 ], [ -117.84172058661693, 52.660983396170003 ], [ -117.841680479103943, 52.660670576688688 ], [ -117.841518895196501, 52.660493287455466 ], [ -117.840880141264918, 52.660054150509502 ], [ -117.840762027988688, 52.659835300499715 ], [ -117.840839079912669, 52.659622765078723 ], [ -117.841462002282043, 52.659380059452587 ], [ -117.841647420347726, 52.659157776208502 ], [ -117.841589558644685, 52.659048155255256 ], [ -117.841202899121299, 52.658926344851508 ], [ -117.840931497168143, 52.658778041459541 ], [ -117.840841055565122, 52.658665097189989 ], [ -117.840855444278802, 52.658546872953188 ], [ -117.841000564050461, 52.658478789187072 ], [ -117.84158030526288, 52.658382898531627 ], [ -117.841663690938518, 52.658270149014051 ], [ -117.841664575608306, 52.658084476954429 ], [ -117.841583345354806, 52.657972798133365 ], [ -117.841465792118029, 52.657935071870007 ], [ -117.840715550902956, 52.657875530352676 ], [ -117.840104597361218, 52.657719513213316 ], [ -117.839717331075974, 52.657551500651444 ], [ -117.839497278502037, 52.657371509135935 ], [ -117.83942473728284, 52.657118518619065 ], [ -117.839383863741958, 52.655600617146945 ], [ -117.839465975211439, 52.655254951968516 ], [ -117.839969445469691, 52.655039778902974 ], [ -117.840630403330366, 52.654946027506206 ], [ -117.841768446630525, 52.65495789898268 ], [ -117.841964332251919, 52.655003672005428 ], [ -117.842153345525318, 52.655150594483516 ], [ -117.842308498323874, 52.655171926783375 ], [ -117.842432803738177, 52.655113920717227 ], [ -117.842527265171285, 52.654801386116077 ], [ -117.842639141391615, 52.654706068034223 ], [ -117.844172606284971, 52.654628533935956 ], [ -117.844539220846727, 52.654474339245269 ], [ -117.844673743091619, 52.654279718675831 ], [ -117.84461542513462, 52.654171287717865 ], [ -117.844351840806041, 52.654117503375247 ], [ -117.842024164693612, 52.65413326659877 ], [ -117.841788907785443, 52.654113224677701 ], [ -117.841632640371742, 52.654043579395996 ], [ -117.841572201905819, 52.653863580871203 ], [ -117.841605089838268, 52.653659754155662 ], [ -117.841855263326707, 52.653434833029799 ], [ -117.842203843429729, 52.653335003431842 ], [ -117.843149118771734, 52.653291945474948 ], [ -117.843292725324062, 52.65322525531014 ], [ -117.843306717019885, 52.653105920537762 ], [ -117.842453927106448, 52.652302276595108 ], [ -117.841440758891125, 52.651903667217319 ], [ -117.841194934648186, 52.651732611750333 ], [ -117.841114212641429, 52.651596481412859 ], [ -117.841071986070332, 52.651003365129348 ], [ -117.841139073347307, 52.650718850474803 ], [ -117.841368603121012, 52.650639135802727 ], [ -117.842273215478443, 52.650582469227501 ], [ -117.84236997088496, 52.650497400806003 ], [ -117.842332543353379, 52.650383645064515 ], [ -117.842118690576086, 52.650269602443572 ], [ -117.841671771721252, 52.650144132294848 ], [ -117.840806072237953, 52.650079596629425 ], [ -117.840516321358763, 52.65001175716791 ], [ -117.840202718847124, 52.649765703192912 ], [ -117.840192740004341, 52.649411177283746 ], [ -117.840295678678885, 52.649288333388789 ], [ -117.84086588808637, 52.64904300609011 ], [ -117.840979803612228, 52.648944717938235 ], [ -117.840946337485121, 52.648800426929505 ], [ -117.840694401576087, 52.648683178441317 ], [ -117.840614652812221, 52.648564970964138 ], [ -117.840619180199411, 52.648333371265302 ], [ -117.840794640752463, 52.648221976184608 ], [ -117.841381212216348, 52.648190284038655 ], [ -117.841890972357305, 52.648234247044257 ], [ -117.842178376073633, 52.648369057151278 ], [ -117.842460781708894, 52.648701054955964 ], [ -117.842682988162537, 52.648821143660896 ], [ -117.843273276869354, 52.648978460354321 ], [ -117.843889022008383, 52.648996061192207 ], [ -117.844381973806605, 52.648924142951245 ], [ -117.844910565473285, 52.648719945501504 ], [ -117.845017628969103, 52.648544681882946 ], [ -117.845060478596054, 52.64802839997774 ], [ -117.845155877795634, 52.647942706170888 ], [ -117.845364210014125, 52.647958579298553 ], [ -117.845596145741098, 52.648169337782214 ], [ -117.845849954858977, 52.648282198599617 ], [ -117.846453058067226, 52.648420496470798 ], [ -117.846664023564614, 52.648400817903948 ], [ -117.846752950716905, 52.64834838527527 ], [ -117.846786352776277, 52.647954068750138 ], [ -117.846451293086218, 52.647495619564026 ], [ -117.84629336016998, 52.647404208465538 ], [ -117.846069994375128, 52.64737167998495 ], [ -117.845753846240612, 52.647408638848738 ], [ -117.845318699263714, 52.647547923166627 ], [ -117.844864971193161, 52.647867636678093 ], [ -117.844658066364019, 52.647849524706707 ], [ -117.844581042310381, 52.647695759669922 ], [ -117.844607435665125, 52.647507644998441 ], [ -117.844909886800721, 52.647311540621331 ], [ -117.844931098925414, 52.647183941286158 ], [ -117.84479152971231, 52.647125026569178 ], [ -117.844224381255316, 52.647041189583497 ], [ -117.844140453081394, 52.646928260817973 ], [ -117.844036712270409, 52.646389128389941 ], [ -117.843497241207828, 52.646180977452417 ], [ -117.843266335175187, 52.646008144936054 ], [ -117.8431968981712, 52.645710608005899 ], [ -117.843336656174998, 52.645526156485595 ], [ -117.844767912638531, 52.645461399595362 ], [ -117.844921957920093, 52.645391087973941 ], [ -117.844975685428409, 52.645260629539884 ], [ -117.844970658027819, 52.644889739831214 ], [ -117.844895295042818, 52.64468925281917 ], [ -117.844666271635063, 52.64451779993248 ], [ -117.844129234033019, 52.644312503086603 ], [ -117.84400785419983, 52.643654855942216 ], [ -117.843863170818139, 52.643495102963918 ], [ -117.843646789175224, 52.643384438704174 ], [ -117.843316307965864, 52.643367511012492 ], [ -117.84292336258855, 52.64366134062594 ], [ -117.842190871024272, 52.643869057995914 ], [ -117.841492188660709, 52.643872152273595 ], [ -117.8404908872281, 52.643647621242273 ], [ -117.839964787711097, 52.643618777266909 ], [ -117.839266881660038, 52.643650855949488 ], [ -117.838857672411251, 52.643840759685176 ], [ -117.838742307966228, 52.644016524155724 ], [ -117.83872841370659, 52.644227473520615 ], [ -117.838796873819561, 52.644428927605126 ], [ -117.838918884919693, 52.644539461370869 ], [ -117.839292512256236, 52.64468520535506 ], [ -117.840381098865279, 52.644737474453635 ], [ -117.840498716480667, 52.644828197462985 ], [ -117.840536993162829, 52.644968989446035 ], [ -117.840547439898643, 52.645786443645726 ], [ -117.840461338093135, 52.645992377701944 ], [ -117.840252431289528, 52.646011921917371 ], [ -117.840001425182763, 52.645844929748094 ], [ -117.839801167836399, 52.645799644336797 ], [ -117.839419096672572, 52.645806371029892 ], [ -117.839281211711082, 52.6458668451424 ], [ -117.839313026045517, 52.645993527869173 ], [ -117.839753609156432, 52.646136823227515 ], [ -117.840009387676091, 52.646299120471589 ], [ -117.840136351186544, 52.646701114282635 ], [ -117.840113518686849, 52.64702418985037 ], [ -117.83999785057226, 52.647200424317418 ], [ -117.839667169671202, 52.647371465289162 ], [ -117.839339599990268, 52.64739750529381 ], [ -117.838796013899355, 52.647286608336863 ], [ -117.838435415605488, 52.647117620757228 ], [ -117.838352394158093, 52.646929565441056 ], [ -117.838294655462846, 52.646121131298159 ], [ -117.838147052119169, 52.645961814599247 ], [ -117.837857065455793, 52.645832300731094 ], [ -117.837619620409328, 52.64581509911573 ], [ -117.8373994276144, 52.64585601484368 ], [ -117.837075296441498, 52.646080408093205 ], [ -117.837076306294321, 52.646249231419226 ], [ -117.837397568198881, 52.646470182757355 ], [ -117.837278444806628, 52.646650911459787 ], [ -117.836643313421249, 52.64685655095608 ], [ -117.836410721330111, 52.646874819619313 ], [ -117.836222153617129, 52.646835852786808 ], [ -117.836116699424906, 52.646624695330587 ], [ -117.836135555440322, 52.646262488942824 ], [ -117.836211435548677, 52.646142298278498 ], [ -117.836499275201689, 52.645985125901049 ], [ -117.836552697512516, 52.645698874390199 ], [ -117.83640247977425, 52.645351589037659 ], [ -117.836053939568615, 52.645050611603189 ], [ -117.835755623044975, 52.645060734353791 ], [ -117.835517543056355, 52.645331850346764 ], [ -117.835251495088755, 52.645488506386265 ], [ -117.834701377853293, 52.645552303538487 ], [ -117.834428093729088, 52.645502692354739 ], [ -117.834186286500326, 52.645293234578503 ], [ -117.833517388170762, 52.64498901075018 ], [ -117.833409738709776, 52.644589148436005 ], [ -117.8334751625694, 52.644033637803247 ], [ -117.833628203366899, 52.643963631151834 ], [ -117.834190845422611, 52.643870292923637 ], [ -117.834340235943017, 52.643530985535804 ], [ -117.83445585614632, 52.6434382919239 ], [ -117.83508909476086, 52.643324192002083 ], [ -117.835181875297579, 52.643117094469403 ], [ -117.835086849978921, 52.642909501148928 ], [ -117.834645330290243, 52.64284580965176 ], [ -117.833947787935543, 52.642881193348643 ], [ -117.833588361297103, 52.643038537720436 ], [ -117.833252269116485, 52.643368534674288 ], [ -117.8326969030459, 52.643418324734817 ], [ -117.831985907826095, 52.643415954096618 ], [ -117.831675481506011, 52.643367828138608 ], [ -117.831472976849099, 52.643236074016613 ], [ -117.831252198469812, 52.642970117781331 ], [ -117.831172159980582, 52.642768963428388 ], [ -117.831171975198856, 52.642505979304147 ], [ -117.831241529051809, 52.642368718 ], [ -117.831395074741778, 52.642273415831369 ], [ -117.832054789397347, 52.642088474773978 ], [ -117.833022179173071, 52.642054249064188 ], [ -117.833285924212134, 52.641998549501317 ], [ -117.833371523760732, 52.641836818996531 ], [ -117.833424124801837, 52.641067943429661 ], [ -117.834060335388159, 52.640788453725541 ], [ -117.834179287935797, 52.640675954477338 ], [ -117.83424006510819, 52.640476145045412 ], [ -117.834186388805207, 52.640249141610497 ], [ -117.834054139379205, 52.640193711562418 ], [ -117.833893665398065, 52.640218006606503 ], [ -117.833579307213085, 52.640404046334247 ], [ -117.832613118861346, 52.640486454771143 ], [ -117.832242694265588, 52.640686602647357 ], [ -117.831912269079993, 52.64063553502249 ], [ -117.831644093251001, 52.640443488044696 ], [ -117.831635653043705, 52.640277226151802 ], [ -117.831945375330676, 52.640087708893674 ], [ -117.832001490090093, 52.639906010334769 ], [ -117.831968827053473, 52.639646215176612 ], [ -117.831653499542341, 52.639096004717899 ], [ -117.831593817772855, 52.638777241980947 ], [ -117.831534662798646, 52.637644784898498 ], [ -117.831612660094905, 52.637455382678397 ], [ -117.831787071375075, 52.637307044708344 ], [ -117.832423920307093, 52.636976631057316 ], [ -117.83344793575327, 52.636914868803338 ], [ -117.833623767359271, 52.636870704365499 ], [ -117.833649138964418, 52.636743561599062 ], [ -117.833377612380588, 52.636601642122486 ], [ -117.833333592381152, 52.63650242136513 ], [ -117.83342137173635, 52.636420456054083 ], [ -117.833791411462656, 52.636386340053022 ], [ -117.834245296915512, 52.636467306156952 ], [ -117.834498950804175, 52.636628822805456 ], [ -117.834707207849561, 52.636861765516244 ], [ -117.834899572752974, 52.63690997213245 ], [ -117.836099774166627, 52.636895098016872 ], [ -117.836294908021898, 52.63684593338639 ], [ -117.836479787208248, 52.636695173989587 ], [ -117.836686416115271, 52.636679652917429 ], [ -117.836785355294225, 52.636764278461122 ], [ -117.8368775070834, 52.637111940087109 ], [ -117.836978041959057, 52.637239085276896 ], [ -117.837306718023868, 52.637407240544142 ], [ -117.837604190486388, 52.637412765183498 ], [ -117.837866489896442, 52.63726301419819 ], [ -117.838097992454379, 52.636943127385294 ], [ -117.838160515024597, 52.636298759264307 ], [ -117.838238298069271, 52.636141597372628 ], [ -117.838386966999181, 52.636115318510974 ], [ -117.838483226529434, 52.636144151106414 ], [ -117.838652997522999, 52.636527311441675 ], [ -117.838730500259842, 52.636575966577524 ], [ -117.838890960049071, 52.636579421168996 ], [ -117.839248192739788, 52.636381315094411 ], [ -117.840208877736202, 52.636304424454501 ], [ -117.840712528800481, 52.635889570798319 ], [ -117.840915349440039, 52.635827823156362 ], [ -117.841476713949731, 52.635770630834443 ], [ -117.841628274339499, 52.635678984476115 ], [ -117.84158794359341, 52.635584515295037 ], [ -117.841280538070464, 52.635398404400902 ], [ -117.841210085628234, 52.63439252344218 ], [ -117.841152889179043, 52.634261847064579 ], [ -117.840996462476483, 52.634191751296804 ], [ -117.840238953291603, 52.634180809468582 ], [ -117.839932323158692, 52.634273975878166 ], [ -117.8399174592968, 52.634589403918717 ], [ -117.840241200725302, 52.634788820338301 ], [ -117.840330123263797, 52.634955905774412 ], [ -117.840288205932509, 52.635179265949333 ], [ -117.840074488145163, 52.635245745694391 ], [ -117.839808957977681, 52.635191728072272 ], [ -117.839539289589993, 52.63503223254525 ], [ -117.839068655216835, 52.634353169202072 ], [ -117.838795818151524, 52.634211201739241 ], [ -117.836698285022891, 52.634217576826252 ], [ -117.836428309878769, 52.63427293352764 ], [ -117.836179124214198, 52.634450905144696 ], [ -117.835882258368287, 52.634487549916422 ], [ -117.83540715377211, 52.634435938456775 ], [ -117.835093349553219, 52.634250366085297 ], [ -117.83499140648172, 52.634009275890925 ], [ -117.835045374566235, 52.633640770049567 ], [ -117.835379128792582, 52.633251607203022 ], [ -117.835781364993466, 52.633073432173511 ], [ -117.835865637938568, 52.632863981041126 ], [ -117.83583287262671, 52.632729993279746 ], [ -117.835712021834212, 52.632639870477028 ], [ -117.835064649224179, 52.632537208541727 ], [ -117.834979806541455, 52.632426184560593 ], [ -117.8349771180321, 52.632241380421434 ], [ -117.835112676279721, 52.63210576873071 ], [ -117.835752906016921, 52.631993943811885 ], [ -117.835785413510038, 52.631801220238955 ], [ -117.835570672697983, 52.63163399162476 ], [ -117.835305749390145, 52.631547825440045 ], [ -117.833632535219451, 52.631492851893313 ], [ -117.833342443826055, 52.631360856735952 ], [ -117.833205293104697, 52.63117057687392 ], [ -117.833313426142851, 52.631040991624573 ], [ -117.833900362656209, 52.630953853221264 ], [ -117.834020396674546, 52.630860548800406 ], [ -117.834059847818011, 52.630510258785954 ], [ -117.833983797263272, 52.630276828699728 ], [ -117.833328602239348, 52.630006033751414 ], [ -117.833214474572912, 52.629902244272756 ], [ -117.833190118449878, 52.62977869995877 ], [ -117.833289601907197, 52.629690878315564 ], [ -117.833805326571422, 52.629621394757116 ], [ -117.833959536843054, 52.629550592352608 ], [ -117.834070726035506, 52.628964565506898 ], [ -117.834394828009309, 52.628739984996223 ], [ -117.834360156861351, 52.628614412373366 ], [ -117.833756640466376, 52.62855965983416 ], [ -117.832761938734663, 52.628567019054238 ], [ -117.832383133343512, 52.628610502310302 ], [ -117.832258367068064, 52.628750458410146 ], [ -117.832212510664149, 52.629259386155518 ], [ -117.832152434420095, 52.629331515486271 ], [ -117.8319672200588, 52.629383428711506 ], [ -117.831214896704964, 52.629383686488552 ], [ -117.831015986952693, 52.629337093891365 ], [ -117.830751778682725, 52.629161541377073 ], [ -117.830457776377344, 52.629131188166696 ], [ -117.830177440311445, 52.629160321849042 ], [ -117.830087835598448, 52.629273693990484 ], [ -117.830440215194102, 52.629527421274084 ], [ -117.830496443259449, 52.629993951055624 ], [ -117.83040307131597, 52.63023893811085 ], [ -117.830037492107351, 52.630446048261419 ], [ -117.82980436854389, 52.630466341092536 ], [ -117.829583550670904, 52.630428650164689 ], [ -117.82881771598673, 52.630034093370021 ], [ -117.828445934724627, 52.629956565659207 ], [ -117.827842924186925, 52.629980265327831 ], [ -117.826845263788073, 52.630223362433334 ], [ -117.82633494576919, 52.63023356489191 ], [ -117.826021434946512, 52.630123911179673 ], [ -117.825789998771768, 52.629790669879668 ], [ -117.825610220228668, 52.629369072690338 ], [ -117.825650854407002, 52.6289767615133 ], [ -117.825780598293463, 52.628921417160022 ], [ -117.825933416637923, 52.628951258129312 ], [ -117.826110219675599, 52.629337925652514 ], [ -117.826188285900457, 52.629387155171756 ], [ -117.826344163593788, 52.629388308498775 ], [ -117.826441444396437, 52.629303260229314 ], [ -117.826524108389535, 52.628957240748697 ], [ -117.826665569044053, 52.628795855179348 ], [ -117.82695183197545, 52.628659594376138 ], [ -117.827665707014944, 52.628568382233553 ], [ -117.827782518023568, 52.628475439899077 ], [ -117.827810825550486, 52.628336769398103 ], [ -117.827725075429029, 52.62810195035005 ], [ -117.827430789113393, 52.627955166417401 ], [ -117.826894709574532, 52.627821915078492 ], [ -117.826303063880644, 52.627815690721448 ], [ -117.826081892756108, 52.627899978666683 ], [ -117.825912623022262, 52.628284954344863 ], [ -117.825355950852824, 52.628382324381512 ], [ -117.825217742448018, 52.628451081488549 ], [ -117.825224366845546, 52.628612545100985 ], [ -117.825418035815233, 52.628849255562869 ], [ -117.824819929396085, 52.628961628170494 ], [ -117.824633569158024, 52.629140436290015 ], [ -117.824409789399809, 52.629257789097963 ], [ -117.823739106935008, 52.629431241947998 ], [ -117.822271654538383, 52.629478402487493 ], [ -117.822123894437183, 52.629550285729451 ], [ -117.822024083397338, 52.629864257484144 ], [ -117.821912718090402, 52.629958296988669 ], [ -117.820957720066048, 52.630036438980234 ], [ -117.820521598263255, 52.630251145728366 ], [ -117.820190799911799, 52.630200015609965 ], [ -117.819908111490008, 52.630000215822307 ], [ -117.81985403242021, 52.629652995795311 ], [ -117.819932738989849, 52.629535367590456 ], [ -117.820375673766364, 52.629383322339677 ], [ -117.82065165089648, 52.629181549395071 ], [ -117.820747409624687, 52.628389825500264 ], [ -117.820956269189566, 52.628069531718431 ], [ -117.821263317250896, 52.6278761790171 ], [ -117.822334081194796, 52.627797037787779 ], [ -117.822472243524032, 52.627615716790181 ], [ -117.822370932290255, 52.627364134562235 ], [ -117.821721254812743, 52.627259476480681 ], [ -117.821571901448692, 52.627080390575237 ], [ -117.821661445040036, 52.626828519387665 ], [ -117.822354811235627, 52.626693708848954 ], [ -117.822413085076349, 52.626586259112479 ], [ -117.822357625120631, 52.626464903514496 ], [ -117.822170060121238, 52.6263348649723 ], [ -117.821902338496301, 52.626249745082887 ], [ -117.820803141577684, 52.62619018208111 ], [ -117.820667301865143, 52.626056090250827 ], [ -117.820682686921515, 52.625827119716561 ], [ -117.820799543733941, 52.625733842112552 ], [ -117.821430348977842, 52.625619773144905 ], [ -117.821576682689141, 52.625277833321078 ], [ -117.821690861577906, 52.625185199156768 ], [ -117.82258361290738, 52.625124697934872 ], [ -117.822772401069159, 52.625075480410814 ], [ -117.822854760563175, 52.624917136249074 ], [ -117.8228205709066, 52.624731591629683 ], [ -117.822506427192351, 52.624542267270826 ], [ -117.822478129197791, 52.624415227019306 ], [ -117.822615623319237, 52.624354664862274 ], [ -117.823183200836809, 52.624299324143301 ], [ -117.823390891069053, 52.624238703334974 ], [ -117.82364248269171, 52.624075577887687 ], [ -117.823737110071377, 52.623835769454367 ], [ -117.823684144711891, 52.623587374474383 ], [ -117.823426790261621, 52.623426102235001 ], [ -117.822832976472043, 52.623253597808343 ], [ -117.821192524848982, 52.622897998609162 ], [ -117.820729867983474, 52.622717847005774 ], [ -117.820494683730544, 52.622508568587982 ], [ -117.82031080471026, 52.622477383677662 ], [ -117.819999243490926, 52.622562199520566 ], [ -117.819786144912754, 52.622739169268385 ], [ -117.819699925300313, 52.623423326012393 ], [ -117.81960561694595, 52.623547459784476 ], [ -117.819433156598123, 52.623635341673513 ], [ -117.818919717454392, 52.623784155019337 ], [ -117.818494532090412, 52.623818399845369 ], [ -117.818106243722056, 52.623781582508506 ], [ -117.817802661937534, 52.623595977761838 ], [ -117.81763822859908, 52.623598981290122 ], [ -117.817561178088638, 52.623646622124085 ], [ -117.817517669796089, 52.623818597340275 ], [ -117.817578610032868, 52.623993151677844 ], [ -117.817736902722515, 52.624062859554343 ], [ -117.818316391063831, 52.624149683386023 ], [ -117.818402748636743, 52.624261319472552 ], [ -117.818423235821967, 52.624460372333999 ], [ -117.818215924862443, 52.62489954038417 ], [ -117.81773574654315, 52.625493291530866 ], [ -117.817495631684025, 52.625671373411897 ], [ -117.817030423168362, 52.625722325735374 ], [ -117.816728139364059, 52.62563672323126 ], [ -117.81664612830879, 52.624856319009623 ], [ -117.816501450526673, 52.624671048092424 ], [ -117.815988851958707, 52.624663039016248 ], [ -117.815610192885472, 52.624881462029443 ], [ -117.815167007647304, 52.62490907923717 ], [ -117.814944088779995, 52.624827795317643 ], [ -117.814766869502677, 52.624440917450684 ], [ -117.814670656256794, 52.624412270316505 ], [ -117.814521468718738, 52.624438591147893 ], [ -117.814432367789948, 52.624697868089271 ], [ -117.814451714772105, 52.626642025938402 ], [ -117.814317427482393, 52.626777802472262 ], [ -117.813744936549, 52.626860191071955 ], [ -117.813655378987747, 52.626938872071364 ], [ -117.813697417761318, 52.627034822851009 ], [ -117.813967001146466, 52.627173680504541 ], [ -117.813970234304236, 52.627273492514099 ], [ -117.813836410569635, 52.627336037849702 ], [ -117.813608155899388, 52.627357689489713 ], [ -117.811732242506963, 52.627373217354624 ], [ -117.811517992734053, 52.627407726168727 ], [ -117.811405956788519, 52.627500630439592 ], [ -117.811415787841426, 52.627773443351117 ], [ -117.811770084863838, 52.628000244678944 ], [ -117.811836134281478, 52.628181867047921 ], [ -117.811863413021754, 52.628992323401015 ], [ -117.811831250354828, 52.62913435358643 ], [ -117.811719958857395, 52.629227735124282 ], [ -117.811434862857567, 52.629267238204186 ], [ -117.810572379724391, 52.629274138924202 ], [ -117.810249330211647, 52.629255749871625 ], [ -117.809986935715955, 52.629189600059767 ], [ -117.809170941305865, 52.628755469699229 ], [ -117.808318163306481, 52.628457094931363 ], [ -117.807440313470821, 52.627985985221365 ], [ -117.806639140105105, 52.627674522142776 ], [ -117.806524066358548, 52.627502931430186 ], [ -117.806457170610713, 52.626988915114275 ], [ -117.806307357286741, 52.626896565391668 ], [ -117.806128138500981, 52.626956374630382 ], [ -117.80602559476992, 52.627271506841524 ], [ -117.805910569714115, 52.627366522138097 ], [ -117.805021672153174, 52.627427794278425 ], [ -117.804834893386513, 52.627476224507802 ], [ -117.804626757427002, 52.628092364778745 ], [ -117.804379697009665, 52.62841278752056 ], [ -117.80414065466951, 52.628605956018085 ], [ -117.803762646078937, 52.628758999117373 ], [ -117.803202587017537, 52.628763009587914 ], [ -117.803050032225741, 52.628691915772635 ], [ -117.802866124360847, 52.628309010448881 ], [ -117.802299575740193, 52.628220351402817 ], [ -117.802142558810218, 52.628151135558326 ], [ -117.802065915666802, 52.627919717361038 ], [ -117.802083732259078, 52.627611093612352 ], [ -117.802166074505379, 52.627496722047098 ], [ -117.802283733371254, 52.627458308251725 ], [ -117.803119077062419, 52.627418586477496 ], [ -117.80334518491243, 52.627339732680085 ], [ -117.803446720289756, 52.626305074457804 ], [ -117.803773652210538, 52.62591753673383 ], [ -117.804211404703096, 52.62570458151847 ], [ -117.80423247176553, 52.625390305571919 ], [ -117.804167408203696, 52.625320372436221 ], [ -117.803975667863853, 52.625270938274596 ], [ -117.803218031875033, 52.625277371697436 ], [ -117.803025522568134, 52.625329334202455 ], [ -117.802784855099546, 52.625602547798579 ], [ -117.802457188265834, 52.625777524409919 ], [ -117.802039690222443, 52.6258276965984 ], [ -117.801439949040457, 52.625819160155878 ], [ -117.801214158498226, 52.625737810105868 ], [ -117.801090887878416, 52.625147259881764 ], [ -117.800793768349706, 52.624905156042594 ], [ -117.800881894473676, 52.624798845702848 ], [ -117.801156394689016, 52.624749213891704 ], [ -117.803601665337652, 52.624711240015941 ], [ -117.803716190276589, 52.624672230222941 ], [ -117.803794452257634, 52.624557847473959 ], [ -117.803738147131185, 52.624210879306169 ], [ -117.803519259350438, 52.624023344552043 ], [ -117.803004651272971, 52.623727214549469 ], [ -117.802090569138045, 52.62340069197478 ], [ -117.801397480238265, 52.623085306200466 ], [ -117.80072687261962, 52.622901681770273 ], [ -117.799951577210308, 52.622851989712807 ], [ -117.799663404847095, 52.622783760342479 ], [ -117.799412054588458, 52.622623492553736 ], [ -117.799314637989411, 52.622387186446211 ], [ -117.799407211491641, 52.622122986542493 ], [ -117.79985054171209, 52.621971091976896 ], [ -117.800126317238437, 52.621768593368103 ], [ -117.800229893054635, 52.621109088026586 ], [ -117.800580522686985, 52.620838651644128 ], [ -117.800681599712306, 52.620257613025913 ], [ -117.800834200678665, 52.620187315966113 ], [ -117.80135159271191, 52.620117498566614 ], [ -117.801490788543646, 52.619938786550826 ], [ -117.801438889302744, 52.619716538352506 ], [ -117.801091099933799, 52.619486761131085 ], [ -117.801011692881119, 52.618983326798407 ], [ -117.8009384541256, 52.618876003445266 ], [ -117.800729729747218, 52.618860200948909 ], [ -117.800394479120882, 52.619052384794131 ], [ -117.800239466218756, 52.619028518304496 ], [ -117.80016486211953, 52.618922282604629 ], [ -117.800100150909984, 52.616759217378863 ], [ -117.800187167813036, 52.616448213220323 ], [ -117.800392291894866, 52.616427884507019 ], [ -117.800633279668901, 52.616592419030361 ], [ -117.80082997382118, 52.616637974431818 ], [ -117.802411622036487, 52.61664634068083 ], [ -117.802651217469332, 52.616673313225341 ], [ -117.802829958618233, 52.616749859684418 ], [ -117.803109119980576, 52.617043193235233 ], [ -117.803221277441025, 52.61734229044248 ], [ -117.803164357644874, 52.617628717416771 ], [ -117.802873055087062, 52.617786900633192 ], [ -117.802798851936814, 52.617905218056826 ], [ -117.802813631756962, 52.618134569263226 ], [ -117.802928772665382, 52.618226120873103 ], [ -117.803400521081144, 52.618264525376787 ], [ -117.8052504374986, 52.618228239321496 ], [ -117.805403295442815, 52.618156940766397 ], [ -117.805463263719886, 52.617975221659002 ], [ -117.80544437732388, 52.617599860453431 ], [ -117.805347734153031, 52.61741156441196 ], [ -117.804966970020516, 52.617210083616293 ], [ -117.804051912036869, 52.617109046470134 ], [ -117.80378072256967, 52.616964709710281 ], [ -117.803686447737675, 52.616809154164365 ], [ -117.803792602196083, 52.616680154024536 ], [ -117.804422649331542, 52.616570662680992 ], [ -117.804664498430498, 52.616030344464988 ], [ -117.805013513107184, 52.615778062147449 ], [ -117.805368902677685, 52.615599115175769 ], [ -117.805761748639853, 52.615539878643901 ], [ -117.806136006380456, 52.615573725709694 ], [ -117.806251651996263, 52.615667754470515 ], [ -117.806406502729942, 52.616012537179223 ], [ -117.80707862969372, 52.616144028427634 ], [ -117.807296783955451, 52.616555619596603 ], [ -117.807608636918886, 52.61657115127602 ], [ -117.807880215633276, 52.616438054658339 ], [ -117.808221904156568, 52.61610739595033 ], [ -117.809485404798281, 52.616056742454248 ], [ -117.809749537893481, 52.616000915138379 ], [ -117.809835244197856, 52.615839066824805 ], [ -117.809851529725421, 52.615094167709088 ], [ -117.809945947000301, 52.614970620026071 ], [ -117.810254730829627, 52.614834385675465 ], [ -117.81087871539485, 52.614706003243882 ], [ -117.812631086486761, 52.614674831489189 ], [ -117.812822552546919, 52.614628877493345 ], [ -117.813134316727314, 52.614441141195876 ], [ -117.814330121964773, 52.614406093615628 ], [ -117.814594827240569, 52.614350342116914 ], [ -117.814687607824411, 52.614139116116121 ], [ -117.814696953181297, 52.613056917297087 ], [ -117.814946328516399, 52.612694198318771 ], [ -117.815210294196689, 52.61253916156128 ], [ -117.815621280961054, 52.612501376212471 ], [ -117.816233166271047, 52.612520099292198 ], [ -117.81698864529146, 52.612747759593248 ], [ -117.817475221004159, 52.612757612366103 ], [ -117.817695390842559, 52.612672468936246 ], [ -117.81781931875301, 52.61231564369411 ], [ -117.817995919746608, 52.612256955518404 ], [ -117.818121913004987, 52.612312875924466 ], [ -117.818231405802337, 52.612626328095992 ], [ -117.818347350953118, 52.612720930136874 ], [ -117.818641546729765, 52.612758703773139 ], [ -117.82012977969957, 52.612766876210138 ], [ -117.820324741016279, 52.612811861686275 ], [ -117.820521203914566, 52.612960931102009 ], [ -117.8207730172727, 52.612984866412901 ], [ -117.821111242565777, 52.612841724862577 ], [ -117.821382684276742, 52.612506936355615 ], [ -117.821667500724729, 52.612358170096151 ], [ -117.822923254988126, 52.611978578388808 ], [ -117.823803343752616, 52.61187918067801 ], [ -117.823916929455919, 52.611786627135537 ], [ -117.823950181485927, 52.611645769689851 ], [ -117.823886068737735, 52.610899612545872 ], [ -117.823737046591788, 52.610737756144559 ], [ -117.823160812999262, 52.610355866164589 ], [ -117.823071742322256, 52.610158130480215 ], [ -117.823172340286959, 52.61007052138568 ], [ -117.823756739170975, 52.609985325273925 ], [ -117.823873362939963, 52.609893698427875 ], [ -117.823869282680079, 52.609622845689628 ], [ -117.823515569910697, 52.609395884197028 ], [ -117.823460660101446, 52.609220884217841 ], [ -117.823505595867445, 52.609045830616694 ], [ -117.823787162215837, 52.608890930287323 ], [ -117.823859090450568, 52.608772479834649 ], [ -117.823910529014753, 52.607932510041749 ], [ -117.82463883944267, 52.607195366479971 ], [ -117.824933479994442, 52.607064700636656 ], [ -117.826060429439124, 52.607063409416547 ], [ -117.826951454081509, 52.607317472348086 ], [ -117.827342871121871, 52.607591821890068 ], [ -117.827459053611179, 52.608263083758715 ], [ -117.827520531840335, 52.608331088897614 ], [ -117.827697104344736, 52.608364282734883 ], [ -117.827957500866489, 52.608305470218731 ], [ -117.828219434462838, 52.608141130126917 ], [ -117.828666661554522, 52.607452758441944 ], [ -117.828847195512893, 52.607332657392789 ], [ -117.829076062342921, 52.607348476621901 ], [ -117.829393918126769, 52.607534118929323 ], [ -117.829884957460592, 52.60756005794272 ], [ -117.830352434456913, 52.607516337693788 ], [ -117.830601549224241, 52.607338960010239 ], [ -117.830794660474709, 52.607290681165686 ], [ -117.831388715267295, 52.607269153834721 ], [ -117.831805557497006, 52.607309627788574 ], [ -117.832137374539244, 52.60747787726045 ], [ -117.832428416837089, 52.607866585104127 ], [ -117.832814886077429, 52.608089402489412 ], [ -117.834286779658498, 52.608544311876038 ], [ -117.834992023560929, 52.608827549565426 ], [ -117.836283833177305, 52.608885551764907 ], [ -117.836958006460577, 52.609058331397883 ], [ -117.837720942729121, 52.609399074909014 ], [ -117.838629872654252, 52.609725714567269 ], [ -117.839767986192754, 52.61043092027365 ], [ -117.840035653592679, 52.611171793598373 ], [ -117.840279648116692, 52.611416094043754 ], [ -117.840629862407752, 52.611559411308278 ], [ -117.840738700987146, 52.611657590360053 ], [ -117.840804269578754, 52.61222421178973 ], [ -117.840911435880912, 52.612469038938798 ], [ -117.8411902407273, 52.612758685656182 ], [ -117.841540743115942, 52.612902820660757 ], [ -117.841649566749538, 52.61300164349214 ], [ -117.841743690594186, 52.613541978577551 ], [ -117.842049774206259, 52.613732880527358 ], [ -117.842124220666093, 52.613850190349957 ], [ -117.842205056260241, 52.614620000902434 ], [ -117.842552480379979, 52.61484618551782 ], [ -117.842627586427724, 52.61523989270119 ], [ -117.842536211338654, 52.615497079140745 ], [ -117.842325690029313, 52.615516250888589 ], [ -117.842089635947616, 52.615355839373386 ], [ -117.841877986938343, 52.615341129579299 ], [ -117.841778744407577, 52.615424471459995 ], [ -117.841633075324182, 52.615766119904755 ], [ -117.841003326441637, 52.615879866173508 ], [ -117.840889061407864, 52.615971728050056 ], [ -117.840919105390654, 52.616281374301153 ], [ -117.841212330132734, 52.616434272144936 ], [ -117.841305739865689, 52.616600569728398 ], [ -117.841336273165695, 52.61718821801017 ], [ -117.841241579442809, 52.617401931451667 ], [ -117.840894461826338, 52.61746475575837 ], [ -117.840187516791516, 52.617456891566277 ], [ -117.839171535964965, 52.617236301353188 ], [ -117.838815768848121, 52.617239782317498 ], [ -117.838706678369491, 52.617330966314995 ], [ -117.838601198206604, 52.617727832421174 ], [ -117.838334072859439, 52.617932248180097 ], [ -117.838007020636724, 52.617985488181787 ], [ -117.837646593274002, 52.617793797115922 ], [ -117.837441076201841, 52.617812490102096 ], [ -117.837373833914327, 52.617920560276424 ], [ -117.837291555469349, 52.618541819560967 ], [ -117.836672465361829, 52.619004337222925 ], [ -117.83652007328881, 52.61917553756593 ], [ -117.836523296059028, 52.619586723892148 ], [ -117.836778224033651, 52.619805806471504 ], [ -117.837126187453194, 52.619900324205254 ], [ -117.838060021271303, 52.619936780915282 ], [ -117.838496121185699, 52.620143589655015 ], [ -117.838701408959139, 52.620127204499148 ], [ -117.838871001268927, 52.620058298929429 ], [ -117.839216470943029, 52.619717198036689 ], [ -117.839378790451221, 52.619644880758848 ], [ -117.840131530138578, 52.619619556773721 ], [ -117.840442296837523, 52.619708385136718 ], [ -117.840496377572805, 52.619931646262557 ], [ -117.840405803121527, 52.620090707752752 ], [ -117.8397674860922, 52.620201560746558 ], [ -117.839651597239865, 52.620294100815627 ], [ -117.839583218851814, 52.621112402598243 ], [ -117.839274474877115, 52.621310591326115 ], [ -117.839202331915459, 52.621428579314376 ], [ -117.839203520667468, 52.621614508981459 ], [ -117.839284581176102, 52.621725572885701 ], [ -117.839475650647486, 52.621772658197429 ], [ -117.84031215334852, 52.621810696035041 ], [ -117.840631854804784, 52.621990566123586 ], [ -117.840841475822756, 52.62200231129205 ], [ -117.840951154269945, 52.621871769036751 ], [ -117.840977308022815, 52.621454318231386 ], [ -117.841052558201454, 52.621296132253377 ], [ -117.841256778424381, 52.621275468308284 ], [ -117.841549547726416, 52.621455247788603 ], [ -117.841883657922409, 52.621435718024777 ], [ -117.842746167835315, 52.620970128495216 ], [ -117.84483305754425, 52.620133887950139 ], [ -117.845155247321401, 52.619856209215506 ], [ -117.845345547719006, 52.619525521005222 ], [ -117.845338470952399, 52.61922114217159 ], [ -117.845261704342491, 52.619103674140405 ], [ -117.844974072425558, 52.618950274957591 ], [ -117.844867690066735, 52.618402502709934 ], [ -117.844748882748945, 52.618273192784535 ], [ -117.844591010390417, 52.618273831055788 ], [ -117.844492445724583, 52.618359963159079 ], [ -117.844424279349013, 52.61904748961021 ], [ -117.844082538621976, 52.619492843025895 ], [ -117.843829532470849, 52.61958845646916 ], [ -117.843506425033439, 52.619603919303472 ], [ -117.843240644952147, 52.619551090610933 ], [ -117.843157307178799, 52.619436090730154 ], [ -117.843092677074281, 52.618525796067843 ], [ -117.842673088789596, 52.617606408602398 ], [ -117.842620848545906, 52.616316195503458 ], [ -117.842563231474131, 52.616184001671364 ], [ -117.842279541125791, 52.616036613835647 ], [ -117.842237909757145, 52.615940689521871 ], [ -117.842327470559894, 52.615861544094876 ], [ -117.842535694214575, 52.615830348604526 ], [ -117.844041314184139, 52.615817571212602 ], [ -117.844341755129363, 52.615903237283959 ], [ -117.84451576021668, 52.616372621154859 ], [ -117.845259253570617, 52.616847731698435 ], [ -117.846062410750108, 52.61709695619804 ], [ -117.846988401292947, 52.617201863014408 ], [ -117.847018984580842, 52.617326677246105 ], [ -117.846703772603433, 52.617545441350281 ], [ -117.846790497755919, 52.617744367365724 ], [ -117.847124024938168, 52.61790693190914 ], [ -117.847885233251631, 52.618008988280671 ], [ -117.848141359249738, 52.618542116655846 ], [ -117.849269011396316, 52.619260984857746 ], [ -117.849974677251438, 52.619915377218256 ], [ -117.850686910138251, 52.620168207412668 ], [ -117.851306870565722, 52.620654289579704 ], [ -117.853032910659579, 52.62122231855956 ], [ -117.853305334866704, 52.621437612803184 ], [ -117.853481140419504, 52.62189090843809 ], [ -117.85368730078666, 52.62190678488637 ], [ -117.853962523569294, 52.621724371096974 ], [ -117.85416963642497, 52.62173994316317 ], [ -117.854339763239651, 52.622255778102755 ], [ -117.854628019029747, 52.622607714540138 ], [ -117.854857808382462, 52.62271901067718 ], [ -117.855404417207495, 52.622774727576264 ], [ -117.855542608278853, 52.62283332298157 ], [ -117.855518819459263, 52.622960030246404 ], [ -117.855251307922273, 52.623108218721619 ], [ -117.855238457183006, 52.623230442397428 ], [ -117.855471568708296, 52.623438533990083 ], [ -117.856007728971136, 52.623646974540975 ], [ -117.856154408155547, 52.624267139823615 ], [ -117.856244447450081, 52.624320075148283 ], [ -117.856757395320017, 52.624382141241526 ], [ -117.856910642048547, 52.624450146981779 ], [ -117.857055058604374, 52.625069248189163 ], [ -117.857734783722833, 52.625371762857348 ], [ -117.85783583025183, 52.625493348217752 ], [ -117.858001914953093, 52.625986715708976 ], [ -117.858247346646024, 52.626146752307385 ], [ -117.858722196244912, 52.626324995821818 ], [ -117.858868070356763, 52.626946289592254 ], [ -117.859410402249495, 52.627155761993492 ], [ -117.859629977973071, 52.627322295188762 ], [ -117.85965493555976, 52.627447104935811 ], [ -117.859554580973565, 52.627535857124897 ], [ -117.858570766262631, 52.627607823277863 ], [ -117.858427899728625, 52.62766947595798 ], [ -117.858427946487254, 52.627765379146908 ], [ -117.858641361991516, 52.627834327178157 ], [ -117.859782275995258, 52.627844110594545 ], [ -117.860048079876123, 52.627897316500956 ], [ -117.860308701063119, 52.628430500556249 ], [ -117.860513778538575, 52.628555393354461 ], [ -117.860993298695234, 52.628734025324803 ], [ -117.861060645409566, 52.628914556905848 ], [ -117.861074890973967, 52.629397565053765 ], [ -117.860968797888404, 52.629659516395577 ], [ -117.860332324430303, 52.62976769667948 ], [ -117.860217410046843, 52.629858862872076 ], [ -117.860223687063154, 52.630128881806918 ], [ -117.860581322615502, 52.630355921451496 ], [ -117.860642916252914, 52.630536954934641 ], [ -117.860589434955088, 52.630786957440463 ], [ -117.860316109535475, 52.631007440168808 ], [ -117.859770468783381, 52.63122233017684 ], [ -117.859414993691203, 52.631269203273945 ], [ -117.859342539263949, 52.631174120873098 ], [ -117.859275913711713, 52.630667683484496 ], [ -117.859220486461709, 52.630600065489787 ], [ -117.859069698532352, 52.630572217937733 ], [ -117.858931477953803, 52.630627214945129 ], [ -117.858631954872664, 52.63093217941546 ], [ -117.85804637961084, 52.631189214218296 ], [ -117.858008320678593, 52.631460906903314 ], [ -117.858126886250261, 52.631585375956092 ], [ -117.858342339943206, 52.631568623944148 ], [ -117.858592233155377, 52.631395239322231 ], [ -117.859043219952284, 52.631363555388567 ], [ -117.85924131772579, 52.631403957660737 ], [ -117.859719965333539, 52.631700347364976 ], [ -117.859714767001989, 52.631799297446229 ], [ -117.859636057978037, 52.631846925858497 ], [ -117.85901034498545, 52.631957087103345 ], [ -117.858792004876022, 52.632369609673233 ], [ -117.858227519765109, 52.632465925842027 ], [ -117.858090731563934, 52.632527562835961 ], [ -117.858095279801887, 52.63262225355404 ], [ -117.858177275399811, 52.632668426976466 ], [ -117.858815347781587, 52.632765674725121 ], [ -117.858865641583947, 52.632824101661456 ], [ -117.858826854820592, 52.632916043421552 ], [ -117.858489238208819, 52.632973306348703 ], [ -117.856471005260161, 52.633011271175853 ], [ -117.856323078457379, 52.63308346269018 ], [ -117.856159911858086, 52.633467596745653 ], [ -117.85597322677549, 52.633517834755772 ], [ -117.855076924814099, 52.633578898445869 ], [ -117.854976777580561, 52.63366803379602 ], [ -117.855000916622629, 52.633793632264897 ], [ -117.855343329177217, 52.634010264121507 ], [ -117.856172773029414, 52.634136461716594 ], [ -117.856324922021756, 52.634478199815163 ], [ -117.856439080801906, 52.634570476672401 ], [ -117.858135243199101, 52.634633957295037 ], [ -117.858712499354453, 52.634804516201136 ], [ -117.859069546803454, 52.6350761633391 ], [ -117.859265006617733, 52.635121544924019 ], [ -117.859704279755249, 52.635093385882733 ], [ -117.859804247008555, 52.634960779631527 ], [ -117.859605102680078, 52.634734150937255 ], [ -117.859013557056997, 52.634497098399343 ], [ -117.859039453497999, 52.634370346686836 ], [ -117.859289749702782, 52.634321546631092 ], [ -117.859662040029377, 52.634348940494682 ], [ -117.859923687267354, 52.634521932660093 ], [ -117.860197953872103, 52.634573040261749 ], [ -117.863527310264487, 52.634567753736249 ], [ -117.863828094501656, 52.634634415844609 ], [ -117.864285781390507, 52.634854146946395 ], [ -117.864775732230115, 52.635135922239144 ], [ -117.864963000488174, 52.63530272522511 ], [ -117.866205961288202, 52.637248788814993 ], [ -117.866376884594487, 52.637657937489195 ], [ -117.866891296025898, 52.639550828451895 ], [ -117.867248173890857, 52.640142572811648 ], [ -117.867832324076815, 52.640847958064178 ], [ -117.868135930175285, 52.640978527047572 ], [ -117.869243616876531, 52.641030398614369 ], [ -117.870429797906525, 52.641485868368143 ], [ -117.870580289705174, 52.641637956488978 ], [ -117.870693407602602, 52.642038807469149 ], [ -117.870856663793262, 52.642186761201906 ], [ -117.871512442217266, 52.642457444652024 ], [ -117.873161094169987, 52.642853803781641 ], [ -117.873269509072017, 52.642967391428527 ], [ -117.87337797236988, 52.643425759163208 ], [ -117.873618030046444, 52.643735207751497 ], [ -117.87381782078873, 52.643867862226038 ], [ -117.874366575486974, 52.644030873897677 ], [ -117.87459189170788, 52.644200440635281 ], [ -117.874672829555422, 52.644558542879537 ], [ -117.874676496847641, 52.647148249317702 ], [ -117.87437679725636, 52.647544382880582 ], [ -117.873902599886534, 52.647789174650995 ], [ -117.873817117466459, 52.648643144464238 ], [ -117.873516442333255, 52.648837452065791 ], [ -117.873446422816102, 52.648955626648338 ], [ -117.87339917564077, 52.649726038407685 ], [ -117.873338348530382, 52.649798516483621 ], [ -117.8728992057667, 52.649948546687988 ], [ -117.872653768814985, 52.650110942705311 ], [ -117.872564217995858, 52.650296595476114 ], [ -117.872581713427067, 52.650613027559089 ], [ -117.872823110396993, 52.650987804560266 ], [ -117.873424866968875, 52.65163417352057 ], [ -117.873605024051159, 52.651708544572962 ], [ -117.87421666409135, 52.651778003758537 ], [ -117.874334421098126, 52.651867751140145 ], [ -117.874394732214739, 52.653629732746772 ], [ -117.874468615108952, 52.653881115053167 ], [ -117.87475070106224, 52.654078077203259 ], [ -117.875522440992526, 52.654298239748663 ], [ -117.876100329364832, 52.65466797564747 ], [ -117.876189764630297, 52.65485657535212 ], [ -117.876212405575131, 52.655501298198978 ], [ -117.876276163984926, 52.655678476958627 ], [ -117.876430638190229, 52.655745437729202 ], [ -117.877108306059412, 52.655843821968638 ], [ -117.87750033845812, 52.656254402035032 ], [ -117.877589327069472, 52.6572713210006 ], [ -117.877730426873214, 52.657560127926082 ], [ -117.878030163562329, 52.657835085688298 ], [ -117.878579855671035, 52.657997051233558 ], [ -117.878891021332961, 52.658240023446815 ], [ -117.878992109634765, 52.661142614083658 ], [ -117.879091147404196, 52.661356428373246 ], [ -117.879380497351079, 52.661506639426243 ], [ -117.879433468308406, 52.66168028257546 ], [ -117.879387340355777, 52.661854667366569 ], [ -117.87910361729611, 52.662009173513717 ], [ -117.87903001392651, 52.662127387597629 ], [ -117.879029793583868, 52.662921844858865 ], [ -117.879428546274127, 52.663792575272602 ], [ -117.87952056830531, 52.664259676885258 ], [ -117.879731999419107, 52.664438632048899 ], [ -117.881134036120898, 52.664851240473887 ], [ -117.881549595965481, 52.664897317038729 ], [ -117.882769839767093, 52.664910244551201 ], [ -117.882964788826499, 52.664954820403587 ], [ -117.883158261692415, 52.665101266538407 ], [ -117.883268792369421, 52.665124701107828 ], [ -117.88350625724172, 52.665074578758407 ], [ -117.883991679873162, 52.664673955890791 ], [ -117.884241816656925, 52.664657844443951 ], [ -117.884487447191844, 52.664816699630762 ], [ -117.884650855040789, 52.664839342645642 ], [ -117.884782948497715, 52.664782734101273 ], [ -117.884827558862952, 52.664657929582773 ], [ -117.884798194169974, 52.664473453897848 ], [ -117.884679203051832, 52.664380952216028 ], [ -117.883780225684603, 52.66433010597445 ], [ -117.883592179370993, 52.664282656555699 ], [ -117.88343962879992, 52.663940119567677 ], [ -117.88332466210862, 52.663847855323446 ], [ -117.881852907508346, 52.66378181934811 ], [ -117.881737116065096, 52.663690136760088 ], [ -117.881581411270318, 52.663350309662263 ], [ -117.881018158869367, 52.663264589880797 ], [ -117.880864012384777, 52.663197030667661 ], [ -117.880754413971843, 52.662269079721625 ], [ -117.880371846714226, 52.661666746969637 ], [ -117.880314524853389, 52.661295502718197 ], [ -117.880328659432621, 52.660499468606183 ], [ -117.880401992689954, 52.660381265702661 ], [ -117.880652492162213, 52.660260441373445 ], [ -117.880729612096687, 52.660098936364946 ], [ -117.88067815149239, 52.659878533097157 ], [ -117.880327211977985, 52.659654285539951 ], [ -117.880270045679836, 52.659301120795114 ], [ -117.880308720638652, 52.658839875759192 ], [ -117.880614964834734, 52.658646072378673 ], [ -117.88068774944378, 52.658528406630033 ], [ -117.880657076074797, 52.657627108877698 ], [ -117.880432813407879, 52.657310250887491 ], [ -117.880189141502726, 52.657140621715818 ], [ -117.87909898987273, 52.657079485387996 ], [ -117.878795867618308, 52.656957148333575 ], [ -117.87848892902791, 52.656561598221046 ], [ -117.87841295298449, 52.655809383311144 ], [ -117.878249214405898, 52.655528707814469 ], [ -117.877985692363694, 52.655297782916726 ], [ -117.877436219187473, 52.655135775709837 ], [ -117.877125112385329, 52.65489279271911 ], [ -117.877011318485557, 52.652163695698718 ], [ -117.876935783000746, 52.65204694630458 ], [ -117.876628805593683, 52.651855995226242 ], [ -117.876505735304264, 52.651277416580207 ], [ -117.876414996128844, 52.651224748796182 ], [ -117.875899341988671, 52.651163832985745 ], [ -117.875744466350369, 52.651096523183909 ], [ -117.875622029924955, 52.650244368338448 ], [ -117.875277355675962, 52.650021482605162 ], [ -117.875207397094059, 52.649790419403388 ], [ -117.875205810902784, 52.649143546183836 ], [ -117.87533774888675, 52.648852105661277 ], [ -117.875627287040075, 52.648572541141654 ], [ -117.87611150297127, 52.648427449883613 ], [ -117.876330878753961, 52.648311278431372 ], [ -117.876447954649024, 52.648201156465923 ], [ -117.876511788049768, 52.648001674780645 ], [ -117.876500621274772, 52.647570188117889 ], [ -117.876408765191911, 52.647318256096298 ], [ -117.87609441965833, 52.64698340164383 ], [ -117.875658311382466, 52.646780051284885 ], [ -117.875535090908755, 52.646198157273432 ], [ -117.875221637387696, 52.646002583037998 ], [ -117.87513674146912, 52.645837619751781 ], [ -117.875158720126976, 52.645651859332865 ], [ -117.875273692233947, 52.645557044330218 ], [ -117.8755649230594, 52.645521326496954 ], [ -117.875856329180948, 52.645553413898369 ], [ -117.875993401618615, 52.645694604207293 ], [ -117.876096264980788, 52.646248225540148 ], [ -117.876226631075752, 52.64630591922041 ], [ -117.876410435876679, 52.646249140605434 ], [ -117.876471704857721, 52.645963651351522 ], [ -117.876436678904582, 52.645307809753106 ], [ -117.87604736606491, 52.644487778481306 ], [ -117.875946445968395, 52.644035037948491 ], [ -117.875828817306768, 52.643945309482461 ], [ -117.875303702732467, 52.64388620074908 ], [ -117.875122090752953, 52.643821860003712 ], [ -117.87460111805386, 52.642926180553204 ], [ -117.874419335357601, 52.642861827571124 ], [ -117.873957424050062, 52.642817320533787 ], [ -117.873803603197302, 52.642750198567732 ], [ -117.873686914183764, 52.642037734675981 ], [ -117.873334577688212, 52.641605107720302 ], [ -117.87307955918692, 52.641517557470003 ], [ -117.872219204812495, 52.641495253559526 ], [ -117.87193710242768, 52.641430419563463 ], [ -117.871006164971504, 52.640446162444313 ], [ -117.870680229657125, 52.640255232869549 ], [ -117.870203370377084, 52.640077327985509 ], [ -117.870060787131209, 52.63945816229414 ], [ -117.869970625153954, 52.639405352440832 ], [ -117.869455874599666, 52.63934416749963 ], [ -117.86930105426778, 52.639276776253446 ], [ -117.869172640185255, 52.638421969207094 ], [ -117.868868713724225, 52.638233450463979 ], [ -117.868827216322444, 52.638128489763751 ], [ -117.86895597858387, 52.637991156351234 ], [ -117.869522153654032, 52.637748201069137 ], [ -117.869581362568752, 52.637569975862455 ], [ -117.869439453634129, 52.637507160909664 ], [ -117.86887012912851, 52.637422321812679 ], [ -117.868637412452927, 52.636928605956626 ], [ -117.868389313273198, 52.63676655533618 ], [ -117.86794253508738, 52.636618402348525 ], [ -117.86785116618988, 52.636458065695095 ], [ -117.867938632899254, 52.636208088699441 ], [ -117.868511525717892, 52.63611534675821 ], [ -117.8686648749418, 52.63604518376097 ], [ -117.86877710043062, 52.635150863413152 ], [ -117.868929150766192, 52.635081255841058 ], [ -117.869443089189502, 52.635013379427207 ], [ -117.869557644958405, 52.634921515240741 ], [ -117.86962062627093, 52.634106142054094 ], [ -117.869955211134553, 52.633878465155583 ], [ -117.870010372253887, 52.633698032269763 ], [ -117.869981972993401, 52.631178243974816 ], [ -117.870056927211479, 52.63106137560365 ], [ -117.870497470551925, 52.63085087567552 ], [ -117.870796904005076, 52.63045463769943 ], [ -117.870825913369401, 52.629331984008509 ], [ -117.870907362186912, 52.629167379587017 ], [ -117.871154649969228, 52.6290479510998 ], [ -117.871225832435897, 52.628930485333775 ], [ -117.871228449799105, 52.628025394216287 ], [ -117.871294408412226, 52.627773111635463 ], [ -117.871513048041336, 52.627599866584809 ], [ -117.872038304992458, 52.627386452679914 ], [ -117.872113496677542, 52.62684277862175 ], [ -117.872240706277665, 52.626703233751492 ], [ -117.87262120020327, 52.626660836654864 ], [ -117.873131029113708, 52.626677836570664 ], [ -117.873330326798182, 52.626725327435729 ], [ -117.873573189317909, 52.626891019056181 ], [ -117.873776333112943, 52.62686932600365 ], [ -117.873841603703539, 52.626758706650932 ], [ -117.873873420208156, 52.626292399508621 ], [ -117.873999361227277, 52.626150507448045 ], [ -117.874292263798665, 52.626111170522641 ], [ -117.874722933840332, 52.626129785172694 ], [ -117.875619050383833, 52.626386633819116 ], [ -117.876008476961715, 52.626661115110402 ], [ -117.876123759939304, 52.627059185227466 ], [ -117.876231941593574, 52.627172738952545 ], [ -117.877469599182092, 52.627489190596776 ], [ -117.877994037971249, 52.627771063091025 ], [ -117.878260688735821, 52.62799001613427 ], [ -117.878336656354307, 52.628296232110095 ], [ -117.878389268194539, 52.630989144451078 ], [ -117.87848112014639, 52.631151944183408 ], [ -117.878883774263812, 52.631320564734587 ], [ -117.879167909841641, 52.631610041992047 ], [ -117.879282947926669, 52.63185554519066 ], [ -117.879306642555306, 52.632284637783492 ], [ -117.879272867854112, 52.632425425894958 ], [ -117.879158035171216, 52.632517832170201 ], [ -117.878268888140937, 52.632614962935477 ], [ -117.87782985813142, 52.632742897747988 ], [ -117.87761322013084, 52.632863764404867 ], [ -117.877529979564372, 52.633103204240037 ], [ -117.877552067377721, 52.633915652832158 ], [ -117.877661614331529, 52.634124109261762 ], [ -117.878232486421993, 52.634205855606936 ], [ -117.878372307749302, 52.634264235131425 ], [ -117.878350856482697, 52.634390940846878 ], [ -117.878046453871164, 52.634583489336926 ], [ -117.878071316971671, 52.634894102138901 ], [ -117.878226873036368, 52.634961874607228 ], [ -117.878799824938127, 52.635010804932179 ], [ -117.879067983349586, 52.635094071347751 ], [ -117.879298474033064, 52.635264294409566 ], [ -117.879369591899291, 52.635515692989451 ], [ -117.879277623125589, 52.635810973791777 ], [ -117.878596597558868, 52.636461229646265 ], [ -117.878444387641252, 52.636555629330722 ], [ -117.878140340740075, 52.636607218324627 ], [ -117.87575732623749, 52.636617609706569 ], [ -117.875486069716374, 52.636567228607888 ], [ -117.875231743695764, 52.636394928633202 ], [ -117.874763627172996, 52.6363576629618 ], [ -117.874274950233513, 52.636389001675248 ], [ -117.873901594192958, 52.636605327258508 ], [ -117.873462818926598, 52.636633090373763 ], [ -117.873243594585858, 52.636553629252937 ], [ -117.873129372194995, 52.636238179384442 ], [ -117.873014301133807, 52.636144820895765 ], [ -117.871675756448624, 52.636095181234872 ], [ -117.871477718858515, 52.636050370892939 ], [ -117.8712348312838, 52.635887003827285 ], [ -117.87107262311774, 52.635889735638337 ], [ -117.870996247748351, 52.635937595169892 ], [ -117.870944670492293, 52.636556980728656 ], [ -117.8710481671243, 52.636870567737795 ], [ -117.87125599065881, 52.636888245855843 ], [ -117.871495017746255, 52.636718321435538 ], [ -117.871856879469505, 52.636652591457604 ], [ -117.872528849564929, 52.636663985260057 ], [ -117.872713076041904, 52.636771780919808 ], [ -117.872746523804267, 52.63696254429717 ], [ -117.872687378983457, 52.637162650017935 ], [ -117.871524899993872, 52.638253847050784 ], [ -117.871439743746919, 52.63844294816122 ], [ -117.871457268742063, 52.638701130526321 ], [ -117.87168049190393, 52.638936772974326 ], [ -117.872273500680024, 52.639170768173571 ], [ -117.872377110963271, 52.639771902274951 ], [ -117.872455928941719, 52.639906614422657 ], [ -117.872702363765853, 52.640066317912918 ], [ -117.87322858779423, 52.640237714432047 ], [ -117.873698711972338, 52.640901734280469 ], [ -117.873996299917877, 52.64111889619312 ], [ -117.874344619116158, 52.641215391375965 ], [ -117.874886357714189, 52.641181742635808 ], [ -117.874999396005435, 52.641083484512748 ], [ -117.875136207823701, 52.640732778437794 ], [ -117.875426256144621, 52.64072020028572 ], [ -117.875659485588244, 52.640887467641015 ], [ -117.875862282347398, 52.641161955368005 ], [ -117.876006799202486, 52.641936510071851 ], [ -117.876309533692037, 52.642021290011847 ], [ -117.876730521380281, 52.641962989558003 ], [ -117.876835289948247, 52.641693125684412 ], [ -117.876776859502712, 52.641063308111711 ], [ -117.876655334599775, 52.640972200096016 ], [ -117.876011639005924, 52.640871644187918 ], [ -117.875914312897194, 52.640622394439859 ], [ -117.876055429920044, 52.640442283225212 ], [ -117.876574213442183, 52.640371064022013 ], [ -117.876726254468579, 52.640300500715135 ], [ -117.876867369459063, 52.639616597474102 ], [ -117.877148057644135, 52.639469200437439 ], [ -117.878361610410579, 52.639064909289715 ], [ -117.878485287840306, 52.638956751700377 ], [ -117.878580402079393, 52.638556880963769 ], [ -117.878717731336494, 52.638398436164657 ], [ -117.878933250192816, 52.638281465732838 ], [ -117.879572986856331, 52.638102490854685 ], [ -117.880114846988064, 52.637771003812965 ], [ -117.880266496710178, 52.637556293277726 ], [ -117.88028084461078, 52.636801690259233 ], [ -117.880366854968429, 52.636641522787144 ], [ -117.880613901483983, 52.636610837707558 ], [ -117.880914156477431, 52.636721457204835 ], [ -117.881111478299559, 52.636918369096776 ], [ -117.881236934923507, 52.637308137672569 ], [ -117.88132356196769, 52.637358721080972 ], [ -117.881519527737041, 52.637368227643336 ], [ -117.881760959389695, 52.637286956404346 ], [ -117.881943183065516, 52.637148586568429 ], [ -117.882096899425505, 52.63665202183391 ], [ -117.882407037648321, 52.63646045135885 ], [ -117.882927878077908, 52.636325349819735 ], [ -117.884034933536867, 52.636268273122333 ], [ -117.884470779690886, 52.636048553976217 ], [ -117.885295227337593, 52.636005320728842 ], [ -117.885482542861368, 52.635956667795533 ], [ -117.885579513607894, 52.635694526832459 ], [ -117.885546661549185, 52.634016886144778 ], [ -117.885659011156477, 52.633843718614628 ], [ -117.88612152968625, 52.633659630637794 ], [ -117.88665059164768, 52.633594422811207 ], [ -117.886766627425644, 52.633627859656805 ], [ -117.886850574315872, 52.633740632211207 ], [ -117.886844300374818, 52.634268187661327 ], [ -117.886483535031871, 52.634722719260765 ], [ -117.886499792525896, 52.634843083288267 ], [ -117.886581314241923, 52.634894792839482 ], [ -117.887141515376811, 52.634932779866261 ], [ -117.887998552629455, 52.634893911425522 ], [ -117.888148444562717, 52.634819452223887 ], [ -117.888274412365192, 52.634463026730437 ], [ -117.888416313916338, 52.634400262454356 ], [ -117.88862005694331, 52.634412137714023 ], [ -117.888793636045349, 52.634479202943488 ], [ -117.889199431760105, 52.63484817100214 ], [ -117.88938978697233, 52.634894715248087 ], [ -117.889831978688846, 52.634866069056244 ], [ -117.890209829259078, 52.634648328422784 ], [ -117.890662450720541, 52.634642789021683 ], [ -117.89084116927404, 52.634749542241074 ], [ -117.890856679105056, 52.634981427923549 ], [ -117.890781972958123, 52.635101493441837 ], [ -117.890530809527888, 52.635226454791628 ], [ -117.890487199929481, 52.635383991175729 ], [ -117.89071921742169, 52.635594671748912 ], [ -117.891065703100807, 52.635692969515134 ], [ -117.891862621885721, 52.635700387426837 ], [ -117.892254301534322, 52.635635242527492 ], [ -117.892515846045882, 52.635482237371306 ], [ -117.892834694936525, 52.635115537097185 ], [ -117.893460028717527, 52.634908848497965 ], [ -117.894776749635625, 52.634858536988411 ], [ -117.895459634878335, 52.634909192788712 ], [ -117.896066883285613, 52.635122717886716 ], [ -117.896246563419211, 52.635530758917078 ], [ -117.896361424486429, 52.635622440794528 ], [ -117.897325948209399, 52.635727900508599 ], [ -117.897757012564597, 52.635858853748481 ], [ -117.89793122221289, 52.635982733555259 ], [ -117.897903022065918, 52.636128054771426 ], [ -117.897603477202267, 52.636322956474153 ], [ -117.897493867869585, 52.636909372742004 ], [ -117.897151802373514, 52.637143017997126 ], [ -117.897137542530643, 52.637373987872849 ], [ -117.897270727905266, 52.637508866350245 ], [ -117.89783628388075, 52.637549292699198 ], [ -117.89869070398683, 52.637511912877656 ], [ -117.898839423279242, 52.637438496405522 ], [ -117.898962847920188, 52.637082612364807 ], [ -117.899181754430202, 52.636997317058999 ], [ -117.900313742720542, 52.636977164423612 ], [ -117.900554658965078, 52.637005248145194 ], [ -117.900734364532042, 52.637082393666851 ], [ -117.901045482393926, 52.637422731639639 ], [ -117.901130328339335, 52.63772761258442 ], [ -117.901071938091405, 52.637961757422559 ], [ -117.900723541728794, 52.63819413536973 ], [ -117.900752153946897, 52.638503336279491 ], [ -117.900983222943765, 52.638579734756917 ], [ -117.901825005178821, 52.638610583227198 ], [ -117.901943446529287, 52.638647163956747 ], [ -117.902024847787473, 52.638757883455945 ], [ -117.901985155963089, 52.639028677384459 ], [ -117.90163318418125, 52.639264674494555 ], [ -117.901658058260566, 52.639576392900004 ], [ -117.901965469838615, 52.639659952813609 ], [ -117.903237553777927, 52.639690461175718 ], [ -117.903369280156696, 52.639826924088844 ], [ -117.903466136322834, 52.640367173820955 ], [ -117.903618402143664, 52.640435801774728 ], [ -117.904180291096864, 52.640521043196507 ], [ -117.904368338559522, 52.640977965910942 ], [ -117.904535400868454, 52.64112110150878 ], [ -117.904851681419359, 52.641235530284625 ], [ -117.905722688087437, 52.641260891206969 ], [ -117.905992170849885, 52.64131282306829 ], [ -117.906072122080303, 52.641423721700193 ], [ -117.906071218587797, 52.641610256605823 ], [ -117.905996519949156, 52.641729305789546 ], [ -117.905703566934918, 52.641889530282413 ], [ -117.905680601480711, 52.642201357338877 ], [ -117.905862564988311, 52.642306159469101 ], [ -117.906512791454418, 52.642369914277573 ], [ -117.906850486492914, 52.642533869927966 ], [ -117.906968715887814, 52.642706672005545 ], [ -117.90701091979588, 52.643183888546979 ], [ -117.907100885342047, 52.643345580059659 ], [ -117.907531516701596, 52.643404087049809 ], [ -117.909838197236979, 52.643391399195586 ], [ -117.910014549026812, 52.643434274529099 ], [ -117.910057545201482, 52.643493739079766 ], [ -117.910015974116931, 52.643592329717116 ], [ -117.909748075369208, 52.64373740460212 ], [ -117.909747902065234, 52.643837759766804 ], [ -117.909883612125441, 52.64389867649615 ], [ -117.912521985675212, 52.643901482063235 ], [ -117.91283125397787, 52.643952492334442 ], [ -117.913099852230786, 52.644098997036089 ], [ -117.913239526941041, 52.64437497348915 ], [ -117.913298829671589, 52.645651568376415 ], [ -117.913417983454593, 52.645741099793788 ], [ -117.914000401513107, 52.645814793790983 ], [ -117.91413854402677, 52.645947144781594 ], [ -117.914220841190144, 52.6475330034922 ], [ -117.914338626508254, 52.647622738816075 ], [ -117.914950186874947, 52.647691989833703 ], [ -117.915130326567876, 52.647766278294299 ], [ -117.915869486267795, 52.648592964870851 ], [ -117.915992948485496, 52.648942591545683 ], [ -117.916070986635802, 52.650820034359214 ], [ -117.917113567728251, 52.651789132954832 ], [ -117.91749598312613, 52.651936725293524 ], [ -117.918054640604225, 52.651932264498569 ], [ -117.918203381223378, 52.65185848321763 ], [ -117.918304794323035, 52.651540926108702 ], [ -117.918416337838735, 52.6514462284673 ], [ -117.919369513558024, 52.651368644802432 ], [ -117.919742893445516, 52.65115696074578 ], [ -117.920206098349794, 52.651122286383661 ], [ -117.920511952075557, 52.6511730429756 ], [ -117.920779767209879, 52.651322715067764 ], [ -117.92087908866695, 52.651447624915313 ], [ -117.921006308315825, 52.651913251386652 ], [ -117.921339064935268, 52.652134261232035 ], [ -117.921671062930216, 52.652150327166829 ], [ -117.921977230560955, 52.651954491458319 ], [ -117.922344332725046, 52.651919660425378 ], [ -117.92264010340098, 52.652003326441857 ], [ -117.922785689823897, 52.652358780219814 ], [ -117.92293762297551, 52.652428298989832 ], [ -117.923386879056579, 52.652422235067824 ], [ -117.923748511001577, 52.652213274440165 ], [ -117.923956672593619, 52.652229253856845 ], [ -117.924030350310815, 52.652336283949062 ], [ -117.924061320266887, 52.652646657633795 ], [ -117.924073171871996, 52.653572984131607 ], [ -117.923992309940118, 52.653878288753866 ], [ -117.923257174581252, 52.654764206828261 ], [ -117.923078729720444, 52.654842162334553 ], [ -117.922473131370495, 52.654918950497965 ], [ -117.922381726731885, 52.655029072711891 ], [ -117.922668328854357, 52.655201571296935 ], [ -117.922747157087301, 52.655319577252726 ], [ -117.922807943315092, 52.656117405287361 ], [ -117.922918444317943, 52.656361615421886 ], [ -117.923201960762754, 52.656651114610916 ], [ -117.923607536101613, 52.656821325403151 ], [ -117.923685027787599, 52.656935771056105 ], [ -117.923649941359699, 52.657202607697428 ], [ -117.923363739521818, 52.657358269122035 ], [ -117.923288842270381, 52.6574774412355 ], [ -117.923314028595897, 52.658249752537436 ], [ -117.923433450364612, 52.658340132007112 ], [ -117.924181112112151, 52.65845569833153 ], [ -117.92441385402843, 52.658643532697539 ], [ -117.924592679870315, 52.658912598627488 ], [ -117.924533920359707, 52.659117854399533 ], [ -117.923903008433513, 52.659223162785814 ], [ -117.92380803896306, 52.65933341160747 ], [ -117.924091800851926, 52.659505684926593 ], [ -117.924183959049927, 52.659671056325152 ], [ -117.92426775562916, 52.661703485627413 ], [ -117.924345476335034, 52.661819978485738 ], [ -117.924600621710212, 52.661936102247829 ], [ -117.924686269565996, 52.662098677003002 ], [ -117.924634408758806, 52.662394114164812 ], [ -117.924289641227745, 52.662804481618899 ], [ -117.924290754904632, 52.66332118575869 ], [ -117.924374845461671, 52.663436218394295 ], [ -117.924984233036497, 52.663667780683753 ], [ -117.925168365866426, 52.66392155574912 ], [ -117.925219389183098, 52.665602430412527 ], [ -117.925118224899393, 52.665870061909665 ], [ -117.924697566271163, 52.665927931500619 ], [ -117.924393185397193, 52.665843617618961 ], [ -117.924320215225364, 52.665609295299276 ], [ -117.924262308164174, 52.664366064510851 ], [ -117.924069762092728, 52.664166313039345 ], [ -117.923620308100638, 52.663900708356479 ], [ -117.923375330518027, 52.66381071085668 ], [ -117.923106488043985, 52.66381486751591 ], [ -117.92299680321922, 52.663906597887092 ], [ -117.922897388797139, 52.664224649877269 ], [ -117.922719882515338, 52.664284541895022 ], [ -117.922593166928678, 52.66422924667382 ], [ -117.922481568485665, 52.663916796255052 ], [ -117.922364218755604, 52.663822849179368 ], [ -117.921010852234687, 52.663779830420637 ], [ -117.920779465042386, 52.663700968669453 ], [ -117.920724037212494, 52.663479275631197 ], [ -117.920813060573792, 52.663320408546468 ], [ -117.921648963735109, 52.663186362698482 ], [ -117.921990474997756, 52.662961386345955 ], [ -117.922053958843065, 52.662759749214352 ], [ -117.922054580241209, 52.662268664292853 ], [ -117.921939205064177, 52.66195420875399 ], [ -117.921748642416588, 52.661908656214621 ], [ -117.920853398480858, 52.661863198421592 ], [ -117.920448225432963, 52.661509324307623 ], [ -117.920083492002263, 52.661397801411375 ], [ -117.919901185482047, 52.66142809932564 ], [ -117.919585119302482, 52.661613258301578 ], [ -117.918620190328795, 52.661687380307825 ], [ -117.918505105740508, 52.661780734246811 ], [ -117.918467357933736, 52.661975023055575 ], [ -117.918485327966593, 52.662460948396678 ], [ -117.918555425833148, 52.662639059792724 ], [ -117.918711966417916, 52.662706485532361 ], [ -117.919228129387761, 52.662767054150635 ], [ -117.919318921142903, 52.662819525690168 ], [ -117.919463248888007, 52.663305580606007 ], [ -117.919797467318773, 52.663689390288312 ], [ -117.919977753135754, 52.663764145721096 ], [ -117.920526406855274, 52.663819330418363 ], [ -117.920680946630583, 52.663886544569259 ], [ -117.920799716072082, 52.664739567491289 ], [ -117.921164543324508, 52.6650037154985 ], [ -117.921261585464208, 52.665544221447142 ], [ -117.921623605102795, 52.665810186055992 ], [ -117.921745071880665, 52.666390108718424 ], [ -117.921898246107119, 52.666458495040544 ], [ -117.922460167728048, 52.666545152486556 ], [ -117.922616075707722, 52.666885117212814 ], [ -117.922732164956699, 52.666976733613808 ], [ -117.924082029531192, 52.667014683414394 ], [ -117.924274268871599, 52.667061876496753 ], [ -117.92434038688117, 52.667131746103827 ], [ -117.924342961368637, 52.667476187738941 ], [ -117.924035859487006, 52.667728943465313 ], [ -117.923746624640401, 52.667800772400405 ], [ -117.922806468629048, 52.66784326318858 ], [ -117.922629193552098, 52.667950750039729 ], [ -117.92265343504495, 52.670738984130487 ], [ -117.922751518165384, 52.67115138185239 ], [ -117.923092383738791, 52.671550854271892 ], [ -117.923412643479367, 52.671754297671264 ], [ -117.923684730514537, 52.67183700591557 ], [ -117.924356150184053, 52.671917425055284 ], [ -117.924387589977002, 52.672042521804855 ], [ -117.924095362617109, 52.672214727725354 ], [ -117.924127465966762, 52.672340157835997 ], [ -117.924384865810012, 52.6723860853932 ], [ -117.925064895245043, 52.672401698243739 ], [ -117.925293301359858, 52.672478412086221 ], [ -117.925445228048929, 52.672903459862383 ], [ -117.925969066000107, 52.673373519084159 ], [ -117.926254373235111, 52.673789378241082 ], [ -117.926247484986007, 52.67441001840664 ], [ -117.925935317977476, 52.674609509953243 ], [ -117.925863499940291, 52.674729036492337 ], [ -117.925881748997796, 52.674959316668406 ], [ -117.925994452687277, 52.675045071521673 ], [ -117.926192890435388, 52.675052461728534 ], [ -117.926437141657786, 52.67496927163161 ], [ -117.926886462399921, 52.674569531161936 ], [ -117.927443526275852, 52.6745196977513 ], [ -117.92796044422694, 52.674584427354482 ], [ -117.928137079135212, 52.674970854224135 ], [ -117.92828802737462, 52.675041589402973 ], [ -117.930005286158021, 52.675039549183104 ], [ -117.930194391033751, 52.674988949777941 ], [ -117.930429228659264, 52.674718348778669 ], [ -117.930752567089485, 52.674545688480322 ], [ -117.931165081714468, 52.674498784676892 ], [ -117.933104373177997, 52.674474176597386 ], [ -117.933323562734699, 52.674389313728454 ], [ -117.933427055000735, 52.674070354409238 ], [ -117.933540253199482, 52.673973619095065 ], [ -117.933904923054655, 52.673936884491802 ], [ -117.934170507518303, 52.673989400032809 ], [ -117.934280548076657, 52.67420485869436 ], [ -117.934248743072573, 52.674611664909179 ], [ -117.934130834473692, 52.674705162077096 ], [ -117.933549492562364, 52.674790574657287 ], [ -117.93343474691892, 52.674882339981004 ], [ -117.933376661563088, 52.675501312223695 ], [ -117.933027085051165, 52.676114101150027 ], [ -117.932933011481921, 52.67683135361019 ], [ -117.93278358385956, 52.676901527962372 ], [ -117.932406526563639, 52.676910537877454 ], [ -117.932211060840586, 52.676865070547315 ], [ -117.931881453897617, 52.676672051955101 ], [ -117.931568844458468, 52.676655449120275 ], [ -117.931265765684827, 52.676703550589259 ], [ -117.931067109586024, 52.676838965561622 ], [ -117.930854446149397, 52.677110639820334 ], [ -117.930783836295902, 52.677523262294095 ], [ -117.93093328760753, 52.677708424540157 ], [ -117.931494094701037, 52.677744034743405 ], [ -117.931967419697756, 52.677695632430179 ], [ -117.932341829430513, 52.67747865784937 ], [ -117.932833248531139, 52.677445239554586 ], [ -117.933235303107793, 52.677467850176001 ], [ -117.933414010705604, 52.677577857935198 ], [ -117.933566203142604, 52.678013144304529 ], [ -117.933752883243415, 52.678148384101704 ], [ -117.934007925884714, 52.678227531767767 ], [ -117.934321346313581, 52.678210010157308 ], [ -117.934993905141226, 52.677990050166898 ], [ -117.935327933816367, 52.677976090280779 ], [ -117.935595205851286, 52.678027346458762 ], [ -117.935684897753418, 52.678185403585019 ], [ -117.935661474136651, 52.678370863220415 ], [ -117.93531658364661, 52.678603606870553 ], [ -117.935257834676264, 52.678786270746755 ], [ -117.935264686922764, 52.679597838273921 ], [ -117.935304054017138, 52.679740079972774 ], [ -117.935423199036194, 52.679833423043647 ], [ -117.936073972482234, 52.679869948124889 ], [ -117.936510152215831, 52.679800694527735 ], [ -117.936597321788042, 52.679635840829199 ], [ -117.936644474334031, 52.678862791265473 ], [ -117.936868184093512, 52.678782895149588 ], [ -117.93763296178426, 52.678753614389251 ], [ -117.937846237394382, 52.678707586335122 ], [ -117.938016076841905, 52.678556206595594 ], [ -117.938376890681113, 52.677960544882886 ], [ -117.938803093070632, 52.677714266295396 ], [ -117.939306674008463, 52.677667472583032 ], [ -117.941981927581963, 52.677649725168152 ], [ -117.942313082025237, 52.677685432314426 ], [ -117.942601288657286, 52.677816521561695 ], [ -117.942720031963518, 52.677926393402799 ], [ -117.942787678526813, 52.678126826353619 ], [ -117.942804012568857, 52.679314010697958 ], [ -117.942660123427004, 52.679495371672772 ], [ -117.942079924078584, 52.679578370107237 ], [ -117.941963914684649, 52.679669936176225 ], [ -117.941946395812508, 52.6806168220252 ], [ -117.942051183316877, 52.680828480622623 ], [ -117.942607936237508, 52.681028018025216 ], [ -117.942828640554836, 52.681263097586786 ], [ -117.942897410563404, 52.682323517838306 ], [ -117.942973569851631, 52.682439842887391 ], [ -117.943260573399485, 52.682588630392921 ], [ -117.94332346450075, 52.68276799941583 ], [ -117.943380227241349, 52.684700251714752 ], [ -117.943469185832683, 52.684863450915827 ], [ -117.943722454075939, 52.684978977674959 ], [ -117.9437994445735, 52.685095239713775 ], [ -117.943844845963014, 52.685890113654764 ], [ -117.943775843882122, 52.68625057995434 ], [ -117.943461778189885, 52.686609321617368 ], [ -117.943362115768537, 52.687258235845697 ], [ -117.943211181532618, 52.687327677186182 ], [ -117.942672403143774, 52.687392559863767 ], [ -117.942456986186585, 52.687517659218436 ], [ -117.941387941721686, 52.689069934508609 ], [ -117.941123278980143, 52.689221402218095 ], [ -117.940560206483127, 52.689282341379794 ], [ -117.940360868300218, 52.689342684758472 ], [ -117.939585379733344, 52.690198297267415 ], [ -117.939121500186857, 52.690448043700854 ], [ -117.938953306612106, 52.690826663469224 ], [ -117.938391013187257, 52.690918989162157 ], [ -117.93823919382109, 52.690988866701701 ], [ -117.938147541698584, 52.692159966073305 ], [ -117.938071386668653, 52.69220686812708 ], [ -117.937908313007057, 52.69220803733343 ], [ -117.937661571379635, 52.692040471243111 ], [ -117.937465224281468, 52.691995011940691 ], [ -117.937158250372988, 52.691994802714007 ], [ -117.936976084752587, 52.692043920217088 ], [ -117.936772802383615, 52.692459894128994 ], [ -117.936020203164887, 52.692575457495259 ], [ -117.93565287735629, 52.692782128249966 ], [ -117.935571103365774, 52.692971498195853 ], [ -117.93555029312175, 52.693445229353749 ], [ -117.935475869433816, 52.693560377542411 ], [ -117.935047562381754, 52.693625626754304 ], [ -117.93223123320405, 52.693659968678489 ], [ -117.932059308420236, 52.693770419343331 ], [ -117.93198347317427, 52.694115096122623 ], [ -117.931849606262531, 52.694279681571381 ], [ -117.931516419774681, 52.694473656530512 ], [ -117.931010692316462, 52.694642236354511 ], [ -117.930445084637512, 52.694732485423621 ], [ -117.928709130824942, 52.694771861950692 ], [ -117.928279270686147, 52.694995319471268 ], [ -117.927260575446667, 52.69504501479291 ], [ -117.926870708753739, 52.695124172896939 ], [ -117.926468193513543, 52.695273837055524 ], [ -117.926131729840932, 52.695537281296808 ], [ -117.925240473701379, 52.695594567500471 ], [ -117.925016168024811, 52.695674350970002 ], [ -117.924927324201576, 52.696844231054143 ], [ -117.92415704418471, 52.69717623218488 ], [ -117.923842968491641, 52.697383288638704 ], [ -117.923705459251877, 52.697546625601724 ], [ -117.923662206700371, 52.698973363468781 ], [ -117.923546687177051, 52.699064696112004 ], [ -117.922966813412827, 52.699147377069025 ], [ -117.922823122633417, 52.699328586941135 ], [ -117.922912733195062, 52.703691845600602 ], [ -117.922974803702047, 52.703871857263714 ], [ -117.923316400685792, 52.70409721602158 ], [ -117.923440600004398, 52.704686525194361 ], [ -117.923666871034555, 52.704766986226922 ], [ -117.924111116786477, 52.704738536773263 ], [ -117.924226451363722, 52.704643298827698 ], [ -117.924264142744704, 52.70444750544263 ], [ -117.924191254167482, 52.703004019441877 ], [ -117.924071446367478, 52.702914342487759 ], [ -117.923432248823772, 52.702817440470362 ], [ -117.923323011757006, 52.702609373288588 ], [ -117.923354834449484, 52.702207668928111 ], [ -117.923663543364739, 52.702012033133357 ], [ -117.923746522766095, 52.701846861424322 ], [ -117.923731657692869, 52.699546992524638 ], [ -117.923802449123343, 52.699429133911472 ], [ -117.924101797578359, 52.699233570809064 ], [ -117.924201297769301, 52.69865338187131 ], [ -117.924353089509594, 52.698583484768854 ], [ -117.924867527341618, 52.698515282505824 ], [ -117.924982714082205, 52.698423711426223 ], [ -117.92502496842576, 52.6970640207564 ], [ -117.925140018928488, 52.696972372038076 ], [ -117.92565343567513, 52.696903573874202 ], [ -117.925804119719047, 52.69683302481404 ], [ -117.92588047172886, 52.696292408411402 ], [ -117.92595618367281, 52.69617747398064 ], [ -117.926141691704842, 52.696127559005895 ], [ -117.926964834251478, 52.696082622125836 ], [ -117.927335733031768, 52.69587711316759 ], [ -117.92840281229077, 52.69579930211998 ], [ -117.929062917112859, 52.695583276441489 ], [ -117.93057647768687, 52.695504235236008 ], [ -117.930686665779305, 52.69540993873219 ], [ -117.930786103740886, 52.695096252358987 ], [ -117.930872680852673, 52.695041030229255 ], [ -117.931824987806934, 52.694966072643609 ], [ -117.932260071296071, 52.694745514896148 ], [ -117.933443559420226, 52.6946725889877 ], [ -117.934072156938612, 52.694467522882789 ], [ -117.93440789327434, 52.694203701218932 ], [ -117.935426888564763, 52.694116485703518 ], [ -117.935538749523005, 52.694023718738968 ], [ -117.935676085743978, 52.693678448597048 ], [ -117.936451474471212, 52.693471284457679 ], [ -117.9367607019188, 52.693334891821543 ], [ -117.936989853734431, 52.69285616413859 ], [ -117.938111528398764, 52.692723274283352 ], [ -117.938317007034883, 52.692312543980933 ], [ -117.938939719955059, 52.692201944585186 ], [ -117.939053236031469, 52.692109395017276 ], [ -117.939098020344574, 52.691336907148909 ], [ -117.939167390685014, 52.691217949731978 ], [ -117.939466046762007, 52.691020172167036 ], [ -117.939522028256008, 52.690517156169832 ], [ -117.939590555745269, 52.690408717814435 ], [ -117.939797846816091, 52.690389385276958 ], [ -117.940031949286762, 52.690549537473544 ], [ -117.940242790187668, 52.690563979321816 ], [ -117.94034092486018, 52.690480445908371 ], [ -117.940481120845561, 52.690138463958142 ], [ -117.94115810173696, 52.690038687538596 ], [ -117.941418285259033, 52.689950778081297 ], [ -117.941660071194164, 52.689728466093236 ], [ -117.941702995095241, 52.68920365875907 ], [ -117.941790040221321, 52.689043141644561 ], [ -117.942463251325123, 52.688911535535645 ], [ -117.942634391087466, 52.68845336658034 ], [ -117.942907271800266, 52.688250905878355 ], [ -117.943110103417368, 52.688190677081074 ], [ -117.94367532094094, 52.688134707676546 ], [ -117.943827868415752, 52.688065439048792 ], [ -117.943887927902679, 52.687835985845723 ], [ -117.943865564987334, 52.686969315020313 ], [ -117.94394043445395, 52.686716841048046 ], [ -117.944353570434089, 52.686232614852067 ], [ -117.945126627714401, 52.685774628904952 ], [ -117.945697751150433, 52.685707510115819 ], [ -117.947181003574883, 52.68572215924614 ], [ -117.947317431105859, 52.685783509552721 ], [ -117.94731815582675, 52.685884406040991 ], [ -117.947053596331202, 52.6860315539409 ], [ -117.947014954842473, 52.686131709972841 ], [ -117.947106943391347, 52.686212233556688 ], [ -117.947311135651034, 52.686238737921954 ], [ -117.947728065071843, 52.686177876206877 ], [ -117.947893239454629, 52.685789300463142 ], [ -117.948019313737674, 52.685730231117645 ], [ -117.948176228692319, 52.685750418044705 ], [ -117.948493760942398, 52.685928273701172 ], [ -117.949396770311537, 52.685974514810255 ], [ -117.949575917302752, 52.686082626487092 ], [ -117.949689197093107, 52.686674244090767 ], [ -117.94991012301341, 52.686752782285254 ], [ -117.950352822819227, 52.686722803857137 ], [ -117.950608190203155, 52.686542330209811 ], [ -117.950806027670751, 52.686492588303409 ], [ -117.951318169209216, 52.686469809847594 ], [ -117.951701741767565, 52.686505666880677 ], [ -117.951803610472609, 52.686594186201724 ], [ -117.951783375955955, 52.686721533539206 ], [ -117.951070804018016, 52.687264329045654 ], [ -117.950961866767074, 52.687617170395512 ], [ -117.951043498765642, 52.688005275410134 ], [ -117.951201493995995, 52.688072295973924 ], [ -117.951775925174772, 52.688153495146537 ], [ -117.951884058527511, 52.688360721041306 ], [ -117.951879154456023, 52.689263747762702 ], [ -117.951806928372477, 52.689381510693295 ], [ -117.951501976372242, 52.689575009913227 ], [ -117.951465193601422, 52.690090283203702 ], [ -117.951508395829421, 52.690615859675042 ], [ -117.951586093437342, 52.690732682552017 ], [ -117.951901555752286, 52.690922834646607 ], [ -117.951945219332401, 52.691322660038026 ], [ -117.951851586672092, 52.69154002234562 ], [ -117.951562623242936, 52.691697901288812 ], [ -117.951525563162278, 52.691966081654961 ], [ -117.951660376580165, 52.692097745150406 ], [ -117.952376730625716, 52.69217573588562 ], [ -117.952715542130477, 52.692338997068312 ], [ -117.952835004497842, 52.692510825316205 ], [ -117.952935175914263, 52.69311407716603 ], [ -117.953458601250333, 52.693390921711277 ], [ -117.954167014286014, 52.69423432374024 ], [ -117.954233632734798, 52.694491358858684 ], [ -117.954259126857778, 52.695461751694779 ], [ -117.954336424918765, 52.695722179451089 ], [ -117.955217141072012, 52.697009387988032 ], [ -117.955570746796511, 52.697406431462355 ], [ -117.955983776216058, 52.697746379252955 ], [ -117.956077728259032, 52.697934066906591 ], [ -117.956064416293714, 52.698718343363254 ], [ -117.955945303715609, 52.698811536783779 ], [ -117.955312073639277, 52.698917219668843 ], [ -117.955265824746988, 52.698975320300384 ], [ -117.955310651979985, 52.699065246481247 ], [ -117.955571008341593, 52.699111964459092 ], [ -117.956781596075857, 52.699132741206938 ], [ -117.956933957121393, 52.699202273978955 ], [ -117.957047257055066, 52.699514749982214 ], [ -117.95716222157796, 52.699607083210587 ], [ -117.957457002851385, 52.699641863880338 ], [ -117.958425205191759, 52.699638762571695 ], [ -117.95869112810982, 52.699690988743946 ], [ -117.95877140255493, 52.699804314762126 ], [ -117.958822479358886, 52.700269491085258 ], [ -117.958896400660123, 52.700404842931782 ], [ -117.959511765631049, 52.700674701199155 ], [ -117.959669056322028, 52.700824143154016 ], [ -117.95975039259163, 52.70214747950908 ], [ -117.959826023638783, 52.702264355974492 ], [ -117.960133299845651, 52.7024560249262 ], [ -117.960209812447403, 52.702959616876477 ], [ -117.96029152113698, 52.703074211998548 ], [ -117.960551244445881, 52.70312476102599 ], [ -117.960854095319448, 52.703105293664827 ], [ -117.961173695674304, 52.702909039707521 ], [ -117.96144913706668, 52.702850524907014 ], [ -117.961961778072848, 52.702837018293359 ], [ -117.96225802884986, 52.702872328067777 ], [ -117.96237414547754, 52.702965451017526 ], [ -117.96253997505589, 52.703514453847788 ], [ -117.962864413992421, 52.70383969715499 ], [ -117.963230290586452, 52.703910743216746 ], [ -117.96447188103167, 52.703913852654694 ], [ -117.964696992715901, 52.703958023884724 ], [ -117.964919479736551, 52.704070456414442 ], [ -117.965081255666405, 52.70427872393762 ], [ -117.965182278425985, 52.704882858430359 ], [ -117.965335043803663, 52.704951075977661 ], [ -117.965896916804496, 52.705037305073752 ], [ -117.966052079844829, 52.705377767517646 ], [ -117.966167091429725, 52.705470020470045 ], [ -117.96663113543525, 52.705508528771041 ], [ -117.970356837301168, 52.705495627476914 ], [ -117.970914987560207, 52.705737405942145 ], [ -117.971221270946629, 52.705951490954526 ], [ -117.971422272816653, 52.706189257251445 ], [ -117.971559849294437, 52.706241182787693 ], [ -117.971739222860904, 52.706179923549719 ], [ -117.971836766060278, 52.70586165160789 ], [ -117.972011210446723, 52.705752982170907 ], [ -117.972462400203298, 52.705786770385338 ], [ -117.973005886785586, 52.70598136142965 ], [ -117.973123597912192, 52.706153534288035 ], [ -117.973218560148297, 52.706975625863997 ], [ -117.973372607295019, 52.707043345630353 ], [ -117.973937557184769, 52.707128042275208 ], [ -117.974165635040208, 52.707532383707338 ], [ -117.974794142920373, 52.707631690073946 ], [ -117.974911779256914, 52.707721848428342 ], [ -117.974998008712646, 52.708395468097947 ], [ -117.975379552841915, 52.709159108202989 ], [ -117.975436311347096, 52.709478522713319 ], [ -117.975418770581442, 52.710111991381282 ], [ -117.975344054243365, 52.710230452764179 ], [ -117.975070001556986, 52.710382819611254 ], [ -117.975080053709675, 52.71054527236479 ], [ -117.975296428426404, 52.710708793892955 ], [ -117.975850911659222, 52.710872893218053 ], [ -117.976096437164998, 52.711045938017115 ], [ -117.976340278047473, 52.711412417312346 ], [ -117.976443549843978, 52.712345602350162 ], [ -117.977033590934653, 52.71258627197335 ], [ -117.977383271005777, 52.712912785865882 ], [ -117.977539464410327, 52.712937510051198 ], [ -117.977665355217468, 52.712878911680619 ], [ -117.977746808865348, 52.712284538666559 ], [ -117.977919619455875, 52.712171485830304 ], [ -117.97939457424377, 52.712151892823194 ], [ -117.98016504085922, 52.712333378623448 ], [ -117.98060487235486, 52.712535515161058 ], [ -117.98081969549655, 52.712780091678987 ], [ -117.980826503299113, 52.713573221887479 ], [ -117.98075067705129, 52.71369235297179 ], [ -117.980503008423554, 52.713813550451 ], [ -117.980454263251772, 52.713926083072728 ], [ -117.980510328761625, 52.714047579675558 ], [ -117.98069538362374, 52.714176537641862 ], [ -117.981041845778407, 52.714271094915759 ], [ -117.982104718124987, 52.71429181392557 ], [ -117.98257522779214, 52.714382165369365 ], [ -117.983080954143688, 52.714549240073012 ], [ -117.98343660340754, 52.714734936780793 ], [ -117.983850296943018, 52.715012384943385 ], [ -117.984084861276173, 52.715309232966064 ], [ -117.984376259624497, 52.71545061404391 ], [ -117.984901053380781, 52.715576802678484 ], [ -117.985870103570946, 52.715596344206219 ], [ -117.986177147392638, 52.715641723363071 ], [ -117.986376422694576, 52.715772059333474 ], [ -117.987136275016823, 52.716581878338623 ], [ -117.987338685295953, 52.716639242722074 ], [ -117.98800188261815, 52.716699598447597 ], [ -117.988289830753089, 52.716831265301451 ], [ -117.988435150371998, 52.716990407292485 ], [ -117.988531528773507, 52.717336729583167 ], [ -117.988644030407499, 52.717424561736991 ], [ -117.988910094265592, 52.71741989598614 ], [ -117.989183307998545, 52.717284071223204 ], [ -117.989324424230645, 52.717118241878666 ], [ -117.989430865160344, 52.716727294641856 ], [ -117.989610931903201, 52.716667261423261 ], [ -117.989763614630959, 52.716760096701137 ], [ -117.989938966697537, 52.717314070719752 ], [ -117.990265090619232, 52.717636769281427 ], [ -117.990571163647488, 52.717667906174405 ], [ -117.990858105018788, 52.71748320122105 ], [ -117.991067573071646, 52.717498105158533 ], [ -117.991172264319047, 52.717806824316085 ], [ -117.99119021466214, 52.718466627254308 ], [ -117.991131062015867, 52.71869959574331 ], [ -117.990829845494488, 52.718788183142799 ], [ -117.989313467551554, 52.718800475251996 ], [ -117.988856931732826, 52.718886071679954 ], [ -117.988652257453737, 52.719013500630879 ], [ -117.988536914637663, 52.719189518338979 ], [ -117.988517319085943, 52.719565358861843 ], [ -117.988591807886863, 52.719797881776124 ], [ -117.988822986256025, 52.719875658017394 ], [ -117.989965914057379, 52.719880860438586 ], [ -117.990222805113049, 52.719926900752455 ], [ -117.990254391156199, 52.720052102699704 ], [ -117.989955461796356, 52.720232929271212 ], [ -117.989986845814485, 52.720437919965342 ], [ -117.990343998231921, 52.720669387998484 ], [ -117.991087572504313, 52.720897526731406 ], [ -117.991411041068417, 52.720928961748129 ], [ -117.991712819634074, 52.720878865843169 ], [ -117.991975811362408, 52.720724450628509 ], [ -117.992212200490016, 52.720453185797474 ], [ -117.992391221660867, 52.72041803255641 ], [ -117.99275626666342, 52.720529471388069 ], [ -117.993160747454411, 52.720885331979645 ], [ -117.994159800026438, 52.720931534016202 ], [ -117.994447868559405, 52.720997797581781 ], [ -117.994755749518532, 52.721242431402793 ], [ -117.994880412522704, 52.721972730335615 ], [ -117.995693314518107, 52.722743071302794 ], [ -117.996398377014117, 52.723185490209659 ], [ -117.997167753309981, 52.723405500568276 ], [ -117.997449683224644, 52.723602331970611 ], [ -117.997599937874398, 52.724706922539731 ], [ -117.99817640497146, 52.725429275081893 ], [ -117.998489000094779, 52.725715863799479 ], [ -117.999044942048471, 52.725917362963983 ], [ -117.999612840123405, 52.725998135673343 ], [ -118.000078089584136, 52.725958395669707 ], [ -118.000324475380324, 52.725780772614002 ], [ -118.000516579848167, 52.725732680854911 ], [ -118.001469031867217, 52.725704926490977 ], [ -118.001975861425151, 52.725745734626223 ], [ -118.002862272254319, 52.726189414094293 ], [ -118.003665927411703, 52.726504667924303 ], [ -118.0039228282686, 52.726976955181833 ], [ -118.004595916096179, 52.727092903909295 ], [ -118.004631437700795, 52.727216448204871 ], [ -118.004301515365015, 52.727438963266401 ], [ -118.004304505100748, 52.727711631066249 ], [ -118.004423264477268, 52.727802019823763 ], [ -118.005013169239803, 52.727880844953695 ], [ -118.005160086824091, 52.728058202758781 ], [ -118.005114456048091, 52.72828206968196 ], [ -118.004766153607562, 52.728516265582726 ], [ -118.004771411698172, 52.728787109897091 ], [ -118.004890784117094, 52.728876622861534 ], [ -118.005535664967439, 52.728974814639876 ], [ -118.005622855768934, 52.729086055231583 ], [ -118.005639745975643, 52.729337490288032 ], [ -118.005507238169045, 52.72963090146888 ], [ -118.005192064657152, 52.729985047974594 ], [ -118.004018779008291, 52.730761017529339 ], [ -118.003930288251155, 52.730923418469501 ], [ -118.003989131668277, 52.731031443579248 ], [ -118.004175108045487, 52.73107878911798 ], [ -118.004694348093409, 52.731090424827208 ], [ -118.005129988311296, 52.731057263220237 ], [ -118.005333283719168, 52.730994196552011 ], [ -118.005603666046781, 52.730787627516079 ], [ -118.005761221773028, 52.730234675823766 ], [ -118.005942640063267, 52.730097176212581 ], [ -118.006199393005105, 52.730006882813804 ], [ -118.007508583823409, 52.729980874951579 ], [ -118.007781622354514, 52.730032072220197 ], [ -118.008103428344171, 52.730219190848949 ], [ -118.008921255450318, 52.73022299882382 ], [ -118.009114513232689, 52.730175498460341 ], [ -118.009428395486211, 52.729985410554491 ], [ -118.010833874203215, 52.729907685822909 ], [ -118.010945533686552, 52.729812291816401 ], [ -118.011086524689986, 52.729460222305612 ], [ -118.011423511829705, 52.729397786489045 ], [ -118.011766302155976, 52.7294499789366 ], [ -118.011886532797121, 52.729771259928881 ], [ -118.011828960422932, 52.73038672509859 ], [ -118.01167431401575, 52.730457117170594 ], [ -118.011024364816208, 52.730531856925204 ], [ -118.010787113591675, 52.730633270749948 ], [ -118.010632584300538, 52.730771623489836 ], [ -118.010615964610508, 52.730899240568611 ], [ -118.010664693606628, 52.730970340189131 ], [ -118.010908481626018, 52.731082348118036 ], [ -118.010936143625344, 52.731208820960134 ], [ -118.010799129784616, 52.731269795574036 ], [ -118.010282174485596, 52.731339692221958 ], [ -118.010144873699588, 52.731477789055376 ], [ -118.010125998373027, 52.731786097027808 ], [ -118.010206416274826, 52.732017900964607 ], [ -118.010368103168133, 52.732087524018041 ], [ -118.010892827523108, 52.732149041010786 ], [ -118.010974718605894, 52.732194714550808 ], [ -118.010979641704054, 52.732289122939072 ], [ -118.010769702473468, 52.732359437659305 ], [ -118.009728604549707, 52.732424391996261 ], [ -118.009438826024308, 52.732560099510394 ], [ -118.009306028432491, 52.732717361489669 ], [ -118.00930907676323, 52.732862334077396 ], [ -118.009445020501232, 52.733024519257853 ], [ -118.009887825764253, 52.733297121044764 ], [ -118.010205466891748, 52.73342344192352 ], [ -118.010536410093181, 52.733454810307222 ], [ -118.010854446818811, 52.733430512072552 ], [ -118.011273084171535, 52.733214642511626 ], [ -118.011428381949159, 52.733240456054318 ], [ -118.011485633027178, 52.733304795064235 ], [ -118.011511684287598, 52.733486758494784 ], [ -118.011430763512394, 52.733652745975341 ], [ -118.011082299305372, 52.733801896854153 ], [ -118.010630866807162, 52.734183072604907 ], [ -118.010244929265653, 52.734365271339307 ], [ -118.010195045387476, 52.734543049689755 ], [ -118.010251863625257, 52.734716486871903 ], [ -118.010481912676298, 52.734794107368572 ], [ -118.011627233772842, 52.734797384220165 ], [ -118.011936991630648, 52.734842411335272 ], [ -118.01229570476626, 52.735144013422115 ], [ -118.01279232841172, 52.735930367276886 ], [ -118.012968006907855, 52.736078965808019 ], [ -118.01326350813639, 52.736127169583781 ], [ -118.014234659439808, 52.736145857413703 ], [ -118.014955904401674, 52.736347932987378 ], [ -118.015108505549222, 52.736499830151068 ], [ -118.015217006369355, 52.737022793595571 ], [ -118.015575885666536, 52.737607002060429 ], [ -118.015742053399833, 52.737691164102316 ], [ -118.016392580159931, 52.737789690114901 ], [ -118.016578081838844, 52.738170039878035 ], [ -118.016730424353611, 52.738238360310554 ], [ -118.01718039507054, 52.738231030180053 ], [ -118.017541707784744, 52.738021685636731 ], [ -118.017749345095879, 52.738037726196879 ], [ -118.017839893153663, 52.738242078425998 ], [ -118.017865809670639, 52.738893190446895 ], [ -118.017956570597534, 52.739081945954332 ], [ -118.018387891312756, 52.739342069167492 ], [ -118.019214874629824, 52.739565827238913 ], [ -118.019986332647633, 52.73955256526483 ], [ -118.02056475207722, 52.739347882332304 ], [ -118.020803417864357, 52.739320731595427 ], [ -118.022056600799729, 52.739552282925622 ], [ -118.023441966625043, 52.739531581857136 ], [ -118.02361429651279, 52.73942027145938 ], [ -118.023701762568024, 52.738832369406254 ], [ -118.024232105162582, 52.738615670479653 ], [ -118.024455465487705, 52.738439701906678 ], [ -118.024516006504442, 52.738191769127013 ], [ -118.024413959317073, 52.737984154108865 ], [ -118.023569755998309, 52.737864652619386 ], [ -118.023341973820195, 52.737755564782496 ], [ -118.023208436560367, 52.737610126426503 ], [ -118.023219099269909, 52.737488722087612 ], [ -118.023493242944667, 52.737335253786675 ], [ -118.02357854355175, 52.737169051255471 ], [ -118.023543530600691, 52.735396758677666 ], [ -118.023402360327736, 52.735168354000812 ], [ -118.022747352816339, 52.734722638141371 ], [ -118.022636183123765, 52.734479735642843 ], [ -118.022688877486345, 52.733983900331936 ], [ -118.022843432727882, 52.733914010204344 ], [ -118.023295614115966, 52.733860129156334 ], [ -118.023446559639382, 52.733789289182688 ], [ -118.023520804171312, 52.733246914639238 ], [ -118.02359544276932, 52.733130562194034 ], [ -118.023780164755294, 52.733078563729329 ], [ -118.024292000859958, 52.733056289635769 ], [ -118.024914918798331, 52.7330607223426 ], [ -118.02522261334633, 52.733109268167325 ], [ -118.025967474296465, 52.73372226425078 ], [ -118.026950934253492, 52.734122695888736 ], [ -118.027068033525637, 52.734291054297266 ], [ -118.027102200324748, 52.734984385659992 ], [ -118.027191011673452, 52.735161993747425 ], [ -118.027442503071001, 52.735263733724167 ], [ -118.0284925672714, 52.73550776467966 ], [ -118.028804457389484, 52.735703956156904 ], [ -118.028901551784656, 52.735939637628945 ], [ -118.028850395494842, 52.73617035522738 ], [ -118.028509244039597, 52.736400648617341 ], [ -118.028426003422879, 52.737256444926864 ], [ -118.027827781307224, 52.737496192875319 ], [ -118.027335022373478, 52.737801618334252 ], [ -118.027176311838161, 52.738017448163575 ], [ -118.02719537475528, 52.738310023710731 ], [ -118.027261332453435, 52.738379253911411 ], [ -118.027453551544994, 52.73842564886543 ], [ -118.028591713103452, 52.738429490297008 ], [ -118.028857269751057, 52.738481891119001 ], [ -118.029065826123102, 52.738921483152986 ], [ -118.029782028497479, 52.73925828489967 ], [ -118.030233037487434, 52.739738830799041 ], [ -118.030286550161094, 52.739861906634303 ], [ -118.030231451826651, 52.739968104660115 ], [ -118.029497974916751, 52.740090586574681 ], [ -118.02925366297427, 52.74026450322107 ], [ -118.029032851494051, 52.740587180280869 ], [ -118.029020086417276, 52.740948080800834 ], [ -118.029104473557496, 52.741061089298775 ], [ -118.02922288649539, 52.741097970508569 ], [ -118.030443311314784, 52.741111993856698 ], [ -118.03075464294858, 52.741196301737233 ], [ -118.030811180823704, 52.741370385465565 ], [ -118.030755478593903, 52.741545062543274 ], [ -118.030597654143193, 52.741616959624039 ], [ -118.030015064087465, 52.741715217654694 ], [ -118.029933185484609, 52.741827779727096 ], [ -118.029935052515398, 52.742012677870157 ], [ -118.030072544621973, 52.742145571698735 ], [ -118.030714294620537, 52.742209288726627 ], [ -118.031038744907278, 52.742321464749615 ], [ -118.031243023317245, 52.742509278434333 ], [ -118.031302132386486, 52.742825203558866 ], [ -118.031235523711771, 52.743245651685356 ], [ -118.030898318493286, 52.743475395516818 ], [ -118.030500938320273, 52.743538358240016 ], [ -118.029892439470999, 52.743535478076446 ], [ -118.029617772298593, 52.743482568927249 ], [ -118.029295844805119, 52.743293656011716 ], [ -118.028658556970569, 52.743315685844237 ], [ -118.027419855945311, 52.743831606184017 ], [ -118.027307340585722, 52.744003540771615 ], [ -118.027331528290816, 52.744241526638056 ], [ -118.02745036226834, 52.744333680768406 ], [ -118.027668052345589, 52.744365009869483 ], [ -118.029460718415535, 52.744345602345497 ], [ -118.02984253146748, 52.744380838934433 ], [ -118.029975277420235, 52.744516851281126 ], [ -118.030071140353442, 52.745332568820075 ], [ -118.030225256070253, 52.745400495851264 ], [ -118.030790519990092, 52.745485261111767 ], [ -118.030952257935695, 52.745821835548448 ], [ -118.031069793410623, 52.745912382592721 ], [ -118.031692665640975, 52.746014391571634 ], [ -118.031866853277208, 52.746412875177882 ], [ -118.031994915646663, 52.746520318055083 ], [ -118.03271043586399, 52.746726987315682 ], [ -118.034116458074578, 52.746773377301558 ], [ -118.034827280280595, 52.74699382133965 ], [ -118.035025712285403, 52.747204253865789 ], [ -118.035401943426635, 52.748021957822232 ], [ -118.035815541461986, 52.748616293912249 ], [ -118.035799416607873, 52.748791660456128 ], [ -118.035460007722406, 52.749021596273771 ], [ -118.035488120036177, 52.749329430473686 ], [ -118.035644300292063, 52.749396564186952 ], [ -118.036215624412534, 52.749445166850336 ], [ -118.036421935969614, 52.749502434248434 ], [ -118.036704295292068, 52.749700732663264 ], [ -118.036893064508121, 52.750156463351935 ], [ -118.037552393880532, 52.750249443307553 ], [ -118.037732360564348, 52.750323856303787 ], [ -118.038409737572422, 52.751059778416355 ], [ -118.038591302288808, 52.751395637469756 ], [ -118.038600701656037, 52.75171754086346 ], [ -118.038529700638634, 52.751919216481234 ], [ -118.038275548369413, 52.75222856202285 ], [ -118.03805091399316, 52.752345507897878 ], [ -118.037653985617169, 52.752373357433008 ], [ -118.037390131486575, 52.752317325048217 ], [ -118.037229690279645, 52.75196365812041 ], [ -118.037111489603959, 52.751867832003015 ], [ -118.036669745868267, 52.751841386580331 ], [ -118.036446934050929, 52.751922998023197 ], [ -118.036384224132334, 52.752211062479304 ], [ -118.036424999326286, 52.753516272775897 ], [ -118.036381293282204, 52.753661594865846 ], [ -118.03625608053126, 52.7537700113174 ], [ -118.035542647656399, 52.753985960762563 ], [ -118.034114425642784, 52.754025745215444 ], [ -118.033903763572269, 52.754056807072793 ], [ -118.03381308293271, 52.754135871440489 ], [ -118.033860002590004, 52.754230249064491 ], [ -118.034371459522177, 52.754397178306668 ], [ -118.034894007722201, 52.754688344106313 ], [ -118.03506286540626, 52.754838901756749 ], [ -118.035128922435575, 52.755086080646429 ], [ -118.035078330207597, 52.755266085821454 ], [ -118.03473994220596, 52.755495865890147 ], [ -118.034683410631089, 52.756059233249843 ], [ -118.03453257207822, 52.756274860424156 ], [ -118.03392554315468, 52.756635497039134 ], [ -118.033145056108779, 52.756751208924818 ], [ -118.032992835325928, 52.756843151550818 ], [ -118.033039513892092, 52.756936150124375 ], [ -118.033478691175603, 52.75707751159419 ], [ -118.033729657036133, 52.757240477829811 ], [ -118.033960203283669, 52.757735115739486 ], [ -118.034794296165202, 52.757854603425287 ], [ -118.035070825171388, 52.757999670421917 ], [ -118.035178120291334, 52.758167617381133 ], [ -118.0351196441014, 52.758348898975377 ], [ -118.034875802516979, 52.758511593516616 ], [ -118.03466917283437, 52.758572256957855 ], [ -118.033902473457601, 52.758648506947431 ], [ -118.033665625776521, 52.758749413128143 ], [ -118.033501114456271, 52.758892662574432 ], [ -118.033439057178413, 52.759146309342448 ], [ -118.033441575316289, 52.76017145536391 ], [ -118.033054160266602, 52.760883977013222 ], [ -118.03304610096022, 52.761531260879785 ], [ -118.03311911493266, 52.761759362183753 ], [ -118.033274927552398, 52.7618261255679 ], [ -118.033824186666337, 52.761880756442899 ], [ -118.034005343002008, 52.76195511427251 ], [ -118.034774426244965, 52.762626927137362 ], [ -118.034867461544309, 52.762815347146642 ], [ -118.034847932340355, 52.763056186333053 ], [ -118.034730894830091, 52.763148802129407 ], [ -118.033750583637541, 52.763216565582525 ], [ -118.033596394307907, 52.763307946195887 ], [ -118.033636292631954, 52.763403067158542 ], [ -118.033943022251748, 52.763590899680366 ], [ -118.034075992996975, 52.764175161327515 ], [ -118.034364111803185, 52.764327269271504 ], [ -118.034454140829098, 52.764492831327566 ], [ -118.034429244675152, 52.764946922615096 ], [ -118.034126303331448, 52.765142286181145 ], [ -118.034089830114155, 52.765239794051418 ], [ -118.034244150977884, 52.76532997176637 ], [ -118.034622951799051, 52.76533095533479 ], [ -118.034819941080414, 52.765282948384346 ], [ -118.035022124245288, 52.765128523752352 ], [ -118.035283604985992, 52.765099441105939 ], [ -118.035534303561107, 52.765174854776902 ], [ -118.035750784170943, 52.765340663786603 ], [ -118.035725726412224, 52.765538997286804 ], [ -118.035284425498176, 52.765694342780129 ], [ -118.034999157172919, 52.765900827254292 ], [ -118.03493589124578, 52.766099490255257 ], [ -118.034969134146323, 52.766289637557087 ], [ -118.03515395002826, 52.766395123315753 ], [ -118.03623509082334, 52.76645938279735 ], [ -118.036594558043362, 52.76675874166736 ], [ -118.036744411530563, 52.767102608132802 ], [ -118.036791303965401, 52.768393812675555 ], [ -118.036913174570685, 52.768560622707454 ], [ -118.037489698908303, 52.768794016022738 ], [ -118.037622879829129, 52.768898498043882 ], [ -118.037760475905387, 52.770085023203997 ], [ -118.037838432878033, 52.770130805329657 ], [ -118.038000859602676, 52.770129726879681 ], [ -118.038238968086915, 52.769959149323434 ], [ -118.038600617564427, 52.769894611608116 ], [ -118.039197611164482, 52.769904081980428 ], [ -118.039426751735988, 52.769986617951041 ], [ -118.039503584295943, 52.770322095998196 ], [ -118.039476645900507, 52.77137690283471 ], [ -118.039358244760137, 52.771470068813677 ], [ -118.038773528165748, 52.771555830141324 ], [ -118.038693867921367, 52.77160293407514 ], [ -118.038693289252038, 52.771697677594837 ], [ -118.038985092942696, 52.771770333609645 ], [ -118.040265419137512, 52.771801217204199 ], [ -118.04038178593693, 52.771892918500718 ], [ -118.040548552043134, 52.772439666881439 ], [ -118.040875500749465, 52.772763161729003 ], [ -118.041159914002449, 52.772827803081782 ], [ -118.042024922997143, 52.772848771773894 ], [ -118.042281501943734, 52.772935771532438 ], [ -118.042639034857956, 52.773366458648063 ], [ -118.042698776894881, 52.774226565273523 ], [ -118.042792950498679, 52.774386273128158 ], [ -118.043061535341934, 52.774437396957595 ], [ -118.044202018344762, 52.774439119611209 ], [ -118.044432348500479, 52.774516627925081 ], [ -118.044503831434866, 52.774747846214112 ], [ -118.044464207569135, 52.775100414755059 ], [ -118.04415342621715, 52.775297591811416 ], [ -118.044068611645926, 52.775463985786111 ], [ -118.044110439855729, 52.776186539952732 ], [ -118.044227119297091, 52.776282843573071 ], [ -118.044679758883916, 52.776427916325574 ], [ -118.044906921411439, 52.776597307380982 ], [ -118.045042962706987, 52.777595901861076 ], [ -118.045297642327284, 52.777811936702136 ], [ -118.045834032123011, 52.778015787295871 ], [ -118.045977992664206, 52.778635335385609 ], [ -118.046517144384367, 52.778838622642859 ], [ -118.046880548265733, 52.779082501150768 ], [ -118.047227622701115, 52.779482335162733 ], [ -118.047711571119123, 52.780280530746737 ], [ -118.048039869406949, 52.780688719417299 ], [ -118.048322125732739, 52.780934057439246 ], [ -118.049075506667847, 52.78140997797469 ], [ -118.049405527196939, 52.781757474110336 ], [ -118.049536275322509, 52.781995526121371 ], [ -118.049538795442231, 52.782301139053494 ], [ -118.049464082527152, 52.782420556472189 ], [ -118.049221103422155, 52.782536839962397 ], [ -118.049186484964181, 52.782632035040287 ], [ -118.049283430196539, 52.782708488231222 ], [ -118.049797978387772, 52.782765198579128 ], [ -118.049940077678968, 52.782824317194041 ], [ -118.049920752565754, 52.782951869652955 ], [ -118.049642184283343, 52.783104950641075 ], [ -118.049604233549147, 52.783375288345383 ], [ -118.049739476546094, 52.783507541459564 ], [ -118.050261051036202, 52.783569451558968 ], [ -118.050417347904371, 52.783637206551838 ], [ -118.050561230999534, 52.78453450719983 ], [ -118.050867992484541, 52.784617632113772 ], [ -118.052139447002347, 52.784644978927226 ], [ -118.052216463179548, 52.784691664634209 ], [ -118.052217719258806, 52.784791855940291 ], [ -118.051951732241633, 52.784938408216561 ], [ -118.051912002508203, 52.785038282121029 ], [ -118.052003816522827, 52.78511869236452 ], [ -118.052212185509475, 52.78514612101317 ], [ -118.052770882597159, 52.785081989025485 ], [ -118.053041532922521, 52.784925165923717 ], [ -118.053275457018088, 52.78465522586275 ], [ -118.053480161016523, 52.784634983958391 ], [ -118.053579901402088, 52.784719422602983 ], [ -118.053699568115036, 52.785113698037335 ], [ -118.053978168739761, 52.785317204710012 ], [ -118.054348115103437, 52.785393333224008 ], [ -118.055869446841328, 52.785381371652029 ], [ -118.056287953815968, 52.785419514094571 ], [ -118.056658217769879, 52.785625511917289 ], [ -118.056840867455719, 52.786100098035071 ], [ -118.057063650780748, 52.786179765663114 ], [ -118.057367892335023, 52.786175909338453 ], [ -118.057550137440231, 52.786123558350681 ], [ -118.057713286088628, 52.785731955537806 ], [ -118.058009743072304, 52.785638559250145 ], [ -118.060059158963909, 52.785620079452805 ], [ -118.060373221605687, 52.785672206971661 ], [ -118.060645567346086, 52.785820038395968 ], [ -118.060750819885826, 52.78603788986036 ], [ -118.060555757835488, 52.786275892599107 ], [ -118.060314561872872, 52.786378146791897 ], [ -118.059664213920854, 52.7864528401795 ], [ -118.059511841175024, 52.786523235683859 ], [ -118.059418453761921, 52.787105118151622 ], [ -118.059069201706848, 52.787376693024093 ], [ -118.059016926089313, 52.787941665414152 ], [ -118.058905075707898, 52.788115428040491 ], [ -118.058575008484695, 52.788284512698262 ], [ -118.05787203352503, 52.788376017431595 ], [ -118.057759270765757, 52.788468526802127 ], [ -118.057618607882958, 52.78880862429974 ], [ -118.056891787730677, 52.788935980438616 ], [ -118.056650708306591, 52.789110321562973 ], [ -118.056453134687743, 52.789385342433562 ], [ -118.056401990102344, 52.789594081760804 ], [ -118.056441950460425, 52.789842388629133 ], [ -118.056625828039444, 52.789950791848121 ], [ -118.057144234370355, 52.789928791748018 ], [ -118.057651359384082, 52.789506447786394 ], [ -118.05852554818982, 52.789344306317446 ], [ -118.05872227198833, 52.788846384825952 ], [ -118.05896138911524, 52.788681433089778 ], [ -118.05953354780263, 52.788524444235506 ], [ -118.059750013568205, 52.788406250845618 ], [ -118.059887483677983, 52.788246587082234 ], [ -118.059964555260777, 52.787902995550191 ], [ -118.060074642353797, 52.787808667310706 ], [ -118.060366640334692, 52.787768977460011 ], [ -118.06214276629585, 52.787731278742029 ], [ -118.062789729570341, 52.787537150039348 ], [ -118.063130053513206, 52.787259216021852 ], [ -118.063249988889979, 52.787220636146152 ], [ -118.063720718558429, 52.787211856959964 ], [ -118.063977035546685, 52.787302437105133 ], [ -118.064347741424754, 52.787742537995207 ], [ -118.064386086909565, 52.788057696433924 ], [ -118.064296968706557, 52.788221501754094 ], [ -118.063944428398131, 52.78828524440376 ], [ -118.063346194561504, 52.788272246938263 ], [ -118.063146298119605, 52.788225294699771 ], [ -118.062886693043012, 52.7880567154251 ], [ -118.062612122812524, 52.788062116933517 ], [ -118.06238453415294, 52.788160779210386 ], [ -118.062218252465186, 52.788307829323209 ], [ -118.062162270842819, 52.788560189353802 ], [ -118.062228570835941, 52.788739246159444 ], [ -118.06238896176842, 52.788808634676464 ], [ -118.062955075284151, 52.78888822771529 ], [ -118.06299114391453, 52.789012658990316 ], [ -118.062730973028991, 52.789153561694334 ], [ -118.062708319698956, 52.789281474493635 ], [ -118.062846345913229, 52.789341207999541 ], [ -118.063409912196221, 52.789427587190126 ], [ -118.063637141359365, 52.789836775668569 ], [ -118.063825879874798, 52.789883449242424 ], [ -118.064715106958388, 52.789930475557902 ], [ -118.064832454057907, 52.790021236221939 ], [ -118.064989453961815, 52.790359963704645 ], [ -118.065640315390723, 52.790457170043432 ], [ -118.065807031442219, 52.790541041032569 ], [ -118.06619248816088, 52.791174199442466 ], [ -118.066265319748055, 52.791927467847636 ], [ -118.066405901000806, 52.792217502778989 ], [ -118.066764671682421, 52.792515453043244 ], [ -118.067579606784847, 52.792604173450563 ], [ -118.067956067551108, 52.792802491275367 ], [ -118.068136855571282, 52.793406150449293 ], [ -118.068414844305764, 52.793767776791348 ], [ -118.068765024273617, 52.794024952205106 ], [ -118.069366891669588, 52.794255007316323 ], [ -118.069490975274377, 52.795235355380655 ], [ -118.070213919986401, 52.796132607411352 ], [ -118.070358200835216, 52.796236983007859 ], [ -118.070561080023793, 52.796294193301172 ], [ -118.071785928846083, 52.796302192487609 ], [ -118.072051784491961, 52.796354132099367 ], [ -118.072132209370054, 52.796467372080414 ], [ -118.072184260803141, 52.796932512456806 ], [ -118.072258611475533, 52.797067830681932 ], [ -118.072874966147026, 52.797337728850259 ], [ -118.073007247186524, 52.797442723967116 ], [ -118.0731488464194, 52.798353187158938 ], [ -118.073303391897099, 52.7984206998836 ], [ -118.073869330300113, 52.798504904536841 ], [ -118.074030998387812, 52.798841078195544 ], [ -118.074148989354299, 52.798931215713871 ], [ -118.074673066720067, 52.798992275874852 ], [ -118.074855228527298, 52.799056548503053 ], [ -118.075018167033605, 52.799272156318359 ], [ -118.075399028532047, 52.800086891435107 ], [ -118.075930171886412, 52.800642694003486 ], [ -118.076289744833815, 52.800801546699503 ], [ -118.07713359607385, 52.800878937443102 ], [ -118.077514674235942, 52.801079157426024 ], [ -118.077605703732999, 52.801263669483163 ], [ -118.077597910628654, 52.801461569883507 ], [ -118.077523323836786, 52.801580774128276 ], [ -118.077231943040474, 52.801738456182704 ], [ -118.077197389332284, 52.802069669933303 ], [ -118.077278454139574, 52.802202950526997 ], [ -118.077473323422126, 52.8023349656861 ], [ -118.078138647985597, 52.802556503392807 ], [ -118.078453418946481, 52.802890335125987 ], [ -118.078546018893832, 52.803195608299383 ], [ -118.078560435630266, 52.804063748558399 ], [ -118.078662041362719, 52.804273832818893 ], [ -118.079011709919115, 52.804329186963891 ], [ -118.081029491962809, 52.804328581090807 ], [ -118.08118056792118, 52.804398521578236 ], [ -118.081318426279879, 52.804750531000877 ], [ -118.081540511743256, 52.804830888249498 ], [ -118.084291337583494, 52.804810263793939 ], [ -118.084672124773704, 52.804845716468982 ], [ -118.084803976211504, 52.804981703392968 ], [ -118.084908977486919, 52.805600854762567 ], [ -118.085133528771621, 52.80577188686447 ], [ -118.085669345410963, 52.805975911172311 ], [ -118.085789948631046, 52.806629802553459 ], [ -118.086038894357088, 52.8068491950878 ], [ -118.08638355617137, 52.806942871201358 ], [ -118.087536141469982, 52.806968221240986 ], [ -118.088133731680813, 52.807117904654348 ], [ -118.088385284302561, 52.80727931164693 ], [ -118.088470486278965, 52.807841500168401 ], [ -118.088601939379387, 52.807976753787131 ], [ -118.089485282671887, 52.808063171236967 ], [ -118.090762501589822, 52.808422362371552 ], [ -118.091055287933997, 52.808566311095063 ], [ -118.091344554677235, 52.8088954614351 ], [ -118.091624011717713, 52.809020010474278 ], [ -118.091897456903126, 52.809018930397393 ], [ -118.092189788337947, 52.808834395008475 ], [ -118.092399927703227, 52.808850646072848 ], [ -118.092479799160174, 52.809001312376679 ], [ -118.092455900753635, 52.809187192183934 ], [ -118.092140917350648, 52.809390867887863 ], [ -118.092066774435608, 52.809510718993351 ], [ -118.09206647435046, 52.809698081401734 ], [ -118.092146565058641, 52.809809625226684 ], [ -118.092415723139965, 52.809862338352801 ], [ -118.09348216177365, 52.809859040049147 ], [ -118.093815040585667, 52.809893769961391 ], [ -118.094773096785474, 52.81036416567067 ], [ -118.095515767343983, 52.81064578383593 ], [ -118.095632621808122, 52.810814852615785 ], [ -118.095706264710259, 52.811320150593403 ], [ -118.096015252164349, 52.811509576220431 ], [ -118.096104265239248, 52.81167320434627 ], [ -118.096115434457147, 52.812940318750272 ], [ -118.096000953979399, 52.813032241832346 ], [ -118.095370261153434, 52.813104756045938 ], [ -118.095056846341961, 52.813223367592975 ], [ -118.094893858980313, 52.813368149789568 ], [ -118.09472150059608, 52.81382746644595 ], [ -118.094151682879044, 52.813924345813 ], [ -118.093996077224531, 52.813995925347641 ], [ -118.09394203983291, 52.814170388310586 ], [ -118.093999265653764, 52.814344481647368 ], [ -118.094310303611636, 52.814429193734902 ], [ -118.095519030266942, 52.814447622478539 ], [ -118.095965625531534, 52.814661968429654 ], [ -118.09685951829286, 52.814705958089824 ], [ -118.097240072790257, 52.814905622608769 ], [ -118.098325217005254, 52.814959984125274 ], [ -118.098646912150073, 52.815073857048695 ], [ -118.098819376160705, 52.815215928747705 ], [ -118.098884001597298, 52.815463209735917 ], [ -118.098831622196656, 52.815644375966876 ], [ -118.098544952199418, 52.815800503411936 ], [ -118.098454637163016, 52.816015629436777 ], [ -118.098485565606737, 52.817851396509603 ], [ -118.09852435716482, 52.818054413507603 ], [ -118.098626331090628, 52.818174759407043 ], [ -118.099244683850443, 52.818389279030647 ], [ -118.100540410285276, 52.818672795183851 ], [ -118.100683681037395, 52.818770203511868 ], [ -118.100889542775718, 52.819227584052143 ], [ -118.102064290063609, 52.819697463299605 ], [ -118.102463676702342, 52.819750817395814 ], [ -118.10398455708571, 52.819742382958459 ], [ -118.104249236198839, 52.819794977833602 ], [ -118.104282480293165, 52.819988818452138 ], [ -118.104010248864753, 52.820187610511219 ], [ -118.103718046164076, 52.820261895469642 ], [ -118.103105782469299, 52.820315711019056 ], [ -118.102784918307677, 52.820436448691787 ], [ -118.102606011809584, 52.82061992349459 ], [ -118.102658363992717, 52.820770748121134 ], [ -118.103092851997516, 52.820829118782008 ], [ -118.10596971106024, 52.820792090584604 ], [ -118.106435875799093, 52.820828551010678 ], [ -118.106551194513017, 52.820920808689372 ], [ -118.106648412196051, 52.821262226835906 ], [ -118.106750024882828, 52.821384511603412 ], [ -118.107016125742405, 52.821534052736936 ], [ -118.10740213325515, 52.821654875832749 ], [ -118.107486406211862, 52.821770864908423 ], [ -118.107474783156007, 52.822270515329315 ], [ -118.107160043240384, 52.822471272598555 ], [ -118.107087811718614, 52.822590483450725 ], [ -118.107090463482592, 52.822778238113216 ], [ -118.107172300991181, 52.822890372569084 ], [ -118.107437083209234, 52.822940358929465 ], [ -118.107745083501641, 52.822920452649349 ], [ -118.108072190828793, 52.822723167136317 ], [ -118.108269129439321, 52.82267521947481 ], [ -118.108654286128328, 52.822680174574067 ], [ -118.10881152472497, 52.822749073386305 ], [ -118.108869821755547, 52.822972805619848 ], [ -118.108781751306978, 52.823133279604647 ], [ -118.107874151202722, 52.823299141521261 ], [ -118.107599420382513, 52.82349781591207 ], [ -118.107598441381043, 52.823661698403093 ], [ -118.107898130161004, 52.823745670279799 ], [ -118.108963140353154, 52.823729504743191 ], [ -118.10918438247846, 52.823693187741121 ], [ -118.109432030024379, 52.823520515872715 ], [ -118.10959310358308, 52.823495764581558 ], [ -118.109692199346625, 52.823522157971553 ], [ -118.109765478006551, 52.823628689418349 ], [ -118.109728511367933, 52.823899541161929 ], [ -118.109096168885571, 52.824185634680568 ], [ -118.10880647945271, 52.824572966874243 ], [ -118.108503278485543, 52.824761686092579 ], [ -118.108195524285151, 52.824818182535125 ], [ -118.106881301215239, 52.824858285252553 ], [ -118.106740044993188, 52.824924937557121 ], [ -118.106764634633976, 52.825074383809444 ], [ -118.10698092143555, 52.825188444758801 ], [ -118.10743059192842, 52.825313253035667 ], [ -118.108296375154168, 52.825376624497281 ], [ -118.108582999072709, 52.825444627794958 ], [ -118.108860988522835, 52.825644829984199 ], [ -118.108980326068831, 52.826035973247336 ], [ -118.109095167083254, 52.826128453630027 ], [ -118.109475339236653, 52.82616395781762 ], [ -118.110731382477979, 52.826145627950623 ], [ -118.111081288980088, 52.826201334053756 ], [ -118.111174465081973, 52.826363051915386 ], [ -118.111214005267811, 52.827055403333929 ], [ -118.111330636683235, 52.827181406067311 ], [ -118.111541139165212, 52.827163510267049 ], [ -118.111729750175243, 52.827010235263231 ], [ -118.1119274429103, 52.82695976972699 ], [ -118.112436402065256, 52.826941111438089 ], [ -118.112829993198247, 52.827003439312804 ], [ -118.113097089567333, 52.827406658922698 ], [ -118.113726911700638, 52.827506687124668 ], [ -118.113845424913478, 52.827597135045465 ], [ -118.113912659621832, 52.828603037534862 ], [ -118.114041678591548, 52.828775894510827 ], [ -118.114252597496389, 52.828758834175112 ], [ -118.114563712329101, 52.828571631995111 ], [ -118.115527494514581, 52.828490352236621 ], [ -118.115776067438418, 52.828315836327285 ], [ -118.116129016359167, 52.828255028951581 ], [ -118.117358827702205, 52.828264094909926 ], [ -118.117628661078072, 52.82834862337404 ], [ -118.117948746504055, 52.828555690740778 ], [ -118.118295258559456, 52.828958648645219 ], [ -118.118318779830076, 52.829222163156579 ], [ -118.118169197789243, 52.829291434399217 ], [ -118.117592677167579, 52.829349353266437 ], [ -118.117383834748523, 52.829410051953204 ], [ -118.117136883903498, 52.829572155236782 ], [ -118.117077490222002, 52.829752619400331 ], [ -118.117283443671553, 52.829986064911395 ], [ -118.117527958018357, 52.830088349811405 ], [ -118.118058198797399, 52.830214199967699 ], [ -118.118355903819463, 52.830447432599016 ], [ -118.118315762193149, 52.830602101711072 ], [ -118.118033974706066, 52.830757896105986 ], [ -118.117985299473986, 52.83093364159852 ], [ -118.118037313364312, 52.831107900841403 ], [ -118.11832721615842, 52.83125800103948 ], [ -118.118427484567277, 52.831471706676687 ], [ -118.118518412680842, 52.834335695183057 ], [ -118.118460632500472, 52.834620429968517 ], [ -118.118158995084343, 52.834708838684179 ], [ -118.116822951239413, 52.834719021201352 ], [ -118.116441667719826, 52.834760778953601 ], [ -118.116061645062146, 52.835125249297576 ], [ -118.115637696771145, 52.835337327894351 ], [ -118.114971948540813, 52.835542257495746 ], [ -118.113498635792112, 52.835878932451159 ], [ -118.112117291696109, 52.836325024446694 ], [ -118.111936335280291, 52.836463305353263 ], [ -118.111777428885645, 52.836863328420627 ], [ -118.111144345801591, 52.836978271641108 ], [ -118.111027564200882, 52.837072594168156 ], [ -118.110999852038319, 52.837209896872203 ], [ -118.111030309675229, 52.837346521595954 ], [ -118.111147412485721, 52.837435580776933 ], [ -118.111438783036192, 52.837446890702502 ], [ -118.111741341886798, 52.837382840694595 ], [ -118.113063601472049, 52.836947823365428 ], [ -118.113729900564792, 52.836415231801872 ], [ -118.114198645515415, 52.836362859714448 ], [ -118.114457375747804, 52.836412350368107 ], [ -118.114495089092699, 52.8365545114669 ], [ -118.114377332142055, 52.836656213799813 ], [ -118.113802275287668, 52.836910314651796 ], [ -118.113721158759589, 52.837124163648973 ], [ -118.113811288974318, 52.837244327766463 ], [ -118.114021720442679, 52.837368302098056 ], [ -118.114227311394373, 52.837422336041357 ], [ -118.114468297648486, 52.83742064671975 ], [ -118.114725992001482, 52.837335713216952 ], [ -118.114910716864571, 52.837196946612274 ], [ -118.115070923646542, 52.836640673861602 ], [ -118.115339607765833, 52.83643433848561 ], [ -118.115708055286831, 52.836351283834929 ], [ -118.116783682464828, 52.836335702476248 ], [ -118.117083802425114, 52.836372031766629 ], [ -118.117215595382703, 52.836507194029288 ], [ -118.117172499658565, 52.836780113230681 ], [ -118.116844502527485, 52.837006957389946 ], [ -118.11688135275719, 52.837122304124186 ], [ -118.117091542552586, 52.837235386256332 ], [ -118.117779720351422, 52.837396636067602 ], [ -118.119486363294158, 52.837394510607062 ], [ -118.119823716973784, 52.837445595087715 ], [ -118.11985462036904, 52.837572394854526 ], [ -118.119590103082274, 52.837715593249882 ], [ -118.119552168955479, 52.837812176550941 ], [ -118.119645637541623, 52.837889364841239 ], [ -118.12022463667931, 52.837962624820349 ], [ -118.120346473342408, 52.838053296282609 ], [ -118.120404583010284, 52.839050871425918 ], [ -118.120316011717676, 52.839214589137448 ], [ -118.119877126366447, 52.83936543410563 ], [ -118.119603701479562, 52.839567878987005 ], [ -118.119521358854556, 52.840254417196583 ], [ -118.119312957382647, 52.840500624614876 ], [ -118.119012087748743, 52.84061223545347 ], [ -118.118810543216739, 52.840603231317075 ], [ -118.118721614383972, 52.840553732661547 ], [ -118.118691386433113, 52.840239200498402 ], [ -118.119039897130023, 52.840000230741857 ], [ -118.119058487797346, 52.83968774362674 ], [ -118.118939887499337, 52.839597364776928 ], [ -118.118301929709645, 52.839492618888151 ], [ -118.11813948018623, 52.839149508478933 ], [ -118.118038075776312, 52.839065839425409 ], [ -118.117883534703083, 52.839067690426624 ], [ -118.11780933715373, 52.839116501319999 ], [ -118.117711898028887, 52.839431465371391 ], [ -118.117598540206345, 52.839527443864007 ], [ -118.117302187922036, 52.839568826315904 ], [ -118.116244070950373, 52.839591670377409 ], [ -118.116053896155222, 52.839641862219636 ], [ -118.115991402110964, 52.839712469563466 ], [ -118.115975145691337, 52.839954498138141 ], [ -118.116074516661314, 52.840139516902681 ], [ -118.116331158587727, 52.840300271496673 ], [ -118.116781556262239, 52.84044469982625 ], [ -118.116846537366669, 52.840516281376878 ], [ -118.116909032863859, 52.8414731737073 ], [ -118.117009026869866, 52.841681631120295 ], [ -118.117304943814119, 52.841684900110018 ], [ -118.117533048790591, 52.841510624806702 ], [ -118.117723476298806, 52.84122967010336 ], [ -118.117886412924364, 52.840695514277193 ], [ -118.118073084065927, 52.840644585397406 ], [ -118.118384954990503, 52.840642337827276 ], [ -118.118575443984284, 52.840690153316068 ], [ -118.118641580230445, 52.84076039314813 ], [ -118.118627415202909, 52.841077499572833 ], [ -118.118289102500171, 52.841314039181761 ], [ -118.118187376959554, 52.841897748059594 ], [ -118.118034000344608, 52.841968951260846 ], [ -118.117459273523949, 52.842066489507829 ], [ -118.117368357670045, 52.842274317652716 ], [ -118.117466739795915, 52.84248248071831 ], [ -118.117733511857352, 52.842535112916174 ], [ -118.118105462679097, 52.842499903390419 ], [ -118.118501271908471, 52.842131946786758 ], [ -118.118892094803584, 52.8419962978803 ], [ -118.119374000735675, 52.842002443039 ], [ -118.119752255647526, 52.842206353415499 ], [ -118.120023748209022, 52.84220114328533 ], [ -118.120360559726052, 52.842035864330697 ], [ -118.120824307897649, 52.841570492844362 ], [ -118.121027800884193, 52.84146375873695 ], [ -118.121267287394588, 52.841481403277001 ], [ -118.121589915007974, 52.841667400469241 ], [ -118.122100004782681, 52.841650998021848 ], [ -118.122211055131174, 52.841556481626796 ], [ -118.122376456273557, 52.841141071771077 ], [ -118.1228295790267, 52.840954184227336 ], [ -118.1233086311817, 52.840866214990967 ], [ -118.123798714882241, 52.840879005537474 ], [ -118.124176849213953, 52.841086428991886 ], [ -118.124735306035447, 52.841125097484827 ], [ -118.125617809736937, 52.841093226897229 ], [ -118.126283144840258, 52.84087583719851 ], [ -118.126671323461949, 52.840871590612053 ], [ -118.127039925337172, 52.84107473545771 ], [ -118.127222257658858, 52.841549536546772 ], [ -118.127434168984692, 52.841611770022723 ], [ -118.127796694459121, 52.841491458417536 ], [ -118.128135012768567, 52.841145637186571 ], [ -118.128475978430103, 52.841086493188207 ], [ -118.128822580877738, 52.841134151322208 ], [ -118.129083179967964, 52.84130565785307 ], [ -118.130049072577663, 52.841367540816655 ], [ -118.130434579181312, 52.841573028990915 ], [ -118.130877683649587, 52.841591113978488 ], [ -118.131096036021802, 52.841505823010934 ], [ -118.131223538738865, 52.841146302654479 ], [ -118.131423913361672, 52.84108162233241 ], [ -118.131699906062479, 52.841189289588094 ], [ -118.132018295561991, 52.841588685959678 ], [ -118.132075302657711, 52.842505422311469 ], [ -118.13202208858111, 52.842653932156004 ], [ -118.131861591964565, 52.842804189354851 ], [ -118.130336867330911, 52.843504257876113 ], [ -118.12948840190144, 52.843990806405294 ], [ -118.1282245060478, 52.844325952200528 ], [ -118.127855598240117, 52.844638500483185 ], [ -118.127690791848053, 52.844978877194613 ], [ -118.12773611037936, 52.845546366089344 ], [ -118.127858537813225, 52.84563603140252 ], [ -118.128503549419179, 52.845731232528472 ], [ -118.128590903925044, 52.845842049850482 ], [ -118.128608391253053, 52.846093342009581 ], [ -118.128476740541714, 52.846387307831428 ], [ -118.128114080753576, 52.846780086143276 ], [ -118.127780770055907, 52.846981985008277 ], [ -118.126947799755328, 52.847333011600625 ], [ -118.126931086463202, 52.847483254248402 ], [ -118.127216142162339, 52.84763123234211 ], [ -118.127297331583719, 52.847748809706729 ], [ -118.127308062804559, 52.847935679956677 ], [ -118.12723319285648, 52.848048494190515 ], [ -118.127044287435737, 52.848098994215192 ], [ -118.126207033668081, 52.848150604459846 ], [ -118.125895539267788, 52.848333531946253 ], [ -118.125738519746321, 52.848355927457547 ], [ -118.125608739056474, 52.848298352642161 ], [ -118.125474151628111, 52.847947981639727 ], [ -118.125289715635191, 52.84789129103175 ], [ -118.125152793731615, 52.847947022170416 ], [ -118.124909509675575, 52.848221422072086 ], [ -118.124632914273477, 52.84835431928915 ], [ -118.124357684375127, 52.848360683993974 ], [ -118.12405356794855, 52.848183999964178 ], [ -118.123887025962006, 52.848186704301419 ], [ -118.123809227131986, 52.848234041997429 ], [ -118.123770578757401, 52.848452679405646 ], [ -118.123867432428327, 52.848610788097233 ], [ -118.124515061463484, 52.848714494060943 ], [ -118.124638474659307, 52.848806997622063 ], [ -118.124690665467185, 52.849213821998369 ], [ -118.124604348791607, 52.849422543028247 ], [ -118.124395860036927, 52.849445016502443 ], [ -118.124150501495265, 52.849282280147101 ], [ -118.123951856441224, 52.849237504133072 ], [ -118.122447588795794, 52.849236376852517 ], [ -118.122097028158393, 52.849181016211574 ], [ -118.121995222031373, 52.848970094257744 ], [ -118.121957519316098, 52.848050471063608 ], [ -118.121879607296691, 52.847940563308335 ], [ -118.121715772928439, 52.847913641802123 ], [ -118.121471178257394, 52.848045685963498 ], [ -118.121067337487204, 52.848696274636197 ], [ -118.120700280884734, 52.848925568553639 ], [ -118.120393686746439, 52.848980882613525 ], [ -118.120066666498403, 52.848976277022722 ], [ -118.119869193520771, 52.848931046549531 ], [ -118.119607126600457, 52.848754609654925 ], [ -118.119094107329886, 52.848743479214079 ], [ -118.11894529127683, 52.848815326306195 ], [ -118.118772752926461, 52.849201682306429 ], [ -118.118098441456709, 52.849335126551466 ], [ -118.118056427317498, 52.849425100531739 ], [ -118.118154028824364, 52.849501107350854 ], [ -118.118801979562775, 52.849600689713533 ], [ -118.11890440627586, 52.849851614438421 ], [ -118.118764631765814, 52.850032756369799 ], [ -118.118244282983554, 52.850106320823571 ], [ -118.118091914031055, 52.850178209000305 ], [ -118.118012434949918, 52.850724436515463 ], [ -118.117884647332957, 52.850865920387477 ], [ -118.117520470816416, 52.850900262907722 ], [ -118.117258123661927, 52.850846463773749 ], [ -118.117029094822939, 52.850431213230458 ], [ -118.116350648065605, 52.850305050313089 ], [ -118.116123328302393, 52.849803373771984 ], [ -118.115878980051562, 52.849641203258436 ], [ -118.115619150018048, 52.849586385774352 ], [ -118.115437710679302, 52.849621247041227 ], [ -118.115063410480346, 52.850006025011268 ], [ -118.114438120125911, 52.850347545534717 ], [ -118.114107439844162, 52.85038940564408 ], [ -118.112453010014377, 52.8504272888486 ], [ -118.112294717852251, 52.850497356567672 ], [ -118.112055815493832, 52.85077116140392 ], [ -118.11177556378162, 52.850908729591893 ], [ -118.111446709370895, 52.850951204654329 ], [ -118.110379840019348, 52.850966528124637 ], [ -118.110113574481701, 52.851023677497963 ], [ -118.110035117451901, 52.851138810131062 ], [ -118.110016523871494, 52.851453816400664 ], [ -118.110046464483275, 52.851831374930875 ], [ -118.110135046980389, 52.851986438858169 ], [ -118.110345645229302, 52.852002572601045 ], [ -118.110587623728208, 52.851830280990704 ], [ -118.11094051969765, 52.851769552004043 ], [ -118.111284078096588, 52.851817264012432 ], [ -118.111382019534005, 52.851977824091556 ], [ -118.111394753211457, 52.853206516852183 ], [ -118.111323142220968, 52.853324106466737 ], [ -118.111041686941519, 52.853477830011819 ], [ -118.110986908424977, 52.853658193907052 ], [ -118.111002706075965, 52.855813209733952 ], [ -118.110791962012712, 52.856134876800503 ], [ -118.110553099816187, 52.856311834153075 ], [ -118.110063011303694, 52.856373503613703 ], [ -118.109407714536999, 52.856336155204545 ], [ -118.109299622918286, 52.856205862232187 ], [ -118.109393244296768, 52.856047130483212 ], [ -118.109658691724206, 52.855893628948941 ], [ -118.109997180637436, 52.855790041567104 ], [ -118.110113075867218, 52.855689784124031 ], [ -118.110155546780049, 52.855389054161158 ], [ -118.110086244092955, 52.855083995770237 ], [ -118.109825812179224, 52.854921580690878 ], [ -118.109217762048146, 52.854765733151879 ], [ -118.108619971777969, 52.854758947122086 ], [ -118.108396533173305, 52.854842437626516 ], [ -118.108323751036181, 52.855705321953785 ], [ -118.108265978688323, 52.855779032172549 ], [ -118.107826060851352, 52.85599149774373 ], [ -118.10752735138901, 52.856388357154927 ], [ -118.107489984828092, 52.857874329140152 ], [ -118.10737426704037, 52.857965898558277 ], [ -118.106738951139192, 52.858073002532755 ], [ -118.106656930907334, 52.858186005342866 ], [ -118.106632533624662, 52.858496477076635 ], [ -118.106723387030229, 52.858996720511179 ], [ -118.10688134807836, 52.859063766841338 ], [ -118.107402329812189, 52.859123259064333 ], [ -118.107521517882716, 52.859213385997855 ], [ -118.107647913257267, 52.860067338691763 ], [ -118.107805119232282, 52.86013473038026 ], [ -118.108384830848422, 52.860217313265707 ], [ -118.108482092813148, 52.860373799465329 ], [ -118.108465543803092, 52.860566797074128 ], [ -118.108313269695344, 52.860720141499328 ], [ -118.10770520328407, 52.861004496640959 ], [ -118.107549660026891, 52.861495116576613 ], [ -118.107280973975023, 52.861699312831526 ], [ -118.106913579022901, 52.861779541118096 ], [ -118.105763491379534, 52.861834213132987 ], [ -118.105075598742985, 52.862068962792314 ], [ -118.105003769741018, 52.862177567303334 ], [ -118.10506035271608, 52.862278289134458 ], [ -118.105641646325978, 52.86236317549389 ], [ -118.10580475879766, 52.862432951022178 ], [ -118.105869796950429, 52.862655724570359 ], [ -118.105786034054162, 52.862817473848239 ], [ -118.10534810211675, 52.862883300892328 ], [ -118.10483874318075, 52.862835081058506 ], [ -118.104332059087724, 52.862678567416886 ], [ -118.103980118917036, 52.862410156262705 ], [ -118.103786422365445, 52.862364969687157 ], [ -118.102115170515034, 52.862366708061529 ], [ -118.101621431471102, 52.862304625378918 ], [ -118.100962243628018, 52.862098988166402 ], [ -118.100492205686464, 52.861846895502737 ], [ -118.100147569183648, 52.861597514231171 ], [ -118.099932447710955, 52.86128154714045 ], [ -118.099677623826821, 52.861119540990778 ], [ -118.09947102440394, 52.861059805871406 ], [ -118.099134334320212, 52.861040975241309 ], [ -118.098899860576196, 52.861062693893942 ], [ -118.098745129956839, 52.861135866739012 ], [ -118.098694771279838, 52.861369024894167 ], [ -118.09876651764651, 52.861567667167165 ], [ -118.099060043512509, 52.861768497560803 ], [ -118.09951585828874, 52.861914659836671 ], [ -118.099618459173882, 52.86217622720298 ], [ -118.099558764710878, 52.862372706084422 ], [ -118.099439272018543, 52.862483776860223 ], [ -118.098793748114034, 52.862762820710593 ], [ -118.098727327560297, 52.86299591424747 ], [ -118.098771312566583, 52.863358507351343 ], [ -118.098990857020283, 52.863537746923491 ], [ -118.100178787024518, 52.86389222834169 ], [ -118.100469420853159, 52.86403348830428 ], [ -118.100553871012593, 52.864218641752231 ], [ -118.100594549338268, 52.864971809118167 ], [ -118.100673521165277, 52.865107707543601 ], [ -118.100864567711753, 52.865240736301239 ], [ -118.101049605738552, 52.865310167489035 ], [ -118.10138359884904, 52.865346414944341 ], [ -118.102595086447664, 52.8653096786392 ], [ -118.103029961952885, 52.865085349342884 ], [ -118.103987078094775, 52.865009642810257 ], [ -118.104322969884095, 52.864683980039892 ], [ -118.104602824555002, 52.864546813321518 ], [ -118.105542851018797, 52.864461578492445 ], [ -118.106723359123833, 52.864236449713992 ], [ -118.107143829418973, 52.864232209801479 ], [ -118.107403623714319, 52.864315649328248 ], [ -118.107591558505831, 52.864450726317429 ], [ -118.107811934905229, 52.864950076010452 ], [ -118.108579809108207, 52.865052024182376 ], [ -118.108959165247924, 52.865248071965702 ], [ -118.109016884032542, 52.865369142003701 ], [ -118.108961996684641, 52.865480535474312 ], [ -118.108406259323544, 52.865696046410605 ], [ -118.108220948748027, 52.865920290821016 ], [ -118.108333982800843, 52.866048259240117 ], [ -118.108976172915973, 52.866145154701186 ], [ -118.109026699475109, 52.866202945151102 ], [ -118.108987804847914, 52.866294313842971 ], [ -118.108731263263039, 52.866346585615283 ], [ -118.107295581384307, 52.866363625067095 ], [ -118.106903331561298, 52.866419585296143 ], [ -118.106051357935868, 52.867206339965065 ], [ -118.105940192511753, 52.867913660244312 ], [ -118.105717956741145, 52.867996988280687 ], [ -118.105209484857568, 52.86799928898985 ], [ -118.104733945259341, 52.867902828124599 ], [ -118.104344283662712, 52.86774561282607 ], [ -118.10409017447337, 52.867270266406294 ], [ -118.103411784863781, 52.867148247917228 ], [ -118.103136601903856, 52.866617537814342 ], [ -118.102925485512628, 52.866491308709769 ], [ -118.102453211018982, 52.8663202384177 ], [ -118.102450528031341, 52.866222903501615 ], [ -118.102589936621968, 52.866161431543233 ], [ -118.104034693376903, 52.866088277978967 ], [ -118.104127107817519, 52.866008617491339 ], [ -118.104078570639089, 52.865917310064226 ], [ -118.103893806400848, 52.865875018304564 ], [ -118.103050821957012, 52.86583773504519 ], [ -118.102658195092559, 52.865631027885861 ], [ -118.102137838189421, 52.865619775072211 ], [ -118.101959997107656, 52.86573069529333 ], [ -118.101925888442977, 52.866032095083227 ], [ -118.102005242813945, 52.866319423899149 ], [ -118.102299892410244, 52.866471527824345 ], [ -118.102393417115223, 52.866636810662001 ], [ -118.102420796272909, 52.867273246241751 ], [ -118.102281288097544, 52.86745870939923 ], [ -118.100918946263462, 52.867531318757941 ], [ -118.099143848063079, 52.867743633187658 ], [ -118.098958166277697, 52.867722335211873 ], [ -118.098706108584352, 52.867562801205885 ], [ -118.098489508945121, 52.867532569098181 ], [ -118.097706986533225, 52.867539088734468 ], [ -118.097228248858769, 52.867627871114827 ], [ -118.095681039125552, 52.868124002261609 ], [ -118.094153659365162, 52.868758814437626 ], [ -118.093866679185695, 52.868943383102305 ], [ -118.093670680880791, 52.869168995775986 ], [ -118.093767121637839, 52.869215074109761 ], [ -118.093908684004973, 52.869205230833373 ], [ -118.094120145470981, 52.869176174225466 ], [ -118.094243777501006, 52.869199072578319 ], [ -118.094278059413909, 52.869303204695605 ], [ -118.094202908358227, 52.869428214937486 ], [ -118.094028627936964, 52.86959197458453 ], [ -118.0938077931484, 52.869738835108215 ], [ -118.093604117978359, 52.869819704801301 ], [ -118.093330612822328, 52.869875224423147 ], [ -118.093232616456646, 52.869820182503105 ], [ -118.093122166736208, 52.869656294437895 ], [ -118.092414045715572, 52.870047064944238 ], [ -118.088794061476207, 52.870850574263173 ], [ -118.088248475048687, 52.870855541628089 ], [ -118.087949521081995, 52.87082152636431 ], [ -118.087569820884454, 52.87061432712985 ], [ -118.086826243991496, 52.870601683769657 ], [ -118.08656253862658, 52.87066176250022 ], [ -118.086469738642549, 52.870809145540299 ], [ -118.086599174816641, 52.870976682012738 ], [ -118.086657674812301, 52.871173615923112 ], [ -118.086470601009566, 52.871343832373526 ], [ -118.085646725044143, 52.871517711828744 ], [ -118.0850204981611, 52.871649872019688 ], [ -118.084687668729572, 52.871604197744858 ], [ -118.08419701410277, 52.871175014105958 ], [ -118.08351856812655, 52.871400786622345 ], [ -118.082432298710629, 52.871757454688186 ], [ -118.082023789802022, 52.872047566982602 ], [ -118.081576879781409, 52.872124873823594 ], [ -118.081538166960982, 52.872082063580997 ], [ -118.081694818364724, 52.871964046666896 ], [ -118.081797026548941, 52.871849020983284 ], [ -118.081743479954582, 52.871707384994558 ], [ -118.081797663469899, 52.871509032311558 ], [ -118.081929853137595, 52.871421664167968 ], [ -118.082526087414308, 52.8714572835054 ], [ -118.08286468162558, 52.871411325304571 ], [ -118.083053940774207, 52.871252438292387 ], [ -118.083563742152009, 52.870991922143098 ], [ -118.08386598481799, 52.87084507353665 ], [ -118.083801208027836, 52.870819465442814 ], [ -118.083414533176253, 52.870720036790125 ], [ -118.081741444740643, 52.870755134283414 ], [ -118.080619868890281, 52.870911466650178 ], [ -118.080092496992648, 52.871098185392704 ], [ -118.080003382230231, 52.871245356926146 ], [ -118.080155302624959, 52.871756730593859 ], [ -118.080515431316172, 52.871915521290866 ], [ -118.081005928806533, 52.872279327760602 ], [ -118.080991031496865, 52.872545856945614 ], [ -118.080665774520881, 52.87280989791023 ], [ -118.080165237053919, 52.873110917775271 ], [ -118.079626554454578, 52.873394493120529 ], [ -118.079398560452859, 52.873510565060243 ], [ -118.0790896795056, 52.873388810850365 ], [ -118.078981120269091, 52.873224796492728 ], [ -118.079229789884764, 52.873095867965752 ], [ -118.079603655260442, 52.872940526277148 ], [ -118.080164736255938, 52.872720194956429 ], [ -118.080257642277886, 52.872564652141534 ], [ -118.080124617369776, 52.872431289499822 ], [ -118.079974133035336, 52.872267624807719 ], [ -118.079641704494065, 52.872031895442205 ], [ -118.079495490290853, 52.871917254048732 ], [ -118.079384992861478, 52.871907015776124 ], [ -118.079225432790366, 52.871796863271875 ], [ -118.078506970891468, 52.871549118198075 ], [ -118.077385496152175, 52.871649771829489 ], [ -118.075934712241974, 52.871836871504648 ], [ -118.075145968132162, 52.872003248237007 ], [ -118.0748781344316, 52.872243143279142 ], [ -118.074863970656153, 52.87251301992076 ], [ -118.074798951179844, 52.872790111661054 ], [ -118.074906567215592, 52.873098758236623 ], [ -118.075163281485672, 52.873324980180271 ], [ -118.075604813986814, 52.873750109574431 ], [ -118.075996043448626, 52.873990438217248 ], [ -118.076033836321002, 52.874177877477997 ], [ -118.075691417816586, 52.874241607477359 ], [ -118.074954327362164, 52.873912801910159 ], [ -118.074322704379298, 52.873425813611647 ], [ -118.073710677990192, 52.873470333566843 ], [ -118.073327587367345, 52.874111471176263 ], [ -118.073273789023915, 52.874700545283524 ], [ -118.073214477765291, 52.875231310626312 ], [ -118.073137707837475, 52.875731772337417 ], [ -118.073412365534622, 52.876065347818354 ], [ -118.073468852510359, 52.876466355190821 ], [ -118.073412505212374, 52.876660781838076 ], [ -118.073254163124034, 52.876846355944274 ], [ -118.073345425287343, 52.87694537730156 ], [ -118.073722432035041, 52.877112254291362 ], [ -118.07384693940385, 52.877425839544252 ], [ -118.073481382466412, 52.877766310495218 ], [ -118.07327817117897, 52.87768172428261 ], [ -118.072833401481432, 52.877299741399405 ], [ -118.072770469902551, 52.877272838584581 ], [ -118.072563601669088, 52.877286825314144 ], [ -118.072491503664764, 52.877260469696225 ], [ -118.072478430222375, 52.877366103470919 ], [ -118.072503326034038, 52.877726180811116 ], [ -118.072157289757072, 52.878003056191034 ], [ -118.071858060284157, 52.877751803457556 ], [ -118.071682911456818, 52.877423410842987 ], [ -118.071408317950542, 52.876776149670391 ], [ -118.071118766843014, 52.876273535860221 ], [ -118.070768167821299, 52.876029518471313 ], [ -118.070572483460907, 52.875811312157694 ], [ -118.070493640999246, 52.874478170856968 ], [ -118.070404199330383, 52.874314989962386 ], [ -118.070150317521254, 52.874199528354261 ], [ -118.070073580064872, 52.874083137961023 ], [ -118.069986752899993, 52.873041603890506 ], [ -118.069869735687718, 52.8729449482151 ], [ -118.069359579577309, 52.872769256355809 ], [ -118.069174616989159, 52.872593418247966 ], [ -118.069212757057244, 52.872440010583475 ], [ -118.069460630806489, 52.872319167497736 ], [ -118.06953749599792, 52.872199655253247 ], [ -118.069559115816631, 52.871838631550254 ], [ -118.069464351215274, 52.871601007252004 ], [ -118.068037658511798, 52.870998980320962 ], [ -118.067286752023719, 52.870801365581748 ], [ -118.063807561790156, 52.870816026490488 ], [ -118.063424238444156, 52.870781151256274 ], [ -118.063307285385861, 52.870689732068151 ], [ -118.063269514347326, 52.870548898911728 ], [ -118.063258982416343, 52.869098972279097 ], [ -118.063391876050673, 52.868964361623703 ], [ -118.063909526890001, 52.868896542162716 ], [ -118.064062648846857, 52.868827252982747 ], [ -118.064121190787048, 52.868649564253587 ], [ -118.064124969535158, 52.867894463574068 ], [ -118.064431706342347, 52.867442428172886 ], [ -118.064655144970288, 52.867329123738457 ], [ -118.065315889029918, 52.8672606464933 ], [ -118.065627876929071, 52.8671426632093 ], [ -118.065998466399506, 52.866747588869167 ], [ -118.066645876380292, 52.866432420115579 ], [ -118.066786836988257, 52.86600082363487 ], [ -118.066909865984613, 52.865891526529317 ], [ -118.067310882315695, 52.86574090245076 ], [ -118.06770260092334, 52.86566203045146 ], [ -118.069936567815105, 52.865628662772103 ], [ -118.070152676957804, 52.865593434585989 ], [ -118.07026723475083, 52.865498743225928 ], [ -118.070251629873496, 52.865154822589318 ], [ -118.070044892394918, 52.864965393334359 ], [ -118.069798383619187, 52.864867365116069 ], [ -118.069145378396627, 52.864805424268404 ], [ -118.068989591147997, 52.864738447280835 ], [ -118.068869580514729, 52.864025812040921 ], [ -118.068556803254324, 52.863631169324421 ], [ -118.068326152513563, 52.863522362900888 ], [ -118.067709110927296, 52.863454073251326 ], [ -118.067571245708763, 52.863321701940123 ], [ -118.067529443475337, 52.861508741548029 ], [ -118.067661806116107, 52.861373873915859 ], [ -118.068176987664131, 52.861304477949652 ], [ -118.068328006944824, 52.861233748772023 ], [ -118.068402934873234, 52.860693115340972 ], [ -118.068478576879585, 52.860578105605825 ], [ -118.068664627348355, 52.860527961314411 ], [ -118.06955726718445, 52.860467735728776 ], [ -118.069930460269816, 52.860261787456317 ], [ -118.070822881581947, 52.860201428981149 ], [ -118.071136103160015, 52.860013400549612 ], [ -118.071328551832309, 52.859967013666498 ], [ -118.074759512064674, 52.859911854776477 ], [ -118.0749505584389, 52.859863148595082 ], [ -118.07522808414258, 52.859618480169011 ], [ -118.075705460775069, 52.859447552442703 ], [ -118.076022939088872, 52.859388847132621 ], [ -118.077110856262138, 52.859323388926953 ], [ -118.077222445359553, 52.859229986780832 ], [ -118.077363168364386, 52.858888047155482 ], [ -118.077988456901792, 52.85877698722863 ], [ -118.078103152711122, 52.858684743581293 ], [ -118.078123182795679, 52.857675619786278 ], [ -118.078067309706583, 52.85732478233146 ], [ -118.077946286559282, 52.857234848962328 ], [ -118.077422559586225, 52.857173842869386 ], [ -118.077265908998541, 52.857106435970763 ], [ -118.077236414305688, 52.856796817391 ], [ -118.077540125533872, 52.856604085195265 ], [ -118.077560921359833, 52.856477439362124 ], [ -118.077420206466257, 52.856419324862102 ], [ -118.076965875641221, 52.856375443356221 ], [ -118.076807956634852, 52.856307877353238 ], [ -118.076739254390858, 52.856130366096949 ], [ -118.076708132613405, 52.855428061506352 ], [ -118.076599687471244, 52.855182631645029 ], [ -118.076409119579296, 52.854967590951162 ], [ -118.076203401473407, 52.854840073487267 ], [ -118.075581758574927, 52.854767246406368 ], [ -118.075426800806284, 52.854700427179978 ], [ -118.075306267814128, 52.853988577276056 ], [ -118.074994151335915, 52.853593751685459 ], [ -118.074764593977889, 52.853484582621121 ], [ -118.074101561563609, 52.853391959360984 ], [ -118.07391343158686, 52.852936046476415 ], [ -118.07363354127115, 52.852737470128965 ], [ -118.073346037156853, 52.852670259760934 ], [ -118.072745351074332, 52.852631384580555 ], [ -118.07242843354868, 52.85251783460059 ], [ -118.072260638497355, 52.85237551633027 ], [ -118.072073555372384, 52.851918844131298 ], [ -118.071314754240262, 52.851818260431358 ], [ -118.070979117525454, 52.851653747501992 ], [ -118.070717181531123, 52.851122158072066 ], [ -118.06988921397955, 52.851005067677995 ], [ -118.069539928687632, 52.850787232713699 ], [ -118.069464263987342, 52.850535140686382 ], [ -118.06943934703051, 52.849342254646274 ], [ -118.069321863554379, 52.84904444138828 ], [ -118.069132188052876, 52.848829553036865 ], [ -118.06892766520221, 52.848701906782864 ], [ -118.06820784570256, 52.848619253171947 ], [ -118.06802582424956, 52.84854480809873 ], [ -118.067773731483868, 52.848301016663456 ], [ -118.067641461810908, 52.848063211965524 ], [ -118.067651604413555, 52.847714168975223 ], [ -118.067960141635353, 52.847519584216194 ], [ -118.068043239211605, 52.847354601035022 ], [ -118.068041777678488, 52.845590959185579 ], [ -118.068115910298317, 52.845471894676855 ], [ -118.068394174077369, 52.845295087263459 ], [ -118.068295891029322, 52.845186785918266 ], [ -118.067780862442987, 52.845130002875671 ], [ -118.067624304709582, 52.845062039602254 ], [ -118.06751605857437, 52.844460368928864 ], [ -118.067398794921118, 52.844285885716779 ], [ -118.067006389836337, 52.844065809970452 ], [ -118.066278453079761, 52.843826790426718 ], [ -118.065716504994157, 52.843568199646207 ], [ -118.064421201442826, 52.84308609234175 ], [ -118.064106888137687, 52.843037776329083 ], [ -118.063336221964875, 52.843020745372627 ], [ -118.063149971384263, 52.842973656298717 ], [ -118.062932053937317, 52.842564726203882 ], [ -118.062173132589521, 52.84246279167386 ], [ -118.061795113479192, 52.842262727839476 ], [ -118.061703979028209, 52.842075265634413 ], [ -118.061657677013073, 52.841605582352784 ], [ -118.061575452376601, 52.841493775479144 ], [ -118.060838569754296, 52.841383837431998 ], [ -118.060632870397711, 52.841256360879598 ], [ -118.060441861166581, 52.841041679887972 ], [ -118.060317719567081, 52.84069041083594 ], [ -118.06022501299654, 52.838338392157631 ], [ -118.059857100646113, 52.838075120160994 ], [ -118.059730816186601, 52.837496868649346 ], [ -118.059575376887295, 52.83742952422169 ], [ -118.059056028498503, 52.837369824007567 ], [ -118.058903327533827, 52.837190418045552 ], [ -118.058887079569658, 52.836285159583404 ], [ -118.058969986981211, 52.83611978647518 ], [ -118.05922002952687, 52.835999058762468 ], [ -118.059293117833377, 52.835880665712629 ], [ -118.059279772155463, 52.835153326987509 ], [ -118.059139278920696, 52.835020362811349 ], [ -118.058618284827716, 52.834961004648662 ], [ -118.058462018130797, 52.834894079795738 ], [ -118.058335091285471, 52.834042408618721 ], [ -118.057989102656933, 52.83382023195545 ], [ -118.057925713502712, 52.83364078295525 ], [ -118.057880380441659, 52.830794684289899 ], [ -118.058031030511913, 52.830642084704252 ], [ -118.058903312331026, 52.830286144918524 ], [ -118.059085662030938, 52.83014551272619 ], [ -118.059138554032359, 52.830022504667397 ], [ -118.059078175475506, 52.829916717463696 ], [ -118.058963222900658, 52.829881593927126 ], [ -118.057975285952438, 52.829829208225654 ], [ -118.057852397070334, 52.829737727124702 ], [ -118.057809943087307, 52.829596286148529 ], [ -118.057869436415004, 52.829154075733662 ], [ -118.058025518075397, 52.82908333369577 ], [ -118.058545931408474, 52.829013956682353 ], [ -118.058679224533094, 52.828879102882247 ], [ -118.058662705787668, 52.827216335060363 ], [ -118.058589667240554, 52.826851345023449 ], [ -118.058349452209498, 52.826535179852158 ], [ -118.058071308274876, 52.826295182517967 ], [ -118.056934409576897, 52.825792669384725 ], [ -118.05672576204816, 52.825355904969328 ], [ -118.055841275554144, 52.825213328137174 ], [ -118.055559995145828, 52.825015034551484 ], [ -118.055371754326245, 52.824558692330669 ], [ -118.054613415770149, 52.824457910180051 ], [ -118.054324027941263, 52.824327434789801 ], [ -118.054178569812464, 52.82417004652622 ], [ -118.054021431268723, 52.823757939000267 ], [ -118.053757461739806, 52.823705278119981 ], [ -118.052713974088817, 52.823672736437118 ], [ -118.051895132288806, 52.823437611354549 ], [ -118.051500198983121, 52.82316551120757 ], [ -118.05134771609292, 52.822465357361324 ], [ -118.051191283350846, 52.82239734764476 ], [ -118.050737967593349, 52.822353420312552 ], [ -118.050596675812145, 52.822295818087717 ], [ -118.050615274411342, 52.822170648119837 ], [ -118.050890326712931, 52.822021140520086 ], [ -118.050953126612825, 52.8217869876026 ], [ -118.050837419635073, 52.818464316476437 ], [ -118.050466819151197, 52.81820283936748 ], [ -118.050340338303059, 52.817351205173978 ], [ -118.050184354768462, 52.817284323808778 ], [ -118.049665103826996, 52.817225311668707 ], [ -118.049545862725168, 52.817135751692078 ], [ -118.049465635487223, 52.816242097011305 ], [ -118.0491362908583, 52.81579632248576 ], [ -118.048907110154985, 52.815687386618556 ], [ -118.048259654957377, 52.815623183591548 ], [ -118.048031362666521, 52.815513263651241 ], [ -118.047744293743506, 52.815162469399645 ], [ -118.047574591430745, 52.814646506371801 ], [ -118.047368370133498, 52.814630808703853 ], [ -118.047080343541708, 52.814816774324179 ], [ -118.046746638985539, 52.814802105020853 ], [ -118.046439357243287, 52.814623027161474 ], [ -118.046255990400184, 52.814348277982447 ], [ -118.04607851726557, 52.814206719161469 ], [ -118.045839113255369, 52.814103331649996 ], [ -118.045314237825266, 52.813974727080833 ], [ -118.045033722863906, 52.813780567741418 ], [ -118.045008279792782, 52.813655092359411 ], [ -118.045107603777851, 52.813565530898352 ], [ -118.046553037692618, 52.813493246947345 ], [ -118.046695714515835, 52.813426609456286 ], [ -118.046672523718939, 52.813276827880401 ], [ -118.046388229310011, 52.813137504944272 ], [ -118.045851308560358, 52.813007422389695 ], [ -118.044332460703458, 52.812991761539216 ], [ -118.044088233327315, 52.812959566984198 ], [ -118.043852187901294, 52.812859414633962 ], [ -118.043686051730717, 52.812715681803091 ], [ -118.043500724449245, 52.812257676007349 ], [ -118.042742198793107, 52.812157700906837 ], [ -118.042406193313184, 52.811994311853113 ], [ -118.042286805036724, 52.811822363931014 ], [ -118.042204874641897, 52.811460102193998 ], [ -118.042007936382205, 52.811271786985557 ], [ -118.041767697752093, 52.811174635788014 ], [ -118.041121671746652, 52.811113054001233 ], [ -118.040967406319268, 52.811045714668161 ], [ -118.040865958752249, 52.810442702539405 ], [ -118.040700692586981, 52.81023633400229 ], [ -118.040408468625671, 52.810107514848745 ], [ -118.039761240406591, 52.810046115951216 ], [ -118.03960683296593, 52.809978799216097 ], [ -118.039505283131945, 52.80937578348685 ], [ -118.039340060118789, 52.809169355607331 ], [ -118.039047947959645, 52.80904038078188 ], [ -118.038285433523498, 52.808940829362896 ], [ -118.038204182663947, 52.808827866196019 ], [ -118.038152082015344, 52.808369584906835 ], [ -118.038072167645709, 52.808255932675578 ], [ -118.037806911829946, 52.808203609267586 ], [ -118.037025364157131, 52.808188429955848 ], [ -118.036730158226973, 52.808124738119893 ], [ -118.03561599911815, 52.807679568140216 ], [ -118.035516150968576, 52.80755800038758 ], [ -118.035399017311974, 52.807157227057459 ], [ -118.035175886172013, 52.806986269103085 ], [ -118.034912988176856, 52.806902619616899 ], [ -118.034234626036024, 52.806815362775694 ], [ -118.034016494424819, 52.806406628023744 ], [ -118.033751526213592, 52.806353949469191 ], [ -118.032885570860216, 52.806328576596613 ], [ -118.032518613644811, 52.806182073693861 ], [ -118.032373544846195, 52.806024310112811 ], [ -118.032210657273581, 52.805614905235174 ], [ -118.031645457539156, 52.805530890658851 ], [ -118.031491345639637, 52.805463105163838 ], [ -118.031367981217628, 52.804883688084999 ], [ -118.031029957323582, 52.804656867793632 ], [ -118.030931324894297, 52.80411766086425 ], [ -118.030849110853794, 52.804005255844082 ], [ -118.029964856670318, 52.803860436733906 ], [ -118.029711216545948, 52.803704068882027 ], [ -118.029545399484604, 52.803505452567975 ], [ -118.029383166790751, 52.803438709454362 ], [ -118.027723167088425, 52.803433068252176 ], [ -118.027264145197293, 52.803355703620475 ], [ -118.026956246836804, 52.80310949224306 ], [ -118.026898135700051, 52.802308108912953 ], [ -118.026805023826014, 52.802148503756996 ], [ -118.026616395880481, 52.802103017222322 ], [ -118.02584013703428, 52.80208996309733 ], [ -118.025521595697015, 52.802040151345857 ], [ -118.024312191922647, 52.801373444285105 ], [ -118.023753388875264, 52.801164743633706 ], [ -118.023376216569261, 52.801074781085987 ], [ -118.023079718254721, 52.801069744489027 ], [ -118.022932791498306, 52.801138471747194 ], [ -118.022772628512215, 52.801528357115032 ], [ -118.022528507437769, 52.801563794653958 ], [ -118.02222250652612, 52.801459246708127 ], [ -118.021980611319734, 52.801272603028231 ], [ -118.021548794619065, 52.800643663211027 ], [ -118.021387077063793, 52.800552954741796 ], [ -118.020973688609985, 52.800436399576128 ], [ -118.020691890970639, 52.800238598488519 ], [ -118.020563483554511, 52.79958149840035 ], [ -118.020198512875723, 52.799319030760969 ], [ -118.020101093122122, 52.798646438077967 ], [ -118.019875418794499, 52.798330621954229 ], [ -118.019627908925017, 52.798162530970117 ], [ -118.019006592464692, 52.798089184297858 ], [ -118.01885134559457, 52.798022153386562 ], [ -118.018747283281826, 52.797213381074165 ], [ -118.018672715492826, 52.797095796114405 ], [ -118.018366000797144, 52.796904243051749 ], [ -118.018244310956362, 52.796325187770627 ], [ -118.018089800615527, 52.796257701815996 ], [ -118.017469414554441, 52.796183784349552 ], [ -118.017107271862187, 52.795886328655271 ], [ -118.016964768655782, 52.79559638243903 ], [ -118.016893130701348, 52.794484677853504 ], [ -118.016773761845471, 52.794395072340222 ], [ -118.016255509550547, 52.794335316726269 ], [ -118.016100384546448, 52.794267913467905 ], [ -118.015975747066065, 52.793689089347296 ], [ -118.015612022438503, 52.793423469515588 ], [ -118.015513064573511, 52.792883315287362 ], [ -118.015143968254833, 52.792620843236023 ], [ -118.015079185746956, 52.791295541908468 ], [ -118.015201617118748, 52.791069718252643 ], [ -118.015523791863487, 52.790880394121316 ], [ -118.017142925820806, 52.790490867919907 ], [ -118.017489372753488, 52.790368502102119 ], [ -118.017673284493569, 52.790232134736442 ], [ -118.017723727088807, 52.789982799227779 ], [ -118.01768186721398, 52.788364493825163 ], [ -118.017825442681698, 52.788183167959787 ], [ -118.018406369100802, 52.788100014123117 ], [ -118.018522060815172, 52.788008617367446 ], [ -118.018526364702595, 52.786300362994794 ], [ -118.018474768784444, 52.786042141874873 ], [ -118.018325128979697, 52.785887498539807 ], [ -118.018098453899782, 52.785775388126211 ], [ -118.01744915057003, 52.785603480371392 ], [ -118.017252272894709, 52.785470693937306 ], [ -118.017169652456758, 52.785336371476738 ], [ -118.017153254675236, 52.78513628229944 ], [ -118.017244778077568, 52.784976677340005 ], [ -118.017884310850263, 52.784868647167485 ], [ -118.018018160337746, 52.78473378726013 ], [ -118.017980098807328, 52.782481315051264 ], [ -118.017916670212202, 52.782302018138438 ], [ -118.01762846908062, 52.782153493128263 ], [ -118.017539197943123, 52.781990320098899 ], [ -118.017459753959912, 52.780454808705549 ], [ -118.017276703922221, 52.780350652458729 ], [ -118.016654740510802, 52.780277856290056 ], [ -118.01632874163495, 52.780024669081428 ], [ -118.016151811620134, 52.779689498638113 ], [ -118.016127958078528, 52.778984926549903 ], [ -118.016065466579334, 52.778805645298426 ], [ -118.015761092462384, 52.778722391362656 ], [ -118.01406565667709, 52.778722865602823 ], [ -118.013660683524336, 52.7785957440027 ], [ -118.013477385628974, 52.778414580569731 ], [ -118.013527318542643, 52.77826319813272 ], [ -118.013715649861311, 52.778213858524886 ], [ -118.014567592813663, 52.778165751707739 ], [ -118.014711062689713, 52.778103940182881 ], [ -118.014711205022564, 52.778008144526069 ], [ -118.014498177178609, 52.777939519218478 ], [ -118.013285735574129, 52.777882011112602 ], [ -118.012614829590333, 52.777688340989641 ], [ -118.012199819835857, 52.777470561066409 ], [ -118.011925295488226, 52.777228504048622 ], [ -118.011689497329499, 52.776909866709573 ], [ -118.011545073735888, 52.776153196795065 ], [ -118.011390163976102, 52.776086375412348 ], [ -118.010874088149407, 52.776026591089988 ], [ -118.010783439887888, 52.77597413298902 ], [ -118.010600876014095, 52.775236264707814 ], [ -118.010224631459778, 52.77503652134547 ], [ -118.009556853152006, 52.774978298017665 ], [ -118.009300629551504, 52.774890587339534 ], [ -118.008968301264744, 52.774506149214787 ], [ -118.008824806068546, 52.77401973094512 ], [ -118.008671254450817, 52.773952242053348 ], [ -118.008107928972677, 52.773868979631999 ], [ -118.007919061452824, 52.773413685673134 ], [ -118.00775320004702, 52.773267114261884 ], [ -118.007368453521735, 52.773103332318051 ], [ -118.006221708265699, 52.772846023129183 ], [ -118.005193714465292, 52.772338214687075 ], [ -118.004157179362181, 52.772097029980799 ], [ -118.003989339077421, 52.771956470438042 ], [ -118.003872864280268, 52.771558861889481 ], [ -118.003654956776401, 52.771380140477909 ], [ -118.003323920082764, 52.77124856357996 ], [ -118.002151865719199, 52.771010344806093 ], [ -118.001499515704708, 52.770811204925344 ], [ -118.001313463021063, 52.770675111336594 ], [ -118.00120755439012, 52.770341987814064 ], [ -118.001092102296724, 52.770248265108798 ], [ -118.000712164300467, 52.770208886000361 ], [ -118.000114637233608, 52.770238726144207 ], [ -117.999915846621931, 52.770303807883415 ], [ -117.999527556387406, 52.770654985146265 ], [ -117.999355096168983, 52.7707355254406 ], [ -117.998157607630603, 52.770810835492554 ], [ -117.997159307232067, 52.771047754954502 ], [ -117.99658841609974, 52.771045026718468 ], [ -117.996426970536135, 52.770977207073294 ], [ -117.996174345562665, 52.770706322079825 ], [ -117.995887330838613, 52.770573626518669 ], [ -117.994801210358702, 52.77051198491754 ], [ -117.994480497761231, 52.77033010127456 ], [ -117.994286123069472, 52.77028744219681 ], [ -117.992567928788816, 52.77026662375718 ], [ -117.992448574589389, 52.770229857711961 ], [ -117.99219988395231, 52.769965464781023 ], [ -117.991929948600543, 52.769820161177144 ], [ -117.991109314622548, 52.769733821160102 ], [ -117.990905204326197, 52.769676231458206 ], [ -117.990626665540987, 52.769477175754055 ], [ -117.990440105659786, 52.769020933104777 ], [ -117.989779239944795, 52.768927414577405 ], [ -117.989506760192228, 52.76877930447494 ], [ -117.989265258507885, 52.768468441667935 ], [ -117.989086204300889, 52.767950735894715 ], [ -117.988404689441978, 52.76786702297909 ], [ -117.988141450993822, 52.767783929936996 ], [ -117.987918347286168, 52.767613239189252 ], [ -117.987801644100259, 52.767212560519717 ], [ -117.987702066976155, 52.767090928260444 ], [ -117.986462407259083, 52.76660239753604 ], [ -117.985956546232657, 52.766563416596512 ], [ -117.982934979403311, 52.766594776065809 ], [ -117.982639187955229, 52.766633450409209 ], [ -117.98227361436868, 52.766845958370347 ], [ -117.981693998793162, 52.766879776708315 ], [ -117.981005195719391, 52.766830052856754 ], [ -117.980388853373455, 52.766618983549705 ], [ -117.980273566513986, 52.766447781240956 ], [ -117.980203752262526, 52.765939423225085 ], [ -117.979842520926994, 52.76567356203401 ], [ -117.979718726260245, 52.765094752331649 ], [ -117.979563741989992, 52.76502731077246 ], [ -117.978992672947712, 52.764945792704033 ], [ -117.978885747792916, 52.764739016875787 ], [ -117.978849707700277, 52.762533357999068 ], [ -117.978931556034553, 52.762368802833755 ], [ -117.979212787899726, 52.762215515186952 ], [ -117.97927152497374, 52.761984099903238 ], [ -117.979192068240309, 52.759243743206113 ], [ -117.979053620753163, 52.759111313456991 ], [ -117.978471748183679, 52.759036573422044 ], [ -117.978353628394828, 52.758946158047074 ], [ -117.978255916330212, 52.75840563197918 ], [ -117.977948565812454, 52.758214756416606 ], [ -117.977873411255487, 52.758097879560474 ], [ -117.977809399883483, 52.757249356692917 ], [ -117.977565706950088, 52.756882231945411 ], [ -117.977318103174895, 52.756714361377256 ], [ -117.976696646397386, 52.756641363941149 ], [ -117.976514053183507, 52.756537113137249 ], [ -117.976435509875301, 52.755373095583998 ], [ -117.976154333390085, 52.75496106586062 ], [ -117.975819141815691, 52.754760122715396 ], [ -117.974350376486314, 52.754439584076508 ], [ -117.973999048625998, 52.754322893896834 ], [ -117.973809945761843, 52.754189160255514 ], [ -117.973700432479248, 52.753315863990274 ], [ -117.97335554021592, 52.75309394571314 ], [ -117.973292629759499, 52.752914511196401 ], [ -117.973224984998538, 52.750004037042125 ], [ -117.973155955611389, 52.749773672745107 ], [ -117.972868063209717, 52.749625071996832 ], [ -117.972778930262834, 52.749461920987457 ], [ -117.972694875083008, 52.747163115670247 ], [ -117.972618920333275, 52.747046432473482 ], [ -117.972310892519431, 52.746855718818125 ], [ -117.972186167711982, 52.746277339833085 ], [ -117.972031261915248, 52.746209890968338 ], [ -117.971513712664674, 52.746149894623315 ], [ -117.971394708222647, 52.746060160090281 ], [ -117.971336807141881, 52.745054871262106 ], [ -117.971268237826379, 52.744855309823585 ], [ -117.970920693919439, 52.744636891282767 ], [ -117.970095225380049, 52.744519025720912 ], [ -117.969908904997354, 52.744062656475258 ], [ -117.969629783115309, 52.743864131479306 ], [ -117.969425349083039, 52.743806953539568 ], [ -117.968762087362535, 52.74374968816084 ], [ -117.968582455060314, 52.743674678945233 ], [ -117.96825091811651, 52.743289965154197 ], [ -117.968108326903462, 52.742802928146411 ], [ -117.967955229851839, 52.742734881252616 ], [ -117.967393535866407, 52.742648948646597 ], [ -117.967171554964935, 52.742241392405639 ], [ -117.966984056441589, 52.742194695314808 ], [ -117.966094790558131, 52.742149179629749 ], [ -117.965743735106543, 52.741828534529425 ], [ -117.965331419164457, 52.741615607969401 ], [ -117.961990224279887, 52.740615225809627 ], [ -117.960692496630799, 52.740074225207692 ], [ -117.960593097508578, 52.739953246379663 ], [ -117.96047896228221, 52.739552607627822 ], [ -117.960145289970512, 52.739315784605914 ], [ -117.958531236316446, 52.738946706417416 ], [ -117.957846041214026, 52.738689729330872 ], [ -117.957591553826987, 52.738439244913572 ], [ -117.957428195326159, 52.738156767785014 ], [ -117.95739355845167, 52.737183645646823 ], [ -117.957322905573776, 52.736955671710689 ], [ -117.957167423226394, 52.736888988478633 ], [ -117.956546598939838, 52.736815696497288 ], [ -117.956299872946218, 52.736647374057917 ], [ -117.956076231115688, 52.736330747157474 ], [ -117.956014887912275, 52.735746045646195 ], [ -117.955920678030211, 52.735587597511199 ], [ -117.955156358663388, 52.735490445683403 ], [ -117.954776105396732, 52.735292550473339 ], [ -117.954674379136449, 52.735054731700913 ], [ -117.954618701215267, 52.734190349776135 ], [ -117.954435061878755, 52.733915974797654 ], [ -117.954209593005302, 52.733728653363954 ], [ -117.953924970287019, 52.733663441915979 ], [ -117.953086901719146, 52.733634368283212 ], [ -117.952764721331263, 52.733453562463183 ], [ -117.952569586477409, 52.733411389283354 ], [ -117.951447279807837, 52.733400678774331 ], [ -117.951170914192929, 52.733354571592223 ], [ -117.950726649458517, 52.733086961490457 ], [ -117.950553409426888, 52.732621654116691 ], [ -117.950221647352436, 52.732377351295348 ], [ -117.949417055520911, 52.732127817497918 ], [ -117.948484676182289, 52.732024658446385 ], [ -117.948452398830185, 52.731900345665736 ], [ -117.948728923603412, 52.731752066488681 ], [ -117.948805023689758, 52.731632388233386 ], [ -117.948794269020837, 52.731393738257943 ], [ -117.948685313754552, 52.731280534087375 ], [ -117.947504861182097, 52.730984179558924 ], [ -117.946751753673524, 52.730591682566867 ], [ -117.946472356870174, 52.73050222189638 ], [ -117.942138372473025, 52.73051049028097 ], [ -117.941840756032008, 52.730476538233127 ], [ -117.941464128778193, 52.730269820614573 ], [ -117.940890241248738, 52.730249369172107 ], [ -117.940508958490952, 52.730292226587132 ], [ -117.94026138795931, 52.73046836706331 ], [ -117.940069240382158, 52.73051522523712 ], [ -117.938060122314496, 52.730552577640687 ], [ -117.937791040496137, 52.73060650968381 ], [ -117.937600534371569, 52.730760380915463 ], [ -117.937408894486325, 52.730807202566844 ], [ -117.935918713175127, 52.730835397236334 ], [ -117.935580395298189, 52.7308104938813 ], [ -117.935379080310881, 52.730750583359701 ], [ -117.934870781932332, 52.730339714647705 ], [ -117.933782975971482, 52.730294013956787 ], [ -117.933242227265893, 52.730180726203059 ], [ -117.932926553193681, 52.730048720137873 ], [ -117.932685805944871, 52.729756472965377 ], [ -117.932435671786081, 52.729598432642021 ], [ -117.932232875759794, 52.729540590370185 ], [ -117.931415089329093, 52.729453739629022 ], [ -117.931143975942319, 52.729309433552658 ], [ -117.930890324747679, 52.729048432927478 ], [ -117.930208095143925, 52.728925836127289 ], [ -117.930025897505729, 52.728548450606496 ], [ -117.929691411435527, 52.728319996003805 ], [ -117.92957499233529, 52.727738420648883 ], [ -117.929420816939171, 52.72767067510911 ], [ -117.928854624087407, 52.727622946754046 ], [ -117.928591382765291, 52.727539607683703 ], [ -117.928368424311486, 52.727368638485416 ], [ -117.928251077726415, 52.726967576928502 ], [ -117.928150144803581, 52.726846389549621 ], [ -117.927759745945934, 52.72669578487838 ], [ -117.927040575704098, 52.726527785232854 ], [ -117.926947621777074, 52.726365649580785 ], [ -117.926861863999889, 52.725600773684278 ], [ -117.926707526330247, 52.725532421738869 ], [ -117.926139719275, 52.72544370256054 ], [ -117.925952403228379, 52.725061950162015 ], [ -117.925821506191568, 52.725005077173925 ], [ -117.925671225729999, 52.72503258603988 ], [ -117.925590010218727, 52.725190697640251 ], [ -117.925633269352886, 52.72592600960661 ], [ -117.925975386384039, 52.726153114195583 ], [ -117.926161892195154, 52.726528969800803 ], [ -117.926727211859045, 52.726612776572466 ], [ -117.926880673746084, 52.726680585934844 ], [ -117.92702322702489, 52.727167387101709 ], [ -117.927306889928261, 52.727517029450723 ], [ -117.927534153813525, 52.72762706995465 ], [ -117.92819866354202, 52.727683663690904 ], [ -117.928516611091268, 52.727796115594856 ], [ -117.928712124599286, 52.727984943981753 ], [ -117.928775674263193, 52.72850959020731 ], [ -117.928868621612111, 52.72866949518869 ], [ -117.92960600249576, 52.728810230915563 ], [ -117.930043299290716, 52.729083711822902 ], [ -117.930219670811113, 52.729464162414772 ], [ -117.930977514942711, 52.729565694633052 ], [ -117.93121616710819, 52.729663619484995 ], [ -117.931411575916314, 52.729852166540276 ], [ -117.931500387678767, 52.730206073282652 ], [ -117.931599721777047, 52.730327749535682 ], [ -117.932707838993267, 52.730775082416386 ], [ -117.932999587384117, 52.730840108843786 ], [ -117.934294654240915, 52.730899156299891 ], [ -117.934852758474804, 52.731079753648672 ], [ -117.935140207953353, 52.731319788685859 ], [ -117.935492227050617, 52.731375225769447 ], [ -117.937865279592685, 52.731342629407031 ], [ -117.938056941135741, 52.731296178860568 ], [ -117.938368120217177, 52.731107430351209 ], [ -117.939633994753635, 52.73105710232727 ], [ -117.939826663769509, 52.731011030009299 ], [ -117.940138842470546, 52.730821088720738 ], [ -117.940808166730179, 52.730786450643762 ], [ -117.941479194761399, 52.730811152340344 ], [ -117.94185728138396, 52.731018536422667 ], [ -117.942326555868902, 52.731055810085373 ], [ -117.942815653962981, 52.731024617554723 ], [ -117.943186679546628, 52.730809874474538 ], [ -117.943625665120237, 52.730782255629769 ], [ -117.943817556751512, 52.730823972307604 ], [ -117.944141868022811, 52.731008594058949 ], [ -117.945102219028016, 52.731068636756248 ], [ -117.945482541314803, 52.731268583758521 ], [ -117.946376225147262, 52.731311972507072 ], [ -117.946539436480691, 52.73137806257256 ], [ -117.946705974385466, 52.731575932293822 ], [ -117.946959099391592, 52.731732172332492 ], [ -117.947837655338731, 52.731877762275595 ], [ -117.948021909095502, 52.732334095029607 ], [ -117.948413128902203, 52.732606317887189 ], [ -117.949714362389201, 52.733085122966642 ], [ -117.950534099991089, 52.733204422862684 ], [ -117.950748012137865, 52.733701871578262 ], [ -117.951173023232244, 52.733964446808187 ], [ -117.951997091759281, 52.734186644820625 ], [ -117.95341239614396, 52.734200198108468 ], [ -117.953680200909488, 52.734252844186791 ], [ -117.953794511981656, 52.734570475424171 ], [ -117.953735682637188, 52.735186224067583 ], [ -117.953509550112628, 52.735267224646805 ], [ -117.952682588354861, 52.73531191538396 ], [ -117.952312238177896, 52.735519041000956 ], [ -117.951757919687637, 52.73556426426773 ], [ -117.949889443066013, 52.73556504827058 ], [ -117.948279972967285, 52.735324730305315 ], [ -117.94579719883852, 52.735316466746283 ], [ -117.945083911025023, 52.735107995267292 ], [ -117.944749594451636, 52.734747648136178 ], [ -117.944417979477265, 52.734581571393591 ], [ -117.943114397510215, 52.734526509216956 ], [ -117.942521058117748, 52.734373748750961 ], [ -117.942271100261706, 52.734210242875413 ], [ -117.942137827513761, 52.733836481346451 ], [ -117.941843567745551, 52.733753253232045 ], [ -117.941478701640989, 52.733786629758534 ], [ -117.941228773820185, 52.733964725390109 ], [ -117.940875708510276, 52.73402580238487 ], [ -117.932525207640197, 52.734094785706056 ], [ -117.932145653461163, 52.734136542352509 ], [ -117.931900668125536, 52.73431116115011 ], [ -117.931631814221291, 52.734365170587125 ], [ -117.929063169504147, 52.734394390556666 ], [ -117.928595778349703, 52.734357569327493 ], [ -117.928343334377615, 52.734186919730668 ], [ -117.928149872628055, 52.734143481953375 ], [ -117.925989770216646, 52.734122116095172 ], [ -117.925671010166042, 52.733936272779047 ], [ -117.92539893970978, 52.733885382700237 ], [ -117.924627343489902, 52.733902360913497 ], [ -117.923960959076879, 52.734121540111872 ], [ -117.92355599012113, 52.734162341902156 ], [ -117.923261570692134, 52.7341327077635 ], [ -117.92300810583518, 52.733960518133664 ], [ -117.922736407721032, 52.733909848982385 ], [ -117.919392988986814, 52.733914405271477 ], [ -117.919199684992535, 52.733870864031552 ], [ -117.919002977913607, 52.733720165987592 ], [ -117.918731952813417, 52.733670386648463 ], [ -117.915541495261792, 52.733690709295701 ], [ -117.915026501303402, 52.73365557321015 ], [ -117.914391235650299, 52.733458941350712 ], [ -117.914044476032174, 52.733200375854864 ], [ -117.91315531323184, 52.733155360412908 ], [ -117.912968435059099, 52.733108904285757 ], [ -117.912785967451271, 52.732650135916877 ], [ -117.912390179821244, 52.732385661236862 ], [ -117.910989094364425, 52.732080684408523 ], [ -117.910352267886225, 52.731874955546232 ], [ -117.91020139778233, 52.731722916755658 ], [ -117.910136037421381, 52.731144209067189 ], [ -117.909972647778389, 52.730938319506443 ], [ -117.909682770621714, 52.730809384549801 ], [ -117.908887873886016, 52.73071394539523 ], [ -117.908747987602666, 52.730609525725768 ], [ -117.908295330659286, 52.730006664194761 ], [ -117.907160825168788, 52.729697492215536 ], [ -117.907052049087909, 52.729583559213197 ], [ -117.906985522609389, 52.729074086622568 ], [ -117.906904696199589, 52.728961567486273 ], [ -117.906018838068377, 52.728818933591128 ], [ -117.905738299095759, 52.728620466820857 ], [ -117.905551764242773, 52.728164062059022 ], [ -117.904794605300637, 52.728063442478565 ], [ -117.904555656781625, 52.727965812552817 ], [ -117.904360002095771, 52.727777147116335 ], [ -117.904279575498563, 52.727414702482058 ], [ -117.904161035399284, 52.727242568884904 ], [ -117.903826376732795, 52.72707867170233 ], [ -117.903070428645364, 52.726977662089951 ], [ -117.902899659879765, 52.726580189101227 ], [ -117.902772220392379, 52.726473150479841 ], [ -117.902291445568153, 52.72630478791055 ], [ -117.901057453874415, 52.726044316958919 ], [ -117.900709943544655, 52.725915776921759 ], [ -117.900360035898842, 52.72553198076227 ], [ -117.900227217237173, 52.725026110469663 ], [ -117.900118653837922, 52.724912574350604 ], [ -117.898177628070783, 52.724420521065106 ], [ -117.897766372409734, 52.724206774007094 ], [ -117.897419714578973, 52.723884401180136 ], [ -117.896331413910005, 52.723840220803829 ], [ -117.895790620667242, 52.723726924046055 ], [ -117.895474679181277, 52.723594955571933 ], [ -117.895232305999201, 52.723303179044542 ], [ -117.894979817841715, 52.723145806703606 ], [ -117.894096109775759, 52.723001907727465 ], [ -117.894013666279278, 52.722889272347722 ], [ -117.893932291415297, 52.72238727971996 ], [ -117.89362887058823, 52.722199444774603 ], [ -117.893589275220208, 52.72210379604023 ], [ -117.893680140929533, 52.722021987425329 ], [ -117.894345978467271, 52.721868460764952 ], [ -117.894742058062704, 52.721708139803738 ], [ -117.894863023267732, 52.721485701614228 ], [ -117.894803036625902, 52.7212560386997 ], [ -117.894496486721749, 52.721171488249077 ], [ -117.894063278717027, 52.721223135579351 ], [ -117.893621408968755, 52.721507728600265 ], [ -117.893461962259252, 52.721904562446838 ], [ -117.893238806948304, 52.721988565508461 ], [ -117.892929071120562, 52.721991625680012 ], [ -117.892738923143284, 52.721943562873079 ], [ -117.892637182118023, 52.721778700761277 ], [ -117.892617276787192, 52.721514706890552 ], [ -117.892719987882785, 52.721249205019454 ], [ -117.893484416309761, 52.721136589032348 ], [ -117.893841851355148, 52.720971220725843 ], [ -117.894114305241757, 52.720725777461674 ], [ -117.894338577948687, 52.720404988266914 ], [ -117.894360305118056, 52.720267071846799 ], [ -117.89428913971831, 52.720157712462935 ], [ -117.893714834954991, 52.720075692520638 ], [ -117.893556051609721, 52.720008198682279 ], [ -117.893466845736057, 52.719562234311311 ], [ -117.893535712145834, 52.719115346088991 ], [ -117.893690188319397, 52.719045762794437 ], [ -117.894207819603793, 52.718978259893852 ], [ -117.894340948060972, 52.718843785452371 ], [ -117.894336772794986, 52.717229427089912 ], [ -117.894263574991825, 52.716947195182328 ], [ -117.894034352012838, 52.71687140339084 ], [ -117.89314225908025, 52.716826032629932 ], [ -117.893052505015518, 52.716772734608185 ], [ -117.892938560753663, 52.71646194691656 ], [ -117.892824147169165, 52.716369882826875 ], [ -117.891652588080476, 52.71631409015999 ], [ -117.890826848131425, 52.716092915373011 ], [ -117.890401902884804, 52.715830354646101 ], [ -117.8901870178872, 52.715333178691651 ], [ -117.889309445579812, 52.7151868068851 ], [ -117.889099597287682, 52.715065144709747 ], [ -117.888795920282845, 52.714778922628867 ], [ -117.888414899670181, 52.71474210801933 ], [ -117.886569846428742, 52.71474562643747 ], [ -117.886376385377503, 52.714702420909504 ], [ -117.886058333370016, 52.714519288469148 ], [ -117.884875537948247, 52.714464478344972 ], [ -117.884204007201546, 52.71427940690554 ], [ -117.88283201706092, 52.71371104121522 ], [ -117.882715936581647, 52.713542344822912 ], [ -117.882687255261814, 52.712844368085854 ], [ -117.882587034393339, 52.712605894904463 ], [ -117.88220779974489, 52.712407478680326 ], [ -117.881444191710457, 52.712309766343566 ], [ -117.881350316603829, 52.712151249620383 ], [ -117.88129001908807, 52.71156649677409 ], [ -117.881067039179001, 52.711249723482275 ], [ -117.880820730580382, 52.711081242786072 ], [ -117.880200215617052, 52.711007586096272 ], [ -117.880017771371513, 52.710903219219205 ], [ -117.879941120894074, 52.708877465244399 ], [ -117.879878382549805, 52.708698083849598 ], [ -117.879591105582463, 52.708549245681695 ], [ -117.879502483365542, 52.708385995267641 ], [ -117.879441890646916, 52.706830166383291 ], [ -117.879320277114587, 52.706659721095818 ], [ -117.879046431971915, 52.70651625305333 ], [ -117.878331780443929, 52.706436992591364 ], [ -117.878175932729903, 52.706370251051425 ], [ -117.878105724625811, 52.706141811411634 ], [ -117.878068353816317, 52.705019125974175 ], [ -117.87799200101459, 52.704902740235688 ], [ -117.877738879117942, 52.704786857396407 ], [ -117.877649574401133, 52.70462322030879 ], [ -117.877641316811136, 52.703673664447763 ], [ -117.877712903697173, 52.703555708127396 ], [ -117.87799188581829, 52.703400914958515 ], [ -117.878090949155535, 52.702819978727895 ], [ -117.878425003277627, 52.70259152192402 ], [ -117.87848620294703, 52.702254067623954 ], [ -117.878416854714374, 52.701127410154228 ], [ -117.878161362596188, 52.700911716740087 ], [ -117.877659323498293, 52.70074187651101 ], [ -117.877547293766938, 52.700427399279697 ], [ -117.877527163795037, 52.698271675887668 ], [ -117.87764237998266, 52.698102555742828 ], [ -117.878264358829213, 52.697826836764669 ], [ -117.878383705585492, 52.697610991572446 ], [ -117.878328390948383, 52.69738535771468 ], [ -117.878001340199006, 52.697201312834267 ], [ -117.877926485748119, 52.696917714637728 ], [ -117.877790100840897, 52.689425140187801 ], [ -117.877872160351643, 52.689260633895003 ], [ -117.878120195709286, 52.689141261354507 ], [ -117.878191817300134, 52.68902385626744 ], [ -117.878211110061514, 52.687756284197356 ], [ -117.878281847308841, 52.687638357495331 ], [ -117.878581120622641, 52.687442792366035 ], [ -117.878679758110792, 52.686861786202734 ], [ -117.878830321252025, 52.686791203073966 ], [ -117.879390172097928, 52.686696918481857 ], [ -117.879536893470373, 52.686357833756077 ], [ -117.879650445470872, 52.686265543565042 ], [ -117.880269162077596, 52.686154436211297 ], [ -117.880414488985764, 52.685744135912493 ], [ -117.880553515239981, 52.685585382445623 ], [ -117.880770542533938, 52.685467839215384 ], [ -117.881342384500499, 52.685311839896613 ], [ -117.881581599327376, 52.685147033253088 ], [ -117.881780158061488, 52.684648310043052 ], [ -117.881966109291298, 52.684599448580698 ], [ -117.882852411030058, 52.6845416537152 ], [ -117.882964885523194, 52.684448651701672 ], [ -117.883070776104645, 52.684058093054354 ], [ -117.883233105441448, 52.683913225706 ], [ -117.883467924853818, 52.683811340286233 ], [ -117.88422580737496, 52.683700710231719 ], [ -117.884320097515001, 52.683491023523416 ], [ -117.884334503875436, 52.682541241225877 ], [ -117.884449798700672, 52.682449607059993 ], [ -117.885030408560041, 52.68236612482842 ], [ -117.885147280488781, 52.682274068618668 ], [ -117.88519006772114, 52.68186543918894 ], [ -117.885130845358077, 52.681457546811927 ], [ -117.885010347747738, 52.68136722887494 ], [ -117.884491042454442, 52.681306954198142 ], [ -117.884335544328735, 52.68123977647948 ], [ -117.884212539462126, 52.680387816940474 ], [ -117.883902819825735, 52.680198448008802 ], [ -117.883826674538255, 52.680082041323061 ], [ -117.883752353348683, 52.678038496918532 ], [ -117.883664373210664, 52.677881206781521 ], [ -117.883459812475223, 52.677864237755301 ], [ -117.883345190989985, 52.677994389711372 ], [ -117.883268653313408, 52.678681575144324 ], [ -117.883000563697394, 52.679046402097271 ], [ -117.882528244646835, 52.679475407611918 ], [ -117.882460546188028, 52.679781234708472 ], [ -117.882486501637771, 52.680645202757297 ], [ -117.882604163612015, 52.680942401970519 ], [ -117.883016480385749, 52.681369694314114 ], [ -117.883298701197432, 52.68152416239716 ], [ -117.883748182826963, 52.681668535222663 ], [ -117.883827444741243, 52.681782104084867 ], [ -117.883792162273181, 52.682049371888041 ], [ -117.883453124754652, 52.682280179333489 ], [ -117.883352153191382, 52.682943064732434 ], [ -117.883015807679072, 52.683167834489062 ], [ -117.882194955619752, 52.683297484618407 ], [ -117.882038180715512, 52.68381779004396 ], [ -117.88176767452083, 52.684171261693074 ], [ -117.881544915468993, 52.684284717354444 ], [ -117.88088927407361, 52.684388538585843 ], [ -117.880720751421663, 52.684847088732333 ], [ -117.880448462076743, 52.685049661702813 ], [ -117.87956961147728, 52.685206253177121 ], [ -117.879493547017233, 52.685320375008537 ], [ -117.879469363647246, 52.685730095883251 ], [ -117.879384692565282, 52.685891770323806 ], [ -117.878631722271734, 52.686003427120617 ], [ -117.87833219023095, 52.686134552053318 ], [ -117.877328108361482, 52.687112503029532 ], [ -117.877317782842383, 52.689574674776665 ], [ -117.877182058476933, 52.689710778831397 ], [ -117.876601503035786, 52.689793679974422 ], [ -117.876509384135957, 52.689870359108276 ], [ -117.876605668314497, 52.689977708362136 ], [ -117.877246485221065, 52.690075171920171 ], [ -117.877366171702178, 52.690336877309399 ], [ -117.877357011785492, 52.690657520059105 ], [ -117.877264476509708, 52.690845640081648 ], [ -117.877016708750233, 52.691010318045322 ], [ -117.876571105163563, 52.691163907510571 ], [ -117.876485451547339, 52.691325421890895 ], [ -117.876583985670578, 52.69157458503409 ], [ -117.877233212968889, 52.691677026849092 ], [ -117.877383621250544, 52.691855496313231 ], [ -117.877297042484571, 52.692106234298755 ], [ -117.876658003476052, 52.692215596582642 ], [ -117.876540912236592, 52.692307716659329 ], [ -117.876505082764851, 52.692447806342706 ], [ -117.876547135337233, 52.693350769318855 ], [ -117.876624176614726, 52.693467338847036 ], [ -117.876911861488878, 52.693616450237457 ], [ -117.876974677075637, 52.693795882942162 ], [ -117.877023707576228, 52.696218495850296 ], [ -117.876936080776332, 52.696433004747796 ], [ -117.876657487685904, 52.696587575574213 ], [ -117.876558557036475, 52.697168436437302 ], [ -117.876224700309976, 52.69739682932309 ], [ -117.876166254083472, 52.697628641335115 ], [ -117.876250488282906, 52.701674133786895 ], [ -117.876320117322337, 52.70193062222922 ], [ -117.876666578553042, 52.702434870815821 ], [ -117.87672407831981, 52.702806220375891 ], [ -117.876660251616471, 52.703143682195822 ], [ -117.876317553379934, 52.703372433024725 ], [ -117.876282930165786, 52.703720869383353 ], [ -117.876353080511976, 52.703952371764174 ], [ -117.876642933777447, 52.704102746408545 ], [ -117.876740913875011, 52.704315879928501 ], [ -117.876823837755339, 52.708142741604213 ], [ -117.876893165910474, 52.70839905186731 ], [ -117.8772676241434, 52.709005175579385 ], [ -117.877324578364025, 52.710340710540308 ], [ -117.877461231474996, 52.710473320213154 ], [ -117.878145829422976, 52.710561668515048 ], [ -117.87839212025473, 52.710730155896755 ], [ -117.878615073856892, 52.711046934740494 ], [ -117.878675314520265, 52.711631696694738 ], [ -117.878769138830023, 52.711790228282588 ], [ -117.879532180370205, 52.711888137990897 ], [ -117.879909996963534, 52.712087055316196 ], [ -117.880000750112245, 52.712273638118205 ], [ -117.880046607618226, 52.712809003934353 ], [ -117.880210170813172, 52.713014727119955 ], [ -117.88050011266462, 52.713143553707248 ], [ -117.88124394114682, 52.713214528435373 ], [ -117.881516750705572, 52.713361870954103 ], [ -117.881798351584422, 52.713770133190287 ], [ -117.881837011601192, 52.71457999049813 ], [ -117.881919780248964, 52.714766356933502 ], [ -117.882277942019371, 52.714931912234825 ], [ -117.882820633974006, 52.71504550141406 ], [ -117.885031808191854, 52.715047452454655 ], [ -117.885302738306933, 52.715097203066904 ], [ -117.885499277073947, 52.715247878098353 ], [ -117.885692493935395, 52.715291406986552 ], [ -117.888062563624658, 52.715309972851188 ], [ -117.888743267643051, 52.715482424552299 ], [ -117.8891779595006, 52.715686969202601 ], [ -117.889341864691403, 52.715836015071034 ], [ -117.889529994228226, 52.716291583145676 ], [ -117.890159022354396, 52.716389293520685 ], [ -117.890276871709759, 52.716479226152465 ], [ -117.890352550531432, 52.717373364043503 ], [ -117.890592483695926, 52.717741580781194 ], [ -117.89083724469549, 52.717910270759063 ], [ -117.891651676871277, 52.718000205607908 ], [ -117.891942540685022, 52.718128884776092 ], [ -117.892107809564479, 52.718334417821886 ], [ -117.89214564011742, 52.719033526493405 ], [ -117.89221331099931, 52.719211966765158 ], [ -117.892371215010826, 52.719280414874596 ], [ -117.892889613096486, 52.719339756128306 ], [ -117.892985038287051, 52.71941512462039 ], [ -117.892893830962009, 52.719524053791147 ], [ -117.892263846083992, 52.719632329297021 ], [ -117.892183752360594, 52.719747144116781 ], [ -117.892099364422464, 52.720286416823228 ], [ -117.891947913550425, 52.720356894141631 ], [ -117.891380196365134, 52.720448822481529 ], [ -117.891275265149687, 52.720710932057095 ], [ -117.891290115930744, 52.721195336909005 ], [ -117.891359729607132, 52.721373556663828 ], [ -117.891516140963489, 52.72144134357076 ], [ -117.892085742762944, 52.721524996657152 ], [ -117.89227248956594, 52.721900532062207 ], [ -117.892611964141764, 52.722126200005128 ], [ -117.892666982290805, 52.723075066541412 ], [ -117.892732948351849, 52.723252471521057 ], [ -117.892887505299797, 52.723320114741298 ], [ -117.893451707815558, 52.723405751302103 ], [ -117.893607534724907, 52.723744959316882 ], [ -117.893723122604484, 52.723836218895585 ], [ -117.894873834641743, 52.72390958534924 ], [ -117.896236497436462, 52.724410389525254 ], [ -117.896595012300168, 52.724643516681439 ], [ -117.896746275105926, 52.725072114370583 ], [ -117.89686194591782, 52.725163173576071 ], [ -117.897886269581917, 52.725232889887586 ], [ -117.898191268726862, 52.725517443076072 ], [ -117.898459587607405, 52.725663346738564 ], [ -117.89953274502092, 52.725773995167593 ], [ -117.900387641682883, 52.726054888723944 ], [ -117.90065853136764, 52.726269541518313 ], [ -117.900842777823598, 52.726726087746286 ], [ -117.901601163139262, 52.726825935285319 ], [ -117.90197774787805, 52.727025983019352 ], [ -117.902067895318766, 52.727213524888924 ], [ -117.902111590783605, 52.727683715661982 ], [ -117.902193024297347, 52.727795843624882 ], [ -117.902954907647427, 52.72789476229115 ], [ -117.90329208520636, 52.728058208281631 ], [ -117.903410380558654, 52.728230764600092 ], [ -117.903454347763088, 52.728706688142289 ], [ -117.903546925719894, 52.728866827070959 ], [ -117.903735891981199, 52.728912635940958 ], [ -117.904491274518634, 52.728933493046469 ], [ -117.904679762294407, 52.728979965300212 ], [ -117.904902302205755, 52.729387301005858 ], [ -117.905463835079487, 52.729473491407731 ], [ -117.9056167995724, 52.729541617287595 ], [ -117.905758657770477, 52.730028733410933 ], [ -117.906089555831414, 52.730413623911971 ], [ -117.906269043504892, 52.730488725783857 ], [ -117.906932196149739, 52.730546299406704 ], [ -117.907136665535845, 52.730603546050318 ], [ -117.907416224920894, 52.730802041602644 ], [ -117.907606349622341, 52.731257725213872 ], [ -117.908174044787501, 52.731342357470993 ], [ -117.908330380279139, 52.731410503667853 ], [ -117.908402983141443, 52.73164039738932 ], [ -117.908376932437193, 52.731949531979843 ], [ -117.908298913247023, 52.732070719240497 ], [ -117.908024839220076, 52.732219193413769 ], [ -117.908058178833684, 52.732343947596426 ], [ -117.908315437335659, 52.732390065087834 ], [ -117.909558707212724, 52.732397850900853 ], [ -117.909902248292639, 52.732493756292932 ], [ -117.910122743527197, 52.732667722052454 ], [ -117.910313452234789, 52.733126842959862 ], [ -117.910876608658668, 52.733212266021063 ], [ -117.911014080745971, 52.733271984649875 ], [ -117.910989953332901, 52.733400241475081 ], [ -117.91072501302682, 52.733543073340549 ], [ -117.9107257433391, 52.733642846241295 ], [ -117.910802051632885, 52.733689704314216 ], [ -117.912662391944778, 52.73373409854532 ], [ -117.913039598520797, 52.733936564654471 ], [ -117.913997564891162, 52.733995771819096 ], [ -117.914377008729858, 52.734196596521194 ], [ -117.915335071466657, 52.734255695535005 ], [ -117.915656133958009, 52.734438234774245 ], [ -117.915850490576389, 52.734481127315419 ], [ -117.917493027454469, 52.734496478148266 ], [ -117.917686766385856, 52.734539753196287 ], [ -117.917883821238902, 52.734690236182971 ], [ -117.918155015555968, 52.734739919262566 ], [ -117.920609254997316, 52.734741537394626 ], [ -117.920802616103302, 52.734785044981251 ], [ -117.920999397301046, 52.734935702644542 ], [ -117.921270513936804, 52.734985431789966 ], [ -117.923726814294739, 52.73498818031868 ], [ -117.92392163886629, 52.73503246231234 ], [ -117.924121132475264, 52.73518436647332 ], [ -117.92438779265477, 52.735230769781403 ], [ -117.924752325304596, 52.735198403105713 ], [ -117.925002482123006, 52.73502059794513 ], [ -117.925345136501775, 52.734966165192489 ], [ -117.925633187842166, 52.734993559542261 ], [ -117.925888283081775, 52.735165396930057 ], [ -117.926242998569492, 52.735220178890479 ], [ -117.932466021283048, 52.735178067831576 ], [ -117.93313131406012, 52.735145556020861 ], [ -117.933495651536745, 52.734935036917996 ], [ -117.933875209819405, 52.734893276778486 ], [ -117.941872158411385, 52.734830840965387 ], [ -117.942337969562146, 52.73491317161367 ], [ -117.943230238533147, 52.735359354955399 ], [ -117.944263546530465, 52.735605013399287 ], [ -117.944405903431502, 52.735703336039734 ], [ -117.944539930439703, 52.736067316352631 ], [ -117.944761698312988, 52.736146979470973 ], [ -117.95327695525755, 52.736084313832357 ], [ -117.953958630074141, 52.736133107625932 ], [ -117.954624988838958, 52.73632933720414 ], [ -117.954967495984874, 52.736517471605303 ], [ -117.95510984466415, 52.736679056032273 ], [ -117.955271580724173, 52.737087233063328 ], [ -117.955835989388788, 52.737170895605296 ], [ -117.955989808978515, 52.737238677622429 ], [ -117.956113046274893, 52.737817479763159 ], [ -117.956420358457521, 52.738008569620185 ], [ -117.9564956336704, 52.738125634518731 ], [ -117.95653472145591, 52.73902958053138 ], [ -117.956599724940759, 52.739207000890687 ], [ -117.956755284024936, 52.739273965516745 ], [ -117.9574014809819, 52.739336361550571 ], [ -117.957640658961623, 52.739434653249717 ], [ -117.957808900032035, 52.739577156759907 ], [ -117.957991781349762, 52.740037592286193 ], [ -117.958336729913711, 52.74009478825517 ], [ -117.959851583194279, 52.740084358283937 ], [ -117.960220660925643, 52.740159402283545 ], [ -117.960496601923481, 52.740360114564034 ], [ -117.96061228008989, 52.740759140278897 ], [ -117.960720646141198, 52.740873177953219 ], [ -117.961956792049023, 52.741190893784122 ], [ -117.963622397993021, 52.742121419525169 ], [ -117.964504940566385, 52.742264065306209 ], [ -117.96467819300706, 52.742656090481802 ], [ -117.964820602444405, 52.742754179074666 ], [ -117.9661836481812, 52.743062704910628 ], [ -117.966960790594072, 52.743332341488816 ], [ -117.967232938124184, 52.743545993912804 ], [ -117.967421401747046, 52.744001076197279 ], [ -117.967984422955467, 52.744084317563896 ], [ -117.968137841292418, 52.744151826186602 ], [ -117.968281050766578, 52.744638133908992 ], [ -117.968613535967023, 52.745022186861803 ], [ -117.968869162955514, 52.745109936445935 ], [ -117.96943922032095, 52.745161549031153 ], [ -117.969667489916048, 52.745270840709338 ], [ -117.969976444780826, 52.745666165781252 ], [ -117.970100658074855, 52.746379312289008 ], [ -117.970257304540667, 52.746447153621496 ], [ -117.970771213915597, 52.746504169715166 ], [ -117.970866323422143, 52.746579780352235 ], [ -117.970830456553784, 52.746674375802982 ], [ -117.970528080253018, 52.746864985830982 ], [ -117.970514184984452, 52.747216092695552 ], [ -117.970851210258246, 52.747662403537063 ], [ -117.971302913436062, 52.747867038838862 ], [ -117.971365117879898, 52.747939141973532 ], [ -117.971446462537671, 52.749473136711188 ], [ -117.971536267953297, 52.749636816554393 ], [ -117.971826589634389, 52.74978707484869 ], [ -117.971891389064822, 52.74996767978363 ], [ -117.971862031799162, 52.750368347282169 ], [ -117.971552565457174, 52.750565597814145 ], [ -117.971476585453601, 52.750728148170879 ], [ -117.971531760815694, 52.750949941075994 ], [ -117.971848934511613, 52.751132857396563 ], [ -117.971845877415461, 52.751296097765376 ], [ -117.971580318524488, 52.751491635106085 ], [ -117.971138231482001, 52.751643422333913 ], [ -117.971048694998586, 52.751807262118504 ], [ -117.971116073680989, 52.753619560166634 ], [ -117.971174343578937, 52.75368340851265 ], [ -117.971329907163891, 52.753707050203516 ], [ -117.97166536605944, 52.75351441352921 ], [ -117.971874603612505, 52.753529862845966 ], [ -117.971948227317299, 52.753636981559666 ], [ -117.972025846772794, 52.754139161820575 ], [ -117.972388338465365, 52.754407399281469 ], [ -117.972511035241183, 52.754987094108934 ], [ -117.972664893955141, 52.755054953597288 ], [ -117.973229412410632, 52.755139139354633 ], [ -117.973419108450344, 52.755594926510312 ], [ -117.97369862654935, 52.755793571520805 ], [ -117.973903465390009, 52.755850725523842 ], [ -117.974665786656189, 52.755913805076709 ], [ -117.975042357087844, 52.756112739132661 ], [ -117.975133494617893, 52.756298833089581 ], [ -117.975180903386118, 52.75689075073862 ], [ -117.97534451205351, 52.757171965566222 ], [ -117.975608743108467, 52.757402902008018 ], [ -117.976159658035328, 52.75756456830895 ], [ -117.976471867216816, 52.757807380297393 ], [ -117.97655101949303, 52.759140331658102 ], [ -117.976639577636377, 52.759303786728623 ], [ -117.976950108353734, 52.759492959331311 ], [ -117.97704784401391, 52.760306965443391 ], [ -117.977166721847169, 52.760396936667028 ], [ -117.977750263872224, 52.76047091545334 ], [ -117.977889456524949, 52.760603319783094 ], [ -117.977890149075591, 52.761714057512357 ], [ -117.977170933534822, 52.762462508518908 ], [ -117.977079810110325, 52.762655237544351 ], [ -117.977074438073643, 52.762910932825548 ], [ -117.977163549783015, 52.76307425605669 ], [ -117.97741945760626, 52.763190282099508 ], [ -117.977496968041422, 52.763306857510422 ], [ -117.977567345052435, 52.764303024590681 ], [ -117.977643508566459, 52.764419589397079 ], [ -117.977954073354425, 52.764608660351776 ], [ -117.978051822828121, 52.765422075701331 ], [ -117.978113888020729, 52.765494776230447 ], [ -117.978414830603484, 52.765605306717823 ], [ -117.978614286070766, 52.765740839413688 ], [ -117.97884021255085, 52.766001679096945 ], [ -117.978896837446968, 52.766184280095217 ], [ -117.978783152322777, 52.766317926053127 ], [ -117.977938780676126, 52.766449310892149 ], [ -117.977422234705415, 52.766738213116831 ], [ -117.977166365154673, 52.767028520226894 ], [ -117.977212904607697, 52.76736130358411 ], [ -117.977370639551808, 52.767430900236391 ], [ -117.977608309369501, 52.767451494401016 ], [ -117.978734628292671, 52.76741402923912 ], [ -117.978886199425901, 52.767338907207069 ], [ -117.979012466578496, 52.766981296227492 ], [ -117.979087958121255, 52.766931635622747 ], [ -117.97924415914504, 52.766928608829254 ], [ -117.979372076177484, 52.767103564849101 ], [ -117.979431209172333, 52.767843315852055 ], [ -117.979547018679298, 52.767936129289517 ], [ -117.979929702649272, 52.767972792832175 ], [ -117.981410031218132, 52.767930792672814 ], [ -117.981778380872001, 52.767721395132483 ], [ -117.982733306327319, 52.767646188786742 ], [ -117.983046304301723, 52.7674582168247 ], [ -117.983238629133737, 52.767411842503442 ], [ -117.985002299242126, 52.767378421743167 ], [ -117.985466772995551, 52.767417685381787 ], [ -117.985581231923547, 52.767510520510555 ], [ -117.985669012321736, 52.767784022445682 ], [ -117.985785416238215, 52.767875536991582 ], [ -117.986675964563375, 52.767921917957047 ], [ -117.986864763414886, 52.76796822559897 ], [ -117.986957243705874, 52.768129146686 ], [ -117.986999824323519, 52.768539021255016 ], [ -117.987081138132993, 52.76865180291859 ], [ -117.987745232974305, 52.768744819301141 ], [ -117.98801964049656, 52.768892091356051 ], [ -117.988285696810649, 52.76924915251206 ], [ -117.98834712303767, 52.769833962717506 ], [ -117.988440959198854, 52.769992551560961 ], [ -117.989122359230777, 52.770076107929569 ], [ -117.989385199916256, 52.770159289434162 ], [ -117.989579534472782, 52.770290177168221 ], [ -117.989879524785209, 52.770676144287428 ], [ -117.990155588416243, 52.770835556687445 ], [ -117.990510334606682, 52.770960929578749 ], [ -117.99113268200982, 52.771093975091425 ], [ -117.992154519963393, 52.771125895346195 ], [ -117.992598030964487, 52.771340320190511 ], [ -117.993556028633066, 52.771399125249211 ], [ -117.993932826997536, 52.771601752708854 ], [ -117.99869644900663, 52.771583719166209 ], [ -117.999118987675118, 52.771541033064487 ], [ -118.00011862698635, 52.771310288334661 ], [ -118.001004630185278, 52.771294919634123 ], [ -118.001497521173917, 52.771359499688337 ], [ -118.002034481334292, 52.771553961970227 ], [ -118.002277557333727, 52.771845882152434 ], [ -118.002530744546576, 52.772003007250582 ], [ -118.002735199031946, 52.772060198800745 ], [ -118.003300095721301, 52.772108326980465 ], [ -118.003454540383572, 52.772175974799602 ], [ -118.003539182982408, 52.772946456045759 ], [ -118.003633896927596, 52.773108365876702 ], [ -118.003820626390961, 52.773153285352883 ], [ -118.0041306386088, 52.773146411347142 ], [ -118.004326181038522, 52.77309702527068 ], [ -118.004565091688619, 52.772925192393586 ], [ -118.004771448082977, 52.772941642588329 ], [ -118.004965911523229, 52.773507110697601 ], [ -118.005324920376367, 52.773878656288218 ], [ -118.005610424304322, 52.773943737666158 ], [ -118.00651354362472, 52.773986786631021 ], [ -118.006629654790018, 52.774077721901428 ], [ -118.006783686933417, 52.774417415774522 ], [ -118.007539552602452, 52.774520770074986 ], [ -118.007874057403029, 52.774685934696706 ], [ -118.008134549039951, 52.775217902873223 ], [ -118.008894982790267, 52.775317028736104 ], [ -118.00927496766829, 52.775515050510265 ], [ -118.009376964929544, 52.775752772358771 ], [ -118.009419361347909, 52.776561405055041 ], [ -118.00978310505252, 52.777061303303512 ], [ -118.010274650801207, 52.777434113830289 ], [ -118.010887449683423, 52.77801628016185 ], [ -118.011178254460091, 52.778159359118952 ], [ -118.011699389735085, 52.778278908595652 ], [ -118.011967601308854, 52.778425504897726 ], [ -118.01208679866015, 52.778596188034534 ], [ -118.012186014448986, 52.779066256827981 ], [ -118.012517999854808, 52.779448982004205 ], [ -118.012773341007332, 52.779536397712562 ], [ -118.013439454276124, 52.779594119713892 ], [ -118.013898395378092, 52.779823425518138 ], [ -118.014333761640657, 52.780307160556177 ], [ -118.014848302120583, 52.78115852375727 ], [ -118.015150944194417, 52.781510121251792 ], [ -118.015356170551001, 52.781638217436502 ], [ -118.015978663342381, 52.781714011721085 ], [ -118.016133905320785, 52.781781632272377 ], [ -118.016159913205712, 52.782091719607891 ], [ -118.015855380996115, 52.782284437623531 ], [ -118.015834294960015, 52.782411101421175 ], [ -118.01597472175925, 52.782469284545641 ], [ -118.016493578046209, 52.782528274440402 ], [ -118.016634430997456, 52.78266173404981 ], [ -118.016672275445757, 52.784205594342971 ], [ -118.016539425198545, 52.784340141549677 ], [ -118.015958545468905, 52.784423326365314 ], [ -118.01584291832026, 52.784514748448771 ], [ -118.015812828649388, 52.786144373444579 ], [ -118.015698261865168, 52.786235952273792 ], [ -118.01508526372352, 52.786314986494276 ], [ -118.014906533358456, 52.786392195002406 ], [ -118.014604888406495, 52.786731648744478 ], [ -118.014523050924581, 52.787040530176853 ], [ -118.014576234037975, 52.787500694725942 ], [ -118.014946229649865, 52.787764898254622 ], [ -118.015069236071767, 52.788344078288461 ], [ -118.015224155218121, 52.788411802692131 ], [ -118.015777024932802, 52.788468294979005 ], [ -118.015961160687311, 52.788543845873761 ], [ -118.016281436539032, 52.788880020411675 ], [ -118.016326857026812, 52.789107148067913 ], [ -118.016156697362646, 52.78921435527311 ], [ -118.015320876407799, 52.789256886774027 ], [ -118.015133117816347, 52.789305626114398 ], [ -118.014918709671363, 52.789802153946376 ], [ -118.014105649308945, 52.790332310776705 ], [ -118.013818534583223, 52.790576803508735 ], [ -118.013695843239432, 52.791283052097612 ], [ -118.013395232159041, 52.791476896079224 ], [ -118.013314224218277, 52.791641667870351 ], [ -118.013337237862387, 52.793308804771478 ], [ -118.013376338934464, 52.793448027286885 ], [ -118.013495042186747, 52.793537811961947 ], [ -118.014207224930516, 52.793614122711588 ], [ -118.014497933621982, 52.793743979500469 ], [ -118.014644755935208, 52.793900607466696 ], [ -118.014809504931648, 52.794308710714617 ], [ -118.015492596391994, 52.794428056725643 ], [ -118.0155973877538, 52.794635363889569 ], [ -118.01563689989365, 52.795390141960034 ], [ -118.015839033965094, 52.795715690451274 ], [ -118.016124829707366, 52.795925869015896 ], [ -118.016971139484767, 52.796052194038346 ], [ -118.017305808736964, 52.7963702924988 ], [ -118.017422146324748, 52.796668617111685 ], [ -118.017486410861579, 52.797727375231737 ], [ -118.017606719591456, 52.797817332488869 ], [ -118.018193863081194, 52.797893592179115 ], [ -118.018329137810269, 52.798025747304948 ], [ -118.018290766702947, 52.798295855392716 ], [ -118.018011031206242, 52.798448259912341 ], [ -118.017990125897938, 52.798574892947059 ], [ -118.018130662215583, 52.798633062011021 ], [ -118.018649710763427, 52.798692017234337 ], [ -118.018790546452536, 52.798825431093654 ], [ -118.018845099908702, 52.800763282986985 ], [ -118.018914958218247, 52.80099275273998 ], [ -118.019143582303997, 52.801068344684715 ], [ -118.020095823272868, 52.801094656801261 ], [ -118.020466643912357, 52.801238746732366 ], [ -118.020632117559856, 52.801445109330274 ], [ -118.02073465898502, 52.80232144374277 ], [ -118.020889375042145, 52.802388618660892 ], [ -118.021455514134317, 52.80247183396709 ], [ -118.021644800175949, 52.802928843115751 ], [ -118.021982949196257, 52.803153654917445 ], [ -118.022465908819797, 52.803211245630401 ], [ -118.024408768675698, 52.803201936563084 ], [ -118.024601886693929, 52.803247148004587 ], [ -118.024890558423252, 52.803486748314945 ], [ -118.025374642996184, 52.803649142774766 ], [ -118.025781136643985, 52.80370764832859 ], [ -118.026663238081184, 52.803718442006883 ], [ -118.026946773265706, 52.803783766291289 ], [ -118.027331198592094, 52.804199740532539 ], [ -118.027412847667776, 52.804833497870767 ], [ -118.027506644512997, 52.804992393622683 ], [ -118.028391557227266, 52.805135767409766 ], [ -118.028602747174716, 52.805256819993197 ], [ -118.028908837292818, 52.805541169272466 ], [ -118.030084639942189, 52.805594101940578 ], [ -118.030981511039514, 52.805841227075334 ], [ -118.031375645940997, 52.806113432415195 ], [ -118.031476352515625, 52.806732079308141 ], [ -118.031558160116973, 52.806843914792367 ], [ -118.032320375081255, 52.806941962369926 ], [ -118.032611172820637, 52.807070956993151 ], [ -118.032757519222727, 52.807227453984495 ], [ -118.032886378386038, 52.807686443475824 ], [ -118.033111340308963, 52.807857391930071 ], [ -118.033377095679867, 52.807940822109721 ], [ -118.034070620631681, 52.808027170470901 ], [ -118.034163745706479, 52.808183553388027 ], [ -118.034110917008263, 52.808404306136211 ], [ -118.033951905675963, 52.808475946218536 ], [ -118.03337675982398, 52.80856913894938 ], [ -118.0333258026956, 52.808669763329014 ], [ -118.033403363392168, 52.808775981834394 ], [ -118.034729087989874, 52.809306620865165 ], [ -118.036053279033268, 52.809587001536372 ], [ -118.036629525032694, 52.809765106096236 ], [ -118.036816304293197, 52.809899447584691 ], [ -118.03695385341689, 52.810346282080985 ], [ -118.037225991855323, 52.810559047513443 ], [ -118.038004699630278, 52.810827276681813 ], [ -118.039371976329335, 52.811132602030021 ], [ -118.039515090492998, 52.811230353729144 ], [ -118.039631632642781, 52.811624381146821 ], [ -118.039827908710777, 52.811812929668896 ], [ -118.040067761417845, 52.811910451375951 ], [ -118.040831823690624, 52.812008595299822 ], [ -118.040927180753584, 52.812167319833158 ], [ -118.040991598887416, 52.812892207472331 ], [ -118.041302745377251, 52.813081229162108 ], [ -118.041391905266863, 52.81324457530355 ], [ -118.04144969074342, 52.814859615091258 ], [ -118.041351127556965, 52.815119574302088 ], [ -118.040686006365618, 52.81522114036791 ], [ -118.040507374138315, 52.815298276525851 ], [ -118.040267280710481, 52.81554487782595 ], [ -118.040146350626515, 52.815784460599886 ], [ -118.04015603984756, 52.816585737121763 ], [ -118.040246437414268, 52.816749245458219 ], [ -118.040558514483024, 52.816937893663841 ], [ -118.040620433609206, 52.817666155830743 ], [ -118.040704593729714, 52.81785160281482 ], [ -118.040993851982279, 52.817993301103655 ], [ -118.042313751869415, 52.818402258751675 ], [ -118.04299694486491, 52.819005632995491 ], [ -118.04354949167022, 52.819275509762029 ], [ -118.044231547406639, 52.819444977298765 ], [ -118.045379836117021, 52.819471481036302 ], [ -118.045725256909535, 52.819564743625193 ], [ -118.04591624717095, 52.819696898862603 ], [ -118.045995651086827, 52.819832208279649 ], [ -118.046092328261508, 52.82099761172914 ], [ -118.046224503090514, 52.82110206144246 ], [ -118.046927381485219, 52.821404784362784 ], [ -118.047355985455283, 52.822035390598842 ], [ -118.047632512033687, 52.822269680657719 ], [ -118.048025409027204, 52.82243138768078 ], [ -118.049275386329555, 52.822686660390239 ], [ -118.04991107344236, 52.822892834850961 ], [ -118.05003919172016, 52.822999579049196 ], [ -118.050151716156989, 52.823399663843503 ], [ -118.050251709139786, 52.823522050160129 ], [ -118.050586834582219, 52.8236861400135 ], [ -118.051343901950659, 52.823788543862079 ], [ -118.051498933469986, 52.824128163031027 ], [ -118.051615473874648, 52.824219175547967 ], [ -118.052641678526683, 52.824290036622543 ], [ -118.053163208255114, 52.824693976700466 ], [ -118.054046508968014, 52.82483749762406 ], [ -118.054279986788416, 52.82544839113487 ], [ -118.054549576245805, 52.825754995945957 ], [ -118.054776198003637, 52.825889208007766 ], [ -118.05544347039293, 52.826076692134798 ], [ -118.056576906897718, 52.826116036710808 ], [ -118.056807269769052, 52.826194279761339 ], [ -118.056863404686851, 52.826368173000716 ], [ -118.056807494684932, 52.826542733227107 ], [ -118.056649428951147, 52.82661460247752 ], [ -118.056066718838977, 52.826712753948691 ], [ -118.05597495641625, 52.826917496643468 ], [ -118.056007903351741, 52.827051912769939 ], [ -118.056129414349812, 52.82714226281341 ], [ -118.056778115414843, 52.827242686844457 ], [ -118.056897552604511, 52.82750312751697 ], [ -118.056836746629969, 52.827893873079034 ], [ -118.056151847842912, 52.828205515599393 ], [ -118.056053120071837, 52.828327802187218 ], [ -118.0560130115866, 52.828532850419471 ], [ -118.056068650845077, 52.830200480922599 ], [ -118.056158289936903, 52.830363567294633 ], [ -118.056446978873495, 52.830511980047298 ], [ -118.056510651321034, 52.830691245290936 ], [ -118.056591519160051, 52.833432752787296 ], [ -118.056680105538376, 52.833596483683813 ], [ -118.056989098882141, 52.833786990690939 ], [ -118.057115414008805, 52.834365294092144 ], [ -118.057270925580099, 52.834432691238391 ], [ -118.057790816694762, 52.834492738598726 ], [ -118.05793107402603, 52.834625846633855 ], [ -118.057944322491963, 52.835353232012807 ], [ -118.057871320634305, 52.835471569284628 ], [ -118.057621655996854, 52.835592058612967 ], [ -118.057539509323334, 52.835756952729753 ], [ -118.057568510666968, 52.837202924532448 ], [ -118.057720546025294, 52.837381939508653 ], [ -118.058239611844371, 52.837441480924745 ], [ -118.058395014544629, 52.837508805986644 ], [ -118.058521248725341, 52.838087041699126 ], [ -118.058889131862969, 52.838350329825737 ], [ -118.058982383938343, 52.840153570284244 ], [ -118.059071896765403, 52.840316735088159 ], [ -118.05932562335903, 52.840432236785091 ], [ -118.059402255343343, 52.840548687309486 ], [ -118.059487224891996, 52.841590386316511 ], [ -118.059606430024331, 52.841680062421922 ], [ -118.060240183545176, 52.841776029620846 ], [ -118.06042513997231, 52.842292330191235 ], [ -118.060713279720929, 52.842640862213834 ], [ -118.060942284885513, 52.842750368097235 ], [ -118.061606761634607, 52.842841975282134 ], [ -118.061787118448521, 52.84335914704112 ], [ -118.062072070726543, 52.84370857393521 ], [ -118.062300070914787, 52.84381852855433 ], [ -118.062965430858455, 52.843875767875332 ], [ -118.063283391535094, 52.843989931591267 ], [ -118.063480422426068, 52.844180877316553 ], [ -118.06362991717134, 52.844588735586697 ], [ -118.063835158463618, 52.844606052174797 ], [ -118.06419372702986, 52.8443979012848 ], [ -118.064643970611499, 52.844390657726549 ], [ -118.064796521309646, 52.844458986781838 ], [ -118.064982212494499, 52.844839474112604 ], [ -118.065644849686564, 52.844935240024022 ], [ -118.065919341209735, 52.845082912197682 ], [ -118.066187492305403, 52.845439367101953 ], [ -118.066286563223116, 52.846111700384533 ], [ -118.066597522093133, 52.84630000747741 ], [ -118.066686640131451, 52.846463210286579 ], [ -118.066774216565648, 52.849035161776733 ], [ -118.066912077838538, 52.849167657212625 ], [ -118.067694107559461, 52.849260239608306 ], [ -118.06804415014372, 52.849477781674082 ], [ -118.068119589371292, 52.849729897076678 ], [ -118.068147872702454, 52.850706005345828 ], [ -118.068327107387773, 52.85103989878732 ], [ -118.068653999474293, 52.851292755528341 ], [ -118.069274870307808, 52.851366037012163 ], [ -118.069429120349767, 52.851433302071733 ], [ -118.069550590975524, 52.852085488803866 ], [ -118.069803016049633, 52.852303508900867 ], [ -118.070067693655034, 52.852386778599083 ], [ -118.070748254194015, 52.852473482111385 ], [ -118.070902906981587, 52.852813183053257 ], [ -118.07101904919206, 52.852904251284748 ], [ -118.072016594100432, 52.852949988356592 ], [ -118.072304488184258, 52.853017157568935 ], [ -118.072583852690016, 52.853216972489982 ], [ -118.072770878541235, 52.853674337410155 ], [ -118.07353168334599, 52.853773843601481 ], [ -118.073869982034751, 52.853936909862909 ], [ -118.07398952867068, 52.854109094953884 ], [ -118.074095660141467, 52.854711121340884 ], [ -118.074250247942047, 52.854778493444485 ], [ -118.074767016482454, 52.854838936671243 ], [ -118.074885282164672, 52.854929367766857 ], [ -118.074984104810724, 52.8554700092579 ], [ -118.075292257895498, 52.855661130881252 ], [ -118.075367647579498, 52.85577839062087 ], [ -118.075452102411617, 52.856547125486017 ], [ -118.075764413073728, 52.856735669927623 ], [ -118.075841474983889, 52.856851895649164 ], [ -118.075921490604998, 52.858785365132242 ], [ -118.075887188918458, 52.858977807219141 ], [ -118.075773315911078, 52.859070356756305 ], [ -118.074808887431487, 52.859141585809184 ], [ -118.074493332627569, 52.859328242078533 ], [ -118.074222709498301, 52.85938185360336 ], [ -118.068802158075911, 52.859439466215278 ], [ -118.068505983369292, 52.859478060548149 ], [ -118.068260762957408, 52.859652900943935 ], [ -118.067991212678251, 52.859707162992343 ], [ -118.065759529088027, 52.859731167527215 ], [ -118.06538356121915, 52.85977018930668 ], [ -118.065308385198946, 52.85981766300219 ], [ -118.065310991835659, 52.859916347672808 ], [ -118.065594584919907, 52.860060619504274 ], [ -118.065676775355485, 52.860179963298457 ], [ -118.065646019616636, 52.860526750375051 ], [ -118.065305363044402, 52.86075325874755 ], [ -118.064477335985472, 52.860884986502484 ], [ -118.064400257751927, 52.86099803346724 ], [ -118.064375782337279, 52.86146584556554 ], [ -118.064295212243593, 52.861655815983625 ], [ -118.063550396038551, 52.862195125535152 ], [ -118.063043038538837, 52.862700273610777 ], [ -118.062574952832307, 52.862890876676147 ], [ -118.061384707379034, 52.863242149265375 ], [ -118.059534534865435, 52.86331859220995 ], [ -118.059007169026287, 52.863456914021647 ], [ -118.05872026184791, 52.863607996575524 ], [ -118.058646162899635, 52.863796017717739 ], [ -118.058680432904026, 52.863986738144128 ], [ -118.058800487929091, 52.86407969619502 ], [ -118.059013702852184, 52.864108422999934 ], [ -118.059386715724017, 52.864074644293609 ], [ -118.059640419570869, 52.863896396459374 ], [ -118.059835086381185, 52.863848440983418 ], [ -118.061693338092894, 52.863821372424432 ], [ -118.062070799269222, 52.863778604763681 ], [ -118.062180924134466, 52.863684343940683 ], [ -118.062310565343424, 52.863251052675963 ], [ -118.062658455274303, 52.863010607406785 ], [ -118.063464710689672, 52.862761452624198 ], [ -118.064401298096783, 52.862673158670347 ], [ -118.064683921987083, 52.862538257212343 ], [ -118.064837254343161, 52.862328712349466 ], [ -118.0648857479149, 52.861685389199913 ], [ -118.065127358783954, 52.861458463290163 ], [ -118.065380020419866, 52.861375424141372 ], [ -118.065605471723956, 52.861379570120789 ], [ -118.06578347186435, 52.86145106666563 ], [ -118.065959420904235, 52.861609324787104 ], [ -118.066186561532703, 52.862045891162282 ], [ -118.066219658459644, 52.863873901488709 ], [ -118.066088069113817, 52.864008953662768 ], [ -118.065246332366456, 52.864141036839825 ], [ -118.064997846735608, 52.864303361476956 ], [ -118.064913731996697, 52.864488929622823 ], [ -118.064972416450658, 52.864769674671507 ], [ -118.06526717865323, 52.864920607790914 ], [ -118.065346856452649, 52.865037680924438 ], [ -118.065362439888034, 52.866081508584152 ], [ -118.065247415822398, 52.866173925943002 ], [ -118.064620541770125, 52.866285824683402 ], [ -118.064449995045209, 52.866669001464054 ], [ -118.0643001606322, 52.866739931129253 ], [ -118.063848402143208, 52.866740467884611 ], [ -118.06347586546201, 52.866537511688627 ], [ -118.063268176427925, 52.866557066570842 ], [ -118.063191176244544, 52.866712518759535 ], [ -118.063167753762059, 52.867576624446926 ], [ -118.06299633451431, 52.867854733755742 ], [ -118.062778861225695, 52.868046062286027 ], [ -118.062496328519302, 52.868116307167895 ], [ -118.061655318314308, 52.868161597559393 ], [ -118.061282324991964, 52.868372981766193 ], [ -118.060841455128909, 52.868400917099514 ], [ -118.060651310060308, 52.868355421445088 ], [ -118.060396297224941, 52.868089422156579 ], [ -118.060121336275188, 52.867943875877245 ], [ -118.059288978764656, 52.867821274377761 ], [ -118.05917460272849, 52.867559125169606 ], [ -118.059242765526832, 52.867168671935531 ], [ -118.059401076715005, 52.867097262248521 ], [ -118.059923421168833, 52.867026439312127 ], [ -118.060028252373669, 52.866898577982617 ], [ -118.059884210789292, 52.86671162007088 ], [ -118.059266609072509, 52.866476853172756 ], [ -118.059180883275886, 52.866360719883502 ], [ -118.059172825930631, 52.865629406278359 ], [ -118.059249220688272, 52.865508931857363 ], [ -118.059494602458656, 52.865390685641444 ], [ -118.059516832597211, 52.865261984994447 ], [ -118.059226035961515, 52.865186924370263 ], [ -118.058158741913743, 52.865194063008232 ], [ -118.057890044649398, 52.865253040940608 ], [ -118.057810361393479, 52.865368632166152 ], [ -118.057799228197993, 52.865901198931063 ], [ -118.057882220885986, 52.86618417448161 ], [ -118.058040403071871, 52.866251284358448 ], [ -118.058562561405893, 52.866310390024651 ], [ -118.058682781954801, 52.866399875562763 ], [ -118.058772899567487, 52.867712461600846 ], [ -118.058849104427622, 52.867829125461554 ], [ -118.059158076561488, 52.868019203996532 ], [ -118.059278903664364, 52.868599322862146 ], [ -118.059885450593669, 52.868829037342124 ], [ -118.060382769535323, 52.869124031938874 ], [ -118.060524883119754, 52.869286529210775 ], [ -118.060625718770595, 52.869697234786699 ], [ -118.060822061674017, 52.869884916395371 ], [ -118.061140245187119, 52.869996772549484 ], [ -118.061806766611795, 52.870052213588757 ], [ -118.062080541423398, 52.870199507069721 ], [ -118.062345669471796, 52.870556866867453 ], [ -118.062441617615704, 52.871230740130699 ], [ -118.062560062791917, 52.871320520523028 ], [ -118.06307817058952, 52.871379642991805 ], [ -118.063233586514741, 52.87144642565621 ], [ -118.063357351158729, 52.872157777923015 ], [ -118.063718161999859, 52.872587377039984 ], [ -118.063899373802812, 52.87266179356363 ], [ -118.064562599593955, 52.872754585186364 ], [ -118.064749962180471, 52.873211374830831 ], [ -118.065089924035178, 52.873434427209304 ], [ -118.065400946304649, 52.873484105507046 ], [ -118.06627231681793, 52.873502925956622 ], [ -118.066575625399651, 52.873625502783952 ], [ -118.067311306939004, 52.874301388680692 ], [ -118.067406441308094, 52.874931260199403 ], [ -118.067497752620014, 52.875117392682853 ], [ -118.06787546736939, 52.875316063346517 ], [ -118.068641459773787, 52.87537758826732 ], [ -118.069012074639019, 52.8755213102814 ], [ -118.069177642635992, 52.875727206566147 ], [ -118.069257699888695, 52.876290458912138 ], [ -118.069567121581585, 52.876479695254702 ], [ -118.069643493640967, 52.876596050616286 ], [ -118.069772863297757, 52.878333105092175 ], [ -118.069331089409673, 52.879066610782893 ], [ -118.068908602580322, 52.879567319383227 ], [ -118.068508560976014, 52.879914648416808 ], [ -118.068425121508881, 52.880100150600789 ], [ -118.068415652436215, 52.882899920334452 ], [ -118.068129883913741, 52.883350316203575 ], [ -118.067637432758517, 52.883940383175357 ], [ -118.067328326607878, 52.884148354879358 ], [ -118.066795610242124, 52.884359982805236 ], [ -118.066697973044811, 52.885255919890746 ], [ -118.066320548808164, 52.885434298789129 ], [ -118.065875731349038, 52.885810769345802 ], [ -118.065500131783352, 52.885987296835793 ], [ -118.065402944645271, 52.886889859134463 ], [ -118.065180162602275, 52.886969210144251 ], [ -118.064154034686979, 52.887035548526057 ], [ -118.063820959537622, 52.887209886482545 ], [ -118.063588003178751, 52.887477292106979 ], [ -118.0634443233822, 52.887504450072484 ], [ -118.063320145927932, 52.887452185397407 ], [ -118.063236690284242, 52.8870589398432 ], [ -118.063252036596495, 52.886317748351644 ], [ -118.063367972819435, 52.886225895324614 ], [ -118.064002710494833, 52.886119623689048 ], [ -118.064103808195298, 52.885859978497542 ], [ -118.064041914922214, 52.883755336117147 ], [ -118.063977868164272, 52.883575998477532 ], [ -118.063687671770211, 52.883427219455946 ], [ -118.063609067662057, 52.88331068803074 ], [ -118.063574487285678, 52.882570207624376 ], [ -118.063661855091851, 52.882382667446159 ], [ -118.063908862111049, 52.882221349342643 ], [ -118.064114485869993, 52.88216186391697 ], [ -118.064684569498709, 52.882106399081422 ], [ -118.064863643469934, 52.881999021663873 ], [ -118.064825800054138, 52.880570055227686 ], [ -118.064628478895926, 52.880378263523511 ], [ -118.064317603113579, 52.880238450243525 ], [ -118.063061113829718, 52.879980520444732 ], [ -118.062405502956224, 52.879784281288558 ], [ -118.062218259639778, 52.879649952762136 ], [ -118.062080086793657, 52.879202515088842 ], [ -118.061862834077971, 52.879020485114957 ], [ -118.061253338832202, 52.878780816092082 ], [ -118.060615238583893, 52.878659614755577 ], [ -118.060062881873648, 52.87869698103831 ], [ -118.059771561863471, 52.878991129216445 ], [ -118.059567495595886, 52.879117077439382 ], [ -118.059366319635558, 52.879178926218088 ], [ -118.058609146379112, 52.879258032305685 ], [ -118.058242008634451, 52.879464729394634 ], [ -118.05815932193542, 52.879653284903398 ], [ -118.058115018448987, 52.880167614944831 ], [ -118.057811951767661, 52.880364731706074 ], [ -118.057736966075936, 52.880527214619079 ], [ -118.057792585081842, 52.880749379497075 ], [ -118.058090271430302, 52.880903922385194 ], [ -118.058169439928747, 52.881022355392567 ], [ -118.058162317415125, 52.88125473938527 ], [ -118.058048515523282, 52.881349892774608 ], [ -118.05749448587342, 52.8813807825724 ], [ -118.057090592143112, 52.881253214968616 ], [ -118.056892273915508, 52.881061101612872 ], [ -118.056732361957259, 52.880557841682098 ], [ -118.056091543324939, 52.880151034354725 ], [ -118.055646150660422, 52.880051801052907 ], [ -118.055142249412313, 52.880105266388426 ], [ -118.055115886873182, 52.880233906114967 ], [ -118.055387722862463, 52.88037618065799 ], [ -118.055424313652821, 52.880521763224785 ], [ -118.054674556167072, 52.880943201992665 ], [ -118.054591604480009, 52.881675517105819 ], [ -118.054340994356608, 52.882034976651582 ], [ -118.054144933329638, 52.882170348607261 ], [ -118.053600403518132, 52.882342303224625 ], [ -118.053382570564636, 52.882516232560164 ], [ -118.053323823472923, 52.882716858244841 ], [ -118.053330556607861, 52.883365543273868 ], [ -118.05319110960437, 52.883553952203442 ], [ -118.052894264939525, 52.883591623962808 ], [ -118.052557054413768, 52.883572732543271 ], [ -118.052136112507583, 52.883387928517578 ], [ -118.051991803830433, 52.883109312241572 ], [ -118.051931789271578, 52.88209051451296 ], [ -118.051762561146205, 52.881995866460436 ], [ -118.051470597449352, 52.882074969266526 ], [ -118.05123257730105, 52.882327184461182 ], [ -118.051110730459698, 52.882570568162869 ], [ -118.051079021813564, 52.883738970861017 ], [ -118.05096283390202, 52.883830588803278 ], [ -118.050324289938004, 52.883937750881387 ], [ -118.050226525331894, 52.884198438717 ], [ -118.050319266104538, 52.884503468289729 ], [ -118.050594368671668, 52.884806180512435 ], [ -118.050830304823918, 52.884917440948591 ], [ -118.051453071651409, 52.88498862418345 ], [ -118.051550832212399, 52.885065550896371 ], [ -118.051508946828193, 52.885156525811304 ], [ -118.051249270256321, 52.885208208869734 ], [ -118.050036611937756, 52.88525118686875 ], [ -118.049722866174434, 52.88543989658924 ], [ -118.049530149414423, 52.885486218036633 ], [ -118.047681164745356, 52.885541766190997 ], [ -118.047363804119556, 52.885664161730297 ], [ -118.047186666756659, 52.885849095267403 ], [ -118.047239803440306, 52.886000639606401 ], [ -118.047580838541904, 52.886057525189983 ], [ -118.050309784699593, 52.886025975133464 ], [ -118.051771613354362, 52.885889250767647 ], [ -118.051880967453982, 52.886001505239655 ], [ -118.051599325440534, 52.886119291131138 ], [ -118.051246161775779, 52.886216161816051 ], [ -118.051017269535251, 52.886309344521869 ], [ -118.051006132745329, 52.886509571402421 ], [ -118.051127326307338, 52.886668437026074 ], [ -118.051400148573322, 52.886754890022161 ], [ -118.051723357155055, 52.886709301922338 ], [ -118.052205122585605, 52.886603333654442 ], [ -118.052647690466173, 52.8865326022635 ], [ -118.05287299111589, 52.886615102601489 ], [ -118.052796152016242, 52.886722326327778 ], [ -118.052372479438674, 52.887148701350185 ], [ -118.052265104845745, 52.887107895608338 ], [ -118.051907313870842, 52.887196746442065 ], [ -118.051719923091767, 52.887258702011074 ], [ -118.051337264567451, 52.887226862685658 ], [ -118.051034774683018, 52.887205122225431 ], [ -118.050757570269411, 52.887020649655923 ], [ -118.050443482175865, 52.886875425176058 ], [ -118.049884631497889, 52.88680873363608 ], [ -118.049400550878659, 52.886910681165268 ], [ -118.048865432528004, 52.887014379956923 ], [ -118.048378498704594, 52.887188879851571 ], [ -118.048128619679616, 52.887439379742155 ], [ -118.04811550558928, 52.887752453159607 ], [ -118.048209918161788, 52.888006904882644 ], [ -118.048396879582015, 52.88822837554946 ], [ -118.048765496206727, 52.888429582750739 ], [ -118.049065981499083, 52.8884607483024 ], [ -118.04939814755484, 52.888417781856262 ], [ -118.049856016008604, 52.888334849048064 ], [ -118.050441357096346, 52.888292529027453 ], [ -118.05083119218969, 52.888246407146411 ], [ -118.051082134937076, 52.888251112770511 ], [ -118.051108698995805, 52.888444309633741 ], [ -118.05097583233001, 52.888562239539425 ], [ -118.050763328731705, 52.888593502433828 ], [ -118.050458518272592, 52.888567748608217 ], [ -118.050310556156916, 52.888504465629801 ], [ -118.048843459875144, 52.888642527090205 ], [ -118.048919656165239, 52.889003525240639 ], [ -118.048918035466755, 52.889004595170718 ], [ -118.048719382188366, 52.889059919756093 ], [ -118.04854121259514, 52.889137914113917 ], [ -118.04866009394965, 52.889292772027112 ], [ -118.048927477198248, 52.889434347673038 ], [ -118.04943419453808, 52.889552506704675 ], [ -118.049560492495132, 52.889539401437268 ], [ -118.050011445167385, 52.889444435148945 ], [ -118.050326061805833, 52.889333513560615 ], [ -118.050354595104153, 52.889338404387331 ], [ -118.050431789585076, 52.889270464264314 ], [ -118.050748980158502, 52.889253134686307 ], [ -118.051031056524806, 52.889355633965394 ], [ -118.051390701116901, 52.889450789971796 ], [ -118.051486115311803, 52.889492426221615 ], [ -118.051738267920555, 52.889602458830289 ], [ -118.051962914113716, 52.889618109453103 ], [ -118.052340916720027, 52.889538496577956 ], [ -118.052754088089358, 52.889442480410978 ], [ -118.052909841185098, 52.889384832388068 ], [ -118.052984408596544, 52.889375533153867 ], [ -118.053063040370745, 52.88915253854465 ], [ -118.053088552253172, 52.888899808136919 ], [ -118.053083747731421, 52.888581506144632 ], [ -118.053263325857884, 52.888467226429547 ], [ -118.053607394300485, 52.888561158472783 ], [ -118.053788648083156, 52.888824305931266 ], [ -118.053790027049942, 52.889188305834146 ], [ -118.053802364781887, 52.889475033279219 ], [ -118.053872735046539, 52.889518870548329 ] ], [ [ -118.009208761853969, 52.957588110589313 ], [ -118.008781495111421, 52.957647269398535 ], [ -118.008692735207006, 52.957911639225856 ], [ -118.008823566485688, 52.958135215279356 ], [ -118.009152123678845, 52.958272320992194 ], [ -118.009536967272666, 52.958365237859361 ], [ -118.009772833312269, 52.958378786051121 ], [ -118.009961508990457, 52.958336058715695 ], [ -118.010047678823412, 52.958176430182995 ], [ -118.009995709774287, 52.957946963676164 ], [ -118.009536395702213, 52.957661739476656 ], [ -118.009208761853969, 52.957588110589313 ] ], [ [ -118.013450586815509, 52.955074353074096 ], [ -118.013538102165171, 52.954912123911619 ], [ -118.013485676723747, 52.954683770727058 ], [ -118.013158497670659, 52.954488766795997 ], [ -118.013008271863427, 52.954134530811736 ], [ -118.012927535651471, 52.954087228428953 ], [ -118.012766958319659, 52.954087999027479 ], [ -118.012665850222021, 52.954174231787917 ], [ -118.012632698315826, 52.954317273443145 ], [ -118.012685669588691, 52.955010730204528 ], [ -118.012753905533827, 52.955081991520053 ], [ -118.012945953066804, 52.955129462840127 ], [ -118.013260956752688, 52.955125852904402 ], [ -118.013450586815509, 52.955074353074096 ] ], [ [ -118.013984048516377, 52.954782229915494 ], [ -118.014290876147356, 52.954815615416926 ], [ -118.014400541525262, 52.954727208292354 ], [ -118.014434784111828, 52.954583641520422 ], [ -118.014363544044087, 52.954128249557336 ], [ -118.013867595361049, 52.953822814284919 ], [ -118.01360290550636, 52.953831737435735 ], [ -118.013517823326524, 52.954093850750589 ], [ -118.013643626577334, 52.954454128953351 ], [ -118.013984048516377, 52.954782229915494 ] ], [ [ -118.011904026499622, 52.953157109425732 ], [ -118.012191404083524, 52.953022063877945 ], [ -118.012963337080649, 52.952905309202436 ], [ -118.013049633304647, 52.952649499523716 ], [ -118.012900551389563, 52.952465780537878 ], [ -118.012428650098016, 52.95243773131476 ], [ -118.012058977789465, 52.952521852620592 ], [ -118.011774741905114, 52.952724526878832 ], [ -118.011555371613539, 52.952943600748149 ], [ -118.010585370656869, 52.953067249758789 ], [ -118.010155294833666, 52.953207216662726 ], [ -118.009984443924878, 52.95333476171627 ], [ -118.009995443149194, 52.953445454186266 ], [ -118.010078308809994, 52.953495032828798 ], [ -118.01071686518334, 52.953599704233291 ], [ -118.010883019363106, 52.953945056913021 ], [ -118.010997764985191, 52.954032903425173 ], [ -118.011265357215777, 52.954030223856343 ], [ -118.011583160776183, 52.953861930242091 ], [ -118.011695911670984, 52.953684314787409 ], [ -118.011763610727812, 52.953316992645519 ], [ -118.011904026499622, 52.953157109425732 ] ], [ [ -118.004078928354403, 52.955418273027725 ], [ -118.004245511328392, 52.955033793477199 ], [ -118.004522208433329, 52.954873907298122 ], [ -118.004561869973543, 52.954765196778141 ], [ -118.004481819963146, 52.954656220627832 ], [ -118.003856431324778, 52.954445226527042 ], [ -118.003168273139565, 52.95440356440178 ], [ -118.00294988890343, 52.954439320316538 ], [ -118.002834435537224, 52.954534680089928 ], [ -118.002872236485018, 52.954847564785844 ], [ -118.003031751476996, 52.954917552233553 ], [ -118.003609955428232, 52.955009496429284 ], [ -118.00377403905955, 52.9553536075381 ], [ -118.003877093797612, 52.955437924006276 ], [ -118.004078928354403, 52.955418273027725 ] ], [ [ -118.007743863086759, 52.954330299102331 ], [ -118.008061877459795, 52.954307333848952 ], [ -118.008271010303133, 52.953891015942723 ], [ -118.008841845117487, 52.953790677688403 ], [ -118.008996870976077, 52.95371913415083 ], [ -118.009015439699795, 52.953411427640361 ], [ -118.00889384796676, 52.953321117201639 ], [ -118.008366882311805, 52.953258331244456 ], [ -118.008209484589415, 52.953190361765948 ], [ -118.008142744456521, 52.953011738876889 ], [ -118.008119336739298, 52.952420930409083 ], [ -118.008023933574307, 52.952257735018748 ], [ -118.007668581969355, 52.952197805180347 ], [ -118.006993016263792, 52.95222657994411 ], [ -118.00683787457865, 52.952299566118207 ], [ -118.006784335574665, 52.952431557860017 ], [ -118.006837982487383, 52.95316119045421 ], [ -118.007210037326985, 52.953425254523779 ], [ -118.007280811236143, 52.953940738250225 ], [ -118.007375232047607, 52.954130837537541 ], [ -118.007743863086759, 52.954330299102331 ] ], [ [ -118.009470074504222, 52.952740044304115 ], [ -118.009811174857916, 52.952678528455131 ], [ -118.009889292666202, 52.95255974521946 ], [ -118.009969359573248, 52.952003796991207 ], [ -118.010120686239489, 52.951930056024722 ], [ -118.010346349591259, 52.951910306356268 ], [ -118.010573054659346, 52.951926614064533 ], [ -118.010728412330607, 52.951998279039152 ], [ -118.010878566708172, 52.95263708852854 ], [ -118.011009918854768, 52.952694513736489 ], [ -118.011161711220339, 52.952666553696289 ], [ -118.011253742126158, 52.952404317954851 ], [ -118.01122736094274, 52.951582484679619 ], [ -118.011141629633869, 52.951427468578785 ], [ -118.010884371885027, 52.951427368267737 ], [ -118.010637801971711, 52.951601488674626 ], [ -118.010160346012427, 52.951649157424072 ], [ -118.009660883864001, 52.951625247272631 ], [ -118.009288929090758, 52.951424285182895 ], [ -118.009081327873119, 52.95144489040171 ], [ -118.008996963533278, 52.95165142766092 ], [ -118.009002988932366, 52.95231181400959 ], [ -118.009037873705765, 52.952571905154372 ], [ -118.009124346107001, 52.952687150723918 ], [ -118.009470074504222, 52.952740044304115 ] ], [ [ -118.002247052676367, 52.953012832818999 ], [ -118.002262396462754, 52.952883309198711 ], [ -118.00211858443916, 52.952823241742969 ], [ -118.001661930299079, 52.952775843102501 ], [ -118.001504725056677, 52.952706145979896 ], [ -118.001393900756085, 52.95216112171687 ], [ -118.001308776977339, 52.952045209092951 ], [ -118.001041680934989, 52.951992584644827 ], [ -118.000676521468648, 52.952023420419167 ], [ -118.000598431417032, 52.952071862366132 ], [ -118.000595491819709, 52.952172306465911 ], [ -118.000927149979475, 52.952393615402819 ], [ -118.0010034115016, 52.952913560407922 ], [ -118.001098136921328, 52.953103625484815 ], [ -118.001468768326205, 52.953302768358007 ], [ -118.001803961023498, 52.953286581424607 ], [ -118.002247052676367, 52.953012832818999 ] ], [ [ -118.014767453393418, 52.949729957510264 ], [ -118.015504971414472, 52.949686211471899 ], [ -118.015582994625447, 52.949637733603232 ], [ -118.015584271427556, 52.949538162480529 ], [ -118.015308678904034, 52.949393685446353 ], [ -118.015229500908433, 52.9492740148903 ], [ -118.01511282359084, 52.948450253209664 ], [ -118.014806959975402, 52.948365512565843 ], [ -118.014383626050829, 52.948423748812651 ], [ -118.014279096228833, 52.948746315450322 ], [ -118.014295122771273, 52.949406978182239 ], [ -118.014369105457234, 52.949640165074328 ], [ -118.014528135973706, 52.94970978404023 ], [ -118.014767453393418, 52.949729957510264 ] ], [ [ -118.002931359055268, 52.951221546168433 ], [ -118.003130773741276, 52.950942389216884 ], [ -118.003185293829446, 52.95068027731871 ], [ -118.003119004025393, 52.950449137216992 ], [ -118.002887068006473, 52.95037243885038 ], [ -118.001848678994449, 52.950330230355398 ], [ -118.001606876015856, 52.950232728265021 ], [ -118.001436277261973, 52.950091089173782 ], [ -118.001369836092792, 52.949889832769429 ], [ -118.001350295459574, 52.949241989891561 ], [ -118.001257203071447, 52.949080951161335 ], [ -118.001068066035586, 52.949033689803812 ], [ -118.000641371210662, 52.949022306348525 ], [ -117.999548744349241, 52.949039217460239 ], [ -117.999206102964152, 52.949096704283704 ], [ -117.999205865592302, 52.949252583879165 ], [ -117.999552602696838, 52.949390021138996 ], [ -118.000027270664461, 52.949761584552213 ], [ -118.000821224840109, 52.94990183301632 ], [ -118.000902942838636, 52.950014680323989 ], [ -118.00100443013919, 52.950551983780926 ], [ -118.00115815586679, 52.950620357832982 ], [ -118.001724819875989, 52.950705691308642 ], [ -118.001890973515913, 52.951119034574567 ], [ -118.002038308073622, 52.95127982569511 ], [ -118.002323822740451, 52.951410442487642 ], [ -118.002691826235221, 52.951396651735223 ], [ -118.002931359055268, 52.951221546168433 ] ], [ [ -118.003750649698659, 52.948169797972582 ], [ -118.003913678811443, 52.948146496227395 ], [ -118.00409849379794, 52.947992150473496 ], [ -118.004360364074003, 52.947869038571255 ], [ -118.004455114926898, 52.94753879198543 ], [ -118.004373335272518, 52.947195009519035 ], [ -118.00414125705052, 52.947114525881254 ], [ -118.003690781905647, 52.947144036351766 ], [ -118.003573419978252, 52.947240405240045 ], [ -118.003537329716707, 52.947385623488834 ], [ -118.003545128694029, 52.947880859484179 ], [ -118.003615542686575, 52.948113215769823 ], [ -118.003750649698659, 52.948169797972582 ] ], [ [ -118.009349703954371, 52.946889232818627 ], [ -118.009428942788333, 52.947008274250344 ], [ -118.009741407480206, 52.94720216293473 ], [ -118.009816374213329, 52.947704164931245 ], [ -118.009897476060019, 52.947817993727412 ], [ -118.010246471183592, 52.947874784559865 ], [ -118.012271103732559, 52.947876954078389 ], [ -118.012423843231687, 52.947947677364745 ], [ -118.012608604676288, 52.948336325202895 ], [ -118.012951180326098, 52.948392881078085 ], [ -118.013294921156358, 52.94833465107812 ], [ -118.013386359772738, 52.948169695945332 ], [ -118.013351415571336, 52.947853387816117 ], [ -118.013160742256161, 52.947574255857646 ], [ -118.012931789158699, 52.947383791733728 ], [ -118.012560507012452, 52.947310694294146 ], [ -118.011497032026796, 52.947329815037826 ], [ -118.011220912066932, 52.947388221797041 ], [ -118.010984875403466, 52.947557086239371 ], [ -118.010822818321202, 52.947557437755236 ], [ -118.010705973111399, 52.947431385820735 ], [ -118.01066272063521, 52.946741158137364 ], [ -118.010578286034161, 52.946572520188084 ], [ -118.010059121116754, 52.946280275181465 ], [ -118.009681109531783, 52.946255486414366 ], [ -118.009416753576645, 52.946312101309353 ], [ -118.009318191556986, 52.946527681257642 ], [ -118.009349703954371, 52.946889232818627 ] ], [ [ -118.012779200962115, 52.941913583588665 ], [ -118.012434601019535, 52.941974118892077 ], [ -118.012347439434492, 52.942136452071836 ], [ -118.012406426124315, 52.942359879924695 ], [ -118.012564962644163, 52.942429941640164 ], [ -118.013140191393447, 52.942520700281825 ], [ -118.013373966684952, 52.94293623288479 ], [ -118.013719113498539, 52.942990979212581 ], [ -118.014064549591936, 52.942931348499947 ], [ -118.014152863440131, 52.942769518189479 ], [ -118.01409730026711, 52.942543202301998 ], [ -118.013498347337034, 52.942298147149877 ], [ -118.013132610749992, 52.941965374844131 ], [ -118.012779200962115, 52.941913583588665 ] ], [ [ -118.003424115359749, 52.944049720514776 ], [ -118.003368452322832, 52.943949153911703 ], [ -118.002724046818088, 52.943851578661466 ], [ -118.002598533133053, 52.943760213517074 ], [ -118.002539696224545, 52.943461967116491 ], [ -118.002594874024254, 52.943157040382424 ], [ -118.002848283054234, 52.942992466604046 ], [ -118.004098403025168, 52.942587625063865 ], [ -118.004276750611595, 52.942452327348455 ], [ -118.004231885784407, 52.942234666565582 ], [ -118.003917005115454, 52.942053511289615 ], [ -118.00359690911732, 52.94200364816588 ], [ -118.002728099944875, 52.941979724968974 ], [ -118.002608428559284, 52.941942774333519 ], [ -118.002523461695205, 52.941829827927585 ], [ -118.002522323722133, 52.941579913073497 ], [ -118.002688223651774, 52.941369623093912 ], [ -118.002984604175978, 52.941232577889885 ], [ -118.003706092503691, 52.941140865043948 ], [ -118.003800355355764, 52.941062156034164 ], [ -118.003753504078901, 52.940971823915646 ], [ -118.003489632624664, 52.94092477210247 ], [ -118.002331280279051, 52.940913240890339 ], [ -118.002137772685643, 52.940864369727947 ], [ -118.002054623466933, 52.940750502413529 ], [ -118.002064547021263, 52.940520478775319 ], [ -118.002166029772468, 52.940435896643457 ], [ -118.002384510039192, 52.940449090142927 ], [ -118.00263835326588, 52.940610966399213 ], [ -118.0029140209936, 52.940606808558989 ], [ -118.003237242546348, 52.940443840000718 ], [ -118.003472936696099, 52.940168802297933 ], [ -118.004211819646827, 52.939734536475584 ], [ -118.004252093706498, 52.939505994153542 ], [ -118.004156368220109, 52.939345326253161 ], [ -118.003807369414844, 52.93929095710142 ], [ -118.003463210269715, 52.939351680487768 ], [ -118.00338340389149, 52.939470673602131 ], [ -118.003327081895378, 52.939986246463711 ], [ -118.003273168250587, 52.940054498294515 ], [ -118.003123708486129, 52.940083791697454 ], [ -118.002970145517637, 52.939989224556911 ], [ -118.002891190834262, 52.93947444510065 ], [ -118.002807102466619, 52.939356506043715 ], [ -118.002464319470832, 52.939300541924723 ], [ -118.002124411696229, 52.939359584826363 ], [ -118.001964001060898, 52.93988998166256 ], [ -118.001690683180655, 52.940245421979967 ], [ -118.001464555126006, 52.940359704829213 ], [ -118.000844652835298, 52.940443078445888 ], [ -118.000712935603033, 52.940578110796999 ], [ -118.000719165572562, 52.940762574726833 ], [ -118.000806109283957, 52.940873354930083 ], [ -118.001457887510071, 52.940974969670734 ], [ -118.001578767920975, 52.941064813902791 ], [ -118.001586295251528, 52.94133508560666 ], [ -118.001240299790595, 52.941567715591411 ], [ -118.001178014891494, 52.941855008639791 ], [ -118.001232454476536, 52.942154228029707 ], [ -118.001544396979057, 52.942341036113589 ], [ -118.001570426859871, 52.942466815445655 ], [ -118.001432853744916, 52.942527750118096 ], [ -118.000869573671224, 52.942622692246147 ], [ -118.000724621946929, 52.942966433426506 ], [ -118.000611451216571, 52.943060132464943 ], [ -117.999253349075857, 52.943122584433176 ], [ -117.99906148823419, 52.943173725709549 ], [ -117.998998079100261, 52.943244535089626 ], [ -117.998986183093621, 52.94347599486445 ], [ -117.99912383574393, 52.943611589961087 ], [ -117.999427692281955, 52.943646606973324 ], [ -118.000506312398358, 52.943644661038334 ], [ -118.000816464133166, 52.943695929787005 ], [ -118.001127164755118, 52.943880430919428 ], [ -118.001427312400423, 52.944267698004779 ], [ -118.001793634957593, 52.944418302229387 ], [ -118.002579467209344, 52.944412212508944 ], [ -118.003041399575764, 52.944294465141908 ], [ -118.003351318090438, 52.944158549552562 ], [ -118.003424115359749, 52.944049720514776 ] ], [ [ -117.98822519396164, 52.943654085123882 ], [ -117.988280293641154, 52.943202036619226 ], [ -117.988237053824292, 52.943057543998769 ], [ -117.988115179858497, 52.942963140472372 ], [ -117.987821089315545, 52.942932171111288 ], [ -117.987522296640321, 52.942964721601911 ], [ -117.987006320477732, 52.94327026570533 ], [ -117.986931734967726, 52.943534992835517 ], [ -117.987080472221734, 52.943718668555974 ], [ -117.987829092881796, 52.9437537974704 ], [ -117.988068006164283, 52.943728219736343 ], [ -117.98822519396164, 52.943654085123882 ] ], [ [ -118.008252553051818, 52.93785558838195 ], [ -118.008186133305841, 52.938087300522014 ], [ -118.008029568954399, 52.938157682475641 ], [ -118.00737454568673, 52.938231813679856 ], [ -118.007080928420748, 52.938367148877312 ], [ -118.006906014272673, 52.938627586006078 ], [ -118.006918685228328, 52.938826504796054 ], [ -118.007004138836933, 52.938939771201234 ], [ -118.007198246733012, 52.938987000335089 ], [ -118.008041106430085, 52.939022963785973 ], [ -118.008361062991312, 52.939200860640589 ], [ -118.008518233885425, 52.939221250130636 ], [ -118.008643579525781, 52.93916266329915 ], [ -118.008762354659126, 52.938810039312386 ], [ -118.00891206904123, 52.9387364818012 ], [ -118.010948048058097, 52.938695479657653 ], [ -118.011292093714189, 52.938635978892584 ], [ -118.011322137114291, 52.938500190027298 ], [ -118.011186851164879, 52.938411135291275 ], [ -118.010121761180841, 52.938168525681533 ], [ -118.009712456060697, 52.937958598465954 ], [ -118.009594638079818, 52.937784244268769 ], [ -118.009549930322962, 52.937310083511534 ], [ -118.009457006070363, 52.937150662503633 ], [ -118.008570706832771, 52.937006428257639 ], [ -118.008358885395438, 52.936885197290252 ], [ -118.008051092853378, 52.936600017909512 ], [ -118.006702645081248, 52.936554183616465 ], [ -118.006503389421468, 52.936509579654576 ], [ -118.006258472930881, 52.936346568522644 ], [ -118.006050928188259, 52.936368285314053 ], [ -118.005971526175102, 52.936526024292569 ], [ -118.005961862097948, 52.936850270292538 ], [ -118.00598663273847, 52.937174056120426 ], [ -118.006073430771991, 52.937329972210797 ], [ -118.006282129612657, 52.937347235930275 ], [ -118.006643228765569, 52.937139100337532 ], [ -118.007227962974468, 52.937118909883559 ], [ -118.007921731691098, 52.93728070901259 ], [ -118.008102252701931, 52.937366271131943 ], [ -118.008207386057919, 52.937489327089104 ], [ -118.008252553051818, 52.93785558838195 ] ], [ [ -117.997857329148346, 52.939847464364547 ], [ -117.998162907829609, 52.939662456175519 ], [ -117.99880948077859, 52.939542568984116 ], [ -117.998898047631641, 52.939380109245256 ], [ -117.998841385967651, 52.939156312451424 ], [ -117.99868394739083, 52.939091651099559 ], [ -117.998375674810404, 52.939103029931147 ], [ -117.997995480010985, 52.939202426629826 ], [ -117.997674347125411, 52.939345501396225 ], [ -117.9975615394371, 52.939521369208315 ], [ -117.997584293298743, 52.939761011143254 ], [ -117.997689465465385, 52.939845554112345 ], [ -117.997857329148346, 52.939847464364547 ] ], [ [ -118.004779492916114, 52.940771387928685 ], [ -118.005119641237883, 52.940997685801555 ], [ -118.005169308371023, 52.941266781644629 ], [ -118.00503800045982, 52.941401617013135 ], [ -118.004510230497857, 52.941475463340993 ], [ -118.004352099740231, 52.941547227955802 ], [ -118.004308579885731, 52.941815344394563 ], [ -118.00444378468535, 52.941950693811236 ], [ -118.004921184904731, 52.941989467286312 ], [ -118.006703070392348, 52.941957972650641 ], [ -118.006922327976596, 52.94187365225882 ], [ -118.007020742583805, 52.941558812191055 ], [ -118.007132112448204, 52.941464463913775 ], [ -118.008408006316742, 52.941408668767096 ], [ -118.008717762421838, 52.9413180303658 ], [ -118.008754613920459, 52.941047832300981 ], [ -118.008616223426628, 52.94091237089112 ], [ -118.007180235530797, 52.940861692254799 ], [ -118.007026511532942, 52.940791924864804 ], [ -118.006844683425143, 52.940407157347586 ], [ -118.006507386362202, 52.940354721460373 ], [ -118.006159795756147, 52.940410515826144 ], [ -118.005868091971479, 52.940584035345765 ], [ -118.005705578853494, 52.940561120507702 ], [ -118.00551241146141, 52.940418914913387 ], [ -118.005323098157561, 52.940389931072943 ], [ -118.005060306649156, 52.94044699353865 ], [ -118.004861461871215, 52.94056985584902 ], [ -118.004779492916114, 52.940771387928685 ] ], [ [ -117.972959302590269, 52.939644461882466 ], [ -117.972460801400388, 52.939336652799746 ], [ -117.972232280311204, 52.939328867322658 ], [ -117.972103975155051, 52.939558142610558 ], [ -117.972181253715505, 52.940013115132466 ], [ -117.972464142170125, 52.940097535898609 ], [ -117.97292228312898, 52.940039292266647 ], [ -117.973010722464991, 52.939875684557641 ], [ -117.972959302590269, 52.939644461882466 ] ], [ [ -118.016069005024306, 52.929489859888058 ], [ -118.016460791320441, 52.929436483509413 ], [ -118.016659116846711, 52.929300365419728 ], [ -118.017277828359141, 52.928522907473869 ], [ -118.01738532031132, 52.928167894452066 ], [ -118.017349027115102, 52.927977984906057 ], [ -118.017244480308491, 52.927896499429664 ], [ -118.01707801132882, 52.92789851690322 ], [ -118.01683525914342, 52.928065771235744 ], [ -118.016644342461817, 52.928099761367619 ], [ -118.016317530264189, 52.928022244969483 ], [ -118.01609405232746, 52.927851332916148 ], [ -118.016088077081065, 52.927612791208453 ], [ -118.01630709693849, 52.927437200425182 ], [ -118.016576203123208, 52.927347081345054 ], [ -118.017214805812372, 52.927273333739038 ], [ -118.017306068921897, 52.927195543891926 ], [ -118.017206042272861, 52.927086520129606 ], [ -118.016685172544285, 52.927026788068964 ], [ -118.016542270750136, 52.926966692701143 ], [ -118.016561714115269, 52.926838100860067 ], [ -118.016799123250763, 52.926719510719764 ], [ -118.016844025718683, 52.926646221418267 ], [ -118.016820720345081, 52.926516216996049 ], [ -118.016710205257283, 52.926409151812585 ], [ -118.016430644731756, 52.926281459449946 ], [ -118.016103273505891, 52.926300189217365 ], [ -118.01576182771133, 52.926633693841147 ], [ -118.015167743481612, 52.926843204315411 ], [ -118.014971855521367, 52.92697993626372 ], [ -118.014735992545297, 52.927292329849465 ], [ -118.014674818949317, 52.927662229013627 ], [ -118.014714188964675, 52.92803630341232 ], [ -118.014887347060778, 52.928241607686608 ], [ -118.015186137525433, 52.928371069978901 ], [ -118.015842372049164, 52.928433710288523 ], [ -118.015984270060372, 52.928491834639182 ], [ -118.015983934958754, 52.928585498680398 ], [ -118.015903674632696, 52.928632108726426 ], [ -118.015262904979693, 52.928741598022214 ], [ -118.015193236392037, 52.928900692755214 ], [ -118.015306692155036, 52.929131683272885 ], [ -118.015560039457384, 52.929383110775071 ], [ -118.015743352179001, 52.929462081188007 ], [ -118.016069005024306, 52.929489859888058 ] ], [ [ -118.022813678406962, 52.914467281398998 ], [ -118.022960881875875, 52.914120890704311 ], [ -118.023590357824389, 52.914006908348576 ], [ -118.023706577242521, 52.913913627484177 ], [ -118.023735723274342, 52.913282995356191 ], [ -118.023618608745281, 52.91301516796301 ], [ -118.02327228317084, 52.912961749977924 ], [ -118.022931130510116, 52.913022601833489 ], [ -118.02285296287117, 52.913140602843875 ], [ -118.022771404924796, 52.913686851989063 ], [ -118.022618805122107, 52.913758312301894 ], [ -118.022045004010764, 52.913853769560447 ], [ -118.021950827099289, 52.914065078338162 ], [ -118.022056202525732, 52.914356610484639 ], [ -118.022370006724373, 52.914540975444304 ], [ -118.022702349903952, 52.914556665667767 ], [ -118.022813678406962, 52.914467281398998 ] ], [ [ -117.98366635285339, 52.919028275309323 ], [ -117.983532236751955, 52.918875367784679 ], [ -117.982957038346143, 52.918609570829389 ], [ -117.982247762876725, 52.918446584290514 ], [ -117.981820079327065, 52.918442733238635 ], [ -117.98155747822743, 52.918502352846978 ], [ -117.981349207223417, 52.918921271507578 ], [ -117.980717490624173, 52.919035768882559 ], [ -117.980623160033772, 52.919115106115861 ], [ -117.980668148859849, 52.919205940434047 ], [ -117.981098310919549, 52.919259782613295 ], [ -117.98309923707329, 52.91924735697647 ], [ -117.983509032230387, 52.919218669388997 ], [ -117.983652938813307, 52.91914935600402 ], [ -117.98366635285339, 52.919028275309323 ] ], [ [ -118.05047949795744, 52.905177846763898 ], [ -118.050726858021378, 52.905139608057048 ], [ -118.05096234626609, 52.905035458979256 ], [ -118.051115687978296, 52.904895529655391 ], [ -118.051131776928216, 52.904767387807162 ], [ -118.050786954983039, 52.904541099934399 ], [ -118.050725093037315, 52.904362731686511 ], [ -118.050770244795572, 52.904186806885633 ], [ -118.050922768115555, 52.904114409501545 ], [ -118.051331378879382, 52.904085020689955 ], [ -118.051829420511766, 52.904110068635738 ], [ -118.052212710058072, 52.904320070817221 ], [ -118.052512198911558, 52.904353026267586 ], [ -118.053018643109922, 52.904316589864898 ], [ -118.053618219029374, 52.904144105480768 ], [ -118.054139113008944, 52.903860033135516 ], [ -118.054469780892987, 52.903435561411932 ], [ -118.055069668568379, 52.90318761763055 ], [ -118.05514642885035, 52.903071538426637 ], [ -118.055141939955234, 52.902886910889819 ], [ -118.05505744333388, 52.902776938309756 ], [ -118.054380684189979, 52.902683399087394 ], [ -118.054104574929767, 52.902535097858156 ], [ -118.053861031360228, 52.902223850605083 ], [ -118.053682854889601, 52.901703912745276 ], [ -118.053415630258897, 52.901652862722251 ], [ -118.052628380483952, 52.901639718080915 ], [ -118.052282122842669, 52.901545893016987 ], [ -118.052060337528587, 52.901373062310299 ], [ -118.051874676490684, 52.900915549669733 ], [ -118.051116630458964, 52.900815663344453 ], [ -118.050867515766967, 52.90072005434503 ], [ -118.049921552117652, 52.899912942048346 ], [ -118.048194239147122, 52.898893635951119 ], [ -118.047723543489553, 52.898740904378535 ], [ -118.04701959549449, 52.898730158395729 ], [ -118.046501924348263, 52.898775302963244 ], [ -118.045831000892179, 52.898971998120579 ], [ -118.045470495843063, 52.899155572297694 ], [ -118.045309397142134, 52.899305433207182 ], [ -118.045256948429497, 52.899454208793706 ], [ -118.045293460887407, 52.9008081735169 ], [ -118.045230428924285, 52.901090062679273 ], [ -118.045077998751736, 52.90115998950683 ], [ -118.044514838426608, 52.901254219009978 ], [ -118.044371373437613, 52.901594127919836 ], [ -118.044258378300981, 52.901686923691251 ], [ -118.043558340680008, 52.90178143588092 ], [ -118.04314940448775, 52.902022405969227 ], [ -118.042928481602075, 52.902237745870195 ], [ -118.042306941683051, 52.902351441078224 ], [ -118.042166200351204, 52.902693647035392 ], [ -118.042052180644134, 52.902786459284428 ], [ -118.041151550134543, 52.902848299071387 ], [ -118.040958877570361, 52.902898017423823 ], [ -118.040878490143697, 52.903011779454204 ], [ -118.040878897816711, 52.903206432233361 ], [ -118.041052267730421, 52.903408085602322 ], [ -118.041783467996552, 52.903615660908017 ], [ -118.043541196936701, 52.903663215954197 ], [ -118.044628590464782, 52.904194579022146 ], [ -118.045147207497436, 52.904349194121181 ], [ -118.045554099448253, 52.904409803376019 ], [ -118.046941546428044, 52.904380740258524 ], [ -118.04709051210294, 52.904306954727055 ], [ -118.047254105982873, 52.903915551340468 ], [ -118.047511575987656, 52.90385706852831 ], [ -118.047812180165025, 52.903870152744879 ], [ -118.047965736652444, 52.903940254920627 ], [ -118.048155393200389, 52.904322893862272 ], [ -118.048720814476908, 52.904410712616311 ], [ -118.048874034850158, 52.904479770462096 ], [ -118.048989840898486, 52.905065661039323 ], [ -118.049053018402219, 52.905136348919619 ], [ -118.049240809537324, 52.905184968472689 ], [ -118.05047949795744, 52.905177846763898 ] ], [ [ -118.015533737324617, 52.906297520831977 ], [ -118.015544952029202, 52.905344000712411 ], [ -118.015661305047061, 52.905251968591251 ], [ -118.016302208206199, 52.905143288193329 ], [ -118.016394150195893, 52.904983218321071 ], [ -118.016378028593536, 52.904782338442914 ], [ -118.016153882102259, 52.904544396780253 ], [ -118.015908581239998, 52.904446196177069 ], [ -118.015143554197294, 52.904344452748063 ], [ -118.014967652266108, 52.903943785020182 ], [ -118.014712358266522, 52.903778682599608 ], [ -118.014119246863046, 52.903625610219926 ], [ -118.013777633927361, 52.903662227474392 ], [ -118.013680954869216, 52.903925875275469 ], [ -118.013736591378475, 52.905879822320784 ], [ -118.013853649671574, 52.906179163535086 ], [ -118.014188693767537, 52.906503276154552 ], [ -118.014394983414107, 52.906563016167858 ], [ -118.014737651543697, 52.906583033865573 ], [ -118.015252390308447, 52.906563811781503 ], [ -118.01544073660601, 52.906511863059251 ], [ -118.015533737324617, 52.906297520831977 ] ], [ [ -118.057814326487289, 52.8999108034904 ], [ -118.058003539825194, 52.899966103714206 ], [ -118.058134555707468, 52.89990795035893 ], [ -118.058183954625264, 52.899778133576014 ], [ -118.058170258022244, 52.898899182162978 ], [ -118.058070912834111, 52.898690485197257 ], [ -118.057916394194024, 52.898664182058695 ], [ -118.057818642984074, 52.898692732340571 ], [ -118.057725773176173, 52.898956033010862 ], [ -118.05774967104179, 52.899731104215398 ], [ -118.057814326487289, 52.8999108034904 ] ], [ [ -118.019646854857257, 52.900607495259358 ], [ -118.018968577223347, 52.900589094722037 ], [ -118.01861493816142, 52.900654283621058 ], [ -118.018516087571072, 52.900920606569819 ], [ -118.018552083962405, 52.90196239275793 ], [ -118.018614370436936, 52.90214091038839 ], [ -118.018800223915378, 52.902195130480962 ], [ -118.018951656207733, 52.902098300625617 ], [ -118.019038341856088, 52.90175161767371 ], [ -118.019136729451674, 52.901625951892804 ], [ -118.019339972075869, 52.901496244764097 ], [ -118.019818986570925, 52.901306893875521 ], [ -118.019876630028321, 52.900860527850071 ], [ -118.019806651915303, 52.900678462484166 ], [ -118.019646854857257, 52.900607495259358 ] ], [ [ -118.015830904176312, 52.901847407555579 ], [ -118.015975614888958, 52.901502582350545 ], [ -118.016541784698262, 52.901405431911556 ], [ -118.016696884439156, 52.901333653225251 ], [ -118.016766018105017, 52.901047272368821 ], [ -118.016687868839242, 52.90070551520688 ], [ -118.016456310867667, 52.90062498102229 ], [ -118.016031784051833, 52.900623276102053 ], [ -118.015698645367294, 52.900672799420356 ], [ -118.015259913041447, 52.900809273129106 ], [ -118.015011184089033, 52.900975929847753 ], [ -118.014889062899243, 52.901349869606783 ], [ -118.014607091638027, 52.901510350922592 ], [ -118.014530665967101, 52.901771506499898 ], [ -118.014677128012295, 52.901953405215473 ], [ -118.015244635120169, 52.901992291001903 ], [ -118.015716532264292, 52.901943049558902 ], [ -118.015830904176312, 52.901847407555579 ] ], [ [ -118.051200153868081, 52.890871794676933 ], [ -118.050800748877037, 52.890934677902855 ], [ -118.050532822659903, 52.891089114196681 ], [ -118.050417137948784, 52.891265920694728 ], [ -118.050406260117015, 52.891693017009992 ], [ -118.050504139363738, 52.891911434261338 ], [ -118.051091272251057, 52.892215086768473 ], [ -118.051767282851131, 52.892232078947714 ], [ -118.052119352725114, 52.892167557587669 ], [ -118.052210115958815, 52.892003781020804 ], [ -118.052219525281586, 52.891683026851616 ], [ -118.05218969243451, 52.891300749430734 ], [ -118.052093660714249, 52.891111789048537 ], [ -118.05189939887903, 52.890976965703722 ], [ -118.051632714870451, 52.890890215429685 ], [ -118.051200153868081, 52.890871794676933 ] ], [ [ -118.041327467681199, 52.889022083631914 ], [ -118.041527324993595, 52.888604545289873 ], [ -118.042278952816076, 52.888487890865697 ], [ -118.042525413772395, 52.888388285779641 ], [ -118.042846434444527, 52.888167425186374 ], [ -118.043584671597003, 52.88748638185551 ], [ -118.043911197983149, 52.887279745847394 ], [ -118.044177969793978, 52.887193272959387 ], [ -118.044852077277795, 52.887094712528487 ], [ -118.045058352740185, 52.886684240905637 ], [ -118.045627137953375, 52.886585365154772 ], [ -118.045782063738613, 52.886512841623585 ], [ -118.045830688226147, 52.886288876314104 ], [ -118.04573669747441, 52.886128604487418 ], [ -118.045470318479587, 52.886075938162989 ], [ -118.04509691516057, 52.886108644542283 ], [ -118.044733363662715, 52.886362623515453 ], [ -118.04357468078058, 52.886690908047171 ], [ -118.042228291991648, 52.88775255205244 ], [ -118.041947667946886, 52.887908889593753 ], [ -118.041514609547221, 52.888063566842234 ], [ -118.041319016504417, 52.888484208205142 ], [ -118.040974400164558, 52.888547861611393 ], [ -118.040303240342084, 52.888485756763828 ], [ -118.039935433077972, 52.888376399102071 ], [ -118.039713133911761, 52.88825710414114 ], [ -118.039627918341765, 52.888070440609127 ], [ -118.039609947945536, 52.887203679593519 ], [ -118.039535901865236, 52.886948703880861 ], [ -118.039263789332878, 52.886726086377969 ], [ -118.03879333171038, 52.886476080658127 ], [ -118.038523106129404, 52.886422962311819 ], [ -118.038344874358117, 52.886458531083655 ], [ -118.038249829265041, 52.886721375007319 ], [ -118.038274647233465, 52.88787046287284 ], [ -118.038307449062927, 52.888124092360911 ], [ -118.038392682083298, 52.888235311671785 ], [ -118.039076608172081, 52.888356907982065 ], [ -118.039235575414395, 52.888695924377942 ], [ -118.039352917929492, 52.888787220731032 ], [ -118.040316856904496, 52.888847659667007 ], [ -118.040646813295538, 52.889032652886037 ], [ -118.040841335226986, 52.889075244229765 ], [ -118.041146270623187, 52.889072524334331 ], [ -118.041327467681199, 52.889022083631914 ] ], [ [ -118.03865170541728, 52.885422955019763 ], [ -118.038625055506344, 52.883758025173613 ], [ -118.03872320676308, 52.883497392349213 ], [ -118.039406638510044, 52.883366200524215 ], [ -118.039650406942641, 52.883101758656323 ], [ -118.039916051527769, 52.882953151000358 ], [ -118.040732612390343, 52.882852934130625 ], [ -118.040933490686271, 52.882791908462778 ], [ -118.041177472674931, 52.882630308155996 ], [ -118.041362284027656, 52.882370210012276 ], [ -118.041647580087428, 52.882222393014473 ], [ -118.043291722900122, 52.88175881419847 ], [ -118.043442909991327, 52.881679367641034 ], [ -118.043491514833974, 52.881500282624046 ], [ -118.043432068972734, 52.881325946134588 ], [ -118.043342403202189, 52.881276730196234 ], [ -118.043141224514855, 52.881268723254493 ], [ -118.04284171506734, 52.881382066349545 ], [ -118.042541782851075, 52.881691857550585 ], [ -118.042379566523934, 52.881762252785236 ], [ -118.041482779038034, 52.881823542286469 ], [ -118.041163336823445, 52.882013046451995 ], [ -118.040886397661907, 52.882069019337827 ], [ -118.04020253269168, 52.882070408525244 ], [ -118.040015342368562, 52.882023231570962 ], [ -118.039961819319871, 52.881956050708894 ], [ -118.040008084434433, 52.881790526705956 ], [ -118.040245475228673, 52.881615818042938 ], [ -118.041233606025784, 52.881243767017828 ], [ -118.041551702332029, 52.881044961000441 ], [ -118.04166196731498, 52.880867278331408 ], [ -118.041698682989519, 52.880338313002554 ], [ -118.041809743295318, 52.880208628162208 ], [ -118.041966733700193, 52.880208367438115 ], [ -118.042045017919762, 52.880256706522616 ], [ -118.042171314468177, 52.880645901540767 ], [ -118.042372050889156, 52.880842761694311 ], [ -118.042674660916163, 52.880952663871973 ], [ -118.042872810217474, 52.880941436725756 ], [ -118.042958098672869, 52.880890429938404 ], [ -118.043053680427079, 52.880301030694874 ], [ -118.043353675852671, 52.880103386211395 ], [ -118.043424299217037, 52.879985067786379 ], [ -118.043420478696476, 52.878801634009541 ], [ -118.043505445493778, 52.878593541756238 ], [ -118.043601069628295, 52.878565926009905 ], [ -118.043752307950598, 52.878593273374065 ], [ -118.043968267393126, 52.879008253678563 ], [ -118.044637116069154, 52.879279755357196 ], [ -118.045274592764045, 52.879846151993313 ], [ -118.045990851400504, 52.880143039914778 ], [ -118.046385078060723, 52.880540242533591 ], [ -118.046617468685767, 52.880636620122864 ], [ -118.046827430571469, 52.880648683649781 ], [ -118.046999813636447, 52.88054847601213 ], [ -118.047006375028971, 52.880195043994263 ], [ -118.046836003063703, 52.879907633738661 ], [ -118.046492685020795, 52.879564936448986 ], [ -118.045815915623351, 52.879172032188158 ], [ -118.045053434753797, 52.878948263312473 ], [ -118.044647619313622, 52.878592082305737 ], [ -118.04401302846118, 52.878490613356604 ], [ -118.043752842347985, 52.878320681721199 ], [ -118.043559142571382, 52.8782791559358 ], [ -118.043118003824191, 52.878306819509731 ], [ -118.042760511111382, 52.878559213949771 ], [ -118.041726676430031, 52.878821075786995 ], [ -118.041374144766436, 52.879001047491812 ], [ -118.041220634113543, 52.879212395080351 ], [ -118.041142657534593, 52.879893394683364 ], [ -118.040925344630452, 52.88006715776482 ], [ -118.040397612733074, 52.880279274972423 ], [ -118.04027977059657, 52.880978724234417 ], [ -118.039577633930776, 52.881668970825316 ], [ -118.039280418941971, 52.881797780980918 ], [ -118.037971739009393, 52.881835810466065 ], [ -118.037782341404196, 52.881886068232419 ], [ -118.037719006118039, 52.881957153063595 ], [ -118.03768810277451, 52.882310722945412 ], [ -118.037768386599723, 52.882541622237788 ], [ -118.037928607571047, 52.882609868212995 ], [ -118.038509995393355, 52.882693551575414 ], [ -118.038632204503244, 52.883005769520693 ], [ -118.038567362727036, 52.883344056283711 ], [ -118.037926832535504, 52.883620953554967 ], [ -118.03775310070823, 52.883877883802455 ], [ -118.037788463363711, 52.885831281251477 ], [ -118.037856323255099, 52.886061520397305 ], [ -118.037987981387587, 52.88611616497942 ], [ -118.038172640715402, 52.88605704227826 ], [ -118.038302227533151, 52.885702572341216 ], [ -118.038581491235036, 52.885542378222894 ], [ -118.03865170541728, 52.885422955019763 ] ], [ [ -118.03946453882746, 52.879246271962401 ], [ -118.039771331726513, 52.879045816116069 ], [ -118.039852705928595, 52.878831367929259 ], [ -118.039760850527273, 52.878628502658714 ], [ -118.039436850207707, 52.878612279909369 ], [ -118.03907775529207, 52.878771671533407 ], [ -118.038549198677742, 52.87913167670461 ], [ -118.038109478724124, 52.879615999004216 ], [ -118.037864067122698, 52.879801464311363 ], [ -118.037563291419389, 52.879954704514674 ], [ -118.036772105675809, 52.880234742169073 ], [ -118.036448843962916, 52.880435117180269 ], [ -118.036318833171904, 52.880715631137669 ], [ -118.036419067828888, 52.880975792381349 ], [ -118.03668352268312, 52.881013372584952 ], [ -118.037065262521054, 52.880941983712809 ], [ -118.038332444226853, 52.880541529945013 ], [ -118.03878002453861, 52.880336994531255 ], [ -118.039336398415401, 52.879949313512562 ], [ -118.03941763191952, 52.879759176229825 ], [ -118.03946453882746, 52.879246271962401 ] ], [ [ -118.051846570425823, 52.879317550858545 ], [ -118.051230754766777, 52.879693950984432 ], [ -118.05105679177656, 52.87993149061932 ], [ -118.051117052706019, 52.880039363146295 ], [ -118.051229654366438, 52.880075024119407 ], [ -118.051754067973818, 52.8800520425333 ], [ -118.052017151695182, 52.879870434271737 ], [ -118.052214679380938, 52.879822412228485 ], [ -118.052599946087199, 52.879826868611168 ], [ -118.052783478176721, 52.879933370407123 ], [ -118.052812974971417, 52.880117834919872 ], [ -118.052726041892967, 52.880282023511711 ], [ -118.052276552822619, 52.88043958636996 ], [ -118.051993156830861, 52.880646872227345 ], [ -118.051932679449905, 52.880898477137123 ], [ -118.052035557727933, 52.881111474699324 ], [ -118.052382493698587, 52.881164569072418 ], [ -118.052723592021337, 52.881103216023355 ], [ -118.052933471449776, 52.880683600676939 ], [ -118.053604962898206, 52.88054423772931 ], [ -118.053749710038929, 52.880203763774169 ], [ -118.05386308976955, 52.880110871090672 ], [ -118.05448333053144, 52.879996785589476 ], [ -118.054653453171042, 52.879618286261795 ], [ -118.05480341753902, 52.879546906202826 ], [ -118.055359865401499, 52.879448515525439 ], [ -118.055499150483442, 52.8791050259371 ], [ -118.055610656479217, 52.879011003486745 ], [ -118.055989452260533, 52.87896750604768 ], [ -118.057336363510927, 52.878953958113208 ], [ -118.057553997476347, 52.878918045513835 ], [ -118.057669367979287, 52.878823191385401 ], [ -118.057662724945331, 52.87854754319924 ], [ -118.057477483095909, 52.878438685781667 ], [ -118.056068455617421, 52.8784242079698 ], [ -118.055544534050753, 52.87849238857261 ], [ -118.055266744896997, 52.878737609559607 ], [ -118.054639314918376, 52.878945056695073 ], [ -118.052964451958019, 52.87900412472019 ], [ -118.052485921021145, 52.879090015894562 ], [ -118.051846570425823, 52.879317550858545 ] ], [ [ -118.045739139950925, 52.882471838915258 ], [ -118.045683055468047, 52.881113922764641 ], [ -118.045541559696574, 52.880977368552273 ], [ -118.045091892955824, 52.88095616191282 ], [ -118.044913106531325, 52.881001304678186 ], [ -118.044867336999232, 52.881096017484907 ], [ -118.045154126623814, 52.881274595348515 ], [ -118.045233948067775, 52.881393634309958 ], [ -118.045317331500655, 52.882680134065403 ], [ -118.045440038655613, 52.882808125836618 ], [ -118.045645791554605, 52.882787668556993 ], [ -118.045739139950925, 52.882471838915258 ] ], [ [ -118.049354280668908, 52.880431867048571 ], [ -118.049091912641444, 52.880603689832469 ], [ -118.048567010096392, 52.880680025112198 ], [ -118.048413232555973, 52.8807767726233 ], [ -118.048509051014108, 52.880888955635726 ], [ -118.048808504847415, 52.880922883320252 ], [ -118.049718252630782, 52.880916215501856 ], [ -118.050067122460177, 52.880850688274847 ], [ -118.050120664886919, 52.880739921833779 ], [ -118.050021399874495, 52.880579760581917 ], [ -118.049813008400946, 52.880457324275959 ], [ -118.049544927079083, 52.880401654641801 ], [ -118.049354280668908, 52.880431867048571 ] ], [ [ -118.030988785770276, 52.879244444959816 ], [ -118.030415228500743, 52.879191956143742 ], [ -118.030105145589275, 52.879283744042993 ], [ -118.030050486817544, 52.879467677552803 ], [ -118.030092883640037, 52.879674086256607 ], [ -118.030246394485133, 52.87983529889501 ], [ -118.030471846665705, 52.879947497915794 ], [ -118.030680288017962, 52.879980751616962 ], [ -118.030871499054641, 52.879950321657404 ], [ -118.031319855749118, 52.879671180727613 ], [ -118.031333971230993, 52.879466936726281 ], [ -118.030988785770276, 52.879244444959816 ] ], [ [ -118.004751335694849, 52.885177969007273 ], [ -118.004690548284401, 52.885054251000355 ], [ -118.004320538995188, 52.884858758197353 ], [ -118.00404134190002, 52.884858277341863 ], [ -118.003670443925969, 52.885056278606712 ], [ -118.003339806336854, 52.885006931068041 ], [ -118.003060803189882, 52.884805401272068 ], [ -118.002910177094478, 52.884372045563943 ], [ -118.002781319332797, 52.884316918436035 ], [ -118.002632901008454, 52.884347323563574 ], [ -118.002500231031831, 52.884691671158791 ], [ -118.002399573994069, 52.8847776492469 ], [ -118.002185332022052, 52.884765302341414 ], [ -118.001945750661022, 52.884606886361404 ], [ -118.001778444460712, 52.884608792454209 ], [ -118.001698887185412, 52.88465629867828 ], [ -118.001638689010733, 52.885048137819155 ], [ -118.001749135108312, 52.885315278627182 ], [ -118.001939643411049, 52.885363749621128 ], [ -118.00236493978268, 52.885375508934104 ], [ -118.0042679659133, 52.885355553895387 ], [ -118.00469892259089, 52.885288079352883 ], [ -118.004751335694849, 52.885177969007273 ] ], [ [ -117.970088987931263, 52.885464759460312 ], [ -117.970402146890592, 52.885269686851792 ], [ -117.970443872156139, 52.884983399082031 ], [ -117.970384388096406, 52.88483488517403 ], [ -117.970210965565983, 52.884690096291664 ], [ -117.969973729546965, 52.884593386139038 ], [ -117.96974738512894, 52.88457991605253 ], [ -117.969502369108241, 52.884665246601415 ], [ -117.969003926593913, 52.885105110381161 ], [ -117.968005646155419, 52.88552622227332 ], [ -117.967814301508469, 52.885726477745287 ], [ -117.967788674206062, 52.88597988176987 ], [ -117.967873515345104, 52.886134807293899 ], [ -117.968029385378358, 52.886161391082233 ], [ -117.968448414633883, 52.885950055717998 ], [ -117.969657129600336, 52.885906236784059 ], [ -117.969922243279413, 52.885848732741628 ], [ -117.970088987931263, 52.885464759460312 ] ], [ [ -118.063056962826039, 52.861369500703653 ], [ -118.062961546522232, 52.861162471156597 ], [ -118.062690096096347, 52.861108179394272 ], [ -118.062167679595362, 52.861130354086654 ], [ -118.061633000499356, 52.86127133223907 ], [ -118.06134372947119, 52.861422207583708 ], [ -118.061266536992818, 52.861612038433144 ], [ -118.06130762576376, 52.86187082535745 ], [ -118.061461174128155, 52.862030809529251 ], [ -118.061759261812256, 52.862165722956142 ], [ -118.062091941260846, 52.862200623348144 ], [ -118.06240886643802, 52.862178060044222 ], [ -118.062562311275101, 52.862105211541682 ], [ -118.062728096541775, 52.861712246130473 ], [ -118.062976830606303, 52.861584472951805 ], [ -118.063056962826039, 52.861369500703653 ] ], [ [ -118.033140410351692, 52.84409883795886 ], [ -118.032556706383758, 52.84413516771437 ], [ -118.032406033413167, 52.844210837109436 ], [ -118.032246282223582, 52.844599750251909 ], [ -118.032081065059515, 52.84463322230939 ], [ -118.031902790361329, 52.844588983706338 ], [ -118.031546426714272, 52.844216947014836 ], [ -118.03137156230531, 52.843679852693533 ], [ -118.031280317107118, 52.843627289493185 ], [ -118.030763842415865, 52.843566895010412 ], [ -118.030608803683421, 52.843499550103672 ], [ -118.030512009190304, 52.842684556259556 ], [ -118.030379056413892, 52.842548539742666 ], [ -118.029996814024031, 52.842513214697505 ], [ -118.027951914233114, 52.842511980619499 ], [ -118.027588914272926, 52.842362804110778 ], [ -118.027240030351791, 52.842040936190827 ], [ -118.026942367290232, 52.842006433343663 ], [ -118.025377330413448, 52.841996097839726 ], [ -118.025224824325207, 52.841925462451258 ], [ -118.025041072432572, 52.841537486337216 ], [ -118.024779069817001, 52.841482287715124 ], [ -118.0244129264035, 52.841514491454397 ], [ -118.024298387782522, 52.841609238910088 ], [ -118.024261770428296, 52.841804578775111 ], [ -118.024313899950485, 52.843917853941733 ], [ -118.024361981606816, 52.844181728571087 ], [ -118.024584553448875, 52.844501214432213 ], [ -118.02495098177252, 52.844823651013449 ], [ -118.025583900047991, 52.845170115480606 ], [ -118.025877475103798, 52.845234944627528 ], [ -118.026476016826606, 52.845274382278248 ], [ -118.026792466126494, 52.845389082180425 ], [ -118.026961069910357, 52.845532766842865 ], [ -118.027139933589211, 52.845986684807521 ], [ -118.027347398631036, 52.846002664905683 ], [ -118.027624921396296, 52.84582003525346 ], [ -118.027834464976124, 52.845835237716202 ], [ -118.02791926117898, 52.845989324874722 ], [ -118.028006627723371, 52.846759743853177 ], [ -118.028161222053896, 52.846827466833901 ], [ -118.028809552676876, 52.84688923584536 ], [ -118.029126181970184, 52.847012035658096 ], [ -118.029644784191788, 52.847359177397585 ], [ -118.029856625304461, 52.847858914475538 ], [ -118.030004540419171, 52.847883954707306 ], [ -118.030097971458233, 52.847854530557719 ], [ -118.030227198499915, 52.847507764916564 ], [ -118.030339935321521, 52.847410767800952 ], [ -118.030634279535874, 52.84736718578376 ], [ -118.031440389872401, 52.847352981818602 ], [ -118.032267531603864, 52.847392041598802 ], [ -118.032383060492236, 52.847485822440923 ], [ -118.032498856713943, 52.847801503539117 ], [ -118.032649851511991, 52.847871200364331 ], [ -118.033161998779534, 52.847851809559778 ], [ -118.033416464734032, 52.847673119322586 ], [ -118.033685969811728, 52.847621876669052 ], [ -118.03405806037118, 52.847649484038257 ], [ -118.034361839261038, 52.847835420573276 ], [ -118.034570127971136, 52.847815072524661 ], [ -118.034655202673036, 52.847608422085834 ], [ -118.034624743545564, 52.847018629908007 ], [ -118.034530082217572, 52.846852432527427 ], [ -118.03424892861247, 52.846703833353175 ], [ -118.03423387703458, 52.846583452951492 ], [ -118.034410732213559, 52.846404371298924 ], [ -118.034913556560554, 52.846219182561235 ], [ -118.035027391790052, 52.846119938836139 ], [ -118.035065587892646, 52.84560143692957 ], [ -118.034981087712225, 52.845265551081383 ], [ -118.034823600852576, 52.845198465488693 ], [ -118.034304437904737, 52.845138460778578 ], [ -118.034213395324528, 52.845085952926112 ], [ -118.034063398314501, 52.844384435897297 ], [ -118.033894464121943, 52.844240493003404 ], [ -118.033654356110361, 52.844139688736753 ], [ -118.033140410351692, 52.84409883795886 ] ], [ [ -118.037842047459378, 52.838680606844299 ], [ -118.038362796211302, 52.838611728911978 ], [ -118.038386297142296, 52.838416974576667 ], [ -118.03816426608266, 52.838249562827549 ], [ -118.037895848835802, 52.838163122084893 ], [ -118.037256389843535, 52.838096391038221 ], [ -118.036936258747545, 52.837906379047674 ], [ -118.036114785845768, 52.83787838849581 ], [ -118.035897918220357, 52.837914795674138 ], [ -118.035780986185657, 52.838011092275273 ], [ -118.035772890673201, 52.838519727605409 ], [ -118.035858722779338, 52.838634707306333 ], [ -118.035976752190223, 52.838672844792789 ], [ -118.037842047459378, 52.838680606844299 ] ], [ [ -118.024754857503751, 52.831791344057841 ], [ -118.024566730045976, 52.831834091182074 ], [ -118.024480862380827, 52.831993747809292 ], [ -118.02453274242626, 52.832223228249383 ], [ -118.024990809422434, 52.832508399152502 ], [ -118.025317524462821, 52.832581994183649 ], [ -118.025743577510227, 52.832522787133243 ], [ -118.025831988335597, 52.832258383960529 ], [ -118.025701469620813, 52.832034812780513 ], [ -118.025373809338888, 52.831897750376783 ], [ -118.024990050308531, 52.831804871826705 ], [ -118.024754857503751, 52.831791344057841 ] ], [ [ -118.013287634566154, 52.833976760847754 ], [ -118.013498146868429, 52.833560431707461 ], [ -118.014068519590793, 52.833459242361975 ], [ -118.014224032462209, 52.833386748379979 ], [ -118.014264302372538, 52.833117062338459 ], [ -118.014126994813253, 52.832979924660755 ], [ -118.01373536862728, 52.832939181506482 ], [ -118.01312372427229, 52.832966050791001 ], [ -118.012918604690384, 52.833029787553514 ], [ -118.012695847290772, 52.833225474236791 ], [ -118.012525625074048, 52.833506741557933 ], [ -118.012562469524511, 52.833760024347875 ], [ -118.012905480315808, 52.833982630969047 ], [ -118.013109806920554, 52.834013845789123 ], [ -118.013287634566154, 52.833976760847754 ] ], [ [ -117.966742082916326, 52.840995723879892 ], [ -117.966592694990609, 52.840913142584164 ], [ -117.965721029991585, 52.84091089638153 ], [ -117.96554156521492, 52.840962543324871 ], [ -117.965481455319591, 52.841027415148496 ], [ -117.96547076541809, 52.841283083006658 ], [ -117.965551747770192, 52.841385933742835 ], [ -117.965670964834615, 52.841424501449517 ], [ -117.966135936681397, 52.841423098270042 ], [ -117.966712221337417, 52.841107208404246 ], [ -117.966742082916326, 52.840995723879892 ] ], [ [ -117.998703297243651, 52.833576986496851 ], [ -117.998980416768305, 52.833579614504835 ], [ -117.999293753104141, 52.833390778105986 ], [ -117.999934778374154, 52.833272812292456 ], [ -118.00001456557564, 52.833158080904241 ], [ -118.000011947749826, 52.832970023895939 ], [ -117.999928510496588, 52.83285644806913 ], [ -117.999809257818256, 52.83281760070745 ], [ -117.998583991449507, 52.832807703472461 ], [ -117.998365984084671, 52.832844286240601 ], [ -117.998250413646261, 52.832940198707242 ], [ -117.998224908194118, 52.833134593118984 ], [ -117.998294532633707, 52.833336210687179 ], [ -117.998469483797948, 52.833481244443568 ], [ -117.998703297243651, 52.833576986496851 ] ], [ [ -118.026483351846338, 52.826039145242248 ], [ -118.026730637815007, 52.825871453361351 ], [ -118.027362050630828, 52.825761518931266 ], [ -118.027390624733371, 52.825639329837223 ], [ -118.027248374026613, 52.825580374774717 ], [ -118.026595462785835, 52.825516700342561 ], [ -118.026189542658457, 52.825318652835158 ], [ -118.025631928287282, 52.824557426594538 ], [ -118.024836064261606, 52.82418794277519 ], [ -118.024711056607558, 52.823588153292462 ], [ -118.024629403302669, 52.823475571104375 ], [ -118.024440126463873, 52.823429865640321 ], [ -118.023547753075647, 52.823384713572636 ], [ -118.023457465832294, 52.823331568854904 ], [ -118.023340234647804, 52.82302163660178 ], [ -118.023223388096255, 52.82293031230035 ], [ -118.022335092413343, 52.822882103044606 ], [ -118.022147258312827, 52.822835082538269 ], [ -118.021993250682854, 52.822493917874993 ], [ -118.021877120436059, 52.822402648068433 ], [ -118.020973281794312, 52.822359584314306 ], [ -118.020687627599727, 52.822294947724551 ], [ -118.020329659479486, 52.821926251554096 ], [ -118.020174402524319, 52.82136845525369 ], [ -118.019854705587164, 52.821183580942197 ], [ -118.019240962475834, 52.82104796302454 ], [ -118.017549848318197, 52.821028284555311 ], [ -118.016891821086588, 52.82085050624174 ], [ -118.016705239236089, 52.820714887142586 ], [ -118.016593218811636, 52.820313571807333 ], [ -118.016397041875834, 52.820124923894632 ], [ -118.016157368548562, 52.820027307691582 ], [ -118.015512411630795, 52.819964221303394 ], [ -118.015358811362304, 52.819895914414701 ], [ -118.015263934227164, 52.819354040802033 ], [ -118.015132474022522, 52.819216178058696 ], [ -118.014750057832046, 52.819177879203949 ], [ -118.013759427541629, 52.819197226452204 ], [ -118.013445974484881, 52.81925614748873 ], [ -118.01322490792154, 52.819372479527871 ], [ -118.013098889062633, 52.819522665342149 ], [ -118.01311861480896, 52.819644320767374 ], [ -118.01375721289763, 52.819913453829827 ], [ -118.014160494328749, 52.820363236961406 ], [ -118.014452249118477, 52.820492467958246 ], [ -118.015095069104987, 52.820555169577275 ], [ -118.01524899641872, 52.820622600293952 ], [ -118.015414875732247, 52.821157160277004 ], [ -118.015772556742903, 52.821525555910576 ], [ -118.016765352775849, 52.821684898229464 ], [ -118.017017202216635, 52.821842092172346 ], [ -118.017259884875486, 52.822133345309659 ], [ -118.017649599117703, 52.822285746265877 ], [ -118.018033019376134, 52.822367373855229 ], [ -118.018811932287591, 52.822414019697597 ], [ -118.019015016385922, 52.822471738978585 ], [ -118.019264495794047, 52.822631035283308 ], [ -118.019442860325782, 52.822904753871356 ], [ -118.019672482745747, 52.823074935333771 ], [ -118.019934470908282, 52.823159254241659 ], [ -118.020610738413509, 52.823247500672956 ], [ -118.020765013512104, 52.823587331210867 ], [ -118.020881437039719, 52.823678391416955 ], [ -118.021907573542606, 52.823749528761589 ], [ -118.022429312559538, 52.824153568552958 ], [ -118.023315717061408, 52.824297352609285 ], [ -118.02340966968768, 52.824456988489906 ], [ -118.023436464851613, 52.825095792102651 ], [ -118.023530868892479, 52.825255763372567 ], [ -118.023721165536671, 52.825301299943952 ], [ -118.024614917126442, 52.825346218845596 ], [ -118.02470521915825, 52.825399404734839 ], [ -118.024822095904071, 52.825709908836828 ], [ -118.024938518576306, 52.825801879260887 ], [ -118.02590196687261, 52.825864051064713 ], [ -118.026267592471669, 52.8260563884959 ], [ -118.026483351846338, 52.826039145242248 ] ], [ [ -118.01088403970968, 52.817884953953275 ], [ -118.010574010002557, 52.817936437704162 ], [ -118.010207798490896, 52.818053921026973 ], [ -118.009995896329386, 52.818174228551165 ], [ -118.009999904547698, 52.818362423240998 ], [ -118.010461797586402, 52.818635842762617 ], [ -118.010821131527535, 52.81868365426844 ], [ -118.011165994952194, 52.818623834414851 ], [ -118.01126006820509, 52.818456892958928 ], [ -118.011267473896652, 52.818190182092167 ], [ -118.011219532882293, 52.817993334232447 ], [ -118.011098730077165, 52.817902637382417 ], [ -118.01088403970968, 52.817884953953275 ] ], [ [ -117.973683373641109, 52.825196761453583 ], [ -117.973214729332668, 52.825247535932597 ], [ -117.972728288040457, 52.825592840440983 ], [ -117.972780010780369, 52.825688382996226 ], [ -117.973045742777529, 52.825739239572947 ], [ -117.973660109041532, 52.825734080685052 ], [ -117.97393500193941, 52.825672179212688 ], [ -117.974020903032539, 52.825525568068286 ], [ -117.973987514443252, 52.825312441205647 ], [ -117.973876287912177, 52.825227482830485 ], [ -117.973683373641109, 52.825196761453583 ] ], [ [ -118.006296134739742, 52.816289156374808 ], [ -118.006066770391897, 52.816308131562067 ], [ -118.005928758496253, 52.81637116470479 ], [ -118.005926838683521, 52.816471925092252 ], [ -118.006231983220232, 52.816654831835464 ], [ -118.006354587506124, 52.816971638571864 ], [ -118.006474612545077, 52.817064318568562 ], [ -118.007497479803476, 52.817099247034506 ], [ -118.008020319265725, 52.817030663073993 ], [ -118.00805469487878, 52.81688874666979 ], [ -118.007935647336126, 52.816789631948637 ], [ -118.006782759815437, 52.8163422276209 ], [ -118.006296134739742, 52.816289156374808 ] ], [ [ -118.006194101497627, 52.815189260085418 ], [ -118.005732186235477, 52.814874725064129 ], [ -118.005354590055191, 52.81471368472446 ], [ -118.004848268911033, 52.814680550293389 ], [ -118.004539363134938, 52.814732341386176 ], [ -118.00434060838225, 52.814868988784553 ], [ -118.004103135568911, 52.815189341544851 ], [ -118.004051989652439, 52.815503185413235 ], [ -118.004115649035484, 52.81568384251154 ], [ -118.004272924419709, 52.815753307925299 ], [ -118.005316479916729, 52.815767241731784 ], [ -118.00576558615866, 52.815704874340533 ], [ -118.006208145355885, 52.815428917797142 ], [ -118.006252598667942, 52.815314576124919 ], [ -118.006194101497627, 52.815189260085418 ] ], [ [ -117.994945282785451, 52.810197809063162 ], [ -117.994682952792004, 52.810240968290124 ], [ -117.994607532219703, 52.81035294571312 ], [ -117.994614400237609, 52.810540782525194 ], [ -117.994691686384428, 52.810658882548715 ], [ -117.995009564765496, 52.810853711926285 ], [ -117.995133523191512, 52.811709417797765 ], [ -117.995288978970407, 52.811776645101702 ], [ -117.995935832318565, 52.811839141270845 ], [ -117.996175455718074, 52.811937346215181 ], [ -117.996344124777139, 52.812079709710083 ], [ -117.996464951405713, 52.812469302903196 ], [ -117.996579950709901, 52.812561208619961 ], [ -117.997841564100767, 52.812624263662201 ], [ -117.998543304318318, 52.81284848821543 ], [ -117.998643053727903, 52.812970104690848 ], [ -117.998651304847158, 52.813213555776962 ], [ -117.998574988889558, 52.813333858822439 ], [ -117.998298061105785, 52.813483083079547 ], [ -117.998330461338213, 52.813608108780713 ], [ -117.998587716043033, 52.813654111747482 ], [ -117.999651869165859, 52.813654100108586 ], [ -117.999960075539221, 52.81370093129145 ], [ -118.000591818017142, 52.814174135375872 ], [ -118.001669808622239, 52.814456335643762 ], [ -118.001779944384168, 52.814570972097819 ], [ -118.001895450138761, 52.814894153414699 ], [ -118.002047733384785, 52.814964101555624 ], [ -118.002565394126577, 52.814948393983563 ], [ -118.003075349295344, 52.814646531677539 ], [ -118.003154900574486, 52.81437644186466 ], [ -118.003011998912598, 52.814103436780471 ], [ -118.002667589291207, 52.813939520887764 ], [ -118.001900455777047, 52.813840421114996 ], [ -118.001806937595262, 52.813681084913014 ], [ -118.001762239075717, 52.81320621273327 ], [ -118.001644595700796, 52.813033558871105 ], [ -118.001308819878417, 52.812869774138967 ], [ -118.000546308773906, 52.812806137761235 ], [ -118.000283854603481, 52.812721994098794 ], [ -118.000062887833494, 52.812549361869571 ], [ -117.999881230616353, 52.812088317088097 ], [ -117.999536336514581, 52.812030701891203 ], [ -117.997395259947083, 52.812039994664339 ], [ -117.996712225569539, 52.811880066192472 ], [ -117.99645949373361, 52.811719889761939 ], [ -117.99635275770305, 52.810985904240866 ], [ -117.996001327240478, 52.810538700457506 ], [ -117.995771227462214, 52.81040304557623 ], [ -117.995254343577841, 52.810242484958074 ], [ -117.994945282785451, 52.810197809063162 ] ], [ [ -117.981255235187959, 52.811102762591183 ], [ -117.981020299862323, 52.811124843120915 ], [ -117.980865417183409, 52.811198214634935 ], [ -117.980829725985785, 52.811470635495027 ], [ -117.980967708986199, 52.811607508904338 ], [ -117.981560090740672, 52.811690558854522 ], [ -117.981957049689214, 52.811894884291725 ], [ -117.982267224479301, 52.811907208243348 ], [ -117.982524538698073, 52.811852909036347 ], [ -117.982579522686564, 52.811743036306197 ], [ -117.98248569846362, 52.811579417722307 ], [ -117.981810339396759, 52.811179810686227 ], [ -117.981595123169384, 52.811121226374908 ], [ -117.981255235187959, 52.811102762591183 ] ], [ [ -117.984969364257324, 52.807334851875268 ], [ -117.984814186296788, 52.807365300076619 ], [ -117.984758886824309, 52.807432001311454 ], [ -117.98476630521138, 52.807707316238613 ], [ -117.984949435632188, 52.807817564008879 ], [ -117.986369884242023, 52.80783224636582 ], [ -117.986890166868832, 52.807765941832365 ], [ -117.986917844313695, 52.807641026132778 ], [ -117.986774544673892, 52.807580211758136 ], [ -117.985399567078431, 52.80753721991357 ], [ -117.984969364257324, 52.807334851875268 ] ], [ [ -118.007986071046602, 52.799051569483019 ], [ -118.007776362972805, 52.799074104770902 ], [ -118.007695538837069, 52.79923138944789 ], [ -118.007700384134324, 52.799662334047845 ], [ -118.007931368523344, 52.800102978551905 ], [ -118.008109142768404, 52.800263222727281 ], [ -118.008291688577927, 52.800341276017704 ], [ -118.008612942152482, 52.800367627950145 ], [ -118.008907821976308, 52.800330965010815 ], [ -118.009023678203818, 52.800234876923803 ], [ -118.009062430534101, 52.800037421140381 ], [ -118.009045444823172, 52.799547510960416 ], [ -118.008975853181994, 52.799367189721863 ], [ -118.008819582205163, 52.799297225537607 ], [ -118.008294176989921, 52.799231802030043 ], [ -118.007986071046602, 52.799051569483019 ] ], [ [ -117.987337114148062, 52.803779026230224 ], [ -117.987234083503296, 52.803489122005629 ], [ -117.986978478219854, 52.803327505911568 ], [ -117.986391133099687, 52.803180757743995 ], [ -117.986121813137729, 52.803032718544422 ], [ -117.985828108754234, 52.80243138420267 ], [ -117.985509293681318, 52.802296300123643 ], [ -117.985131031024551, 52.802204265901274 ], [ -117.984897942418982, 52.802190714696749 ], [ -117.98471151026574, 52.802233021437203 ], [ -117.984627929495261, 52.802391311876384 ], [ -117.984658334803925, 52.802577553703429 ], [ -117.985034256138562, 52.802849792087358 ], [ -117.985114837763533, 52.803354052412097 ], [ -117.985187591491211, 52.803461626293732 ], [ -117.985395020251602, 52.803477788037377 ], [ -117.985685812450555, 52.80329221762468 ], [ -117.985960394099038, 52.803291084884847 ], [ -117.986324737507516, 52.803489731329989 ], [ -117.986553853191296, 52.803998990977988 ], [ -117.986897742957638, 52.804054029287848 ], [ -117.987242579078782, 52.803994222724072 ], [ -117.987337114148062, 52.803779026230224 ] ], [ [ -117.99482770616666, 52.800476773316895 ], [ -117.995259922385785, 52.800453557250201 ], [ -117.995791969011393, 52.800313256068755 ], [ -117.996033959193056, 52.800198683841643 ], [ -117.996118822130768, 52.800031384624809 ], [ -117.996057219746092, 52.799901544529781 ], [ -117.995807246828448, 52.799740598518888 ], [ -117.995597981362067, 52.799680750009863 ], [ -117.995161237250571, 52.7996554312558 ], [ -117.994509701081299, 52.799704092953036 ], [ -117.99413380817083, 52.799915061624844 ], [ -117.993297263793167, 52.799965491194669 ], [ -117.993115262802206, 52.800010705760393 ], [ -117.993071517959081, 52.800102465246816 ], [ -117.993167618588487, 52.80018008370422 ], [ -117.994141309791061, 52.800239519157984 ], [ -117.99452658909658, 52.800444519432787 ], [ -117.99482770616666, 52.800476773316895 ] ], [ [ -118.006755829580698, 52.796867266942641 ], [ -118.006822043641648, 52.797048980592443 ], [ -118.007099926272602, 52.797193349403535 ], [ -118.007139564489606, 52.797289523516049 ], [ -118.006822506526021, 52.797504664977225 ], [ -118.006800171189397, 52.79782126311374 ], [ -118.006918425913099, 52.797914570609713 ], [ -118.007138101369236, 52.797948257377548 ], [ -118.007747434703774, 52.797944455846356 ], [ -118.008018697700379, 52.797884487871052 ], [ -118.008097274249536, 52.797769263842362 ], [ -118.00808476845117, 52.797520173602784 ], [ -118.007696862442657, 52.79706630422799 ], [ -118.007563638456062, 52.796272930517148 ], [ -118.007222921830788, 52.795884273134646 ], [ -118.007055779886912, 52.795815168791762 ], [ -118.006869938264146, 52.79582045318184 ], [ -118.006762594075155, 52.795907906851816 ], [ -118.006729916799188, 52.796050459919954 ], [ -118.006755829580698, 52.796867266942641 ] ], [ [ -117.951681871210226, 52.80104868112182 ], [ -117.951622780822504, 52.800412967924515 ], [ -117.951556015407363, 52.800342153990343 ], [ -117.951367124143133, 52.800295098880717 ], [ -117.950915107653586, 52.800321739358303 ], [ -117.950372048779954, 52.800659689034283 ], [ -117.950311287421414, 52.800952156525447 ], [ -117.950361537117416, 52.801254330485044 ], [ -117.950482925592794, 52.801348752441839 ], [ -117.950702620376219, 52.801382247693255 ], [ -117.951309269800177, 52.801377858781741 ], [ -117.951579456182017, 52.801317454384602 ], [ -117.951681871210226, 52.80104868112182 ] ], [ [ -117.97488116574614, 52.792272045501186 ], [ -117.974259205353974, 52.792341138421932 ], [ -117.974001417684235, 52.792515305744409 ], [ -117.9733734911282, 52.792624048445532 ], [ -117.973329816809439, 52.792715879887666 ], [ -117.97337647769001, 52.792773656581531 ], [ -117.973559728830281, 52.792815459269804 ], [ -117.974397988383217, 52.792852303786923 ], [ -117.974785694006911, 52.79305855004727 ], [ -117.975086697120517, 52.793089806324211 ], [ -117.975563417059064, 52.793029130053327 ], [ -117.975906276617792, 52.792795544534741 ], [ -117.975959941556738, 52.792492151810585 ], [ -117.975811125273623, 52.792306802399786 ], [ -117.97488116574614, 52.792272045501186 ] ], [ [ -117.989227388775831, 52.788930090650943 ], [ -117.989574687784327, 52.788865930826418 ], [ -117.989600543810965, 52.788670369426185 ], [ -117.989379935558603, 52.788503261705578 ], [ -117.989111423934517, 52.788418119601076 ], [ -117.988373706416425, 52.788338355530271 ], [ -117.987624268025371, 52.787730269870529 ], [ -117.986647371940336, 52.787324598321462 ], [ -117.986464210412166, 52.786917601813123 ], [ -117.986349140711766, 52.78682460955217 ], [ -117.985882086177327, 52.786785159502386 ], [ -117.985169718999515, 52.786820317640817 ], [ -117.984639586054641, 52.786960499267778 ], [ -117.984351702401398, 52.78711096919011 ], [ -117.984275805887265, 52.787346722232293 ], [ -117.984376602088332, 52.78755399091073 ], [ -117.985272958601698, 52.787700560367604 ], [ -117.985795216895895, 52.788105179113586 ], [ -117.98682033605192, 52.788177139961263 ], [ -117.986909881606607, 52.788230559528877 ], [ -117.987025211844795, 52.788541303943632 ], [ -117.987141071685897, 52.788633201504148 ], [ -117.98810007395646, 52.788693520348581 ], [ -117.988428341413595, 52.788877177930537 ], [ -117.988627516201404, 52.788921615838383 ], [ -117.989227388775831, 52.788930090650943 ] ], [ [ -117.991037088525843, 52.786462108957217 ], [ -117.991361158968985, 52.786434301673154 ], [ -117.991755082743964, 52.786314418980332 ], [ -117.991872330777625, 52.786609704396888 ], [ -117.991987556551123, 52.786701507216051 ], [ -117.993142585114143, 52.786779927968333 ], [ -117.99343261697399, 52.786912903291899 ], [ -117.993692927459449, 52.787185718193605 ], [ -117.993858055446154, 52.787254272689196 ], [ -117.994241227859334, 52.787262041856216 ], [ -117.994466577919042, 52.787178707477636 ], [ -117.994522013189567, 52.78699589723454 ], [ -117.994482087405075, 52.786791523020398 ], [ -117.994163920625283, 52.786543006661425 ], [ -117.993956707269518, 52.786484329025328 ], [ -117.993321877588002, 52.786420859171457 ], [ -117.992937394288859, 52.786223801737918 ], [ -117.992112119018202, 52.786193337698961 ], [ -117.991924869402425, 52.786146842203721 ], [ -117.991767140691692, 52.785736341161872 ], [ -117.991624526881381, 52.785575255275027 ], [ -117.991347393213829, 52.785417067259317 ], [ -117.99036604727236, 52.785060983625449 ], [ -117.989911469228417, 52.784660271147921 ], [ -117.989717554028744, 52.784613381759534 ], [ -117.989201461244306, 52.78460024091644 ], [ -117.988578342489546, 52.784617019700434 ], [ -117.988319092340646, 52.784670098811944 ], [ -117.988275275007339, 52.784729412542909 ], [ -117.988321704413821, 52.784824132157745 ], [ -117.988765403631788, 52.784965673837547 ], [ -117.989148043368829, 52.785199040690131 ], [ -117.989894937029803, 52.786044021327477 ], [ -117.990209733527053, 52.786261256348325 ], [ -117.990643718936383, 52.786400052842581 ], [ -117.991037088525843, 52.786462108957217 ] ], [ [ -117.973988534390884, 52.788038408214966 ], [ -117.973091200458626, 52.787888811150431 ], [ -117.972878644154051, 52.787766558699843 ], [ -117.972567798257643, 52.787477358027857 ], [ -117.97183215490071, 52.787442075306345 ], [ -117.9715968295842, 52.787467019011764 ], [ -117.971442053354991, 52.787540324018437 ], [ -117.971378674666099, 52.787775804120415 ], [ -117.971427565411688, 52.788132240485979 ], [ -117.971942729064722, 52.788476827015344 ], [ -117.972303471506024, 52.788527796259707 ], [ -117.973383389549582, 52.788524693381937 ], [ -117.973811250908639, 52.788503965794881 ], [ -117.974001122445486, 52.788452037458249 ], [ -117.974088529315409, 52.788243919880884 ], [ -117.973988534390884, 52.788038408214966 ] ], [ [ -117.948744701355324, 52.792942148659712 ], [ -117.948525306115172, 52.792676711653854 ], [ -117.948317968773495, 52.792543503928002 ], [ -117.947733111731623, 52.792489600913314 ], [ -117.947123858723799, 52.792556058575748 ], [ -117.947080016141697, 52.792615950001128 ], [ -117.947126859283287, 52.79271150664578 ], [ -117.947567475829729, 52.792856718393566 ], [ -117.947820023581983, 52.793022085112987 ], [ -117.948042844917993, 52.793520217433731 ], [ -117.948301823346085, 52.793525278886584 ], [ -117.948742246656678, 52.793249814128892 ], [ -117.948798596887571, 52.793129526931253 ], [ -117.948744701355324, 52.792942148659712 ] ], [ [ -117.946581807406588, 52.792298119096657 ], [ -117.946525045517802, 52.792072315618555 ], [ -117.945831888995059, 52.791760611986383 ], [ -117.945559947041346, 52.791220089402124 ], [ -117.94521717236313, 52.791165616804342 ], [ -117.944873499539057, 52.791225775666817 ], [ -117.944765937964149, 52.791549937509728 ], [ -117.944797472126254, 52.79180746225974 ], [ -117.944884195475638, 52.791921388733584 ], [ -117.945718434267391, 52.792047032208089 ], [ -117.945996583740168, 52.79219442371835 ], [ -117.946248547637367, 52.792455865165365 ], [ -117.946506009890115, 52.792452795913775 ], [ -117.946581807406588, 52.792298119096657 ] ], [ [ -117.986150053639292, 52.784055884750117 ], [ -117.986315792386108, 52.784051412951541 ], [ -117.986393425612974, 52.784003035536642 ], [ -117.986423075068771, 52.783735681824517 ], [ -117.9862867728948, 52.783598330068223 ], [ -117.985697147428965, 52.783514480962324 ], [ -117.985302663693972, 52.783310217209227 ], [ -117.984992864431646, 52.783298742393363 ], [ -117.984728188169228, 52.783355995044552 ], [ -117.984641923555827, 52.783614623593202 ], [ -117.98478999528237, 52.783797508565755 ], [ -117.985772984093828, 52.783862024241685 ], [ -117.986150053639292, 52.784055884750117 ] ], [ [ -118.001600679252547, 52.77878067585943 ], [ -118.00193269909721, 52.778766238147021 ], [ -118.002134534688366, 52.778647556938147 ], [ -118.002773260480012, 52.777620940133964 ], [ -118.003217162837615, 52.777242474687895 ], [ -118.003748581650299, 52.777013136066763 ], [ -118.004681552238239, 52.776853940348573 ], [ -118.004816364779259, 52.776712962734315 ], [ -118.004866078894437, 52.775818170101623 ], [ -118.00483511464688, 52.775679978774534 ], [ -118.004725446026583, 52.775590675670117 ], [ -118.004100023825984, 52.775557435464385 ], [ -118.003071149311637, 52.775613977627586 ], [ -118.002693724218716, 52.775782110772916 ], [ -118.002526373713806, 52.776030604002436 ], [ -118.002385413386193, 52.776774849907994 ], [ -118.00197384712456, 52.777420115395202 ], [ -118.001584532745298, 52.777888888858854 ], [ -118.001390445663944, 52.778294733447126 ], [ -118.00139869518037, 52.778641115431455 ], [ -118.001492391010757, 52.778747909969681 ], [ -118.001600679252547, 52.77878067585943 ] ], [ [ -117.969373099058529, 52.783466949121745 ], [ -117.968851330741614, 52.783404948758722 ], [ -117.968695765953413, 52.783337163395025 ], [ -117.968571549426287, 52.782757663548274 ], [ -117.968233601186441, 52.782530024002519 ], [ -117.968133275084611, 52.781984977090993 ], [ -117.968050423017431, 52.781869727395048 ], [ -117.967787667991175, 52.781817545698111 ], [ -117.967413243451432, 52.781848682348866 ], [ -117.966909620085687, 52.782147976154896 ], [ -117.966871467125941, 52.782359382283893 ], [ -117.967268616660348, 52.783012567574069 ], [ -117.967302487002058, 52.783986208502647 ], [ -117.967403989682055, 52.784196715915364 ], [ -117.96775440424851, 52.784253439093639 ], [ -117.968746494857058, 52.78424935810451 ], [ -117.969262905418645, 52.784228614223316 ], [ -117.969451689950247, 52.784177168955708 ], [ -117.969548727720976, 52.783962435549199 ], [ -117.969495677428071, 52.783558386680291 ], [ -117.969373099058529, 52.783466949121745 ] ], [ [ -117.903465739120222, 52.795776464556965 ], [ -117.903716405679248, 52.795675742105516 ], [ -117.904730954363643, 52.795011245835397 ], [ -117.90481872263112, 52.794717409496897 ], [ -117.904715426240216, 52.79450470687474 ], [ -117.904368871173432, 52.794450961449542 ], [ -117.90402810569978, 52.794511113333698 ], [ -117.903831892676948, 52.794961749167001 ], [ -117.903130794744513, 52.795310325730227 ], [ -117.902880882950541, 52.795509523791111 ], [ -117.902249546225192, 52.795616818357004 ], [ -117.902204733727842, 52.795709241163017 ], [ -117.902250648810622, 52.795768012000053 ], [ -117.902511848421256, 52.795818497575787 ], [ -117.90312955603035, 52.79581913900661 ], [ -117.903465739120222, 52.795776464556965 ] ], [ [ -117.963089014102039, 52.7821232833262 ], [ -117.963640607610017, 52.782015707046739 ], [ -117.964059546202009, 52.781819873641581 ], [ -117.96418485728617, 52.781374314795876 ], [ -117.964372628728739, 52.781182458362544 ], [ -117.96460833445542, 52.781080876602488 ], [ -117.965255670059392, 52.781007077821592 ], [ -117.96541127924165, 52.780936270270303 ], [ -117.965474253701302, 52.780544779924931 ], [ -117.965359776848231, 52.780281113019349 ], [ -117.965167576130426, 52.780234161075114 ], [ -117.964268905440278, 52.780189253589512 ], [ -117.963886524957104, 52.779989777701537 ], [ -117.962992983250729, 52.779945097681306 ], [ -117.962549058145413, 52.779730695009121 ], [ -117.96152376465831, 52.779698995747943 ], [ -117.961127628119598, 52.779627472020344 ], [ -117.960626391460295, 52.779416798105359 ], [ -117.960488326556572, 52.779042479105506 ], [ -117.960373468458087, 52.778950392066626 ], [ -117.958897981985018, 52.77888645368737 ], [ -117.958546436620082, 52.778562361108683 ], [ -117.958259144271764, 52.778429631575932 ], [ -117.958017823808987, 52.778404240692851 ], [ -117.957693465480688, 52.778441487254241 ], [ -117.957075162293791, 52.778667140985235 ], [ -117.956954867623423, 52.778940607550688 ], [ -117.956988245713845, 52.779079884337236 ], [ -117.957108531957417, 52.779171795501732 ], [ -117.958082355203857, 52.77922974692251 ], [ -117.958407073095913, 52.779410610831079 ], [ -117.95860211213062, 52.779452853096693 ], [ -117.960065862907626, 52.779495987676903 ], [ -117.961366836934459, 52.780020341813341 ], [ -117.961449256191287, 52.780203401585268 ], [ -117.961396035385718, 52.780427974758616 ], [ -117.961239584815516, 52.780498103531585 ], [ -117.960716695433135, 52.780567494835225 ], [ -117.960582222752109, 52.780702578796081 ], [ -117.96057738320178, 52.781830970622245 ], [ -117.960684165829207, 52.782093273142543 ], [ -117.96111905141376, 52.782150915230943 ], [ -117.963089014102039, 52.7821232833262 ] ], [ [ -117.929553667611387, 52.784446255120372 ], [ -117.930003730475192, 52.784070892673867 ], [ -117.930844797062349, 52.783916800098432 ], [ -117.931202750199233, 52.783508949451033 ], [ -117.93133351130993, 52.78293616255575 ], [ -117.931611816025068, 52.782731106559332 ], [ -117.932047512905356, 52.782582133686866 ], [ -117.932091210187153, 52.782486893325519 ], [ -117.932045692497582, 52.782428440096758 ], [ -117.931702440448916, 52.78237604658942 ], [ -117.930712102978589, 52.782382938812887 ], [ -117.930379723194534, 52.782425348914046 ], [ -117.930139839850483, 52.782528654517343 ], [ -117.929909093128643, 52.782718023629947 ], [ -117.929464657254201, 52.783387020789945 ], [ -117.929276107329017, 52.783453232488569 ], [ -117.92874505138613, 52.783521453795593 ], [ -117.92862838703924, 52.78361435165106 ], [ -117.928638223143039, 52.784162264325666 ], [ -117.928743976786564, 52.784265780113081 ], [ -117.928960989090399, 52.784355558638644 ], [ -117.929151867194051, 52.784505968465062 ], [ -117.929392711548971, 52.784519133460464 ], [ -117.929553667611387, 52.784446255120372 ] ], [ [ -117.914088834890592, 52.786542388674505 ], [ -117.914337208798699, 52.786380680151268 ], [ -117.915224622985107, 52.786215071588288 ], [ -117.915313283616044, 52.786006740410656 ], [ -117.915226729300699, 52.78580627487748 ], [ -117.915015155254096, 52.785787012971383 ], [ -117.914649582378019, 52.78599173366419 ], [ -117.914153982936156, 52.786024178475017 ], [ -117.913679248408769, 52.78598595685542 ], [ -117.913293300907071, 52.785775095554499 ], [ -117.912987858205355, 52.78576038969986 ], [ -117.912727080162099, 52.78581482831774 ], [ -117.912623019737666, 52.786136870723759 ], [ -117.912706512044991, 52.78675668451249 ], [ -117.912863526869401, 52.78682710921202 ], [ -117.913184963014132, 52.786849813960167 ], [ -117.913614935330585, 52.786837363930722 ], [ -117.913886868948111, 52.786777182741133 ], [ -117.914088834890592, 52.786542388674505 ] ], [ [ -117.915743883952587, 52.78520455835914 ], [ -117.916094810425506, 52.785141888127399 ], [ -117.91618315025687, 52.78493144830427 ], [ -117.916084007197938, 52.784723884238694 ], [ -117.915439955992724, 52.784621594661367 ], [ -117.915115336077477, 52.784438473815982 ], [ -117.914482738359212, 52.784338855500785 ], [ -117.914401641561028, 52.784224565830222 ], [ -117.914342883711399, 52.783762027395554 ], [ -117.914259037121994, 52.783646201623114 ], [ -117.913915704672888, 52.783592817416157 ], [ -117.913586469614984, 52.783646978589907 ], [ -117.91355698044525, 52.783777268412557 ], [ -117.913822214567816, 52.783919419891888 ], [ -117.913847477914288, 52.784049196614149 ], [ -117.913707996411475, 52.784112661794147 ], [ -117.913142483917326, 52.784203188245819 ], [ -117.913095823347462, 52.784261673245545 ], [ -117.913140629612627, 52.784351669527439 ], [ -117.914226200254092, 52.784439733013691 ], [ -117.914730044520098, 52.784872631019319 ], [ -117.915326355800488, 52.785170174895406 ], [ -117.915743883952587, 52.78520455835914 ] ], [ [ -117.919969833949835, 52.782580897727748 ], [ -117.919276278009079, 52.782946771836315 ], [ -117.918494585113692, 52.783062765548856 ], [ -117.918415443125525, 52.783114104397804 ], [ -117.918412238055609, 52.783226370192473 ], [ -117.918532039062853, 52.783326149972318 ], [ -117.918875237973353, 52.783451415247562 ], [ -117.919257241619391, 52.783532729312071 ], [ -117.919483926376714, 52.783530053019895 ], [ -117.919634206438346, 52.783463468425026 ], [ -117.919806073098783, 52.783078914033403 ], [ -117.920490901349595, 52.782936983534071 ], [ -117.920579914967135, 52.78277578551625 ], [ -117.920552523571914, 52.782591272434445 ], [ -117.920438460793591, 52.782504328193767 ], [ -117.920237472322896, 52.782495526650891 ], [ -117.919969833949835, 52.782580897727748 ] ], [ [ -117.955482852917456, 52.778916934267592 ], [ -117.955794699779659, 52.778727149131534 ], [ -117.956317139252278, 52.778651506450728 ], [ -117.956470742245742, 52.778555563993002 ], [ -117.956424254929416, 52.778464409675408 ], [ -117.956241359228144, 52.778422536632412 ], [ -117.955096161666546, 52.778414861079796 ], [ -117.954828821746275, 52.778362382743353 ], [ -117.95462773563392, 52.777793244803092 ], [ -117.954323022913087, 52.777455030315132 ], [ -117.954143652929545, 52.777379845371655 ], [ -117.953481634278845, 52.777321716763389 ], [ -117.953277294386595, 52.777264067928975 ], [ -117.953024984254498, 52.777104282512624 ], [ -117.952841882581794, 52.776826635537098 ], [ -117.95266477574458, 52.776682422210406 ], [ -117.952361353263456, 52.776573867755623 ], [ -117.952110825001014, 52.776605649393055 ], [ -117.952033175204562, 52.776717976446456 ], [ -117.952028425265397, 52.776918417893903 ], [ -117.952205893994744, 52.777184941989091 ], [ -117.952887070215311, 52.777581570466083 ], [ -117.95378690798411, 52.777917053372903 ], [ -117.954237889517742, 52.778310468229911 ], [ -117.954636511345868, 52.77848428607637 ], [ -117.954842017948451, 52.778719548676321 ], [ -117.955091938326092, 52.778875314893035 ], [ -117.955281156612273, 52.778925830989564 ], [ -117.955482852917456, 52.778916934267592 ] ], [ [ -117.982786527848731, 52.772767609622242 ], [ -117.983239776622597, 52.772786086379234 ], [ -117.983465987404784, 52.772702387862751 ], [ -117.983504901878703, 52.772429538737278 ], [ -117.98342134491007, 52.772316090217302 ], [ -117.983302287459111, 52.772277957542549 ], [ -117.982393386704416, 52.772233368689399 ], [ -117.982009854051142, 52.772033714105888 ], [ -117.98104872692825, 52.771974756178054 ], [ -117.980722066892525, 52.771790491056933 ], [ -117.980523241707871, 52.771746211127954 ], [ -117.979841694664913, 52.771743259501022 ], [ -117.979551281035938, 52.771825523242768 ], [ -117.979573922168555, 52.771956862416268 ], [ -117.980151070447278, 52.772257794191326 ], [ -117.981722775585311, 52.772267397830859 ], [ -117.982079658125073, 52.772319041079179 ], [ -117.982786527848731, 52.772767609622242 ] ], [ [ -117.917145842915005, 52.784892785186486 ], [ -117.917505890637656, 52.785058509637935 ], [ -117.918047658168646, 52.785167619348428 ], [ -117.918262061649671, 52.785146338363404 ], [ -117.918352296123928, 52.785092936365011 ], [ -117.918406640056858, 52.784910815319897 ], [ -117.918364826191279, 52.78470418665853 ], [ -117.918212070771489, 52.784542531486927 ], [ -117.917987329244298, 52.7844299756539 ], [ -117.917779278563955, 52.784396535329947 ], [ -117.917588155149289, 52.784426902689056 ], [ -117.917141677875264, 52.78470386610104 ], [ -117.917145842915005, 52.784892785186486 ] ], [ [ -117.976043553344454, 52.778462074425569 ], [ -117.976322012439454, 52.778490695849307 ], [ -117.976441169818017, 52.778462959339571 ], [ -117.976884294933967, 52.778185579683644 ], [ -117.976919953597175, 52.778027024842046 ], [ -117.976733410496408, 52.777847211607934 ], [ -117.976409927746843, 52.777732982133848 ], [ -117.975773856629999, 52.777663485619343 ], [ -117.975653819205831, 52.777570034406629 ], [ -117.975501003074456, 52.777228223816927 ], [ -117.975403772448772, 52.777200502536495 ], [ -117.975252676265768, 52.777228063853521 ], [ -117.975163406091866, 52.77743691156612 ], [ -117.975193159250409, 52.777867412394841 ], [ -117.97531441343331, 52.77804647552707 ], [ -117.975625846649123, 52.778260101089089 ], [ -117.976043553344454, 52.778462074425569 ] ], [ [ -117.956452984660217, 52.773063448557295 ], [ -117.954822384303341, 52.772688523739404 ], [ -117.954245752377346, 52.772452888834692 ], [ -117.954035747899184, 52.772004086841349 ], [ -117.953694742065707, 52.771948788707334 ], [ -117.953352476689972, 52.772007736392624 ], [ -117.953251086653651, 52.772224548003003 ], [ -117.953281335705498, 52.772654598314425 ], [ -117.953404786848765, 52.772828559685955 ], [ -117.953616232978391, 52.772951891862036 ], [ -117.953906185512309, 52.773018736447604 ], [ -117.954905926892124, 52.773064413119542 ], [ -117.955258002636796, 52.773385485039611 ], [ -117.955625778038495, 52.773536744366965 ], [ -117.956329346716998, 52.773561425700002 ], [ -117.95676357258894, 52.773493475810398 ], [ -117.956789791761452, 52.773297264592941 ], [ -117.956452984660217, 52.773063448557295 ] ], [ [ -117.94613497267575, 52.773800735975364 ], [ -117.945678764248441, 52.773051017998561 ], [ -117.945318830436676, 52.772672105797383 ], [ -117.94513930522983, 52.772597178729669 ], [ -117.944480989131378, 52.772501495838434 ], [ -117.944326492093566, 52.772162072939381 ], [ -117.944210044125583, 52.772070896919921 ], [ -117.94317876206992, 52.772002785508938 ], [ -117.94267530317066, 52.771715402238613 ], [ -117.942467699822558, 52.771299547144643 ], [ -117.941587158342898, 52.771151549499905 ], [ -117.941065009166408, 52.77074061277969 ], [ -117.940324307869801, 52.770707100126977 ], [ -117.94008887127913, 52.770732389649261 ], [ -117.939943429833974, 52.770803540291517 ], [ -117.939949615599488, 52.77096849743517 ], [ -117.940228550115222, 52.771163311451119 ], [ -117.940437764372547, 52.771221989693231 ], [ -117.941268328279364, 52.77131042556401 ], [ -117.941540951686534, 52.77145492004626 ], [ -117.941795063109296, 52.771716216060504 ], [ -117.94247423812628, 52.771840741015431 ], [ -117.942693651008767, 52.772247651257956 ], [ -117.943450391549561, 52.772349537519318 ], [ -117.943810799561817, 52.772509088834951 ], [ -117.94429439759999, 52.77302309333016 ], [ -117.94446391517701, 52.77355539330734 ], [ -117.94461728215569, 52.773623143216469 ], [ -117.945179626153902, 52.773708464759579 ], [ -117.945401641370097, 52.774114253788561 ], [ -117.94615712080882, 52.774216569384826 ], [ -117.946405018693596, 52.774313082247303 ], [ -117.946661416917152, 52.774489312555204 ], [ -117.94712290218412, 52.774969801493064 ], [ -117.947516049482473, 52.77518992491504 ], [ -117.947998953360852, 52.775244496787408 ], [ -117.948350071758057, 52.775182602034725 ], [ -117.948441334844844, 52.774916437619126 ], [ -117.948299630567448, 52.77463832344236 ], [ -117.947887719400796, 52.774426055201182 ], [ -117.94680633659938, 52.774195293232964 ], [ -117.946358631412636, 52.774001126704228 ], [ -117.94613497267575, 52.773800735975364 ] ], [ [ -117.897594808856581, 52.7842625426659 ], [ -117.897126511196817, 52.784313014469689 ], [ -117.89663991640883, 52.78465800891572 ], [ -117.896691424668674, 52.78475358705122 ], [ -117.896936339102211, 52.784803269888144 ], [ -117.897512433742747, 52.784803890520131 ], [ -117.897845371776768, 52.784738130757169 ], [ -117.897933678141186, 52.784574175036177 ], [ -117.897902677417335, 52.784385966230232 ], [ -117.897787489454515, 52.784293388584416 ], [ -117.897594808856581, 52.7842625426659 ] ], [ [ -117.938635458173096, 52.774767265175882 ], [ -117.938345071074806, 52.774802133414511 ], [ -117.93822770200947, 52.774898084255504 ], [ -117.938186804997827, 52.775095503789188 ], [ -117.938201678028619, 52.775364801866665 ], [ -117.93829174132793, 52.775555139800673 ], [ -117.938517220353802, 52.775676922040148 ], [ -117.938960775909521, 52.775802695873502 ], [ -117.939271037224529, 52.775830412985613 ], [ -117.939467694083945, 52.775793136082484 ], [ -117.939908048569492, 52.77551955298447 ], [ -117.939923324583745, 52.775390062252427 ], [ -117.939780629051867, 52.775329486400409 ], [ -117.939210660902162, 52.775240686766878 ], [ -117.939044566985217, 52.77489447023931 ], [ -117.938925189852952, 52.774800105599994 ], [ -117.938635458173096, 52.774767265175882 ] ], [ [ -117.93946262400641, 52.771521294726611 ], [ -117.939164352163175, 52.771558661034462 ], [ -117.939048163193306, 52.771654473129473 ], [ -117.939007635679332, 52.771905489303848 ], [ -117.939034896276766, 52.772390656830119 ], [ -117.939133722657871, 52.77255091762197 ], [ -117.939829119099315, 52.772667625816815 ], [ -117.940545721647126, 52.773110346312905 ], [ -117.94092244403339, 52.773135154861549 ], [ -117.94118748853262, 52.773077577750733 ], [ -117.941277578421065, 52.772866868117156 ], [ -117.94117823432677, 52.772659121839354 ], [ -117.940982717574897, 52.772611144260409 ], [ -117.940211671749196, 52.772588458301762 ], [ -117.940029336123999, 52.772548391695338 ], [ -117.939994102459934, 52.772424400145184 ], [ -117.940268415213865, 52.772276002447725 ], [ -117.940344531689078, 52.77215499538611 ], [ -117.94035443257647, 52.771954047447814 ], [ -117.940263830736242, 52.771765912316908 ], [ -117.940068578116865, 52.771629402615112 ], [ -117.939800584520043, 52.771541095160259 ], [ -117.93946262400641, 52.771521294726611 ] ], [ [ -117.96432942586901, 52.765667091332936 ], [ -117.964593015116677, 52.765610702163052 ], [ -117.964672354456425, 52.765495031214321 ], [ -117.964672124000728, 52.765299008196664 ], [ -117.964499243373879, 52.765097474077713 ], [ -117.962865163875691, 52.764455214605725 ], [ -117.962408573759973, 52.764353144893569 ], [ -117.962066403294628, 52.764390569750226 ], [ -117.961979164047193, 52.764552011438518 ], [ -117.962016413755222, 52.764806158641726 ], [ -117.962331261497084, 52.765065221212055 ], [ -117.963580923939048, 52.765391513802086 ], [ -117.963955542969998, 52.765639880424388 ], [ -117.96432942586901, 52.765667091332936 ] ], [ [ -117.955617392751805, 52.771415506272426 ], [ -117.955807074105508, 52.771463114488753 ], [ -117.955963858320857, 52.771807940611637 ], [ -117.956081375123063, 52.771902306683067 ], [ -117.956816102170322, 52.771938981579432 ], [ -117.957053529481968, 52.771913927675094 ], [ -117.957209657805805, 52.771840767444743 ], [ -117.957263275420829, 52.77160826809768 ], [ -117.9571629384224, 52.771367751652647 ], [ -117.956854463351576, 52.771161063979115 ], [ -117.956355287785271, 52.770982956742856 ], [ -117.955801823756005, 52.770867014038096 ], [ -117.955270679239575, 52.770865285789256 ], [ -117.954957939752589, 52.77092465297568 ], [ -117.954655754725223, 52.7711140460449 ], [ -117.954610115305897, 52.771278772859688 ], [ -117.954714988, 52.771367135876318 ], [ -117.955617392751805, 52.771415506272426 ] ], [ [ -117.957691105749646, 52.77169871000941 ], [ -117.957839969261258, 52.771881042106436 ], [ -117.958431236197555, 52.771963877318193 ], [ -117.958824416034204, 52.772168902361344 ], [ -117.959208569658912, 52.772175546211045 ], [ -117.959433509414922, 52.772092749572124 ], [ -117.959491965599369, 52.771641666942024 ], [ -117.959451002634196, 52.771497924567115 ], [ -117.959330534836823, 52.771403743061029 ], [ -117.958305460517863, 52.771368910825025 ], [ -117.957774274299254, 52.771442109566777 ], [ -117.957691105749646, 52.77169871000941 ] ], [ [ -117.964523644420538, 52.762696626692609 ], [ -117.964265178216635, 52.762750627050174 ], [ -117.964233012185105, 52.76287881561224 ], [ -117.964538436572468, 52.763061139865627 ], [ -117.964662523342568, 52.763378796517486 ], [ -117.964783820374208, 52.76347241411279 ], [ -117.96543639290968, 52.76351099268296 ], [ -117.965879144994062, 52.763440909745384 ], [ -117.965969143861145, 52.763275991380503 ], [ -117.965932361698876, 52.763021193928765 ], [ -117.965613382651995, 52.762769927125902 ], [ -117.965403529349771, 52.762709839141976 ], [ -117.965053684504426, 52.762684992150717 ], [ -117.964523644420538, 52.762696626692609 ] ], [ [ -117.973320229205186, 52.758309133479109 ], [ -117.973059722812479, 52.758363866417199 ], [ -117.972962439251972, 52.758578357361316 ], [ -117.972986071529547, 52.75923249995067 ], [ -117.973080949668798, 52.759421834441099 ], [ -117.973331373257636, 52.759583001496559 ], [ -117.973617293056705, 52.759645685533712 ], [ -117.974025688243287, 52.759608995789868 ], [ -117.974696229901824, 52.759397623234491 ], [ -117.975084075569356, 52.759165590089431 ], [ -117.975171325025016, 52.759040585477415 ], [ -117.975167504270829, 52.758896091343921 ], [ -117.975072998201185, 52.758775522401208 ], [ -117.974861046901523, 52.758652721233588 ], [ -117.974013868359364, 52.758527993153905 ], [ -117.973625844464465, 52.758322631512236 ], [ -117.973320229205186, 52.758309133479109 ] ], [ [ -117.942596433402301, 52.761812026293093 ], [ -117.941751768229054, 52.761808998948055 ], [ -117.941559736871667, 52.761862324843314 ], [ -117.941495971335698, 52.761934312488265 ], [ -117.941501082083704, 52.762211633594035 ], [ -117.941686891083094, 52.762321439219029 ], [ -117.942742726253115, 52.762339078467804 ], [ -117.943173781740384, 52.762275809165367 ], [ -117.943180995394655, 52.762116683103514 ], [ -117.942596433402301, 52.761812026293093 ] ], [ [ -117.93854056555567, 52.754060842309741 ], [ -117.938330498077391, 52.754049454118565 ], [ -117.938220441974281, 52.754180580307988 ], [ -117.938168985044825, 52.754694568682559 ], [ -117.938115642387388, 52.754762975498416 ], [ -117.937967671320692, 52.754792482974572 ], [ -117.937838853348694, 52.754736423138617 ], [ -117.937719282839765, 52.75435196468711 ], [ -117.937523452307872, 52.754158932198173 ], [ -117.937207680479588, 52.754042957224797 ], [ -117.936345925992782, 52.75398366963698 ], [ -117.935764710954643, 52.753817268363413 ], [ -117.935576955856277, 52.75367970834354 ], [ -117.935402119498534, 52.75327661028534 ], [ -117.935080584432626, 52.75326076256367 ], [ -117.93471933894881, 52.753466179059721 ], [ -117.934665274905782, 52.75364372320049 ], [ -117.934803321425662, 52.753793765179992 ], [ -117.936291639885582, 52.754292700044914 ], [ -117.93639134490077, 52.754414283529563 ], [ -117.936504877433165, 52.754816881090676 ], [ -117.936841431057545, 52.755041026951389 ], [ -117.937235745075853, 52.755096548552253 ], [ -117.939548554145489, 52.755100870723766 ], [ -117.940204392084027, 52.755284385151782 ], [ -117.940616726231028, 52.755578331958432 ], [ -117.940988093013317, 52.755606788059367 ], [ -117.941250360647217, 52.755550269206886 ], [ -117.94135418082935, 52.755280705106912 ], [ -117.941276236767976, 52.754887611076484 ], [ -117.94111850625228, 52.75481860105382 ], [ -117.940550514798502, 52.754767759844441 ], [ -117.94034575770749, 52.754709670764591 ], [ -117.939825835855586, 52.75430360899157 ], [ -117.93885940225563, 52.754240576741374 ], [ -117.93854056555567, 52.754060842309741 ] ], [ [ -117.946949931071416, 52.751786015239638 ], [ -117.947338540896297, 52.751749038746276 ], [ -117.947845193755015, 52.751446471918676 ], [ -117.947910325988403, 52.751136940238659 ], [ -117.947828439636879, 52.751024079506578 ], [ -117.947710657184757, 52.750985863611533 ], [ -117.946038206781139, 52.750980589400349 ], [ -117.945821299043871, 52.751016383134967 ], [ -117.945706170958005, 52.751111237447866 ], [ -117.945682940512455, 52.75130149001383 ], [ -117.945767551898882, 52.751487787522514 ], [ -117.946063261715651, 52.751634665852634 ], [ -117.946520535847412, 52.751754458777746 ], [ -117.946949931071416, 52.751786015239638 ] ], [ [ -117.891131695657833, 52.757873756749312 ], [ -117.890798950975849, 52.757939496277281 ], [ -117.89071290123249, 52.758086050137443 ], [ -117.890727720528901, 52.758259998267746 ], [ -117.890808370622977, 52.758362902930095 ], [ -117.891000202663093, 52.758411315811649 ], [ -117.891517312123057, 52.758364654955486 ], [ -117.892001515953851, 52.758031312940545 ], [ -117.89195219242778, 52.757924100388898 ], [ -117.891707435616297, 52.757874407267671 ], [ -117.891131695657833, 52.757873756749312 ] ], [ [ -117.871927181641382, 52.761930086233441 ], [ -117.873573939169887, 52.760800941427348 ], [ -117.873855016774598, 52.760720222462808 ], [ -117.874758448877941, 52.760671291868654 ], [ -117.875210507381581, 52.760561498151354 ], [ -117.875558556662355, 52.7603897043507 ], [ -117.875707531979259, 52.759895938263526 ], [ -117.87597649778624, 52.759692361934739 ], [ -117.876259981525138, 52.759621116924137 ], [ -117.877216655645654, 52.759581941360146 ], [ -117.877469599492073, 52.759490490348291 ], [ -117.877793455449265, 52.759101666601751 ], [ -117.87784607728544, 52.758731317201068 ], [ -117.877721388990068, 52.758375847725652 ], [ -117.877385062122841, 52.758049665302565 ], [ -117.877103434025813, 52.757983034735737 ], [ -117.876712306587763, 52.757999354002685 ], [ -117.876549189718673, 52.758068152603826 ], [ -117.876310266029165, 52.758286281856954 ], [ -117.875758168284335, 52.758477400400935 ], [ -117.875431840695754, 52.758525179318461 ], [ -117.874371696865609, 52.758557704121237 ], [ -117.873906817991099, 52.758656268100495 ], [ -117.872525801859823, 52.759111706362752 ], [ -117.872212815098521, 52.759311023256927 ], [ -117.872018608743346, 52.75955067855206 ], [ -117.871860005741738, 52.759619834868666 ], [ -117.869856321500706, 52.759645917507335 ], [ -117.869555336596008, 52.75960171323856 ], [ -117.869180130659188, 52.759405903688531 ], [ -117.868870443206845, 52.759390991824951 ], [ -117.868571644962572, 52.759439688384525 ], [ -117.868001242947642, 52.759957961497193 ], [ -117.867268165583368, 52.760498638335733 ], [ -117.867205533236444, 52.761399562326957 ], [ -117.867111032068593, 52.761591601799545 ], [ -117.866824161309324, 52.76176999609342 ], [ -117.866172508238293, 52.761958939598969 ], [ -117.865986000990304, 52.762092052135451 ], [ -117.865930551848606, 52.76221438378959 ], [ -117.86603743878355, 52.762343407857209 ], [ -117.866420626851394, 52.762380007222816 ], [ -117.871068438885274, 52.762347961054935 ], [ -117.871588817328728, 52.762282636165814 ], [ -117.871927181641382, 52.761930086233441 ] ], [ [ -117.873251672955988, 52.75666617343397 ], [ -117.872990593104049, 52.756724790568953 ], [ -117.872937728120093, 52.756835080141748 ], [ -117.873131843103806, 52.757061283390584 ], [ -117.873508258896209, 52.75717292327095 ], [ -117.873695666349235, 52.757142304210284 ], [ -117.874015843336707, 52.75695495389666 ], [ -117.875231341861067, 52.756908911391214 ], [ -117.875492356482226, 52.756855854348807 ], [ -117.875536560725408, 52.756762992240262 ], [ -117.875441584617718, 52.756683966483578 ], [ -117.87496928593805, 52.756646728486174 ], [ -117.873251672955988, 52.75666617343397 ] ], [ [ -117.915714657070254, 52.737745303827168 ], [ -117.915399131054855, 52.737798435380306 ], [ -117.9149720310254, 52.737942804305618 ], [ -117.914784131015907, 52.73808338154241 ], [ -117.914746293710337, 52.738326261730194 ], [ -117.914841520313786, 52.738486121570958 ], [ -117.91548137331398, 52.738588393529895 ], [ -117.915800756122195, 52.738776300582344 ], [ -117.916818003295219, 52.738811943362307 ], [ -117.917346725058593, 52.738741536928806 ], [ -117.917432883001311, 52.738481026906506 ], [ -117.917303824085252, 52.73826137957856 ], [ -117.91604351628763, 52.737766295973394 ], [ -117.915714657070254, 52.737745303827168 ] ], [ [ -117.90247738935156, 52.731930921708745 ], [ -117.902060882505936, 52.731906213006077 ], [ -117.901787150608257, 52.731991390580745 ], [ -117.901738289407348, 52.732240245862315 ], [ -117.901884653592774, 52.732408895420072 ], [ -117.902548570317066, 52.732447175320353 ], [ -117.902983107211412, 52.732383415534947 ], [ -117.902991442702927, 52.732222424475943 ], [ -117.90247738935156, 52.731930921708745 ] ], [ [ -117.850776625537819, 52.741914876338555 ], [ -117.850938083853436, 52.741516118238813 ], [ -117.85150132054514, 52.741423518948992 ], [ -117.851654834232193, 52.741353424603446 ], [ -117.851721856513763, 52.741122086077816 ], [ -117.851711248927487, 52.740635047764911 ], [ -117.85167233624648, 52.740492975605378 ], [ -117.851554956808442, 52.740400613759114 ], [ -117.851084494832435, 52.740364092924409 ], [ -117.847876345881531, 52.740405798339751 ], [ -117.84746505739588, 52.740533906203446 ], [ -117.846903894548703, 52.740915301076342 ], [ -117.846853795241614, 52.74103943284122 ], [ -117.846912709594619, 52.741149040751004 ], [ -117.847414955516541, 52.741319852839453 ], [ -117.847673409319455, 52.741536904553449 ], [ -117.847731671308011, 52.742557379872508 ], [ -117.847832837113899, 52.742768688975922 ], [ -117.848100969063097, 52.742823017501216 ], [ -117.848629131362046, 52.74282885372989 ], [ -117.849154310227902, 52.742812648040399 ], [ -117.849416633697587, 52.74275244921462 ], [ -117.849614888871145, 52.742334239678883 ], [ -117.850592751478885, 52.742051871717521 ], [ -117.850776625537819, 52.741914876338555 ] ], [ [ -117.861778634518089, 52.733815121942193 ], [ -117.861428745454759, 52.733877695999368 ], [ -117.861348082173123, 52.733994640147799 ], [ -117.861328462479506, 52.734253026859413 ], [ -117.861449330970018, 52.734569491678094 ], [ -117.862135319526374, 52.734695679591134 ], [ -117.862294004415432, 52.735038296901038 ], [ -117.86241180866854, 52.735132261029541 ], [ -117.863058505007487, 52.735172742952287 ], [ -117.863498019696749, 52.735104727582026 ], [ -117.863591194345574, 52.73494041987221 ], [ -117.863580015847262, 52.734514481984746 ], [ -117.863484280253203, 52.7343244570813 ], [ -117.863294326014298, 52.734181874477997 ], [ -117.862904812232216, 52.734010734846493 ], [ -117.862292760342939, 52.733846671653211 ], [ -117.861778634518089, 52.733815121942193 ] ], [ [ -117.870927579197399, 52.729460689155644 ], [ -117.870727533283571, 52.729472308790385 ], [ -117.870616311074627, 52.729561488394722 ], [ -117.870582453238256, 52.729704555154832 ], [ -117.870656858426813, 52.730432969486458 ], [ -117.871209681241169, 52.730760547767851 ], [ -117.871586089429414, 52.730786109749282 ], [ -117.871849721264596, 52.730730263675014 ], [ -117.871931562565877, 52.730614004440845 ], [ -117.871954675830992, 52.730354550763053 ], [ -117.871835868770489, 52.729946340159366 ], [ -117.871187173384612, 52.729535979509031 ], [ -117.870927579197399, 52.729460689155644 ] ], [ [ -117.870652402772293, 52.715466101007962 ], [ -117.87039303302042, 52.71547392463949 ], [ -117.870298212789493, 52.715845395813837 ], [ -117.870380714590439, 52.71641246450843 ], [ -117.870538658771409, 52.716483323325875 ], [ -117.87086303517205, 52.716506796719116 ], [ -117.871379554335263, 52.716487328168171 ], [ -117.871571445921987, 52.716434499129797 ], [ -117.871662376431146, 52.716168898567098 ], [ -117.871517532893535, 52.715892255532161 ], [ -117.871246620424557, 52.715737818793492 ], [ -117.870848681585045, 52.715615572690382 ], [ -117.870652402772293, 52.715466101007962 ] ], [ [ -117.869279542152356, 52.713832310256748 ], [ -117.86907755172345, 52.713844809463303 ], [ -117.868951040277395, 52.713976542843845 ], [ -117.869000075163967, 52.714248906096323 ], [ -117.869649482440209, 52.714526885014287 ], [ -117.869799917008379, 52.714686527468253 ], [ -117.869927000144557, 52.715069616311268 ], [ -117.87005852633645, 52.715126184252874 ], [ -117.870210239583926, 52.71509786513856 ], [ -117.870306483217846, 52.71472674550246 ], [ -117.870190807385896, 52.714316423856694 ], [ -117.869541138494597, 52.713906566356712 ], [ -117.869279542152356, 52.713832310256748 ] ], [ [ -117.838404890463991, 52.72145033146284 ], [ -117.838550942650926, 52.7211082351727 ], [ -117.839118552243676, 52.721010276194839 ], [ -117.839273651835981, 52.720938287308655 ], [ -117.839314151990834, 52.72066885552141 ], [ -117.83917700182829, 52.720531634093597 ], [ -117.838522925823952, 52.72049294031401 ], [ -117.83808977841035, 52.720563980740415 ], [ -117.837926618697665, 52.720952614382448 ], [ -117.837778080872383, 52.72102503036411 ], [ -117.8361221555041, 52.721062976930888 ], [ -117.835816416251703, 52.721153287720604 ], [ -117.8357673873262, 52.721328700593759 ], [ -117.835829214121162, 52.721502865332333 ], [ -117.835987800142959, 52.721572700632173 ], [ -117.836562608936546, 52.721664981689372 ], [ -117.836723042585433, 52.722008881636349 ], [ -117.83682377855969, 52.722092889722632 ], [ -117.836978135065436, 52.722091520441957 ], [ -117.837052645455472, 52.722042993338817 ], [ -117.837216360408434, 52.721657751966582 ], [ -117.837403581397979, 52.721606399026072 ], [ -117.838291036937747, 52.721543116453816 ], [ -117.838404890463991, 52.72145033146284 ] ], [ [ -117.874796341145966, 52.70999339655166 ], [ -117.873955379716691, 52.710014365960028 ], [ -117.873774046170823, 52.710127202039914 ], [ -117.873782539073275, 52.710401071846654 ], [ -117.873904059978983, 52.710492506871901 ], [ -117.874429716745965, 52.710556212996586 ], [ -117.87458718300455, 52.710623841307637 ], [ -117.874660950529631, 52.710852557735102 ], [ -117.874701424083753, 52.711989949133468 ], [ -117.874823063920786, 52.712118170026258 ], [ -117.875028089385623, 52.712098035773856 ], [ -117.87512213189116, 52.711782431795072 ], [ -117.875054159251988, 52.710112206568738 ], [ -117.874988208564105, 52.710041957253651 ], [ -117.874796341145966, 52.70999339655166 ] ], [ [ -117.865226109027375, 52.709065974554008 ], [ -117.865039529277198, 52.709009835819074 ], [ -117.864910666796902, 52.709066660185613 ], [ -117.864856181793797, 52.709245819577156 ], [ -117.864895124882921, 52.710440414762026 ], [ -117.864980749595844, 52.71055565278224 ], [ -117.865098115835721, 52.710593730353651 ], [ -117.865404661508521, 52.710607004611617 ], [ -117.865669018300011, 52.710550000419929 ], [ -117.865773312816202, 52.710280703009254 ], [ -117.865716412855647, 52.70964986046755 ], [ -117.865370980146437, 52.709418586597018 ], [ -117.865226109027375, 52.709065974554008 ] ], [ [ -117.86657217630993, 52.703717186404923 ], [ -117.866442728036446, 52.703123343971107 ], [ -117.866363460500907, 52.703075394463433 ], [ -117.866203409668572, 52.703076172007563 ], [ -117.866101844982083, 52.70316275357748 ], [ -117.866067855555741, 52.703306128395475 ], [ -117.866118648989044, 52.703999377257688 ], [ -117.866186724353923, 52.704070435058121 ], [ -117.866378118168427, 52.704117774626411 ], [ -117.866689360285406, 52.704115823097737 ], [ -117.866868017080122, 52.70407084796782 ], [ -117.866902036452316, 52.703942002894586 ], [ -117.86657217630993, 52.703717186404923 ] ], [ [ -117.871470664871651, 52.702465945062578 ], [ -117.871733191828895, 52.702410808025256 ], [ -117.871823300318894, 52.70224670901024 ], [ -117.871788318008868, 52.701930744031017 ], [ -117.871598349920845, 52.701650948935338 ], [ -117.871369180393444, 52.70145898427878 ], [ -117.871163032875401, 52.701398491646202 ], [ -117.870820921109782, 52.701377936001712 ], [ -117.870305941822807, 52.701397421998848 ], [ -117.870115842699406, 52.701450213547389 ], [ -117.870012401299121, 52.701772483352606 ], [ -117.870045851689952, 52.702029558602213 ], [ -117.870132466016614, 52.702144058269283 ], [ -117.870771958077682, 52.702247971385233 ], [ -117.871163067410706, 52.702452758533056 ], [ -117.871470664871651, 52.702465945062578 ] ], [ [ -117.86668844701903, 52.697186418269169 ], [ -117.866160980100148, 52.697133898044569 ], [ -117.866010806310754, 52.697203235726633 ], [ -117.865851004474834, 52.697591796879692 ], [ -117.865756794369219, 52.697621501464987 ], [ -117.865608515996655, 52.697596341144354 ], [ -117.865433232242992, 52.696942010785392 ], [ -117.865342640640861, 52.696888345358708 ], [ -117.864827914407414, 52.696825766279332 ], [ -117.864674065526117, 52.696758191867445 ], [ -117.864570404185272, 52.696158290882401 ], [ -117.864455351012253, 52.695982038302297 ], [ -117.863398487940728, 52.69534163621627 ], [ -117.863140789270318, 52.695266291414519 ], [ -117.862941588782448, 52.695278012125137 ], [ -117.862814171778126, 52.695411395664763 ], [ -117.862806881902344, 52.695773960298261 ], [ -117.862873499435565, 52.695957453015055 ], [ -117.863164602085831, 52.696109750065986 ], [ -117.863254290031307, 52.696273884637058 ], [ -117.863293661124914, 52.698106650366213 ], [ -117.863369390417674, 52.69838685781891 ], [ -117.863524798909651, 52.698453668088064 ], [ -117.864040173308368, 52.69851387789717 ], [ -117.864130820799701, 52.698566343244607 ], [ -117.864299153392679, 52.699099851306983 ], [ -117.864655284004556, 52.699468560754433 ], [ -117.865645338676231, 52.699629467331235 ], [ -117.865896682788474, 52.699787620912453 ], [ -117.866140974363304, 52.700082226694214 ], [ -117.866460915179971, 52.700218135372339 ], [ -117.866909267947449, 52.700322823467992 ], [ -117.8672483510707, 52.700286807554733 ], [ -117.86732618801868, 52.700173689481367 ], [ -117.867345165909697, 52.699915763596316 ], [ -117.867298645005704, 52.697689255794664 ], [ -117.867201070817487, 52.697396726833418 ], [ -117.86668844701903, 52.697186418269169 ] ], [ [ -117.86622708923808, 52.692344677264927 ], [ -117.865898765812034, 52.692126885459622 ], [ -117.865814939788777, 52.691557575932428 ], [ -117.8656944751786, 52.691382603451089 ], [ -117.865275574060774, 52.691197094822073 ], [ -117.864854583022478, 52.69118257727429 ], [ -117.864584843046202, 52.691241951551184 ], [ -117.864497845507302, 52.691404210500579 ], [ -117.864557455829797, 52.691626971023659 ], [ -117.864716293860212, 52.691696318610077 ], [ -117.865240157448739, 52.691760806063328 ], [ -117.865359628964953, 52.691852221649469 ], [ -117.865425044702292, 52.692586549452557 ], [ -117.865510368920638, 52.692743687651024 ], [ -117.865771475001054, 52.692747140645523 ], [ -117.86595609693795, 52.692592330681777 ], [ -117.866204599897856, 52.692477698866639 ], [ -117.86622708923808, 52.692344677264927 ] ], [ [ -117.865252083766805, 52.6890785064478 ], [ -117.865061930748809, 52.689030791897849 ], [ -117.864542089066518, 52.689018696603995 ], [ -117.863917219523302, 52.689035780931313 ], [ -117.863658508904692, 52.68908866915293 ], [ -117.863615117943382, 52.689147906342875 ], [ -117.86366237367541, 52.689242560522047 ], [ -117.864103678635473, 52.6893849840027 ], [ -117.864390496509799, 52.689586045184761 ], [ -117.86455358914192, 52.690371982404876 ], [ -117.86489457265796, 52.690596146464941 ], [ -117.865226530735242, 52.690613632304633 ], [ -117.865338092099762, 52.690524647239826 ], [ -117.865376697193952, 52.690275790216546 ], [ -117.865355096239611, 52.68928969049712 ], [ -117.865252083766805, 52.6890785064478 ] ], [ [ -117.863502814216986, 52.689842916389331 ], [ -117.863169288517483, 52.689883338731995 ], [ -117.862875889843792, 52.69002375814626 ], [ -117.862729728868331, 52.690187371719801 ], [ -117.862704140708587, 52.690444415675337 ], [ -117.862801765777959, 52.690608847070891 ], [ -117.863149027263844, 52.690663359829323 ], [ -117.863492630728075, 52.690603155063066 ], [ -117.863672424435165, 52.69020953856019 ], [ -117.863969508961006, 52.690020540817144 ], [ -117.863962295022745, 52.689919349884036 ], [ -117.863820071804298, 52.689857923963544 ], [ -117.863502814216986, 52.689842916389331 ] ], [ [ -117.870050869740155, 52.684673099647682 ], [ -117.869789871486873, 52.684728120318916 ], [ -117.869698235598136, 52.684892631723869 ], [ -117.869685051844769, 52.685215930729981 ], [ -117.86970806457191, 52.685538193997758 ], [ -117.869804954262904, 52.685700786488894 ], [ -117.870074579762175, 52.685755844912343 ], [ -117.870604719079253, 52.685762403290305 ], [ -117.871135181449404, 52.685747261611276 ], [ -117.871403976507807, 52.685687386832328 ], [ -117.871506540025251, 52.685366370618787 ], [ -117.871472876839803, 52.685109605705584 ], [ -117.871386249785203, 52.684995181762993 ], [ -117.87074713780315, 52.684891322463542 ], [ -117.870357147024279, 52.684686421892202 ], [ -117.870050869740155, 52.684673099647682 ] ], [ [ -117.852149114218477, 52.687462205951036 ], [ -117.852050973450019, 52.687353642253548 ], [ -117.852384696221222, 52.687102252963186 ], [ -117.852425911562406, 52.686310428853226 ], [ -117.852550520705663, 52.686082319764679 ], [ -117.852961038865189, 52.685890715062548 ], [ -117.853377702271302, 52.685868755026043 ], [ -117.853645160646209, 52.685923046465852 ], [ -117.853739363080365, 52.686087667754514 ], [ -117.853798219584704, 52.68683027982491 ], [ -117.853912483913049, 52.68691817850025 ], [ -117.854183890870928, 52.686913795234261 ], [ -117.854414410326058, 52.686813369953768 ], [ -117.854583316654328, 52.686665285802597 ], [ -117.854627826426622, 52.68631427691723 ], [ -117.854552493027484, 52.686194983891639 ], [ -117.853840990834328, 52.685808679796928 ], [ -117.853628668132572, 52.685389419563052 ], [ -117.853369238192286, 52.68533902101737 ], [ -117.853066447027146, 52.685358895935487 ], [ -117.852694152290169, 52.685570072743495 ], [ -117.852422444198567, 52.68556959575367 ], [ -117.852062187541435, 52.685369133690799 ], [ -117.851839377070831, 52.684859515693304 ], [ -117.851502086483819, 52.684804932556375 ], [ -117.851166831161223, 52.684865318624162 ], [ -117.850957334501061, 52.685283822073622 ], [ -117.850397140880133, 52.685380194194074 ], [ -117.850246158034466, 52.685451229674257 ], [ -117.850140474148859, 52.68603791327444 ], [ -117.849809596099874, 52.686298569512388 ], [ -117.84985918744961, 52.686392095592211 ], [ -117.849968360346637, 52.686424988612927 ], [ -117.850482186193659, 52.686399315620974 ], [ -117.850599970213196, 52.686301586189103 ], [ -117.850710132742066, 52.685982336957728 ], [ -117.850787764714426, 52.685932731682264 ], [ -117.850947388452767, 52.685930248853502 ], [ -117.851052509554307, 52.686014918906238 ], [ -117.851092605979872, 52.686157475497147 ], [ -117.851042876849533, 52.686608586615911 ], [ -117.85081635740454, 52.686691407616657 ], [ -117.849680077131225, 52.686713125051774 ], [ -117.849416050104708, 52.686769277347757 ], [ -117.849340353055979, 52.686883763919106 ], [ -117.849308161306269, 52.687349686455939 ], [ -117.849239598322399, 52.687486283288045 ], [ -117.848632357318309, 52.68776742687124 ], [ -117.848477493986536, 52.687921427089812 ], [ -117.848447018760268, 52.688338514408429 ], [ -117.848552013640173, 52.688550329721338 ], [ -117.848741661400595, 52.688597958752375 ], [ -117.84916484120852, 52.688609243517284 ], [ -117.852384958246816, 52.688585058986661 ], [ -117.852817454070987, 52.688520240600347 ], [ -117.852916063671799, 52.688254385031023 ], [ -117.85285274635558, 52.68762646097526 ], [ -117.852665423704849, 52.687519945973982 ], [ -117.852149114218477, 52.687462205951036 ] ], [ [ -117.867264730136824, 52.681728194422448 ], [ -117.86770992477426, 52.681699334443124 ], [ -117.867826552603674, 52.681603380890209 ], [ -117.867867254014243, 52.68140581572888 ], [ -117.867853319504079, 52.680915711605486 ], [ -117.867784624532362, 52.680735313681303 ], [ -117.867628958083529, 52.680665227321207 ], [ -117.86710452518156, 52.680599687320083 ], [ -117.866795984417237, 52.680420583925226 ], [ -117.866586255211715, 52.680443692362161 ], [ -117.86651211461411, 52.680597307494331 ], [ -117.866541500457799, 52.680782998538334 ], [ -117.866912162490777, 52.68105573209791 ], [ -117.867038311884414, 52.681647649620174 ], [ -117.867264730136824, 52.681728194422448 ] ], [ [ -117.857215225345172, 52.682591778649446 ], [ -117.857934576910807, 52.682370280820798 ], [ -117.858051232743165, 52.682189561801579 ], [ -117.857735208817388, 52.681976369519766 ], [ -117.857733819105079, 52.681876268880458 ], [ -117.857809000354166, 52.681828749747417 ], [ -117.858320996079087, 52.681817045964358 ], [ -117.858757172723443, 52.682023956568862 ], [ -117.858946595380957, 52.681965611867852 ], [ -117.858978408059116, 52.68169845566814 ], [ -117.858840670367002, 52.681562131829452 ], [ -117.857752465880893, 52.681471906426708 ], [ -117.857719096023828, 52.681347587444506 ], [ -117.85801631912193, 52.681168231047621 ], [ -117.858013561428379, 52.681000425863857 ], [ -117.857706162590446, 52.680749377044471 ], [ -117.857232013422973, 52.680510094129659 ], [ -117.856654991103738, 52.680450791541574 ], [ -117.855482584517674, 52.680460068009481 ], [ -117.855102148472668, 52.680502668867611 ], [ -117.855002016535892, 52.680633044969213 ], [ -117.855102847470192, 52.680789294515861 ], [ -117.85537327147334, 52.680937744579936 ], [ -117.855763166019671, 52.68106054956354 ], [ -117.855858114548042, 52.681224747764418 ], [ -117.855950988562768, 52.681989354843111 ], [ -117.856107205637286, 52.682057867287469 ], [ -117.856557538606324, 52.682104121251022 ], [ -117.856695800666941, 52.682163710144437 ], [ -117.856672399240395, 52.68229210758458 ], [ -117.856408795219807, 52.682436069736589 ], [ -117.856410354960104, 52.682537020555749 ], [ -117.856487323918458, 52.682584726841853 ], [ -117.856778579020997, 52.682616118339865 ], [ -117.857215225345172, 52.682591778649446 ] ], [ [ -117.844565288686539, 52.68379436397931 ], [ -117.844282509930906, 52.683857557647535 ], [ -117.844001756471584, 52.684064180844665 ], [ -117.843941720397936, 52.684596876259803 ], [ -117.843984270180798, 52.684741104957574 ], [ -117.844105237722644, 52.684835332183113 ], [ -117.844475633121149, 52.684863486835155 ], [ -117.844738793568681, 52.684805829747383 ], [ -117.844916575009904, 52.684414465302424 ], [ -117.845191326056238, 52.684253194527578 ], [ -117.845236776461761, 52.684137793475095 ], [ -117.845177846354289, 52.68401346053993 ], [ -117.844989663345373, 52.683881579561792 ], [ -117.844804263735398, 52.683813407717146 ], [ -117.844565288686539, 52.68379436397931 ] ], [ [ -117.842060885040766, 52.683740191269337 ], [ -117.842264871750061, 52.683320616338158 ], [ -117.842703538906321, 52.68316263982436 ], [ -117.84294425107224, 52.682999374016504 ], [ -117.842994541281399, 52.682835952039291 ], [ -117.842893182547868, 52.68274692542947 ], [ -117.842328749667416, 52.682706674371801 ], [ -117.841469350122793, 52.682742451401296 ], [ -117.841318876123296, 52.682815050452852 ], [ -117.841149217273298, 52.683198160399776 ], [ -117.840517988048987, 52.683313090277878 ], [ -117.840400953528132, 52.68340674327218 ], [ -117.840402381896212, 52.683680204000311 ], [ -117.840585889517882, 52.683789166188753 ], [ -117.841629362952304, 52.683808894553565 ], [ -117.842060885040766, 52.683740191269337 ] ], [ [ -117.845971399941646, 52.682689438755759 ], [ -117.846278902901858, 52.682685706173196 ], [ -117.846468973687379, 52.682635000036306 ], [ -117.846756813990297, 52.68232548634154 ], [ -117.847114613448809, 52.682169418011476 ], [ -117.848797103826911, 52.682131124406851 ], [ -117.849095290362698, 52.682089788730309 ], [ -117.849223697300488, 52.681950531029365 ], [ -117.849179096410737, 52.681683817858584 ], [ -117.849098638687181, 52.681637323999304 ], [ -117.848931943175771, 52.681637011060175 ], [ -117.848637286079466, 52.681818854945242 ], [ -117.848364134218073, 52.681817735600482 ], [ -117.848038130044358, 52.68165656794357 ], [ -117.847784421257046, 52.681386607637137 ], [ -117.8474423338794, 52.681333681598289 ], [ -117.847154238268857, 52.681366151372011 ], [ -117.846779201781288, 52.681576393806417 ], [ -117.845814269370393, 52.681648510132653 ], [ -117.845698993194702, 52.681741881305634 ], [ -117.84566449642935, 52.681884257627019 ], [ -117.845718186738296, 52.682571342222012 ], [ -117.845784229332153, 52.682642287883851 ], [ -117.845971399941646, 52.682689438755759 ] ], [ [ -117.884100742059772, 52.671679655369985 ], [ -117.884120747079095, 52.673022542861503 ], [ -117.884176746069201, 52.673153522015653 ], [ -117.88445432810154, 52.67329683297632 ], [ -117.884494908873705, 52.673392030623951 ], [ -117.884159500189327, 52.67364274925211 ], [ -117.884115179535371, 52.674218932567527 ], [ -117.884163793031234, 52.674467728618858 ], [ -117.884283423549547, 52.67456145719683 ], [ -117.884671819066995, 52.674600458841056 ], [ -117.885259485289438, 52.674569065584137 ], [ -117.885377089002802, 52.674527950475415 ], [ -117.885459022993203, 52.674410617812732 ], [ -117.885423136284828, 52.673904764934157 ], [ -117.885298616619579, 52.673811953339431 ], [ -117.884662775479597, 52.67371636821666 ], [ -117.884615757347063, 52.673659937599197 ], [ -117.884659382705905, 52.673570866088824 ], [ -117.885287340986693, 52.673468152735978 ], [ -117.88542298339334, 52.67333203205358 ], [ -117.88543026292146, 52.670935138446481 ], [ -117.885545908807131, 52.670843872420484 ], [ -117.886125595751977, 52.670761411377171 ], [ -117.886258430328809, 52.670627052041162 ], [ -117.886179523874205, 52.665944055642555 ], [ -117.886278132642417, 52.6657355553982 ], [ -117.886913444963568, 52.665628232521179 ], [ -117.887031907437702, 52.665534987198242 ], [ -117.887044467095507, 52.665030534542161 ], [ -117.886957665819423, 52.664914574700887 ], [ -117.886764554592887, 52.664864492684742 ], [ -117.886163881388299, 52.664855881302017 ], [ -117.885812423127732, 52.664920744238934 ], [ -117.885717850948481, 52.665135129688672 ], [ -117.885703968295829, 52.66608847014021 ], [ -117.885588851455708, 52.666180062032545 ], [ -117.885009681152226, 52.6662628054236 ], [ -117.884865992932575, 52.666444004282006 ], [ -117.88492108074982, 52.669189711531061 ], [ -117.885020174816106, 52.669403524853443 ], [ -117.885309666217395, 52.669553748098828 ], [ -117.885361079480532, 52.669774072312343 ], [ -117.885284278794444, 52.669935703364892 ], [ -117.884978819103907, 52.670131393175481 ], [ -117.884890787497625, 52.670986614903931 ], [ -117.884416326928175, 52.671231493656435 ], [ -117.884100742059772, 52.671679655369985 ] ], [ [ -117.846510186241034, 52.680524344718229 ], [ -117.846288632108227, 52.680550634915463 ], [ -117.846143068036, 52.680619746107411 ], [ -117.84609463776475, 52.680868149198062 ], [ -117.846240905472897, 52.681036690532672 ], [ -117.846903002581968, 52.681075905052857 ], [ -117.847349081332766, 52.68100490442523 ], [ -117.847435883292121, 52.680744341566118 ], [ -117.847290414595776, 52.680559712973249 ], [ -117.846510186241034, 52.680524344718229 ] ], [ [ -117.8492644593763, 52.678942927082453 ], [ -117.849237132189288, 52.679070034798507 ], [ -117.84957909366355, 52.679289087210051 ], [ -117.849590542576635, 52.679563184002397 ], [ -117.849532753127519, 52.679636700719335 ], [ -117.849235416130512, 52.679753933121866 ], [ -117.849040989736324, 52.679894248924747 ], [ -117.84882681893292, 52.680161816394097 ], [ -117.848779509607766, 52.680348955241065 ], [ -117.848848738625961, 52.680462295953248 ], [ -117.848962747326581, 52.680499912023528 ], [ -117.84926666617109, 52.680512114807087 ], [ -117.849527607693886, 52.680453410327765 ], [ -117.84967199184139, 52.680102050546374 ], [ -117.849784563021089, 52.680007088472401 ], [ -117.850078900802345, 52.679967209954896 ], [ -117.851051107791903, 52.679955002681254 ], [ -117.851319646879659, 52.679898482979667 ], [ -117.851411897279647, 52.679735739270072 ], [ -117.851406527899471, 52.679366044954683 ], [ -117.851317794179053, 52.679177096674387 ], [ -117.851160090182006, 52.679082795814196 ], [ -117.850404652659691, 52.678892257823271 ], [ -117.84960135312545, 52.678885148743881 ], [ -117.8492644593763, 52.678942927082453 ] ], [ [ -117.845083258210522, 52.679248775622909 ], [ -117.844925552772622, 52.679228509764968 ], [ -117.844798621244735, 52.67928755907468 ], [ -117.844645687959158, 52.679665479424123 ], [ -117.844437807597416, 52.679687594511208 ], [ -117.844198886954629, 52.679530223130286 ], [ -117.844034176819193, 52.679507659605662 ], [ -117.843900616371045, 52.679564445023942 ], [ -117.843855691404627, 52.679785289812202 ], [ -117.843908140232415, 52.67991459329658 ], [ -117.844064032189394, 52.67998616941366 ], [ -117.84518811661394, 52.680000995783629 ], [ -117.845546397124693, 52.679941588055023 ], [ -117.845803985423998, 52.679767746095251 ], [ -117.846430523339748, 52.679659649963114 ], [ -117.846474185189479, 52.679567764449899 ], [ -117.846378977404626, 52.679490264483242 ], [ -117.845403387919163, 52.679427752891947 ], [ -117.845083258210522, 52.679248775622909 ] ], [ [ -117.869418575965511, 52.671735305806003 ], [ -117.869088024623352, 52.670912402114794 ], [ -117.868674999532359, 52.670295173979845 ], [ -117.868232625587524, 52.669959079687601 ], [ -117.867794516413767, 52.669855374179271 ], [ -117.86694145854679, 52.669879329453693 ], [ -117.866788966315994, 52.669951670008729 ], [ -117.866746179497227, 52.670174508576636 ], [ -117.866833711050674, 52.670338172099427 ], [ -117.867150722555991, 52.670532068672109 ], [ -117.867249080745381, 52.671347655780444 ], [ -117.867363490503109, 52.67144419028692 ], [ -117.867919019277537, 52.671651636675257 ], [ -117.868103935113993, 52.671906520807759 ], [ -117.868102641675378, 52.672647416659053 ], [ -117.86802761885501, 52.672766730725208 ], [ -117.867740146471078, 52.672925027274559 ], [ -117.867720747390294, 52.673240424570331 ], [ -117.867785037241262, 52.673310166902802 ], [ -117.867972638381431, 52.673357340881559 ], [ -117.868478932804507, 52.673311129823887 ], [ -117.868678138582169, 52.673153699154767 ], [ -117.869230690289982, 52.672943418779759 ], [ -117.869438746929333, 52.672702263470264 ], [ -117.869418575965511, 52.671735305806003 ] ], [ [ -117.88187340420275, 52.668397897511291 ], [ -117.881452833748071, 52.668455750701021 ], [ -117.881355640836361, 52.668671478149989 ], [ -117.881349777635933, 52.669581555867268 ], [ -117.881277781055488, 52.669699967694065 ], [ -117.880993537796968, 52.669856429250807 ], [ -117.880930533421321, 52.67009235833693 ], [ -117.881006830831396, 52.670486760918905 ], [ -117.881312850864646, 52.670572073113888 ], [ -117.881617714291977, 52.670553911469348 ], [ -117.881769788999307, 52.670481088503756 ], [ -117.881870040645182, 52.669890187714479 ], [ -117.882202664858724, 52.669659229047213 ], [ -117.882262224379261, 52.66942597933464 ], [ -117.882252406213496, 52.668717343067478 ], [ -117.882178174766423, 52.668482474861101 ], [ -117.88187340420275, 52.668397897511291 ] ], [ [ -117.867807432250999, 52.669590299522149 ], [ -117.86830005585081, 52.66957164989082 ], [ -117.868451632766977, 52.669499864413595 ], [ -117.868502274468767, 52.669368342451364 ], [ -117.868520522216158, 52.668364894821984 ], [ -117.868631708178469, 52.668266925648688 ], [ -117.86907804796158, 52.668114635724329 ], [ -117.8693004575847, 52.667941429831551 ], [ -117.869366802400492, 52.667689517057319 ], [ -117.869301255148883, 52.66737726132348 ], [ -117.868930125307301, 52.666928751632973 ], [ -117.868551644839087, 52.666698018438581 ], [ -117.867713577815195, 52.666574598358999 ], [ -117.867329577159481, 52.666368839416428 ], [ -117.867025332988874, 52.666354917306258 ], [ -117.866766252988967, 52.66640905866624 ], [ -117.866667350025693, 52.666727851670274 ], [ -117.866750512511857, 52.669211240078738 ], [ -117.866904862259517, 52.669364001689544 ], [ -117.867396053811404, 52.669528509004699 ], [ -117.867807432250999, 52.669590299522149 ] ], [ [ -117.862506407902231, 52.668560083326227 ], [ -117.861995431460258, 52.668580762296152 ], [ -117.861652364476669, 52.668912451070497 ], [ -117.861368149841994, 52.669049638061978 ], [ -117.860342896769254, 52.669113481454204 ], [ -117.860157486529175, 52.669161900766909 ], [ -117.860102762873723, 52.669230871244423 ], [ -117.860148532605194, 52.669458484755367 ], [ -117.860406228231568, 52.669778376416922 ], [ -117.860700242444338, 52.670012536587819 ], [ -117.860993816450602, 52.670136847305358 ], [ -117.861265372282659, 52.670137737950363 ], [ -117.861510220748656, 52.669967394507076 ], [ -117.861703716703303, 52.669919579198506 ], [ -117.863201142914548, 52.669891616665467 ], [ -117.863552322255075, 52.669828093822211 ], [ -117.863636900598081, 52.669668324859394 ], [ -117.863575858433038, 52.669447350790442 ], [ -117.863416962369499, 52.669378353500811 ], [ -117.862895061366459, 52.669313027527195 ], [ -117.862803974055083, 52.669259186682133 ], [ -117.862683769064148, 52.668669841994223 ], [ -117.862506407902231, 52.668560083326227 ] ], [ [ -117.891614965871142, 52.671563587479504 ], [ -117.891609992751611, 52.672471608095833 ], [ -117.891537076793796, 52.672589746318486 ], [ -117.891290403162969, 52.672709770582031 ], [ -117.891233722208455, 52.672871511397837 ], [ -117.891313243486678, 52.673054254658908 ], [ -117.891579356125362, 52.673368647077737 ], [ -117.89182998248836, 52.67355896265655 ], [ -117.892071277641122, 52.673672148138444 ], [ -117.892300011979756, 52.673718370426762 ], [ -117.892712094487521, 52.673717833989606 ], [ -117.892899126176431, 52.673667349431213 ], [ -117.892996650487049, 52.673400677575749 ], [ -117.892963017011596, 52.671657858856364 ], [ -117.892916456138025, 52.671410798512227 ], [ -117.892797730497492, 52.671317612087179 ], [ -117.892060982547335, 52.671284218721595 ], [ -117.891825852888218, 52.671308973985333 ], [ -117.891672477192074, 52.671381540154272 ], [ -117.891614965871142, 52.671563587479504 ] ], [ [ -117.884373048674604, 52.674872032327812 ], [ -117.883613929408867, 52.674861686629789 ], [ -117.883325109364563, 52.674943041789696 ], [ -117.88335122872526, 52.675072155550488 ], [ -117.883660515810462, 52.675260685577292 ], [ -117.883722642349326, 52.675670417404199 ], [ -117.883690314319537, 52.676350607309821 ], [ -117.883384178392902, 52.676544695739516 ], [ -117.883283543162463, 52.676919561899183 ], [ -117.883363242267237, 52.677479877194145 ], [ -117.883520560473301, 52.677550398799802 ], [ -117.883757228203748, 52.67757179092159 ], [ -117.884493044632237, 52.677527534872773 ], [ -117.884608010616518, 52.677432611033154 ], [ -117.884643761802195, 52.677238149214801 ], [ -117.884604749501477, 52.675226879450783 ], [ -117.884557647902369, 52.674980193711427 ], [ -117.884373048674604, 52.674872032327812 ] ], [ [ -117.874352108370488, 52.678764749163477 ], [ -117.874194255954336, 52.678738368151876 ], [ -117.874097271089397, 52.678766141158 ], [ -117.874027254216358, 52.678876350054296 ], [ -117.874024037925977, 52.679133607055022 ], [ -117.874243339040589, 52.679518716701153 ], [ -117.87453147576251, 52.679732282891109 ], [ -117.875262285855399, 52.679849730257338 ], [ -117.875418887871248, 52.68019405342099 ], [ -117.875534707193196, 52.680287824520938 ], [ -117.87581912497086, 52.680319846805695 ], [ -117.876107934089902, 52.68028529892689 ], [ -117.876511329903693, 52.67992336822001 ], [ -117.877083207553824, 52.679676825884698 ], [ -117.877060390549389, 52.679525927364473 ], [ -117.876707420638439, 52.679365464005421 ], [ -117.87615765372675, 52.679251054948793 ], [ -117.874934839487224, 52.67919927272046 ], [ -117.874597996466079, 52.6790294638323 ], [ -117.874352108370488, 52.678764749163477 ] ], [ [ -117.87030911158601, 52.680912441281755 ], [ -117.869957680470293, 52.680897679247217 ], [ -117.869718710633322, 52.680953449994767 ], [ -117.86962390222709, 52.681121497217681 ], [ -117.869631089393977, 52.681493660943552 ], [ -117.869721521682635, 52.68165327510593 ], [ -117.869880004125008, 52.681682152245699 ], [ -117.870435601708365, 52.681378749207845 ], [ -117.870507160595608, 52.68109365518265 ], [ -117.870451701966402, 52.680977622025495 ], [ -117.87030911158601, 52.680912441281755 ] ], [ [ -117.873535473620805, 52.678891536253538 ], [ -117.873483038797403, 52.678779319857583 ], [ -117.873172950153176, 52.678587016759721 ], [ -117.873070557262139, 52.677760127344129 ], [ -117.873004713032287, 52.677688892256263 ], [ -117.872816344930627, 52.677640895259614 ], [ -117.87250641470429, 52.677642998785181 ], [ -117.872319750121079, 52.677693442584435 ], [ -117.872222481751834, 52.677909198694735 ], [ -117.87221031210025, 52.678823218603497 ], [ -117.872135722881296, 52.678943333340527 ], [ -117.871892553066516, 52.67906115455942 ], [ -117.871855418176921, 52.679158331718156 ], [ -117.871949376703483, 52.67923711652125 ], [ -117.872160746135393, 52.679266400678401 ], [ -117.873038528806504, 52.679238508606112 ], [ -117.873404061791021, 52.67908444720684 ], [ -117.873535473620805, 52.678891536253538 ] ], [ [ -117.86819260249402, 52.678849340641229 ], [ -117.867848840852261, 52.678622079173756 ], [ -117.86777361277953, 52.678117400785062 ], [ -117.867640069318441, 52.677979272016259 ], [ -117.867257617934385, 52.677944944250349 ], [ -117.8668279258642, 52.677984401653696 ], [ -117.866374528709514, 52.67811157837 ], [ -117.866094063099709, 52.67825984273783 ], [ -117.866050884317758, 52.678390540505653 ], [ -117.866153993804431, 52.678553893341622 ], [ -117.866423816310331, 52.678702513793908 ], [ -117.86681209916685, 52.678824494707143 ], [ -117.866894430638666, 52.678940811298155 ], [ -117.866996418691812, 52.679478853414828 ], [ -117.867335173559454, 52.679707545455749 ], [ -117.867431981659209, 52.680258888176752 ], [ -117.867534368686023, 52.680344417480384 ], [ -117.86769287201507, 52.680343675387007 ], [ -117.867817069844634, 52.680165607669856 ], [ -117.867859505596371, 52.679429182216289 ], [ -117.868198483224845, 52.679198610966843 ], [ -117.868244743416739, 52.679023714987501 ], [ -117.86819260249402, 52.678849340641229 ] ], [ [ -117.878566968454194, 52.677565069593683 ], [ -117.87922903940715, 52.677604103404896 ], [ -117.879675029336454, 52.677532982774601 ], [ -117.879761632009036, 52.677272396621419 ], [ -117.879616041633383, 52.677087807491752 ], [ -117.878835847293118, 52.677052651919951 ], [ -117.878614331325394, 52.677079004310158 ], [ -117.87846592370019, 52.677151452166882 ], [ -117.878427962689813, 52.677426211338883 ], [ -117.878566968454194, 52.677565069593683 ] ], [ [ -117.892314057326601, 52.679167105458397 ], [ -117.89206625832847, 52.679335226722635 ], [ -117.891431034863842, 52.679448771042317 ], [ -117.891328589762452, 52.679713114295026 ], [ -117.891385715765566, 52.680337773841195 ], [ -117.891497749159441, 52.680436371496349 ], [ -117.891852057325906, 52.680580064447867 ], [ -117.892099398221276, 52.680825067159411 ], [ -117.892229791336405, 52.681063793250843 ], [ -117.892310604644663, 52.681694379123513 ], [ -117.892367961201685, 52.681760796114325 ], [ -117.892518973274903, 52.681787084267746 ], [ -117.892668815747498, 52.681690827242299 ], [ -117.892716322139989, 52.681169441371338 ], [ -117.8928029180462, 52.680980117524506 ], [ -117.89304546345511, 52.680815417961284 ], [ -117.893486608248395, 52.680662847495 ], [ -117.893549525830295, 52.680589562700483 ], [ -117.893589375073745, 52.680290856381696 ], [ -117.893537646448948, 52.68004719671351 ], [ -117.893416201468341, 52.679956202508791 ], [ -117.892896574070093, 52.679893419206756 ], [ -117.892741882687446, 52.679824436933053 ], [ -117.892640033292111, 52.679281157674289 ], [ -117.892524753618801, 52.679152833892914 ], [ -117.892314057326601, 52.679167105458397 ] ], [ [ -117.900305166767637, 52.680761705105837 ], [ -117.900138973688811, 52.681145795168206 ], [ -117.899483765731915, 52.681252042797418 ], [ -117.899306626513805, 52.681329625945928 ], [ -117.899036373620774, 52.6816219646146 ], [ -117.898937918175235, 52.681868206846318 ], [ -117.898983790925044, 52.683474381800806 ], [ -117.899059607985791, 52.683590892839163 ], [ -117.899367428831496, 52.683780872696936 ], [ -117.899493045777831, 52.684446422506085 ], [ -117.899663145380188, 52.68459141298537 ], [ -117.899901221410971, 52.684689449853252 ], [ -117.900137547204693, 52.684707783655206 ], [ -117.900356889234345, 52.684668063134247 ], [ -117.900577371818557, 52.684552548478976 ], [ -117.900719387673675, 52.684391266835497 ], [ -117.90073584337641, 52.682778983368515 ], [ -117.900819075498461, 52.682613166784193 ], [ -117.901068215260139, 52.682491603193277 ], [ -117.901143140258711, 52.682328847693874 ], [ -117.901112327774896, 52.682145410407252 ], [ -117.900804381829246, 52.681959668327465 ], [ -117.900764432351508, 52.681865051308868 ], [ -117.900856251557954, 52.681787512102353 ], [ -117.901369017265694, 52.681721651370069 ], [ -117.901524947910502, 52.681650880859586 ], [ -117.901594068256401, 52.681418648490244 ], [ -117.901574016362616, 52.68087951193948 ], [ -117.9015148886036, 52.680748191670723 ], [ -117.901357769844239, 52.680677790142077 ], [ -117.900606130878444, 52.680667440454037 ], [ -117.900305166767637, 52.680761705105837 ] ], [ [ -117.918528887104429, 52.680322504501639 ], [ -117.918338340155145, 52.680735009548734 ], [ -117.918132136611149, 52.680757840821549 ], [ -117.917833819594264, 52.680579551373278 ], [ -117.917557315502279, 52.680582412337131 ], [ -117.91723349102655, 52.680746271648914 ], [ -117.917106105323583, 52.680972823475663 ], [ -117.917110854086985, 52.681183634991186 ], [ -117.917203934111285, 52.681373997460383 ], [ -117.917922983140087, 52.682020990379755 ], [ -117.918199591513726, 52.682132268371163 ], [ -117.918366270158657, 52.682101020916484 ], [ -117.918439276854471, 52.681989302827645 ], [ -117.918484422301361, 52.68120582278916 ], [ -117.918788979521139, 52.681007817484314 ], [ -117.918872834680172, 52.68083890450432 ], [ -117.91881194858216, 52.680345904403083 ], [ -117.918679967566831, 52.680291519791794 ], [ -117.918528887104429, 52.680322504501639 ] ], [ [ -117.892993028134981, 52.683172191143818 ], [ -117.892746947088256, 52.683176853343042 ], [ -117.892363743658748, 52.683265918317183 ], [ -117.892029501303, 52.683396758006985 ], [ -117.891917524174872, 52.683498420200173 ], [ -117.891963802972953, 52.68363994477609 ], [ -117.892601320420709, 52.683738626651163 ], [ -117.892699550218097, 52.683847658438523 ], [ -117.8926075594959, 52.683925627911279 ], [ -117.89196809518765, 52.684038148088774 ], [ -117.891876073852288, 52.68419932964489 ], [ -117.891930159804673, 52.68442413783999 ], [ -117.892234240708376, 52.684509280030994 ], [ -117.892665855266898, 52.684458693739927 ], [ -117.892866459183381, 52.684301140612355 ], [ -117.893423737397214, 52.684089067767559 ], [ -117.893623101974967, 52.683846716750061 ], [ -117.89359128287029, 52.683645469716836 ], [ -117.893427890771108, 52.683415766354976 ], [ -117.893197687003465, 52.683225567260116 ], [ -117.892993028134981, 52.683172191143818 ] ], [ [ -117.899968568830246, 52.688127272253205 ], [ -117.899929062496668, 52.688594292704934 ], [ -117.899860873497431, 52.688704119539587 ], [ -117.899652591739141, 52.688724357498778 ], [ -117.899305332238825, 52.688540852966803 ], [ -117.89914880951207, 52.688568797435714 ], [ -117.899093320736981, 52.688634037153207 ], [ -117.899075786218901, 52.68881631136221 ], [ -117.899173047530567, 52.688975689851127 ], [ -117.899815686181725, 52.689078864547902 ], [ -117.899911374384459, 52.689155332545532 ], [ -117.899819062121821, 52.689265570451511 ], [ -117.899297399532486, 52.689337334294109 ], [ -117.899138607925167, 52.689410672034676 ], [ -117.899093463841609, 52.689681685764526 ], [ -117.899173788962017, 52.689793261101194 ], [ -117.89928933972368, 52.689826962767839 ], [ -117.899591476274807, 52.689815257677651 ], [ -117.90004738218731, 52.689696401867117 ], [ -117.901010323938749, 52.689385225653893 ], [ -117.901241631560239, 52.68923196167048 ], [ -117.901206999663842, 52.689087774205206 ], [ -117.900958829494684, 52.688972447992718 ], [ -117.900880528763409, 52.688853857673237 ], [ -117.900767846233876, 52.688032403376852 ], [ -117.900464947969709, 52.687948150563294 ], [ -117.900047057776973, 52.688008430498144 ], [ -117.899968568830246, 52.688127272253205 ] ], [ [ -117.902643004432178, 52.688913586377367 ], [ -117.902587435756743, 52.68941983220941 ], [ -117.90228457256228, 52.689618804101876 ], [ -117.902210554868944, 52.68973887357204 ], [ -117.902187804259626, 52.690047561944681 ], [ -117.902258654823498, 52.690280327357378 ], [ -117.902415217473603, 52.690350332049107 ], [ -117.902651331122684, 52.690371306027387 ], [ -117.903457834125348, 52.690368601556308 ], [ -117.903842160581576, 52.690324990374329 ], [ -117.903956010997305, 52.690230834612343 ], [ -117.903991480373449, 52.690036747329508 ], [ -117.903971974895271, 52.689270946195208 ], [ -117.903895778547906, 52.689015175143005 ], [ -117.90366818824522, 52.688840722024835 ], [ -117.903402411112907, 52.688753645195533 ], [ -117.902985307327938, 52.688738144683619 ], [ -117.902720708890186, 52.688796553159797 ], [ -117.902643004432178, 52.688913586377367 ] ], [ [ -117.897598868022015, 52.691758848770945 ], [ -117.897058507846936, 52.691782579320638 ], [ -117.896941820250461, 52.691879063112872 ], [ -117.896906453744137, 52.69202370948522 ], [ -117.89692126424805, 52.692340358771503 ], [ -117.897010660171404, 52.692510476789685 ], [ -117.897532585616304, 52.692805170342105 ], [ -117.89790972876952, 52.692830617025557 ], [ -117.898173651986511, 52.692774502474741 ], [ -117.898264250864955, 52.692609823195511 ], [ -117.898246672072233, 52.692346214523766 ], [ -117.897952772683325, 52.691926774573759 ], [ -117.897804786585354, 52.691818882623856 ], [ -117.897598868022015, 52.691758848770945 ] ], [ [ -117.903077310468902, 52.691572966650845 ], [ -117.902776906166366, 52.69177017728358 ], [ -117.902687792366351, 52.691986341432901 ], [ -117.902708951567192, 52.692567324858736 ], [ -117.90280027978838, 52.692731976911944 ], [ -117.903117832633924, 52.692922837046169 ], [ -117.903166459464202, 52.693322704160721 ], [ -117.903069440184481, 52.693536653274144 ], [ -117.902518776265751, 52.693746037537394 ], [ -117.902307059612838, 52.693984411610458 ], [ -117.902326205832736, 52.696249910035768 ], [ -117.902359480511592, 52.696519415115468 ], [ -117.902492002071327, 52.69676036598517 ], [ -117.902739861916899, 52.697008363029589 ], [ -117.902970225071812, 52.697084072352972 ], [ -117.903137582375678, 52.697052466985298 ], [ -117.903195393081788, 52.696984506413408 ], [ -117.903266753960807, 52.696361768402795 ], [ -117.903702723808095, 52.695823401426615 ], [ -117.903841267178137, 52.695719199047389 ], [ -117.904350494618456, 52.695505336837911 ], [ -117.904475284094403, 52.69539707753588 ], [ -117.904541351793611, 52.694834626156918 ], [ -117.904617262469884, 52.694718755987225 ], [ -117.904963280824106, 52.694655186789475 ], [ -117.905556305701708, 52.694667918347996 ], [ -117.905755011031559, 52.694714839944147 ], [ -117.905960612318268, 52.694871009096559 ], [ -117.906232202445139, 52.69492130653844 ], [ -117.906533610770268, 52.694906403071819 ], [ -117.906684105013838, 52.694836204843135 ], [ -117.906745185930774, 52.694602674990172 ], [ -117.906723603661248, 52.693456183291666 ], [ -117.906645899429094, 52.693121776879011 ], [ -117.906491083124067, 52.69305431121807 ], [ -117.905926846019497, 52.692968919914271 ], [ -117.905705965992709, 52.692561165993524 ], [ -117.90544097055232, 52.692508494280503 ], [ -117.904574570928816, 52.692483728930661 ], [ -117.90415917413759, 52.692304988699753 ], [ -117.904018882366429, 52.692029179465088 ], [ -117.903994703637579, 52.691105454106903 ], [ -117.903844623884027, 52.690919532425816 ], [ -117.903475792946608, 52.690891477758882 ], [ -117.903214229032969, 52.690949091263981 ], [ -117.903135243811633, 52.691066442219878 ], [ -117.903077310468902, 52.691572966650845 ] ], [ [ -117.904896489326262, 52.698975518882655 ], [ -117.905348486637351, 52.698945156301988 ], [ -117.90548091423949, 52.698804841525529 ], [ -117.905438719367041, 52.698526403134572 ], [ -117.904943467883584, 52.698218283160315 ], [ -117.904678758980111, 52.698227380294291 ], [ -117.904584728416665, 52.698492677131455 ], [ -117.904664354724346, 52.698894613212701 ], [ -117.904896489326262, 52.698975518882655 ] ], [ [ -117.91142678602273, 52.704991452062998 ], [ -117.911402303889119, 52.70572190730627 ], [ -117.911313999108216, 52.705883109835412 ], [ -117.911124971197196, 52.705931701882186 ], [ -117.910286642154276, 52.705976338711984 ], [ -117.910169175033147, 52.706015888129961 ], [ -117.910090856390269, 52.706129959974255 ], [ -117.910111181243778, 52.706358496534186 ], [ -117.910217056235268, 52.706440734181186 ], [ -117.910436041387328, 52.706423049346 ], [ -117.910727487645289, 52.706249895741273 ], [ -117.910883905118894, 52.706274147894682 ], [ -117.910942622033289, 52.706338420681043 ], [ -117.911003467598704, 52.707137656779757 ], [ -117.910945979460834, 52.707475406975512 ], [ -117.910869164107098, 52.707522298555887 ], [ -117.910705336867593, 52.707523344582228 ], [ -117.910456961535616, 52.707355026177922 ], [ -117.910259095704262, 52.707308727439099 ], [ -117.909948969911341, 52.707306794474341 ], [ -117.909764358452662, 52.707354672568016 ], [ -117.909676626627061, 52.707517998424571 ], [ -117.909620052672423, 52.708288203555163 ], [ -117.909467579045597, 52.708358022052387 ], [ -117.908898409202877, 52.708449073256531 ], [ -117.908797329199615, 52.708659204354568 ], [ -117.908800610136851, 52.709143623409503 ], [ -117.908875153719336, 52.709373482218808 ], [ -117.909031729550136, 52.709440808939135 ], [ -117.909583221735886, 52.709495743017925 ], [ -117.909812846078594, 52.709604848753827 ], [ -117.910123430888262, 52.709999263513026 ], [ -117.910182348888938, 52.710590383560579 ], [ -117.910266520121937, 52.710778556155745 ], [ -117.910629893599108, 52.710947981096574 ], [ -117.911162383000161, 52.711055751486313 ], [ -117.911372804650668, 52.711035122239295 ], [ -117.911461111345432, 52.710982541826766 ], [ -117.911522509546444, 52.710586044633331 ], [ -117.911454662160025, 52.709848214529984 ], [ -117.9111397602274, 52.709659319825533 ], [ -117.911048544236735, 52.709495654180039 ], [ -117.911030949028941, 52.709074736187013 ], [ -117.911109506251663, 52.708821225250368 ], [ -117.91148027876045, 52.708374695638994 ], [ -117.911952767247627, 52.708056092616665 ], [ -117.912377467408092, 52.707864179636211 ], [ -117.913089778348493, 52.707773175768764 ], [ -117.913227342786072, 52.7075921316044 ], [ -117.913125628932278, 52.70734154615954 ], [ -117.912474852222786, 52.707237664403188 ], [ -117.912353482828237, 52.707146515575928 ], [ -117.912321139377951, 52.707011455622641 ], [ -117.912414502622241, 52.706805636280428 ], [ -117.913054633179257, 52.706695256636166 ], [ -117.913147612454196, 52.706617894877297 ], [ -117.913051580223623, 52.706510121079241 ], [ -117.91240986175977, 52.706412648369984 ], [ -117.912298400424802, 52.706152320969167 ], [ -117.912351740204457, 52.705894262568002 ], [ -117.912552461163827, 52.705622310687751 ], [ -117.91314157768592, 52.705254587240404 ], [ -117.913183493744413, 52.70484336002405 ], [ -117.913129132436183, 52.704430388282042 ], [ -117.913011722854634, 52.704341008402494 ], [ -117.912721950182743, 52.704330573007233 ], [ -117.912275578330011, 52.704441591280876 ], [ -117.911908063412554, 52.704610491229182 ], [ -117.911730828055028, 52.704796131134074 ], [ -117.911479782022539, 52.704916442556659 ], [ -117.91142678602273, 52.704991452062998 ] ], [ [ -117.923845681959577, 52.708137329886391 ], [ -117.923968836743086, 52.708715992012117 ], [ -117.924059397419072, 52.70876867752024 ], [ -117.924573262572508, 52.708829794809773 ], [ -117.924727192284436, 52.708897269713596 ], [ -117.924896086858851, 52.709430846368093 ], [ -117.925253587937945, 52.709799038978957 ], [ -117.925457336547638, 52.709856129933925 ], [ -117.926125006970594, 52.709914210302578 ], [ -117.926365598355233, 52.7100108404575 ], [ -117.926536456315105, 52.710151033108879 ], [ -117.926610349739846, 52.710403350861831 ], [ -117.926671587794957, 52.711896438546638 ], [ -117.926791686995486, 52.711986449809764 ], [ -117.927313364245109, 52.712048026640602 ], [ -117.927469255677934, 52.712115624082152 ], [ -117.92749754950438, 52.712425319137274 ], [ -117.927194111681146, 52.712617649809665 ], [ -117.927172973790505, 52.712744279451904 ], [ -117.927313128573644, 52.712802559341839 ], [ -117.927831081698059, 52.712861897591445 ], [ -117.927971362124055, 52.71299542682204 ], [ -117.928036635127214, 52.714979082018459 ], [ -117.928099491530077, 52.715158503970407 ], [ -117.928386551597001, 52.715307561435971 ], [ -117.928462613667435, 52.715424184147047 ], [ -117.928526124673411, 52.716432029864173 ], [ -117.928611267413785, 52.716547362786372 ], [ -117.928728384571912, 52.716585477248572 ], [ -117.929182206680551, 52.716582059928953 ], [ -117.92933549992631, 52.716509899219282 ], [ -117.929399010774304, 52.716274648225486 ], [ -117.929312793617498, 52.713528101900614 ], [ -117.929237012430121, 52.713411389166126 ], [ -117.928929393960232, 52.713220568181576 ], [ -117.928805328387966, 52.712642138432358 ], [ -117.928650569664725, 52.712574643439297 ], [ -117.928133162244336, 52.712514558522884 ], [ -117.928013981407034, 52.712424892773171 ], [ -117.927935493041971, 52.710889127644052 ], [ -117.92784782169592, 52.710725211884522 ], [ -117.927540772308845, 52.710534227492467 ], [ -117.927447644822223, 52.709992616781271 ], [ -117.927330923317925, 52.709901832669843 ], [ -117.926622183865675, 52.709824468839997 ], [ -117.926332268461806, 52.709695249394287 ], [ -117.926186568169754, 52.709538829030677 ], [ -117.926105375248923, 52.709177568019363 ], [ -117.925986547334304, 52.709006191832628 ], [ -117.925718420534295, 52.708858823477961 ], [ -117.925137127402664, 52.708714056727331 ], [ -117.92488866150839, 52.708554553317427 ], [ -117.924705539008286, 52.70781861520264 ], [ -117.924614871812551, 52.707766128226218 ], [ -117.924097562034333, 52.707705845812335 ], [ -117.923940988732625, 52.707638671234569 ], [ -117.923865823043826, 52.70740957438727 ], [ -117.923874283092317, 52.70687640670959 ], [ -117.923960895573515, 52.706708586109407 ], [ -117.924271685454016, 52.706509435567149 ], [ -117.924293603958191, 52.706323376103093 ], [ -117.924201746890134, 52.706164423172993 ], [ -117.923935693305097, 52.706112436480751 ], [ -117.923557921071648, 52.706143638094289 ], [ -117.923058897995674, 52.706438128509667 ], [ -117.923038794503043, 52.706569835605379 ], [ -117.923312402274561, 52.706711556673703 ], [ -117.923390735177691, 52.706829419464029 ], [ -117.923463117507751, 52.707829213055454 ], [ -117.923538497716876, 52.707946228373032 ], [ -117.923845681959577, 52.708137329886391 ] ], [ [ -117.907336379062144, 52.719196523792938 ], [ -117.906861555454057, 52.71930120629154 ], [ -117.906479413411063, 52.719459638527155 ], [ -117.906406438944259, 52.719568262120681 ], [ -117.906460978693715, 52.719668874185274 ], [ -117.907030409139125, 52.719752443387208 ], [ -117.907186918871218, 52.719821896800958 ], [ -117.907290722655119, 52.720365410213525 ], [ -117.907372491111715, 52.720481469193004 ], [ -117.907897807524876, 52.720545813341282 ], [ -117.908322092214604, 52.720527037270294 ], [ -117.908511514964374, 52.720475175092062 ], [ -117.90859152256462, 52.720359256461613 ], [ -117.908612375608115, 52.72004555549659 ], [ -117.90859297274379, 52.71944351164472 ], [ -117.908489732937369, 52.719231504000923 ], [ -117.908138739358236, 52.719173433607793 ], [ -117.907336379062144, 52.719196523792938 ] ], [ [ -117.927196427002741, 52.717788645025905 ], [ -117.927265337153671, 52.718902092259533 ], [ -117.927631752303029, 52.719167045781504 ], [ -117.927756232535998, 52.719756274713497 ], [ -117.927982817693788, 52.719836583881872 ], [ -117.928364540275624, 52.719823800766733 ], [ -117.928518560729032, 52.719751191435904 ], [ -117.928573909843053, 52.719618033837769 ], [ -117.928526577477882, 52.718884756672153 ], [ -117.928405397467046, 52.718794101019007 ], [ -117.92776351635105, 52.718695578314289 ], [ -117.927661400360975, 52.718535998913978 ], [ -117.927642799439525, 52.718276815919722 ], [ -117.927749495348849, 52.718013939566227 ], [ -117.92832466887684, 52.717920078092881 ], [ -117.928480873518851, 52.717848943200693 ], [ -117.928549244779134, 52.717615881517837 ], [ -117.92849864336236, 52.717259659963268 ], [ -117.928313702844719, 52.717150193457343 ], [ -117.927856366175845, 52.717151801036856 ], [ -117.927284710872925, 52.717465458400227 ], [ -117.927196427002741, 52.717788645025905 ] ], [ [ -117.903577755331071, 52.7240802466698 ], [ -117.903121849626629, 52.724083718894995 ], [ -117.902967264025577, 52.724156563673958 ], [ -117.902911566880746, 52.724290096131227 ], [ -117.902958158095771, 52.725033145393191 ], [ -117.903025671024167, 52.725104587877055 ], [ -117.903215927755951, 52.725152658794556 ], [ -117.90352783549433, 52.725150282392832 ], [ -117.903716047604107, 52.725099330165236 ], [ -117.903821295853149, 52.724828752245379 ], [ -117.90376330583085, 52.724190114020409 ], [ -117.903577755331071, 52.7240802466698 ] ], [ [ -117.927360959944536, 52.720166873113257 ], [ -117.927156893175876, 52.720580965403258 ], [ -117.926528670465714, 52.72069416998314 ], [ -117.926396578108267, 52.720829964276454 ], [ -117.926408315248324, 52.722017230292543 ], [ -117.926471350960853, 52.722196193530856 ], [ -117.926603688292744, 52.722251739536475 ], [ -117.926755174072511, 52.722222486130164 ], [ -117.92682554210873, 52.722110754138697 ], [ -117.926898007877128, 52.721287184673109 ], [ -117.927050771764428, 52.721217094328352 ], [ -117.927567592164522, 52.721148134185057 ], [ -117.927701672731857, 52.721011886452267 ], [ -117.927684367525487, 52.720272388719664 ], [ -117.927563355419181, 52.720144984166268 ], [ -117.927360959944536, 52.720166873113257 ] ], [ [ -117.924879217865396, 52.72443029753579 ], [ -117.925551773537933, 52.724424836977022 ], [ -117.92627288507596, 52.724203118998958 ], [ -117.926419560789498, 52.724046899736102 ], [ -117.926507726380336, 52.723447414170153 ], [ -117.926846508231023, 52.723214913429914 ], [ -117.926873528335875, 52.723021894356009 ], [ -117.926808634537196, 52.722822444195401 ], [ -117.926459096373719, 52.722597049375658 ], [ -117.926236662089806, 52.722559947090346 ], [ -117.925999962695741, 52.722581311247836 ], [ -117.925764867590857, 52.722682381110232 ], [ -117.925599817315828, 52.722829359899308 ], [ -117.925514344095291, 52.723771465816668 ], [ -117.92545265698827, 52.723844663372518 ], [ -117.925008027107836, 52.723999318064124 ], [ -117.924765510523486, 52.724162041617603 ], [ -117.924714918268592, 52.724325861189776 ], [ -117.924879217865396, 52.72443029753579 ] ], [ [ -117.924101994393041, 52.731974620403328 ], [ -117.924561594766359, 52.731993175886238 ], [ -117.924789299918771, 52.731909188804472 ], [ -117.924827816054602, 52.731633917403222 ], [ -117.924692474653639, 52.731496225187271 ], [ -117.924074746930543, 52.731455526429968 ], [ -117.923590262481653, 52.731520679128025 ], [ -117.923582002348297, 52.731681669999837 ], [ -117.924101994393041, 52.731974620403328 ] ], [ [ -117.953683280779501, 52.726590835193036 ], [ -117.954205296338415, 52.726885158412301 ], [ -117.954502619536669, 52.726912917479076 ], [ -117.954792130307283, 52.726877963980527 ], [ -117.954907583855643, 52.726782604254204 ], [ -117.954947083707196, 52.726585428912223 ], [ -117.954932877048279, 52.726093459713816 ], [ -117.954864213408086, 52.725910970201724 ], [ -117.954706150422624, 52.725840308337659 ], [ -117.954382173163083, 52.725817028544228 ], [ -117.953867472899063, 52.725836569640833 ], [ -117.953676501304273, 52.725889446601172 ], [ -117.953573738372484, 52.726211155383389 ], [ -117.953683280779501, 52.726590835193036 ] ], [ [ -118.006241476512315, 52.731658856181156 ], [ -118.005988882433684, 52.731826455896552 ], [ -118.005465607509137, 52.731901726921272 ], [ -118.005312214673111, 52.731975713796331 ], [ -118.005259663235407, 52.732426242771695 ], [ -118.005299633926455, 52.732568709093684 ], [ -118.005404745857845, 52.732653513070495 ], [ -118.005564220881993, 52.732651531803583 ], [ -118.005641568431869, 52.732602638546631 ], [ -118.005814492650231, 52.732217328972254 ], [ -118.00638403117884, 52.732114653095302 ], [ -118.006538080577911, 52.732041339761579 ], [ -118.006590438845322, 52.731864850334382 ], [ -118.006538354623103, 52.731692479911246 ], [ -118.006404419173435, 52.731636171692699 ], [ -118.006241476512315, 52.731658856181156 ] ], [ [ -117.996313397292795, 52.744687146611753 ], [ -117.996060341710958, 52.744858156742545 ], [ -117.995475839592459, 52.744949137180086 ], [ -117.995385894100266, 52.745061379183845 ], [ -117.995481681691757, 52.74513868644766 ], [ -117.996117451551768, 52.745243642246102 ], [ -117.996309839104768, 52.745627543203341 ], [ -117.996495784753137, 52.745684367567243 ], [ -117.996624577605346, 52.745627230961858 ], [ -117.99667319896038, 52.745497564232942 ], [ -117.996661203369214, 52.744846637557679 ], [ -117.996573709209017, 52.744689707897514 ], [ -117.996313397292795, 52.744687146611753 ] ], [ [ -117.997117966794264, 52.745384498025707 ], [ -117.997173856084544, 52.745606614469956 ], [ -117.997330496840064, 52.745676249507696 ], [ -117.997982782963732, 52.745742087578009 ], [ -117.998416280794842, 52.745927782359978 ], [ -117.998848325055576, 52.746249426802848 ], [ -117.99897848781886, 52.746713917880903 ], [ -117.999080322795933, 52.746839100992759 ], [ -117.999407533050089, 52.747003318785595 ], [ -117.999677608151146, 52.74700355540773 ], [ -117.999788868167684, 52.74691454276455 ], [ -117.999827198509152, 52.746665765165453 ], [ -117.999801876879445, 52.745899408170615 ], [ -117.99970047750935, 52.745657938501594 ], [ -117.999296421940485, 52.745376288370579 ], [ -117.998864961191103, 52.745186930449066 ], [ -117.998452551688459, 52.745156359569506 ], [ -117.998098467780338, 52.745215055626446 ], [ -117.997807975875745, 52.745387928461419 ], [ -117.997645196649614, 52.745364771979453 ], [ -117.997407920187285, 52.745209103264131 ], [ -117.997195811301523, 52.745230998307193 ], [ -117.997117966794264, 52.745384498025707 ] ], [ [ -118.027225414666148, 52.740382107406951 ], [ -118.027322224123694, 52.740541633111974 ], [ -118.027572673795902, 52.74056877860405 ], [ -118.027923028028852, 52.740422767634414 ], [ -118.028213318819553, 52.740109482751762 ], [ -118.02847013782673, 52.739983096344339 ], [ -118.028534680948937, 52.739674062150094 ], [ -118.028451061942292, 52.739560598786099 ], [ -118.028177177850893, 52.73950395568599 ], [ -118.027569573465371, 52.739507821989214 ], [ -118.027299463824889, 52.739568254425059 ], [ -118.02720118331986, 52.739784569231645 ], [ -118.027225414666148, 52.740382107406951 ] ], [ [ -118.019270919844203, 52.742305730793603 ], [ -118.018913689476136, 52.742337607792095 ], [ -118.018469537636747, 52.742613519723662 ], [ -118.018435648125831, 52.742713077459577 ], [ -118.018532761052796, 52.742793312952337 ], [ -118.019649689723821, 52.742823308796829 ], [ -118.019973177139349, 52.742794794137239 ], [ -118.020114904643165, 52.742726412532129 ], [ -118.020089953981, 52.74257461637702 ], [ -118.019729608707408, 52.74240909854003 ], [ -118.019270919844203, 52.742305730793603 ] ], [ [ -117.987936077711964, 52.748473870648382 ], [ -117.987494595616212, 52.74854432443415 ], [ -117.987415748962277, 52.748659704671965 ], [ -117.987419767408824, 52.748848754871609 ], [ -117.98750335085245, 52.748962576826038 ], [ -117.987622158972897, 52.749001300640863 ], [ -117.989129407429672, 52.749013502573057 ], [ -117.989448525021388, 52.748987097737547 ], [ -117.989587769772811, 52.748923642920566 ], [ -117.989563844238717, 52.748792967248754 ], [ -117.988983406920894, 52.748490772027658 ], [ -117.987936077711964, 52.748473870648382 ] ], [ [ -117.99165685295479, 52.758974504581801 ], [ -117.99201032734635, 52.758909344050998 ], [ -117.992090155634699, 52.758793102032598 ], [ -117.99208165852265, 52.758541578528884 ], [ -117.991999271662252, 52.758405272865751 ], [ -117.991803165420535, 52.758271507133145 ], [ -117.991535907968952, 52.758186771223059 ], [ -117.990708908769548, 52.758099398712972 ], [ -117.990436289459083, 52.757952661956402 ], [ -117.990124874616427, 52.757661318430124 ], [ -117.989755026512682, 52.757631600737106 ], [ -117.989493864882661, 52.757687621037867 ], [ -117.989402341679835, 52.757852861438238 ], [ -117.989389989904325, 52.75817635835763 ], [ -117.989414381222161, 52.75849764266966 ], [ -117.989512372980187, 52.758658433923969 ], [ -117.989703201248332, 52.758704810100816 ], [ -117.990533519147519, 52.758736676891139 ], [ -117.990861666145506, 52.758920161704367 ], [ -117.991060024143522, 52.758964833442533 ], [ -117.99165685295479, 52.758974504581801 ] ], [ [ -118.021494964097158, 52.76788297719105 ], [ -118.021939749932884, 52.767854434934399 ], [ -118.022055917509462, 52.767758543773205 ], [ -118.022095910916136, 52.767560880260824 ], [ -118.022081463846575, 52.767068599865219 ], [ -118.022012361051708, 52.766886211151281 ], [ -118.021853832878477, 52.766815767529089 ], [ -118.021528965596829, 52.766793020478417 ], [ -118.021092302008071, 52.766805387259694 ], [ -118.020821473024583, 52.766866648945722 ], [ -118.020735999918415, 52.767027719879408 ], [ -118.020765263794218, 52.767214088940044 ], [ -118.02111396170767, 52.767446814699063 ], [ -118.021266725604292, 52.767802992947495 ], [ -118.021494964097158, 52.76788297719105 ] ], [ [ -118.043597524934327, 52.8076628773754 ], [ -118.043437159308553, 52.808128466906759 ], [ -118.043221850172017, 52.808307900969453 ], [ -118.042878014204632, 52.808409946682993 ], [ -118.041868667964764, 52.808473463388815 ], [ -118.041776467190417, 52.808552329042037 ], [ -118.0418247862968, 52.808643112322592 ], [ -118.042009085538368, 52.808685060151447 ], [ -118.04284827389229, 52.80872005604639 ], [ -118.04330057831298, 52.808933942360049 ], [ -118.044196773134715, 52.8089800846926 ], [ -118.044647781259258, 52.809199947820304 ], [ -118.045135566541447, 52.809204628601357 ], [ -118.045423293967275, 52.809130107940554 ], [ -118.045694488411016, 52.808927177391858 ], [ -118.045664532562441, 52.808713652574887 ], [ -118.045488719775591, 52.808632152918356 ], [ -118.044466222584163, 52.808370562590738 ], [ -118.043964995813795, 52.807718217374124 ], [ -118.043816615503445, 52.807639533688032 ], [ -118.043597524934327, 52.8076628773754 ] ], [ [ -118.07770746316416, 52.850442352508281 ], [ -118.078223519631422, 52.850420606276991 ], [ -118.078624388118627, 52.850057306355438 ], [ -118.079163138724169, 52.849840093129053 ], [ -118.079187576467547, 52.849710421838573 ], [ -118.078975594449432, 52.849641884673069 ], [ -118.078525122460036, 52.84967387368625 ], [ -118.078065906769467, 52.850074540043579 ], [ -118.077890922024395, 52.850144902740006 ], [ -118.077682120095531, 52.850160882957546 ], [ -118.077508687798257, 52.850064064802154 ], [ -118.077493105212724, 52.849830864779918 ], [ -118.077567365496378, 52.84970867622372 ], [ -118.077814392185772, 52.849584825364325 ], [ -118.077836528914332, 52.849452496521899 ], [ -118.077545159995736, 52.849377391415103 ], [ -118.077042034030939, 52.849417483240515 ], [ -118.076666033262811, 52.849630132249601 ], [ -118.07661847410381, 52.84986136873728 ], [ -118.076863993515303, 52.850081161079643 ], [ -118.077378580323213, 52.850254877953823 ], [ -118.07770746316416, 52.850442352508281 ] ], [ [ -118.069523611648634, 52.867582532922853 ], [ -118.0694370013114, 52.867744392056132 ], [ -118.069467666890318, 52.867930282051184 ], [ -118.069587826661561, 52.868023768658531 ], [ -118.069807498931667, 52.868057053242637 ], [ -118.071146948482664, 52.868023089105328 ], [ -118.07146539813067, 52.867899511703442 ], [ -118.071642694448883, 52.86771401601402 ], [ -118.071589212538157, 52.867562115649392 ], [ -118.071323123864161, 52.867508161721446 ], [ -118.069965045142965, 52.867512600424625 ], [ -118.069523611648634, 52.867582532922853 ] ], [ [ -118.094780350222607, 52.863640363993653 ], [ -118.09476299347422, 52.864380842384094 ], [ -118.094833593115496, 52.864643730751844 ], [ -118.095043610940081, 52.864917157717329 ], [ -118.095228251906079, 52.86506215417451 ], [ -118.09547280684572, 52.865105701914601 ], [ -118.09563605173544, 52.865007720501197 ], [ -118.095713749665293, 52.864385934945211 ], [ -118.09602889050575, 52.864022898687594 ], [ -118.096063141561686, 52.8638233220491 ], [ -118.095941880881625, 52.863585962284795 ], [ -118.095691984188676, 52.863339359474715 ], [ -118.095523604270795, 52.863270418334196 ], [ -118.095278516101729, 52.863289344902654 ], [ -118.094780350222607, 52.863640363993653 ] ], [ [ -118.072537893199964, 52.869981778843979 ], [ -118.072276928598569, 52.869981616772478 ], [ -118.071992930512394, 52.870150248366606 ], [ -118.07182964959398, 52.87012837062732 ], [ -118.071637447897558, 52.869986978932474 ], [ -118.071518816635788, 52.869960279237468 ], [ -118.07130673414062, 52.869974359233723 ], [ -118.07107019376501, 52.870070382493353 ], [ -118.070771135237422, 52.870296398988849 ], [ -118.070511518391299, 52.87061879467899 ], [ -118.070435502877302, 52.870805789463269 ], [ -118.070504953108113, 52.870964088310338 ], [ -118.070855659679765, 52.871021725191703 ], [ -118.071759433195638, 52.871015182864674 ], [ -118.072104528205585, 52.870985067121111 ], [ -118.072365904924652, 52.87089430075396 ], [ -118.072610963132746, 52.870667850047411 ], [ -118.072643574202104, 52.870239304677639 ], [ -118.072537893199964, 52.869981778843979 ] ], [ [ -118.067017280373804, 52.870512138427308 ], [ -118.067332607939491, 52.870452239494092 ], [ -118.067603244665278, 52.870296811045797 ], [ -118.067719202797761, 52.870119783349445 ], [ -118.067727096799885, 52.869914901668132 ], [ -118.067669333090535, 52.869783774565114 ], [ -118.067509740112968, 52.869713049767491 ], [ -118.066748237265841, 52.869702100535406 ], [ -118.066467456695449, 52.869756894499183 ], [ -118.066274008611572, 52.869917240734736 ], [ -118.066014518489723, 52.870039224305224 ], [ -118.065936433980326, 52.870255275566187 ], [ -118.066033894034561, 52.870463187055506 ], [ -118.066307019766526, 52.870519572518226 ], [ -118.067017280373804, 52.870512138427308 ] ], [ [ -117.914854521252892, 52.651693853605543 ], [ -117.914370904827138, 52.651758964951618 ], [ -117.914362625800862, 52.65191995709143 ], [ -117.914875818760891, 52.652211416204771 ], [ -117.915291577259936, 52.652236083615442 ], [ -117.915564783630543, 52.652150876622159 ], [ -117.915613480543058, 52.651902013021406 ], [ -117.91547111599678, 52.651734606801185 ], [ -117.914854521252892, 52.651693853605543 ] ], [ [ -117.896940510797947, 52.651711907670673 ], [ -117.897084877724836, 52.651367231549862 ], [ -117.897711107253528, 52.651255629107773 ], [ -117.897845813535454, 52.651118957922293 ], [ -117.897864736951917, 52.650754387784751 ], [ -117.897787372175301, 52.65049796539801 ], [ -117.897560918694552, 52.650324305476971 ], [ -117.897296471781175, 52.65023838178481 ], [ -117.896314647104944, 52.650218396007936 ], [ -117.895757588339194, 52.650265583193246 ], [ -117.895669588148849, 52.650345561661453 ], [ -117.895722136946716, 52.65043733845399 ], [ -117.896359856839325, 52.650534456053087 ], [ -117.896459047026042, 52.650643774311092 ], [ -117.896368219002625, 52.650721381638213 ], [ -117.895734975290935, 52.650829260620036 ], [ -117.895630990016926, 52.651041512698683 ], [ -117.8956460048135, 52.651633041562796 ], [ -117.895744043215956, 52.651796160834671 ], [ -117.895935359276407, 52.651845225765463 ], [ -117.896445719457333, 52.651854758201829 ], [ -117.896826818727106, 52.651807577453823 ], [ -117.896940510797947, 52.651711907670673 ] ], [ [ -117.89145199641365, 52.651908647384992 ], [ -117.890867488586665, 52.651819911046637 ], [ -117.890767371726284, 52.651616474538557 ], [ -117.890859191683461, 52.651411595992279 ], [ -117.891439903437586, 52.651314098649515 ], [ -117.891597622880511, 52.651242296378143 ], [ -117.891651042418459, 52.651019921140524 ], [ -117.891560398602209, 52.65086092814812 ], [ -117.891369515440886, 52.650812024112355 ], [ -117.890851695087761, 52.650797971993128 ], [ -117.889861298896349, 52.65080862309857 ], [ -117.889514014368231, 52.650870796769169 ], [ -117.889420767212883, 52.651083018373917 ], [ -117.889433508015927, 52.652011015197701 ], [ -117.88946238069245, 52.652267499310447 ], [ -117.889544657290557, 52.65238074962528 ], [ -117.889894371314398, 52.652437691271331 ], [ -117.890884933222438, 52.652433460987901 ], [ -117.89140204221728, 52.652411625878926 ], [ -117.89159088599969, 52.652359864851739 ], [ -117.891675039546996, 52.652199557557054 ], [ -117.891612589346408, 52.651978055398914 ], [ -117.89145199641365, 52.651908647384992 ] ], [ [ -117.897290008892739, 52.649749451364023 ], [ -117.897484880109062, 52.649898670620424 ], [ -117.897742454788201, 52.649891396011689 ], [ -117.897831614289828, 52.649523473525583 ], [ -117.897814431245692, 52.648643514894758 ], [ -117.897743396625884, 52.648410436752314 ], [ -117.897586774369074, 52.648340298003326 ], [ -117.897350557446018, 52.648319168392973 ], [ -117.896614580902394, 52.648364065922962 ], [ -117.896498737591131, 52.648459380050596 ], [ -117.896460703600155, 52.648654765408246 ], [ -117.896474418163677, 52.649146500995528 ], [ -117.896553549133358, 52.649401106524941 ], [ -117.896779221259237, 52.649575006995398 ], [ -117.897290008892739, 52.649749451364023 ] ], [ [ -117.907459988720248, 52.647596007789723 ], [ -117.907136087875415, 52.647791422553816 ], [ -117.907091152739923, 52.647986906810786 ], [ -117.907150547982852, 52.648166090299974 ], [ -117.907308399255214, 52.648236579780573 ], [ -117.907633582838812, 52.648260411041733 ], [ -117.908444617778798, 52.648250769458599 ], [ -117.908745391068479, 52.64820874018298 ], [ -117.908875079466412, 52.648070435187357 ], [ -117.908855409319798, 52.647836325691593 ], [ -117.90875100271596, 52.647733118387876 ], [ -117.908533167233969, 52.647642378566054 ], [ -117.908334925783365, 52.647487565508705 ], [ -117.908138072373475, 52.64745419332715 ], [ -117.907830010160055, 52.647487776130987 ], [ -117.907459988720248, 52.647596007789723 ] ], [ [ -117.911247635625884, 52.647686085340581 ], [ -117.910806518780788, 52.647718010056828 ], [ -117.910691689380215, 52.647814215728836 ], [ -117.910540312106676, 52.648162602281893 ], [ -117.909862749871451, 52.648298595325457 ], [ -117.90985221003146, 52.648476718408396 ], [ -117.910282187198689, 52.648662774810425 ], [ -117.910851187884418, 52.648767793560111 ], [ -117.911410537467404, 52.648733256642259 ], [ -117.911525387021157, 52.648637922683356 ], [ -117.911559412068513, 52.648493927780706 ], [ -117.91155131618072, 52.648001311660238 ], [ -117.911475146009778, 52.647765182601098 ], [ -117.911247635625884, 52.647686085340581 ] ], [ [ -117.889691316955876, 52.646771874859418 ], [ -117.889423549183888, 52.646831580319216 ], [ -117.889338715342291, 52.647039638868087 ], [ -117.889442855708012, 52.647245422758935 ], [ -117.890020304114202, 52.647332085615545 ], [ -117.890160636328531, 52.647391511454927 ], [ -117.890139196715609, 52.647519107820422 ], [ -117.889901102087336, 52.647636236862844 ], [ -117.889855610631699, 52.647708965939607 ], [ -117.889877751049056, 52.647838311648755 ], [ -117.889988047040958, 52.647945522625349 ], [ -117.890212828864634, 52.648060520425794 ], [ -117.890440542401819, 52.648107790930915 ], [ -117.890854601623005, 52.648107646721492 ], [ -117.891041853450034, 52.648056599984841 ], [ -117.891120023230258, 52.64793976912739 ], [ -117.891178100161113, 52.647432503054809 ], [ -117.891540789078476, 52.647156808530248 ], [ -117.891564214930511, 52.646971683852755 ], [ -117.891475067873827, 52.646813956678827 ], [ -117.891122988787771, 52.646755583182049 ], [ -117.890220567393698, 52.646757184662569 ], [ -117.889691316955876, 52.646771874859418 ] ], [ [ -117.889968269624092, 52.644591874895291 ], [ -117.890347287176041, 52.644382496882592 ], [ -117.890975790748243, 52.644272145417908 ], [ -117.891023552335483, 52.644121440829224 ], [ -117.890843314585069, 52.643935196618699 ], [ -117.89054282231325, 52.643781287302623 ], [ -117.890021824602769, 52.643617808794595 ], [ -117.889622202429081, 52.643542850787576 ], [ -117.889086941132234, 52.643526623048949 ], [ -117.888591357026755, 52.643556672215915 ], [ -117.888438245395747, 52.643628924892454 ], [ -117.888373827018185, 52.643917543088385 ], [ -117.88843141405016, 52.644290570668481 ], [ -117.888581152890922, 52.644449915141003 ], [ -117.888872954218812, 52.644583488433227 ], [ -117.88938414457354, 52.644624172083667 ], [ -117.889968269624092, 52.644591874895291 ] ], [ [ -117.881930255156306, 52.639811949015225 ], [ -117.881619232701198, 52.639870209195763 ], [ -117.881395289754735, 52.639989844988222 ], [ -117.881251305963431, 52.640152342674455 ], [ -117.881220866855045, 52.640355971075941 ], [ -117.881284955613012, 52.640534374629546 ], [ -117.881442494434722, 52.640603552283729 ], [ -117.88201278268437, 52.640692482698412 ], [ -117.882175767011518, 52.641037396867731 ], [ -117.8822942038626, 52.641131736892994 ], [ -117.882660562167018, 52.641162931747431 ], [ -117.882923034686414, 52.641107320698609 ], [ -117.883022918978597, 52.640891834220483 ], [ -117.883004092083581, 52.640457170067428 ], [ -117.882923529664637, 52.640254499619601 ], [ -117.882703316009326, 52.639987217300572 ], [ -117.882557865271025, 52.639880228568842 ], [ -117.88235304332089, 52.639820538406113 ], [ -117.881930255156306, 52.639811949015225 ] ], [ [ -117.887747453993612, 52.635452006534067 ], [ -117.887436856847515, 52.635511316967715 ], [ -117.887330710820962, 52.635838760026338 ], [ -117.887439952957536, 52.636211143934666 ], [ -117.887704579006467, 52.636216238703781 ], [ -117.887890386904047, 52.636060649520537 ], [ -117.888153183857995, 52.635936512540376 ], [ -117.888230652712693, 52.635695156364093 ], [ -117.888132844490457, 52.635506581899236 ], [ -117.887747453993612, 52.635452006534067 ] ], [ [ -117.857393343224416, 52.664263352459024 ], [ -117.856967164001063, 52.664324086112728 ], [ -117.856938423569474, 52.664450866529741 ], [ -117.857216071881894, 52.664596050119684 ], [ -117.857302525524872, 52.664760081926246 ], [ -117.857260235752406, 52.66498567377063 ], [ -117.856937834077456, 52.665217546223474 ], [ -117.856992647235003, 52.665383954719118 ], [ -117.857178947345645, 52.665515245426512 ], [ -117.857428625216599, 52.6655928912527 ], [ -117.857678035015368, 52.665560096932445 ], [ -117.857754867251685, 52.66544543866069 ], [ -117.857829611383664, 52.664892072716434 ], [ -117.857955794227323, 52.664833301678911 ], [ -117.858111462831602, 52.664858309314823 ], [ -117.85845497157662, 52.665188535350367 ], [ -117.859009078182666, 52.665397844782412 ], [ -117.859266932108255, 52.665573551536468 ], [ -117.860003573369539, 52.665606288610412 ], [ -117.860238569273633, 52.665581682064641 ], [ -117.860393698437392, 52.665508333141851 ], [ -117.860451402304363, 52.665058821772512 ], [ -117.860410919899181, 52.664915736158214 ], [ -117.860291537701698, 52.664822420318551 ], [ -117.858355203681739, 52.664766088322672 ], [ -117.858279204443548, 52.664719049664861 ], [ -117.858279123919885, 52.664618806143714 ], [ -117.858587442796392, 52.664409327140376 ], [ -117.858543556217043, 52.664315047007172 ], [ -117.858435851101262, 52.66428084279616 ], [ -117.857393343224416, 52.664263352459024 ] ], [ [ -117.866852494983917, 52.662056006269616 ], [ -117.86661543754704, 52.662077204687201 ], [ -117.866137682130244, 52.66230614933432 ], [ -117.865768869828813, 52.662603262438132 ], [ -117.865699409310324, 52.662969406598791 ], [ -117.865754129627476, 52.663542781373785 ], [ -117.865937217306552, 52.663648533389903 ], [ -117.866907911479828, 52.663705101078698 ], [ -117.867295632482623, 52.663910379593879 ], [ -117.867602599255875, 52.663922956794892 ], [ -117.86786488432827, 52.663866698628105 ], [ -117.867950341718085, 52.66370524857021 ], [ -117.867889346602439, 52.663481958807623 ], [ -117.867729106497563, 52.663411839148623 ], [ -117.867208929207294, 52.66335051017964 ], [ -117.867112592548537, 52.663274070764594 ], [ -117.867147526357584, 52.663179049613305 ], [ -117.867390495803321, 52.663062788457125 ], [ -117.867467313738516, 52.662942487237821 ], [ -117.867492768941617, 52.662575356297324 ], [ -117.867417543144867, 52.662317390780977 ], [ -117.867072601290189, 52.662092581995658 ], [ -117.866852494983917, 52.662056006269616 ] ], [ [ -117.845603735124669, 52.657787449156672 ], [ -117.845646837543839, 52.65750064551932 ], [ -117.845588004876532, 52.657351989429159 ], [ -117.845414575544552, 52.657206677578905 ], [ -117.845173538987297, 52.657107965552214 ], [ -117.844935307979867, 52.657089258307821 ], [ -117.84465338536468, 52.65715270281769 ], [ -117.844406165578746, 52.657318372409634 ], [ -117.844329232739042, 52.65745760954573 ], [ -117.844315892619676, 52.657726247187647 ], [ -117.844406628654895, 52.657984117427027 ], [ -117.844675721906412, 52.658291429098398 ], [ -117.844888487364429, 52.658395256648205 ], [ -117.845120753247542, 52.65836983411026 ], [ -117.845288769091567, 52.657984791949048 ], [ -117.845603735124669, 52.657787449156672 ] ], [ [ -117.871256544293189, 52.651756390797409 ], [ -117.870955939980448, 52.651795297079289 ], [ -117.870823698245275, 52.65193536849943 ], [ -117.870873319297218, 52.652207215468458 ], [ -117.871030690665009, 52.652279088806864 ], [ -117.87161811241269, 52.652368682577006 ], [ -117.871870599087714, 52.652528824162957 ], [ -117.872036996209431, 52.652524430674887 ], [ -117.872115300015196, 52.652475703676629 ], [ -117.872156038015049, 52.652193123350344 ], [ -117.872020448849639, 52.651964463525317 ], [ -117.871596137671986, 52.651775511380094 ], [ -117.871256544293189, 52.651756390797409 ] ], [ [ -117.845822469896163, 52.652520298254686 ], [ -117.845661140938077, 52.652543605710854 ], [ -117.845345802598388, 52.652728752276296 ], [ -117.844049704288565, 52.652782471279203 ], [ -117.843868034144833, 52.652828350745501 ], [ -117.843823415736608, 52.652887896213031 ], [ -117.843918914512287, 52.653000529928008 ], [ -117.844215630929298, 52.653034843612275 ], [ -117.84557073397697, 52.653027519174657 ], [ -117.845921921973741, 52.65296100496542 ], [ -117.845999029441174, 52.652845026381435 ], [ -117.84599553234024, 52.652656195283988 ], [ -117.845921741659041, 52.652547809429549 ], [ -117.845822469896163, 52.652520298254686 ] ], [ [ -117.867888612106185, 52.643369344671299 ], [ -117.867567710706496, 52.643367036397301 ], [ -117.867076606128066, 52.643639054289736 ], [ -117.866810519735793, 52.643711821518757 ], [ -117.865780202117506, 52.643692974320324 ], [ -117.865552549162217, 52.643661252195557 ], [ -117.865401995564994, 52.643586699354117 ], [ -117.865330912807423, 52.643363404316595 ], [ -117.865306768477268, 52.642310447904286 ], [ -117.865160039468876, 52.642126448445893 ], [ -117.864506834027239, 52.642090236198008 ], [ -117.8638028393989, 52.642147804319166 ], [ -117.86364954111265, 52.642260355971665 ], [ -117.863631225226783, 52.64274089423693 ], [ -117.863565173988476, 52.642852097928639 ], [ -117.863306635029232, 52.642917467745775 ], [ -117.862543100267388, 52.642967551735673 ], [ -117.862319299771912, 52.643054427199282 ], [ -117.862259529164504, 52.64333867536368 ], [ -117.86231600243859, 52.644584592173288 ], [ -117.862445752887794, 52.644826046862676 ], [ -117.86273458717848, 52.645033113513243 ], [ -117.862988438840517, 52.645042095919457 ], [ -117.863230935555748, 52.644872489305186 ], [ -117.863539709048069, 52.644813426160077 ], [ -117.865714838601917, 52.644811381933117 ], [ -117.866096010802877, 52.644851950457117 ], [ -117.866341488651656, 52.645015810058986 ], [ -117.866596977409387, 52.645101379038891 ], [ -117.867230358818134, 52.645163024701183 ], [ -117.867517898011798, 52.645107297305287 ], [ -117.867725878052156, 52.64498825305018 ], [ -117.867984294116539, 52.644558311292982 ], [ -117.868101770612512, 52.643683470746005 ], [ -117.86804668660146, 52.643499290843756 ], [ -117.867888612106185, 52.643369344671299 ] ], [ [ -117.864608026610455, 52.638890334911501 ], [ -117.864456356533623, 52.638919591488687 ], [ -117.864289173483868, 52.639305614741076 ], [ -117.864005628758548, 52.639470287032317 ], [ -117.863926471980392, 52.639686728628568 ], [ -117.864024270391397, 52.639895639545863 ], [ -117.864371352790059, 52.639950948231295 ], [ -117.864716194533202, 52.639892298490949 ], [ -117.864798602902653, 52.639774968022849 ], [ -117.864823268590072, 52.639456220596706 ], [ -117.864794734115605, 52.639074863485611 ], [ -117.864705810428873, 52.638916919998685 ], [ -117.864608026610455, 52.638890334911501 ] ], [ [ -117.862493590019369, 52.639368802627082 ], [ -117.862586036573518, 52.639106778873995 ], [ -117.862543999222297, 52.637964470393314 ], [ -117.862404733559401, 52.637826921466882 ], [ -117.861955810450667, 52.637806000952224 ], [ -117.861730043191571, 52.637889454972694 ], [ -117.861692674847717, 52.638161027973503 ], [ -117.861768300379566, 52.638279291245091 ], [ -117.862084171129453, 52.638474853892056 ], [ -117.862210117874397, 52.639341001682808 ], [ -117.862341830562769, 52.639397288374632 ], [ -117.862493590019369, 52.639368802627082 ] ], [ [ -117.855098991237398, 52.64000741775854 ], [ -117.854715842982756, 52.640067644099467 ], [ -117.854625548458728, 52.640257602152964 ], [ -117.854680652314997, 52.640465940775968 ], [ -117.855172233521429, 52.640770796991461 ], [ -117.855390843155561, 52.640781377236692 ], [ -117.855491460165197, 52.64069872529938 ], [ -117.855529776792068, 52.64051662594148 ], [ -117.855449621970948, 52.640092306588166 ], [ -117.855305335405248, 52.640025640989741 ], [ -117.855098991237398, 52.64000741775854 ] ], [ [ -117.838213869294151, 52.644233538342689 ], [ -117.837693296307023, 52.643938894135985 ], [ -117.837315294223387, 52.643914765553383 ], [ -117.837050518355852, 52.643972129990026 ], [ -117.836963056158424, 52.644134056829017 ], [ -117.837020873565066, 52.644357520797691 ], [ -117.83717840849944, 52.644427946931742 ], [ -117.837752132168887, 52.644521004440584 ], [ -117.837940869552341, 52.644903509791028 ], [ -117.838072244109995, 52.644960129845849 ], [ -117.838223393104826, 52.64493210719715 ], [ -117.838317110810664, 52.644562159810157 ], [ -117.838213869294151, 52.644233538342689 ] ], [ [ -117.838649686927695, 52.640187274606305 ], [ -117.838483700521294, 52.639900687173679 ], [ -117.838220837638573, 52.639666612155814 ], [ -117.838017025006806, 52.639607424415388 ], [ -117.837586815437021, 52.639587197761983 ], [ -117.836783840033121, 52.639605040987902 ], [ -117.836522598687466, 52.639664636583028 ], [ -117.836469747523452, 52.63977515209433 ], [ -117.83652985342006, 52.639899155275735 ], [ -117.836898806303935, 52.640094942266266 ], [ -117.837178354010732, 52.640095340757398 ], [ -117.837473004750336, 52.639911399980086 ], [ -117.83768005810758, 52.639928304324307 ], [ -117.837880318168658, 52.640621790356576 ], [ -117.838328237343603, 52.640892818914701 ], [ -117.838589324583211, 52.640885052047452 ], [ -117.838678676352274, 52.640676392419138 ], [ -117.838649686927695, 52.640187274606305 ] ], [ [ -117.830723651617035, 52.62727077971396 ], [ -117.830341184029024, 52.627238831971695 ], [ -117.830012478724214, 52.627279918667917 ], [ -117.829644646474648, 52.627489922338171 ], [ -117.829618669288863, 52.627690895135046 ], [ -117.829765802898493, 52.627758591855347 ], [ -117.830337798695709, 52.627849674365358 ], [ -117.83052152526443, 52.6282268392386 ], [ -117.830651003693362, 52.628281606905368 ], [ -117.830807316178536, 52.628257154461899 ], [ -117.83098196118857, 52.628113931305421 ], [ -117.831141772612639, 52.628087864862088 ], [ -117.831564436473315, 52.628290146980113 ], [ -117.832323651639882, 52.628306552761153 ], [ -117.832587457623603, 52.628248309526704 ], [ -117.832635165734587, 52.628095735522486 ], [ -117.832501454027806, 52.62794661729955 ], [ -117.83227451964008, 52.627834089042523 ], [ -117.831444294556519, 52.627743714671453 ], [ -117.83124055031513, 52.627684541473528 ], [ -117.830723651617035, 52.62727077971396 ] ], [ [ -117.847145572148008, 52.618544429695902 ], [ -117.846811487965184, 52.618528227087864 ], [ -117.84670047012041, 52.618616887396385 ], [ -117.846689139997295, 52.618848764709121 ], [ -117.84676402379543, 52.618968011882828 ], [ -117.847076513399983, 52.619166367860792 ], [ -117.847205015045844, 52.619756830248541 ], [ -117.847509675675099, 52.619841193206362 ], [ -117.847920066596615, 52.619789962407687 ], [ -117.847953760202202, 52.619661680104784 ], [ -117.847625140113223, 52.619439882923793 ], [ -117.847549988900454, 52.618919202641884 ], [ -117.847454918612371, 52.618728329199428 ], [ -117.847145572148008, 52.618544429695902 ] ], [ [ -117.806405309909792, 52.624968397815877 ], [ -117.806463528242006, 52.624436883520083 ], [ -117.80642116742267, 52.624292813819288 ], [ -117.806300707974401, 52.624198746496447 ], [ -117.805932114228142, 52.624171048795432 ], [ -117.805671486338397, 52.624229446907734 ], [ -117.805455538675048, 52.624649795982158 ], [ -117.804826590497868, 52.624763712701665 ], [ -117.804728675590653, 52.62488790767727 ], [ -117.804806800823769, 52.624996545546502 ], [ -117.805122383345434, 52.625129183641874 ], [ -117.805506682137874, 52.625225275346537 ], [ -117.805841371835768, 52.625241842177751 ], [ -117.806126967230853, 52.62517464146854 ], [ -117.806405309909792, 52.624968397815877 ] ], [ [ -117.820218598419174, 52.617335639192163 ], [ -117.819773580373692, 52.617365798796499 ], [ -117.819655834956649, 52.617461478382459 ], [ -117.819542022730758, 52.617782950929318 ], [ -117.819244876242934, 52.617970801594886 ], [ -117.819251865445125, 52.618071495136505 ], [ -117.819394300683456, 52.618133391464148 ], [ -117.819715563756432, 52.618155809809927 ], [ -117.820152522879823, 52.618146170799896 ], [ -117.820424552987191, 52.618085675697991 ], [ -117.820529289093287, 52.617815409821738 ], [ -117.820448266404696, 52.617416277803187 ], [ -117.820218598419174, 52.617335639192163 ] ] ], [ [ [ -118.061548276948145, 52.973191516590788 ], [ -118.060529698598515, 52.972325631578236 ], [ -118.060427688348099, 52.972139463672164 ], [ -118.060392730181263, 52.971426211250716 ], [ -118.060292376158728, 52.97122692053847 ], [ -118.059348418197771, 52.971121646994362 ], [ -118.0586852424575, 52.970924800038254 ], [ -118.057706371728727, 52.970170687734345 ], [ -118.05705783660359, 52.969825973909579 ], [ -118.056334614486971, 52.96855430668051 ], [ -118.055440201012985, 52.96749488409651 ], [ -118.054616347493905, 52.966736226081501 ], [ -118.052758412504048, 52.964130259514945 ], [ -118.052442521009638, 52.963745716137574 ], [ -118.052087302224294, 52.963463763766882 ], [ -118.051708958575304, 52.963285416544998 ], [ -118.050894826407117, 52.963185700409426 ], [ -118.047408427515649, 52.963197319054814 ], [ -118.046938655193614, 52.963160187919001 ], [ -118.04663185791668, 52.96287446548962 ], [ -118.046419815687116, 52.962753266350397 ], [ -118.046214565290569, 52.962695512534587 ], [ -118.045646783951511, 52.962646900180289 ], [ -118.045463729438495, 52.962542001753732 ], [ -118.045390832204802, 52.961275243595786 ], [ -118.045301697667497, 52.961111717199778 ], [ -118.044989796768817, 52.960922472280124 ], [ -118.04492759182169, 52.960194998837665 ], [ -118.044834214489427, 52.960034330490551 ], [ -118.044566733322256, 52.959982138078594 ], [ -118.043060159577593, 52.959959212820628 ], [ -118.042536812918513, 52.959820164202071 ], [ -118.042277642667671, 52.959658705810988 ], [ -118.042208137726405, 52.959300073280026 ], [ -118.042278366042112, 52.959016319890324 ], [ -118.042434846879928, 52.958946156477246 ], [ -118.042956555609408, 52.958877408034247 ], [ -118.043072897744167, 52.958785764820419 ], [ -118.043102742364525, 52.957471320436937 ], [ -118.043175572366437, 52.957352903023228 ], [ -118.043426517306884, 52.957231445699371 ], [ -118.043495555829878, 52.957115092736359 ], [ -118.043448030404562, 52.956848249048988 ], [ -118.043090974060235, 52.956623783021115 ], [ -118.043081506778577, 52.956352742428216 ], [ -118.043187753743183, 52.956253217803265 ], [ -118.043539283188082, 52.956102456054893 ], [ -118.043810200483378, 52.95580699005373 ], [ -118.043898954797996, 52.955612211228747 ], [ -118.043971626533249, 52.954950186049615 ], [ -118.044048934955583, 52.954903707601886 ], [ -118.044214797850216, 52.954902969745866 ], [ -118.044457847420219, 52.955063290946612 ], [ -118.044677685741163, 52.95507757278029 ], [ -118.044779135744704, 52.954993951057034 ], [ -118.044785674499437, 52.954765869313768 ], [ -118.044645120157981, 52.9546300126989 ], [ -118.044121533658924, 52.954564805576183 ], [ -118.043980940223079, 52.954504689591246 ], [ -118.044002929879753, 52.954376208721527 ], [ -118.044266323283438, 52.954233722688528 ], [ -118.04423297105825, 52.954108213731011 ], [ -118.043151304072282, 52.954017943582663 ], [ -118.043031585746959, 52.953925311718478 ], [ -118.042941958033509, 52.95365327967621 ], [ -118.042840554647199, 52.953570603126572 ], [ -118.042630416489828, 52.953587573828528 ], [ -118.042442895896116, 52.953735181798443 ], [ -118.042323774826926, 52.953764521674209 ], [ -118.042109786473873, 52.953754177320384 ], [ -118.041878422041677, 52.953661328309877 ], [ -118.041691423019472, 52.953437038802178 ], [ -118.041741676011256, 52.953321601708282 ], [ -118.042011069683312, 52.953172034854006 ], [ -118.042009657457612, 52.953072814829312 ], [ -118.041932521656534, 52.953026624874937 ], [ -118.040394388621436, 52.952982732139908 ], [ -118.039883367951589, 52.95278054112115 ], [ -118.039564015518764, 52.95257508636579 ], [ -118.039421442900647, 52.952412170224264 ], [ -118.039296465784773, 52.951488769937136 ], [ -118.039139552927111, 52.951421831681323 ], [ -118.038615099162598, 52.951361310374999 ], [ -118.038492226894107, 52.951270430769618 ], [ -118.03843866597407, 52.950920899273704 ], [ -118.038506145718571, 52.950689798923662 ], [ -118.038662434090568, 52.950619260796834 ], [ -118.039184054049116, 52.950550082479104 ], [ -118.039317716357971, 52.950415262389321 ], [ -118.039325710021501, 52.948553987737128 ], [ -118.039426609093837, 52.94847117933206 ], [ -118.039593237888141, 52.948470767770061 ], [ -118.039836255727764, 52.948631930849935 ], [ -118.040001221953929, 52.948655974396551 ], [ -118.040133250609671, 52.948601036690079 ], [ -118.040176028157248, 52.94847812846109 ], [ -118.040121996977746, 52.948254054178506 ], [ -118.039771528559712, 52.948024649089241 ], [ -118.039668217567538, 52.947482778335846 ], [ -118.039322350627685, 52.947259619581772 ], [ -118.039249338237354, 52.946976577538415 ], [ -118.039207855690989, 52.944608106007337 ], [ -118.039289809903465, 52.944443519372065 ], [ -118.039571926947829, 52.944290054216424 ], [ -118.039632137961291, 52.944006369378315 ], [ -118.03948957298428, 52.938672134121944 ], [ -118.039400187938725, 52.938508794368381 ], [ -118.039088279742629, 52.938319645961407 ], [ -118.038969506606747, 52.937463064840415 ], [ -118.038741254708938, 52.937386072923502 ], [ -118.037600757641442, 52.937383234836872 ], [ -118.037333041531028, 52.937329912783021 ], [ -118.037251982077024, 52.937214838514052 ], [ -118.037179311701735, 52.936704280078807 ], [ -118.037005907426021, 52.936604457146842 ], [ -118.036737173250927, 52.936636522944013 ], [ -118.036438103373726, 52.93682485328118 ], [ -118.036280306265397, 52.937440132576334 ], [ -118.035886762452094, 52.937942346929539 ], [ -118.035441933545599, 52.938182859663293 ], [ -118.035231308886324, 52.938197938386431 ], [ -118.035081764705652, 52.938138330323582 ], [ -118.035007841237643, 52.937853093870615 ], [ -118.034978710515588, 52.936011237148847 ], [ -118.035122790921321, 52.935829889007799 ], [ -118.035705990096474, 52.935746459011135 ], [ -118.035822474750944, 52.935654881446666 ], [ -118.035840929116716, 52.934705641791496 ], [ -118.035699884028659, 52.934436437358585 ], [ -118.035034101415548, 52.934178012902116 ], [ -118.034820219166036, 52.934035523384331 ], [ -118.034555892388738, 52.933728526678415 ], [ -118.034467242206148, 52.933477241671007 ], [ -118.034475989365163, 52.932419775834788 ], [ -118.034591973675319, 52.932328151705569 ], [ -118.035109226247371, 52.932259439084945 ], [ -118.035261665821793, 52.932189395122933 ], [ -118.03536010313023, 52.931609168599834 ], [ -118.03565965265463, 52.931413104969977 ], [ -118.035729663011011, 52.931294984319642 ], [ -118.03578896355441, 52.930343285060061 ], [ -118.03611201580263, 52.929949602012599 ], [ -118.036444205618992, 52.929845696067169 ], [ -118.036764128182625, 52.929846817135598 ], [ -118.036950921412867, 52.929896338695443 ], [ -118.037106193364153, 52.930245289628402 ], [ -118.03722251624761, 52.930338446524402 ], [ -118.037519085814267, 52.930373803721238 ], [ -118.038489542456261, 52.930372813524784 ], [ -118.038755622647642, 52.930426265574482 ], [ -118.038938723501929, 52.930804975177274 ], [ -118.039091319453931, 52.930874257111746 ], [ -118.039651964986092, 52.930963392768533 ], [ -118.039807542970209, 52.931304511756373 ], [ -118.039923373130748, 52.931396702806289 ], [ -118.040287706368062, 52.93143258467007 ], [ -118.040346162139244, 52.931513905583358 ], [ -118.039946860324804, 52.932446735933382 ], [ -118.040275249440469, 52.933396321442856 ], [ -118.040474107851722, 52.934392012674031 ], [ -118.04025156269789, 52.93530654081254 ], [ -118.040472144237697, 52.936014712256863 ], [ -118.041051224329678, 52.936911600471142 ], [ -118.041215996158058, 52.937197640583683 ], [ -118.04164138556537, 52.938315491069851 ], [ -118.041802257606676, 52.938512012124257 ], [ -118.041785226106157, 52.938523592719356 ], [ -118.04173157596513, 52.938756790948865 ], [ -118.041853205521392, 52.939108986823683 ], [ -118.042238232482376, 52.939453446734376 ], [ -118.042264909581874, 52.939454622422517 ], [ -118.042342994691182, 52.939695956221378 ], [ -118.043577069861783, 52.939832611901451 ], [ -118.044490330959448, 52.940225362829601 ], [ -118.045365823764428, 52.94082890698099 ], [ -118.04540687699749, 52.94101524911499 ], [ -118.045542144047872, 52.941120879847851 ], [ -118.046166849468179, 52.941393692826125 ], [ -118.046242306373713, 52.941529468307863 ], [ -118.046298009560957, 52.941996474198248 ], [ -118.046381426524235, 52.942111150033668 ], [ -118.046914231057244, 52.942171101126206 ], [ -118.047525660182103, 52.942102646318318 ], [ -118.047569345687762, 52.942043199159166 ], [ -118.047519534119758, 52.941952001334556 ], [ -118.046880738348094, 52.941855688126623 ], [ -118.046758104733158, 52.941764489842065 ], [ -118.04668319438575, 52.940701242882177 ], [ -118.04650038538739, 52.940440903300988 ], [ -118.046249188292236, 52.940328574943514 ], [ -118.046387731224684, 52.939562239020333 ], [ -118.046165604861187, 52.938363896474144 ], [ -118.046304482932598, 52.937466922410636 ], [ -118.046098422891617, 52.937000920550261 ], [ -118.045301376648368, 52.936376249419311 ], [ -118.045206389013757, 52.936341428200798 ], [ -118.045236976225482, 52.936232506330121 ], [ -118.045155795831434, 52.9360305471929 ], [ -118.044900618649407, 52.936031531347808 ], [ -118.044771516821029, 52.936182009681694 ], [ -118.044549291122763, 52.936100542553859 ], [ -118.044268896146974, 52.935613849713803 ], [ -118.044325861326556, 52.935500811836377 ], [ -118.044298370693753, 52.93413747581554 ], [ -118.04438668422415, 52.933881476318795 ], [ -118.044596726221542, 52.933862903770603 ], [ -118.044833565824888, 52.934023184623399 ], [ -118.04499340100574, 52.934046222378299 ], [ -118.045121289946422, 52.933989652951908 ], [ -118.045243619703271, 52.93363863381709 ], [ -118.045394247180383, 52.933564440226434 ], [ -118.046431541319237, 52.933524860993238 ], [ -118.046919171158081, 52.933577160211662 ], [ -118.047163538751164, 52.933749529890157 ], [ -118.047365141535266, 52.934021652307045 ], [ -118.04750920660355, 52.934793257715867 ], [ -118.047588652579506, 52.934840639997212 ], [ -118.047748926567849, 52.934839356823801 ], [ -118.047849830706184, 52.934752961077436 ], [ -118.047882162069797, 52.934610534811952 ], [ -118.047852003274912, 52.933745359333273 ], [ -118.047760024027468, 52.933581146828509 ], [ -118.047466489943275, 52.933431108699111 ], [ -118.047399889814585, 52.933199640740007 ], [ -118.047447774155927, 52.932941854824435 ], [ -118.047640585132413, 52.932667553067574 ], [ -118.047820922105615, 52.932518199506255 ], [ -118.048022311381018, 52.932456788820666 ], [ -118.049439353557815, 52.932421708415212 ], [ -118.050064979128166, 52.932290816948708 ], [ -118.05041286116888, 52.932115481718355 ], [ -118.050536651101751, 52.931736053011996 ], [ -118.050708922559693, 52.931624951749178 ], [ -118.051220775755809, 52.931635754263198 ], [ -118.051480231522021, 52.931809265140437 ], [ -118.051676956384043, 52.931853554287159 ], [ -118.053499253813584, 52.931888500229761 ], [ -118.053677185796701, 52.931967316335935 ], [ -118.054087060693718, 52.932311965911985 ], [ -118.054359780446617, 52.932364587341738 ], [ -118.054687462869168, 52.932276874072059 ], [ -118.054910793983581, 52.932061575096505 ], [ -118.054860092789795, 52.931903521454394 ], [ -118.054577785785895, 52.931750939574506 ], [ -118.054600742670132, 52.931547156722083 ], [ -118.054895695766646, 52.931361225212463 ], [ -118.055205859299875, 52.931303507892942 ], [ -118.060842700285193, 52.931251747153723 ], [ -118.061060654881473, 52.93128376984356 ], [ -118.06117877535948, 52.931375989201776 ], [ -118.061205320517772, 52.931559752941595 ], [ -118.061112927024979, 52.931719145996169 ], [ -118.060408315617039, 52.931859077156822 ], [ -118.060314534446846, 52.932066422266068 ], [ -118.060413219062596, 52.932273767143059 ], [ -118.060863345405608, 52.932335972435475 ], [ -118.061512866288453, 52.932289780935342 ], [ -118.061589336542482, 52.932240166142002 ], [ -118.06158763262026, 52.932138304481242 ], [ -118.061317271321983, 52.931994452441721 ], [ -118.061288090663453, 52.931861253327483 ], [ -118.061493787659842, 52.931786534548536 ], [ -118.061875619819958, 52.93179268989541 ], [ -118.062060712769537, 52.931901242052433 ], [ -118.062195151991617, 52.932494510929622 ], [ -118.062504917561824, 52.932672951248307 ], [ -118.06250423854128, 52.932770705494093 ], [ -118.062365589757221, 52.932831110318027 ], [ -118.061417382737687, 52.932875323973185 ], [ -118.061125737421179, 52.932947270151935 ], [ -118.06084947797855, 52.933150431279572 ], [ -118.060814713268627, 52.933349252172171 ], [ -118.060974808611846, 52.933631130575634 ], [ -118.061246454811808, 52.933862078566662 ], [ -118.061453981499412, 52.933919062442619 ], [ -118.062127896442206, 52.933976577707178 ], [ -118.062370314033402, 52.934072949030124 ], [ -118.062542578667077, 52.934212968403017 ], [ -118.06261758419457, 52.934465293236492 ], [ -118.062651267124778, 52.935595025892894 ], [ -118.062741882204762, 52.935758536730759 ], [ -118.063060525675922, 52.935947801472629 ], [ -118.06308136370869, 52.936500738276628 ], [ -118.062927922819753, 52.936653756326557 ], [ -118.0623183216142, 52.936933260919368 ], [ -118.062174104737025, 52.937692247754477 ], [ -118.06142497881261, 52.938417034836938 ], [ -118.061174152232709, 52.938509170990955 ], [ -118.060220660652945, 52.938550676169243 ], [ -118.059933276406639, 52.938621592408893 ], [ -118.059616149381, 52.938818341690528 ], [ -118.058984993448732, 52.939453329091101 ], [ -118.057921693276043, 52.939937705764947 ], [ -118.057771865859678, 52.940484005423741 ], [ -118.057435837203428, 52.941050736664607 ], [ -118.057419814532324, 52.941536312383214 ], [ -118.057524421044263, 52.941744472231697 ], [ -118.057703798780338, 52.941775701864167 ], [ -118.057962692952046, 52.941714156821448 ], [ -118.058465440259553, 52.941290575657753 ], [ -118.059466450202564, 52.941226237989632 ], [ -118.059807953903416, 52.941126579373254 ], [ -118.060046413195849, 52.940902426664451 ], [ -118.060150501115231, 52.940437614774922 ], [ -118.060482907831258, 52.940206623576593 ], [ -118.060790039098819, 52.940152207376336 ], [ -118.061120725250262, 52.940158376701596 ], [ -118.06132063576618, 52.9402046217349 ], [ -118.061567360127285, 52.940371515508268 ], [ -118.061774015717361, 52.940351003002419 ], [ -118.061850048446686, 52.940193766333309 ], [ -118.061861702907407, 52.939496243645408 ], [ -118.061973854391837, 52.939367157881982 ], [ -118.062184233774303, 52.939385414703054 ], [ -118.062436697268069, 52.939654344112988 ], [ -118.062708427868799, 52.939804256987181 ], [ -118.062910934562339, 52.939839344325115 ], [ -118.063087032766177, 52.939805526750646 ], [ -118.063242577313574, 52.939283576428309 ], [ -118.063541590237534, 52.938870071429434 ], [ -118.06393418175422, 52.938567573953357 ], [ -118.064819904575302, 52.938039725495777 ], [ -118.065286458063426, 52.937950491893893 ], [ -118.066714253678953, 52.937943105171151 ], [ -118.067016874037236, 52.937979097347039 ], [ -118.067265051736484, 52.938146125253759 ], [ -118.067473026936625, 52.938157772263892 ], [ -118.067569439046792, 52.938072694999946 ], [ -118.067708632454114, 52.937728692133042 ], [ -118.068381794421668, 52.937586525977686 ], [ -118.06858907965298, 52.93716732706293 ], [ -118.069002810740471, 52.937108675406137 ], [ -118.069302396374184, 52.937195173613034 ], [ -118.069451299949506, 52.937553015056793 ], [ -118.069603857710021, 52.937623151529756 ], [ -118.070119128590207, 52.937603270107644 ], [ -118.070377369352158, 52.937422011554581 ], [ -118.070573740956817, 52.93737392987277 ], [ -118.070957404809192, 52.937378059522707 ], [ -118.071112654366786, 52.937445981357321 ], [ -118.071143368520183, 52.93775912354716 ], [ -118.070828972403675, 52.937960058523629 ], [ -118.070752104468809, 52.938081009887838 ], [ -118.070773473164209, 52.938582145932862 ], [ -118.070959817677036, 52.938687771777097 ], [ -118.071933657586797, 52.938741441708274 ], [ -118.072052341977013, 52.938831957486208 ], [ -118.07221281041231, 52.939170237480425 ], [ -118.072780426543332, 52.93925504089929 ], [ -118.072935958631177, 52.939322556158977 ], [ -118.073007908572507, 52.939551801059871 ], [ -118.073019820909238, 52.940315893871059 ], [ -118.073123852394033, 52.940526080862043 ], [ -118.073312331675339, 52.940564061773358 ], [ -118.073621906498801, 52.940529491799872 ], [ -118.074062985954029, 52.940393954793592 ], [ -118.074272427126203, 52.940275021888517 ], [ -118.074291587360719, 52.940121854637269 ], [ -118.073973785704226, 52.939937248808484 ], [ -118.073896715891479, 52.939699072420389 ], [ -118.073946877512483, 52.939305037571785 ], [ -118.074024194028482, 52.939256262579796 ], [ -118.074183439921768, 52.939255133130565 ], [ -118.074287077915642, 52.939340389969011 ], [ -118.074414987176425, 52.939734610659428 ], [ -118.074585895379371, 52.939878672646365 ], [ -118.074905318417692, 52.939993101418381 ], [ -118.075643713145737, 52.940068942156707 ], [ -118.075930233435429, 52.940279449848305 ], [ -118.076133021889348, 52.940604846837338 ], [ -118.076170721968793, 52.941361681293955 ], [ -118.076264464198132, 52.941598447078121 ], [ -118.076632524807678, 52.941760386835618 ], [ -118.077389497767641, 52.941927419649495 ], [ -118.077537875247032, 52.94211154342284 ], [ -118.077515357855233, 52.942294896734275 ], [ -118.077397375969809, 52.942387850110073 ], [ -118.076410953052388, 52.942458710795812 ], [ -118.076256304803252, 52.942550192708175 ], [ -118.076296712602257, 52.942645124653339 ], [ -118.07660582368608, 52.942832025525313 ], [ -118.076713579784695, 52.94365005385616 ], [ -118.076778115775895, 52.943721658275301 ], [ -118.077226456716488, 52.943865429487104 ], [ -118.077480754980215, 52.944025491487807 ], [ -118.077581515043846, 52.944212803322927 ], [ -118.07760227169419, 52.944589719651333 ], [ -118.077504527604844, 52.944801559538369 ], [ -118.077324202650729, 52.944837045698669 ], [ -118.077118866967666, 52.944803716382808 ], [ -118.076774092184408, 52.944575059432886 ], [ -118.076581159276628, 52.944107966300791 ], [ -118.076427826166181, 52.944080754784295 ], [ -118.07629704768091, 52.944138645986207 ], [ -118.076235729983125, 52.944425111099797 ], [ -118.076287362993767, 52.944727610108885 ], [ -118.076405768501161, 52.944826027801085 ], [ -118.076863410969594, 52.944973520067414 ], [ -118.077095191656937, 52.945143779210262 ], [ -118.077171527294027, 52.945342757596194 ], [ -118.077182815934648, 52.945719307607114 ], [ -118.07711896940458, 52.945919776827658 ], [ -118.076950977045414, 52.946063173690028 ], [ -118.076714158537584, 52.946167988553341 ], [ -118.076195992046323, 52.946299792566947 ], [ -118.075918811314722, 52.946500914016347 ], [ -118.075855155926291, 52.946753414822382 ], [ -118.075889028730927, 52.947835929359776 ], [ -118.075829561218953, 52.948013555127218 ], [ -118.075676193931386, 52.948083054926478 ], [ -118.075108881346111, 52.94817562993272 ], [ -118.075030912536377, 52.948289354635236 ], [ -118.074952464867835, 52.948827951023766 ], [ -118.074802275021483, 52.948899343725635 ], [ -118.074241927273832, 52.948996035887482 ], [ -118.074101510641867, 52.949338920355778 ], [ -118.073989749630869, 52.94943288890974 ], [ -118.073610300595121, 52.949476398862586 ], [ -118.072181893878721, 52.949497396711102 ], [ -118.071991413724845, 52.94954879110675 ], [ -118.071913559044972, 52.949662748056305 ], [ -118.071919908788857, 52.949849403097289 ], [ -118.072005951909958, 52.949961019752322 ], [ -118.072785015598569, 52.950062972963529 ], [ -118.073167380850265, 52.950263028458167 ], [ -118.073259989862095, 52.950450564816386 ], [ -118.073311748165011, 52.950921297067424 ], [ -118.073397469865085, 52.951034157156101 ], [ -118.074034538801797, 52.951131612508171 ], [ -118.074129198215928, 52.951207573458539 ], [ -118.074034682196441, 52.95131817551465 ], [ -118.073451341390225, 52.951402909939183 ], [ -118.073357785499525, 52.951481474387748 ], [ -118.073455638723345, 52.951590617729309 ], [ -118.073982112363524, 52.951652598740189 ], [ -118.074134666325818, 52.951720100043367 ], [ -118.074141729399528, 52.951883168583286 ], [ -118.073876445872131, 52.952082570743649 ], [ -118.073414491327128, 52.952171009224472 ], [ -118.071808612583496, 52.952193470682076 ], [ -118.071621534495279, 52.95224317481334 ], [ -118.071534512032173, 52.952404726405497 ], [ -118.071596651243055, 52.954173908001422 ], [ -118.071736515367363, 52.954306050212359 ], [ -118.072377981689471, 52.954400926231628 ], [ -118.072465484660029, 52.954511891446586 ], [ -118.072504473730859, 52.954820428361089 ], [ -118.072432029266707, 52.955402869559748 ], [ -118.072148822859063, 52.955608005413289 ], [ -118.071709905214277, 52.955756800120305 ], [ -118.071666388936777, 52.955851359514746 ], [ -118.071712582743984, 52.955908985047287 ], [ -118.071895686934241, 52.955949547923453 ], [ -118.073049299414848, 52.955954603968436 ], [ -118.073323047645843, 52.95600787896354 ], [ -118.073432212563375, 52.956221428876638 ], [ -118.073400805677139, 52.956632968047252 ], [ -118.073220346430361, 52.956745950996947 ], [ -118.072765764038422, 52.956749020911879 ], [ -118.072644298120451, 52.956711383093655 ], [ -118.072387018523941, 52.956441716894403 ], [ -118.072114024021474, 52.95629370591314 ], [ -118.071803484360117, 52.956240777721455 ], [ -118.070953853337031, 52.956209005567132 ], [ -118.070512362623361, 52.956000569734954 ], [ -118.070240948007239, 52.956032831111514 ], [ -118.069908952716176, 52.956214384294853 ], [ -118.069483075767067, 52.956706223193947 ], [ -118.069428712560438, 52.956904613456878 ], [ -118.069475120742354, 52.957051722557303 ], [ -118.069823399983221, 52.957275497199191 ], [ -118.070221220807326, 52.957326892170762 ], [ -118.070608163114159, 52.95728745551606 ], [ -118.070990801479155, 52.957069428363042 ], [ -118.071297641685987, 52.957049388593973 ], [ -118.071550783315558, 52.957092843038197 ], [ -118.071586671202851, 52.957218888137142 ], [ -118.071257085686838, 52.957445321531289 ], [ -118.071218343828619, 52.957747481914922 ], [ -118.071297036300152, 52.958036319801693 ], [ -118.071583274523604, 52.95818616200151 ], [ -118.071624432371692, 52.958282955537626 ], [ -118.071533950007094, 52.958361999357052 ], [ -118.071171092380283, 52.958388400483294 ], [ -118.070893748195289, 52.958337937601151 ], [ -118.070634825261223, 52.958170414051338 ], [ -118.070444481396379, 52.958168462193569 ], [ -118.070281986107844, 52.958238064557655 ], [ -118.069945774148792, 52.958676446731431 ], [ -118.06991062108969, 52.95932337057053 ], [ -118.069828096260366, 52.959511864968121 ], [ -118.069390478299894, 52.959764446685369 ], [ -118.068283086846279, 52.960048265328375 ], [ -118.068157321908672, 52.960211243491045 ], [ -118.068138189006547, 52.960472669573953 ], [ -118.068186732671194, 52.960727381527207 ], [ -118.068362265606723, 52.960868345341602 ], [ -118.069670788245489, 52.961152460186547 ], [ -118.070232367615645, 52.961341741459343 ], [ -118.070361144667743, 52.961449915798198 ], [ -118.070496001758116, 52.961822068555122 ], [ -118.070718268687756, 52.961892312511573 ], [ -118.071172878171993, 52.961821974865451 ], [ -118.07163337919566, 52.961637088869892 ], [ -118.071742343787349, 52.961463028146142 ], [ -118.071761061782198, 52.960983051698626 ], [ -118.071840149578748, 52.960791735532183 ], [ -118.072226648643124, 52.960503249421244 ], [ -118.072646233034249, 52.960307318513678 ], [ -118.073154961463629, 52.960259555736329 ], [ -118.074672240617616, 52.960262188735115 ], [ -118.075027941072463, 52.960354455748707 ], [ -118.075484957503889, 52.960609751023441 ], [ -118.075668108287104, 52.96075543073664 ], [ -118.075760274101356, 52.960943560909548 ], [ -118.07580006730727, 52.962295594176787 ], [ -118.075734372049595, 52.962582541329596 ], [ -118.075457179457004, 52.962732347514986 ], [ -118.075421362662354, 52.962826894731855 ], [ -118.075516988468934, 52.962902421511778 ], [ -118.076133289824881, 52.962969037548802 ], [ -118.076318318756265, 52.963044183576059 ], [ -118.076609475845061, 52.96333407123376 ], [ -118.076720794282195, 52.963578940019332 ], [ -118.07667606475988, 52.963915644270784 ], [ -118.076390009715993, 52.964070603054594 ], [ -118.076299395700516, 52.964285683498851 ], [ -118.076341952896385, 52.965186239582252 ], [ -118.076421191035919, 52.965303423454742 ], [ -118.076713029286765, 52.96545357150611 ], [ -118.076766382114002, 52.965627449794297 ], [ -118.076718952212971, 52.965802593348172 ], [ -118.07637073626401, 52.966034858265445 ], [ -118.076377175402811, 52.966377307031053 ], [ -118.076526670373667, 52.966534000292093 ], [ -118.07682266021358, 52.966664310710321 ], [ -118.077864227761623, 52.966706909616903 ], [ -118.078056730151872, 52.966752226109548 ], [ -118.078139731322395, 52.966863672274243 ], [ -118.078138064205888, 52.967110905014628 ], [ -118.077771803774567, 52.967571219065789 ], [ -118.077714010034725, 52.96820651488877 ], [ -118.077510620943372, 52.968448655393409 ], [ -118.077116376730629, 52.968578729171483 ], [ -118.076138877296927, 52.968608663731288 ], [ -118.075731582958468, 52.968672512918772 ], [ -118.0750772376079, 52.968888097607348 ], [ -118.074722662128409, 52.969125173878091 ], [ -118.074633684839995, 52.969366384361862 ], [ -118.074620142338958, 52.970438395135531 ], [ -118.074373680280544, 52.970658318350786 ], [ -118.073841763577747, 52.970870052305784 ], [ -118.073759853233398, 52.971802108292863 ], [ -118.073618262369692, 52.971963752146031 ], [ -118.073342254880004, 52.972095101179285 ], [ -118.073023343660623, 52.972076225728394 ], [ -118.072837891850952, 52.971688887273565 ], [ -118.072684944137777, 52.971618124714425 ], [ -118.072169217605264, 52.971637429159031 ], [ -118.071911694951467, 52.971819095194824 ], [ -118.071716237651145, 52.971867781139039 ], [ -118.071334999700113, 52.971865226683576 ], [ -118.071180357752269, 52.971797724640169 ], [ -118.071108962596853, 52.971565373155357 ], [ -118.071080961356543, 52.970637581037927 ], [ -118.070819621365345, 52.970211659784738 ], [ -118.070635892993323, 52.970068580316806 ], [ -118.07039204512806, 52.970028485857704 ], [ -118.070251393018538, 52.97009162685476 ], [ -118.070088163759891, 52.97048099449357 ], [ -118.069882978009773, 52.970504678955187 ], [ -118.069758988875762, 52.970377559039598 ], [ -118.069726379427749, 52.97006621772092 ], [ -118.069793254825314, 52.969831815062079 ], [ -118.069950437683403, 52.969759913887692 ], [ -118.070474221047633, 52.969687869616209 ], [ -118.070592294461335, 52.969553053959167 ], [ -118.070400321104771, 52.969187001810091 ], [ -118.070219074223601, 52.969025560126241 ], [ -118.070034071158005, 52.968946606362458 ], [ -118.069551382900428, 52.968928574999396 ], [ -118.069326153485946, 52.969011886744433 ], [ -118.069238468853584, 52.969878431152594 ], [ -118.06893745487713, 52.970073911003539 ], [ -118.068891634596199, 52.970185144813222 ], [ -118.069085491113924, 52.970403243239026 ], [ -118.069683947468391, 52.97063724695014 ], [ -118.069844203322049, 52.971060993143411 ], [ -118.070177045357283, 52.971415112997427 ], [ -118.070230689319587, 52.972265741764829 ], [ -118.070116848809477, 52.97243921838345 ], [ -118.069870557935189, 52.972553994872584 ], [ -118.069345590677955, 52.97268716975718 ], [ -118.068999509977814, 52.972654064330676 ], [ -118.068919286917549, 52.972542777802978 ], [ -118.068920285399358, 52.972353544328818 ], [ -118.068995554415295, 52.972232914412544 ], [ -118.06927423092101, 52.972076955315522 ], [ -118.069211682154759, 52.971893556577335 ], [ -118.06859042318861, 52.971690220540857 ], [ -118.067644175225411, 52.971579275445357 ], [ -118.067420383302348, 52.971171989909529 ], [ -118.066854825382094, 52.97108515064734 ], [ -118.066700942416077, 52.971015727928915 ], [ -118.066596014010102, 52.97046956724153 ], [ -118.06651530239283, 52.970356826561613 ], [ -118.066265521654017, 52.970327691971171 ], [ -118.065966437495618, 52.970439643923349 ], [ -118.065757712654388, 52.970686269341947 ], [ -118.065748113638179, 52.971442417988712 ], [ -118.065661471740299, 52.971604366468632 ], [ -118.065393816098009, 52.971660764568561 ], [ -118.064242853704783, 52.971684926561622 ], [ -118.06406057905518, 52.971731516184498 ], [ -118.064015010375613, 52.971832681717437 ], [ -118.064149797104733, 52.971968682508944 ], [ -118.064774666378327, 52.972244055371398 ], [ -118.064995858724387, 52.972681663133493 ], [ -118.065674474021776, 52.9728061571792 ], [ -118.065896800548941, 52.973215311415281 ], [ -118.066163784956927, 52.973268586891848 ], [ -118.06730813457304, 52.973274742661161 ], [ -118.067539981000976, 52.973352110607848 ], [ -118.067570849617539, 52.973662406928078 ], [ -118.067461643987969, 52.973763646579947 ], [ -118.067108046158268, 52.973916776653347 ], [ -118.066904920586936, 52.974122939043347 ], [ -118.066767833901267, 52.974356944536289 ], [ -118.066669350996463, 52.974800536666606 ], [ -118.066519629960339, 52.974871835288873 ], [ -118.066288025828428, 52.974895080077296 ], [ -118.063959987144898, 52.974912570634778 ], [ -118.063631184446137, 52.974874876200765 ], [ -118.063368005012364, 52.97476336967916 ], [ -118.062573710684816, 52.974220665299626 ], [ -118.061548276948145, 52.973191516590788 ] ], [ [ -118.074255371089762, 52.968559379030182 ], [ -118.074415034974436, 52.968587974808685 ], [ -118.074972826531337, 52.968283615737434 ], [ -118.075046631074713, 52.968015767513364 ], [ -118.074990158965619, 52.967885730713498 ], [ -118.07484326030891, 52.967817568320811 ], [ -118.074489445995312, 52.967803425555488 ], [ -118.074249172601753, 52.967859613428097 ], [ -118.074149469627727, 52.968063191793938 ], [ -118.074166367095543, 52.968412313140192 ], [ -118.074255371089762, 52.968559379030182 ] ], [ [ -118.071492215907412, 52.966544770502068 ], [ -118.07115086268648, 52.966528570980955 ], [ -118.07089905718577, 52.966696619974378 ], [ -118.07064148743828, 52.966724745902781 ], [ -118.070287215956071, 52.966584764475158 ], [ -118.069986457008, 52.966284375281262 ], [ -118.069826322706817, 52.966257727965264 ], [ -118.06972832558013, 52.966285451433087 ], [ -118.069648789498984, 52.96644329304538 ], [ -118.069684518331698, 52.966760216171458 ], [ -118.06991518312006, 52.967084422540054 ], [ -118.070162881089303, 52.967258985364843 ], [ -118.070476290295574, 52.967306008833766 ], [ -118.071005153489338, 52.96728089370032 ], [ -118.071539436371651, 52.967138045295286 ], [ -118.071820693320475, 52.966987314427797 ], [ -118.0718315304551, 52.966762331975517 ], [ -118.071492215907412, 52.966544770502068 ] ], [ [ -118.072462660308474, 52.965901710765728 ], [ -118.072622442244111, 52.965901168114165 ], [ -118.072723094327657, 52.965815151505801 ], [ -118.07275918205147, 52.96562002273398 ], [ -118.072748436143669, 52.964902655061735 ], [ -118.072674882610713, 52.964669026458132 ], [ -118.072516218907666, 52.964599166349913 ], [ -118.072190110059907, 52.964577048103706 ], [ -118.07175087145734, 52.964590319223575 ], [ -118.071477624018442, 52.964652571182789 ], [ -118.071390667805531, 52.964814394867901 ], [ -118.07145180622453, 52.965036335550408 ], [ -118.071611841350958, 52.965105406653755 ], [ -118.072191533302657, 52.965193279345236 ], [ -118.072277269654805, 52.965307521756024 ], [ -118.072359575650623, 52.96581573938164 ], [ -118.072462660308474, 52.965901710765728 ] ], [ [ -118.070520483381543, 52.965370049178446 ], [ -118.070508936982364, 52.964653066737888 ], [ -118.07043543341797, 52.964419332069767 ], [ -118.070276862570054, 52.964349305318592 ], [ -118.069951002890917, 52.964326741942685 ], [ -118.069431997934885, 52.964347224852489 ], [ -118.069239418394417, 52.96440030527139 ], [ -118.069147449278631, 52.964614361750314 ], [ -118.069255577202426, 52.964903055860333 ], [ -118.069511195828511, 52.965066082382904 ], [ -118.069959940511183, 52.965217286034715 ], [ -118.070147462783581, 52.965603106493369 ], [ -118.070226927397698, 52.965650595805585 ], [ -118.07038585331712, 52.965650241732128 ], [ -118.070485408853017, 52.965564693904923 ], [ -118.070520483381543, 52.965370049178446 ] ], [ [ -118.062946962569669, 52.96602648931573 ], [ -118.062875002945304, 52.965576027417725 ], [ -118.062121078657711, 52.965160692758282 ], [ -118.061943265719449, 52.964778153995674 ], [ -118.061656798962986, 52.964627354445575 ], [ -118.061568202921279, 52.964462662734803 ], [ -118.061548657047311, 52.96355958578912 ], [ -118.061632265049667, 52.963394180205313 ], [ -118.061942672296055, 52.963198964457227 ], [ -118.061981704892148, 52.96284753017364 ], [ -118.061916244416494, 52.962599093033333 ], [ -118.061783011082696, 52.96249319781041 ], [ -118.061021750283686, 52.962212701966251 ], [ -118.060248860226068, 52.961806147264213 ], [ -118.059963142941925, 52.961747967032025 ], [ -118.059729865295992, 52.961769969235284 ], [ -118.059369141456727, 52.96198000601327 ], [ -118.059166303153475, 52.962484555104197 ], [ -118.058531413840981, 52.962597886255736 ], [ -118.05841523435609, 52.962690505841991 ], [ -118.058393882712863, 52.962872297791975 ], [ -118.058491722656115, 52.963028479930443 ], [ -118.059145857133956, 52.963131125652829 ], [ -118.059268591220217, 52.963221834072755 ], [ -118.059302329244687, 52.963356353350072 ], [ -118.059211590682708, 52.963560785619705 ], [ -118.058631610543969, 52.963657346741307 ], [ -118.058474449220171, 52.963729386479081 ], [ -118.058406819369679, 52.963963412239174 ], [ -118.058453995578517, 52.964316351987435 ], [ -118.058513047239899, 52.964381901027622 ], [ -118.058668746262583, 52.964407868799107 ], [ -118.059086446110811, 52.964190897119416 ], [ -118.059489617948856, 52.964167884099034 ], [ -118.059803269643098, 52.964215850727875 ], [ -118.060168036105466, 52.964387294370766 ], [ -118.060529109020962, 52.964633585975875 ], [ -118.060787218534017, 52.965171270698846 ], [ -118.061927752429369, 52.965280307808221 ], [ -118.062010317620562, 52.965393083075583 ], [ -118.062058709426267, 52.965868223199358 ], [ -118.06215264340662, 52.966059720684854 ], [ -118.062462894248142, 52.966244025677398 ], [ -118.062798532570753, 52.966260148257348 ], [ -118.062912116383131, 52.966169973353743 ], [ -118.062946962569669, 52.96602648931573 ] ], [ [ -118.065188271449244, 52.954169936933376 ], [ -118.064973343795302, 52.954184127148892 ], [ -118.06479077820272, 52.954337681773637 ], [ -118.06453206509083, 52.954458651640053 ], [ -118.064441766107976, 52.954837300242417 ], [ -118.064464000160754, 52.955708747775276 ], [ -118.064537919416566, 52.955937128470531 ], [ -118.064694004099422, 52.956004486173214 ], [ -118.065262251250928, 52.956089817591923 ], [ -118.065422737680976, 52.956431697300076 ], [ -118.06554135144583, 52.956525380201462 ], [ -118.066013945221897, 52.956566880301374 ], [ -118.066574136191932, 52.956519002209113 ], [ -118.066703550037772, 52.956378473780461 ], [ -118.066781682083416, 52.955831751315991 ], [ -118.067122607108246, 52.95559677432783 ], [ -118.067092479434308, 52.955286262647718 ], [ -118.066861721458991, 52.955209122546712 ], [ -118.065714358239546, 52.955205676925559 ], [ -118.06544474714029, 52.955153713789393 ], [ -118.065350445327553, 52.95499233536578 ], [ -118.065308120293849, 52.954298335504156 ], [ -118.065188271449244, 52.954169936933376 ] ], [ [ -118.064685223284258, 52.951746460088977 ], [ -118.064201930608192, 52.95172346665521 ], [ -118.064021783865542, 52.951767027623838 ], [ -118.063823519266506, 52.95193020466747 ], [ -118.063571094700791, 52.952047415939646 ], [ -118.063554228781257, 52.952180419868704 ], [ -118.063699901262922, 52.952242877184894 ], [ -118.064550679674568, 52.952244843058551 ], [ -118.064783428907759, 52.952158231789653 ], [ -118.064819488022536, 52.951882882719488 ], [ -118.064685223284258, 52.951746460088977 ] ], [ [ -118.074030795945802, 52.944890517579928 ], [ -118.073967388281631, 52.943927733379105 ], [ -118.073898948037652, 52.943857400510808 ], [ -118.073706744275555, 52.943810942330408 ], [ -118.073394401068072, 52.943813746154873 ], [ -118.073215551871343, 52.943859047038771 ], [ -118.073183201533865, 52.943987646874483 ], [ -118.073521782844537, 52.94420943174034 ], [ -118.073575209131292, 52.944511054970484 ], [ -118.073511136339263, 52.944801555411381 ], [ -118.07323375054429, 52.944957683261585 ], [ -118.073198785649907, 52.945056545780133 ], [ -118.073356942064365, 52.945149711670396 ], [ -118.073812433019967, 52.945144984911813 ], [ -118.073968302938724, 52.945073329586918 ], [ -118.074030795945802, 52.944890517579928 ] ], [ [ -118.072110320873321, 52.944035648437669 ], [ -118.072252581490488, 52.943689738695895 ], [ -118.072367363728944, 52.943594741871763 ], [ -118.073269289128532, 52.943529021572679 ], [ -118.073499375108, 52.943447394462602 ], [ -118.073544577648292, 52.94322626717932 ], [ -118.073446517690769, 52.943069738689751 ], [ -118.072799125567258, 52.942969250614411 ], [ -118.07267840115864, 52.942878069911728 ], [ -118.072606480449565, 52.942141938233618 ], [ -118.07247477221938, 52.94196585191473 ], [ -118.072316054098806, 52.941967939474878 ], [ -118.072217773540004, 52.942055622052862 ], [ -118.072171037703257, 52.942517220511043 ], [ -118.072080071438677, 52.942681477279052 ], [ -118.071404039716569, 52.942810185794983 ], [ -118.071372616120271, 52.942933925106928 ], [ -118.07164904531048, 52.943075847311292 ], [ -118.071739954607622, 52.943286322792481 ], [ -118.071693814583213, 52.943464168768543 ], [ -118.071413881233994, 52.943623453534649 ], [ -118.071374922358004, 52.943781985717408 ], [ -118.071508414361688, 52.94393154055345 ], [ -118.071728721020122, 52.944041090130185 ], [ -118.071932755466463, 52.944072521577802 ], [ -118.072110320873321, 52.944035648437669 ] ], [ [ -118.069121003473796, 52.942938760926822 ], [ -118.070052327938555, 52.942088032753723 ], [ -118.070336501405535, 52.94167654806121 ], [ -118.070375675041063, 52.940979772268861 ], [ -118.070446637692811, 52.940779857091762 ], [ -118.070704831669246, 52.94047378715274 ], [ -118.071145689529146, 52.940261470588247 ], [ -118.071185994808772, 52.940164425354901 ], [ -118.071139298575929, 52.940105478105231 ], [ -118.070956696030976, 52.940063308232446 ], [ -118.070354113353559, 52.940079936435936 ], [ -118.069819721831237, 52.940218814992519 ], [ -118.069533774651774, 52.940367392933645 ], [ -118.069452372175689, 52.940607597140179 ], [ -118.069493122336283, 52.94164151157257 ], [ -118.069434808070483, 52.941872983283645 ], [ -118.069130329857444, 52.94196025708986 ], [ -118.06791169453291, 52.941992973993919 ], [ -118.067794515082213, 52.942032093458359 ], [ -118.067713436319579, 52.942147112876285 ], [ -118.067701994986209, 52.942512533776515 ], [ -118.067801533113013, 52.942755232401609 ], [ -118.068097452062489, 52.942901958473321 ], [ -118.068628196987731, 52.943028060756113 ], [ -118.068946116254224, 52.943015732371151 ], [ -118.069121003473796, 52.942938760926822 ] ], [ [ -118.052460121771929, 52.945312206077553 ], [ -118.052758624030218, 52.945126925833577 ], [ -118.053397292397833, 52.945012496688605 ], [ -118.053489064089064, 52.944850406498929 ], [ -118.05350033366895, 52.94453166184401 ], [ -118.053471212513799, 52.944150197282461 ], [ -118.053375096292939, 52.943961395168841 ], [ -118.053180448635501, 52.943826671529798 ], [ -118.052913034613667, 52.943740034611118 ], [ -118.05247872934099, 52.9437218594557 ], [ -118.052077168119496, 52.943784937497085 ], [ -118.051774297828587, 52.94397533465861 ], [ -118.051718477162979, 52.944157296758583 ], [ -118.05208756956317, 52.944610025946758 ], [ -118.052218165381873, 52.945264624169482 ], [ -118.052296482650348, 52.94531132618274 ], [ -118.052460121771929, 52.945312206077553 ] ], [ [ -118.051208040861454, 52.944018644778552 ], [ -118.05109837204337, 52.943831971266121 ], [ -118.050800131638525, 52.943533320301931 ], [ -118.050479117110186, 52.943386401205863 ], [ -118.04994480397626, 52.943251436608328 ], [ -118.049135590759363, 52.943175387618659 ], [ -118.049018275811534, 52.943081949581718 ], [ -118.048865336290689, 52.94273958827997 ], [ -118.048570494299241, 52.942734015424378 ], [ -118.048196216995578, 52.943088955883951 ], [ -118.048121090584146, 52.943275823093408 ], [ -118.048157371915053, 52.943402350888057 ], [ -118.048245579464208, 52.943455024452042 ], [ -118.048767162977114, 52.943517393918256 ], [ -118.048923531435804, 52.943585768039206 ], [ -118.049029146730405, 52.944124192650733 ], [ -118.049110656706048, 52.944238058870255 ], [ -118.049800671406786, 52.944360095632142 ], [ -118.050008047940082, 52.944510026278145 ], [ -118.050207490737719, 52.944552822484702 ], [ -118.050622490552044, 52.944548582816743 ], [ -118.050909890626187, 52.944474992383611 ], [ -118.051209172795552, 52.944221799965625 ], [ -118.051208040861454, 52.944018644778552 ] ], [ [ -118.042401350992435, 52.944353921393144 ], [ -118.041878982305491, 52.944378204117513 ], [ -118.041415135993915, 52.944495985147078 ], [ -118.041104843350126, 52.944631589169028 ], [ -118.041045758428325, 52.944817292099891 ], [ -118.041354528924515, 52.945002427229809 ], [ -118.041546988870365, 52.945388493656921 ], [ -118.041739181566712, 52.94543822435579 ], [ -118.042165353422774, 52.945451967218695 ], [ -118.04269391913364, 52.945381101591011 ], [ -118.042785838623701, 52.945216178425248 ], [ -118.042796614891088, 52.944893232488127 ], [ -118.042771190901476, 52.94457047439775 ], [ -118.042672525675883, 52.944407376022014 ], [ -118.042401350992435, 52.944353921393144 ] ], [ [ -118.071707614556487, 52.941404833277211 ], [ -118.072056787064867, 52.941344380397133 ], [ -118.072137140596482, 52.941234292404339 ], [ -118.072161787738651, 52.940989541848452 ], [ -118.072050632448864, 52.940644610591356 ], [ -118.071784139424977, 52.94063993669301 ], [ -118.071597709645729, 52.940795810035993 ], [ -118.071333612904269, 52.94092035420141 ], [ -118.071256642204432, 52.941161815314821 ], [ -118.071355947665296, 52.941350221144319 ], [ -118.071707614556487, 52.941404833277211 ] ], [ [ -118.0586955151213, 52.931543644445448 ], [ -118.057928724691052, 52.931552020236573 ], [ -118.057729246620781, 52.93159929256521 ], [ -118.057470092022541, 52.931773302248473 ], [ -118.056830483334025, 52.931889048264651 ], [ -118.056740157507249, 52.932098042778215 ], [ -118.056837523276144, 52.932306286926583 ], [ -118.05711002685274, 52.932361319620242 ], [ -118.057544193948615, 52.932350066250606 ], [ -118.058022788811243, 52.932246344384424 ], [ -118.058596671304159, 52.932034320758142 ], [ -118.058891640879636, 52.931825204579901 ], [ -118.058937162033942, 52.931658623965987 ], [ -118.058883290225126, 52.931591132949229 ], [ -118.0586955151213, 52.931543644445448 ] ], [ [ -118.043451782314563, 52.940868517905272 ], [ -118.043130268266452, 52.94086231563103 ], [ -118.042408091477043, 52.941082106957396 ], [ -118.042278400606264, 52.941193263286365 ], [ -118.042231675084508, 52.941392382644857 ], [ -118.042274432542584, 52.941597870678805 ], [ -118.042427529933505, 52.941755632737376 ], [ -118.042724928847548, 52.941887553885948 ], [ -118.043448185256167, 52.941971204586473 ], [ -118.043754714203573, 52.942152074922589 ], [ -118.043963796345196, 52.942129801242196 ], [ -118.04405012274043, 52.941922278778897 ], [ -118.044016645696175, 52.941433170700066 ], [ -118.043883174578738, 52.941190748500738 ], [ -118.043632567109483, 52.940942226975416 ], [ -118.043451782314563, 52.940868517905272 ] ], [ [ -118.037953118597571, 52.932609074204379 ], [ -118.037764159031809, 52.932553878545853 ], [ -118.037633290419109, 52.932611868589575 ], [ -118.037577818720266, 52.932792038045804 ], [ -118.037604126390463, 52.9338919765244 ], [ -118.037702797301435, 52.934100036702475 ], [ -118.037801783634137, 52.934126783559726 ], [ -118.037954827811575, 52.934097835658342 ], [ -118.038047080244837, 52.93383546005726 ], [ -118.038017186182586, 52.93278820026211 ], [ -118.037953118597571, 52.932609074204379 ] ] ] ] } }
]
}
