{
"type": "FeatureCollection",
"name": "la_2025_palisades",
"crs": { "type": "name", "properties": { "name": "urn:ogc:def:crs:OGC:1.3:CRS84" } },
"features": [
{ "type": "Feature", "properties": { "OBJECTID": 36398, "poly_SourceOID": 172, "poly_IncidentName": "PALISADES", "poly_FeatureCategory": "Wildfire Daily Fire Perimeter", "poly_MapMethod": "IR Image Interpretation", "poly_GISAcres": 23448, "poly_DeleteThis": "No", "poly_FeatureAccess": "Public", "poly_FeatureStatus": "Approved", "poly_IsVisible": "Yes", "poly_CreateDate": 1736316047376, "poly_DateCurrent": 1737503028000, "poly_PolygonDateTime": 1736346704000, "poly_IRWINID": "{A7EA5D21-F882-44B8-BF64-44AB11059DC1}", "poly_FORID": null, "poly_Acres_AutoCalc": 23448.795416588877, "poly_SourceGlobalID": "{844FD304-34F1-4397-86D4-9020AF2355B9}", "poly_Source": "2025 NIFS", "attr_SourceOID": 33045918, "attr_ABCDMisc": null, "attr_ADSPermissionState": "DEFAULT", "attr_CalculatedAcres": null, "attr_ContainmentDateTime": null, "attr_ControlDateTime": null, "attr_CreatedBySystem": "IROC", "attr_IncidentSize": 23448, "attr_DiscoveryAcres": null, "attr_DispatchCenterID": "CAXLAC", "attr_EstimatedCostToDate": 208946523, "attr_FinalAcres": null, "attr_FFReportApprovedByTitle": null, "attr_FFReportApprovedByUnit": null, "attr_FFReportApprovedDate": null, "attr_FireBehaviorGeneral": "Minimal", "attr_FireBehaviorGeneral1": null, "attr_FireBehaviorGeneral2": "Smoldering", "attr_FireBehaviorGeneral3": "Creeping", "attr_FireCause": "Undetermined", "attr_FireCauseGeneral": null, "attr_FireCauseSpecific": null, "attr_FireCode": "SD90", "attr_FireDepartmentID": null, "attr_FireDiscoveryDateTime": 1736274600000, "attr_FireMgmtComplexity": null, "attr_FireOutDateTime": null, "attr_FireStrategyConfinePercent": 0, "attr_FireStrategyFullSuppPrcnt": 100, "attr_FireStrategyMonitorPercent": 0, "attr_FireStrategyPointZonePrcnt": 0, "attr_FSJobCode": null, "attr_FSOverrideCode": null, "attr_GACC": "OSCC", "attr_ICS209ReportDateTime": 1738374324000, "attr_ICS209RptForTimePeriodFrom": 1738288800000, "attr_ICS209RptForTimePeriodTo": 1738373400000, "attr_ICS209ReportStatus": "F", "attr_IncidentManagementOrg": "Type 3 Team", "attr_IncidentName": "Palisades", "attr_IncidentShortDescription": "Pacific Palisades", "attr_IncidentTypeCategory": "WF", "attr_IncidentTypeKind": "FI", "attr_InitialLatitude": null, "attr_InitialLongitude": null, "attr_InitialResponseAcres": null, "attr_InitialResponseDateTime": null, "attr_IrwinID": "{A7EA5D21-F882-44B8-BF64-44AB11059DC1}", "attr_IsFireCauseInvestigated": null, "attr_IsFireCodeRequested": 0, "attr_IsFSAssisted": null, "attr_IsMultiJurisdictional": null, "attr_IsQuarantined": 0, "attr_IsReimbursable": null, "attr_IsTrespass": null, "attr_IsUnifiedCommand": 1, "attr_IsValid": 1, "attr_LocalIncidentIdentifier": "000738", "attr_ModifiedBySystem": "ics209", "attr_PercentContained": 100, "attr_PercentPerimToBeContained": 100, "attr_POOCity": "Los Angeles City", "attr_POOCounty": "Los Angeles", "attr_POODispatchCenterID": "CALACC", "attr_POOFips": "06037", "attr_POOJurisdictionalAgency": null, "attr_POOJurisdictionalUnit": null, "attr_POOJurisdictUnitParentUnit": null, "attr_POOLandownerCategory": "Private", "attr_POOLandownerKind": "Private", "attr_POOLegalDescPrincipalMerid": null, "attr_POOLegalDescQtr": null, "attr_POOLegalDescQtrQtr": null, "attr_POOLegalDescRange": null, "attr_POOLegalDescSection": null, "attr_POOLegalDescTownship": null, "attr_POOPredictiveServiceAreaID": "SC08", "attr_POOProtectingAgency": "C&L", "attr_POOProtectingUnit": "CALFD", "attr_POOState": "US-CA", "attr_PredominantFuelGroup": null, "attr_PredominantFuelModel": null, "attr_PrimaryFuelModel": "Chaparral (6 feet)", "attr_SecondaryFuelModel": "Brush (2 feet)", "attr_TotalIncidentPersonnel": 60, "attr_UniqueFireIdentifier": "2025-CALFD-000738", "attr_FORID": null, "attr_WFDSSDecisionStatus": "No Decision", "attr_EstimatedFinalCost": null, "attr_OrganizationalAssessment": null, "attr_StratDecisionPublishDate": null, "attr_CreatedOnDateTime_dt": 1736277836457, "attr_ModifiedOnDateTime_dt": 1738374324250, "attr_Source": "IRWIN", "attr_IsCpxChild": 0, "attr_CpxName": null, "attr_CpxID": null, "attr_SourceGlobalID": "{35C19D7C-FEDA-42F8-AD76-9B094E783801}", "GlobalID": "2a11c9e3-3295-4623-8c53-4e9a192ae0f3", "Shape__Area": 0.0092679882004631509, "Shape__Length": 1.1576143919146937, "attr_IncidentComplexityLevel": "Type 3 Incident" }, "geometry": { "type": "MultiPolygon", "coordinates": [ [ [ [ -118.569585691499995, 34.088249214493501 ], [ -118.569600073139995, 34.088218437695197 ], [ -118.569617131727, 34.088192437531397 ], [ -118.569642971375998, 34.088167788105999 ], [ -118.569645532048, 34.088136372490098 ], [ -118.569655893494001, 34.088102156308601 ], [ -118.569650935238997, 34.088070848265701 ], [ -118.569536330312005, 34.087891028795198 ], [ -118.569567091294999, 34.087879042978599 ], [ -118.569575755599999, 34.087851099192697 ], [ -118.569577184083997, 34.0878200840679 ], [ -118.569587449676007, 34.0877860731322 ], [ -118.569588139437997, 34.087755155115403 ], [ -118.569567279864003, 34.0877275187094 ], [ -118.569549489181, 34.087704261769701 ], [ -118.569574683728007, 34.087668565706302 ], [ -118.569609342332996, 34.087651710858502 ], [ -118.569594029447003, 34.087512997706803 ], [ -118.569597450456996, 34.087508060498401 ], [ -118.569593394587002, 34.087507249585698 ], [ -118.569556949033995, 34.087499960197299 ], [ -118.569559541271005, 34.0874722422028 ], [ -118.569549681460998, 34.087443732316899 ], [ -118.569532637275998, 34.087416009454799 ], [ -118.569530474578002, 34.087421181532498 ], [ -118.569521357978005, 34.087416704509103 ], [ -118.569520771903996, 34.087417408473399 ], [ -118.569521328969003, 34.087416690621701 ], [ -118.569494197214993, 34.0874033677648 ], [ -118.569459423447, 34.087402439011498 ], [ -118.569435820319995, 34.087408477894598 ], [ -118.569414329739999, 34.087445087723196 ], [ -118.569394071353997, 34.087468077108902 ], [ -118.569377486177999, 34.087492061030801 ], [ -118.569331948227997, 34.0875257382407 ], [ -118.569308966733004, 34.087464951382998 ], [ -118.569290477639001, 34.087438083944001 ], [ -118.569237260985005, 34.087429425410498 ], [ -118.569211003286, 34.087425154178597 ], [ -118.569172783791004, 34.087418935069401 ], [ -118.569153682681005, 34.087415827421502 ], [ -118.569131562202998, 34.087406808277002 ], [ -118.569117366034007, 34.0874010197006 ], [ -118.569092926159996, 34.087391054552299 ], [ -118.569076848901005, 34.087385488473799 ], [ -118.569043414120003, 34.087374435798303 ], [ -118.569021289608997, 34.087387440488598 ], [ -118.569005838807996, 34.087393996362003 ], [ -118.568992499293003, 34.087398095882598 ], [ -118.568979024635993, 34.087402236979003 ], [ -118.568965581580002, 34.087406368553602 ], [ -118.568945188181999, 34.087406571353696 ], [ -118.568909259088997, 34.0874039131808 ], [ -118.568883233026, 34.087425996117602 ], [ -118.568879329937005, 34.087429308071997 ], [ -118.568874454126998, 34.087429487554502 ], [ -118.568861900242993, 34.087429948362697 ], [ -118.568855155883995, 34.087430196336499 ], [ -118.568840492666993, 34.087430736133904 ], [ -118.568830705276, 34.087431095547601 ], [ -118.568810332297005, 34.087431844917901 ], [ -118.568742313941996, 34.087434345337599 ], [ -118.568736620901007, 34.0874379927211 ], [ -118.568718935017998, 34.087455853839799 ], [ -118.568692958118007, 34.0874368285819 ], [ -118.568664812562005, 34.087455784426403 ], [ -118.568632205605994, 34.087448085868303 ], [ -118.568598086487995, 34.087445480983902 ], [ -118.568570397428005, 34.087424477833501 ], [ -118.568542926220999, 34.087440134340397 ], [ -118.568528031859998, 34.0874421235875 ], [ -118.568506314969994, 34.087445025146103 ], [ -118.568496701071993, 34.087476545098497 ], [ -118.568454848710999, 34.0874705731175 ], [ -118.568415975483006, 34.087473443059601 ], [ -118.568360811789006, 34.087479746985402 ], [ -118.568334641250999, 34.087508823090303 ], [ -118.568371399154003, 34.087520452337202 ], [ -118.568352566008997, 34.087554104016696 ], [ -118.568322592547005, 34.0875666439388 ], [ -118.568281274886999, 34.087544410186403 ], [ -118.568260085391998, 34.087566493339601 ], [ -118.568217317982999, 34.087541974859199 ], [ -118.568173384876999, 34.087553846208301 ], [ -118.568137277603, 34.087547986863498 ], [ -118.568128919906002, 34.087535857912002 ], [ -118.568090399281999, 34.087525393776502 ], [ -118.568079195562007, 34.087519238777404 ], [ -118.568060215157999, 34.087505186772901 ], [ -118.568056014231004, 34.087476673028803 ], [ -118.568054589998994, 34.087448391612398 ], [ -118.568037509424997, 34.087434877356898 ], [ -118.567994433533997, 34.087400795800399 ], [ -118.567944677859003, 34.0873972477509 ], [ -118.567900430584004, 34.087408040403403 ], [ -118.567867240495005, 34.087402021994201 ], [ -118.567852575001993, 34.087423216095601 ], [ -118.567842984989994, 34.0874331757825 ], [ -118.567838391126003, 34.087437165098599 ], [ -118.567838472844002, 34.087437379792398 ], [ -118.567830186340998, 34.087443772207202 ], [ -118.567830181214006, 34.087444293237397 ], [ -118.567825083049001, 34.087448719776702 ], [ -118.567817456162004, 34.087454656183098 ], [ -118.567816860986994, 34.0874558603835 ], [ -118.567813673559002, 34.0874623114697 ], [ -118.567793769446993, 34.087475911802997 ], [ -118.567760650013994, 34.087504670553201 ], [ -118.567738637637007, 34.087534222509802 ], [ -118.567777758334003, 34.087577105845597 ], [ -118.567799244918007, 34.087611535519201 ], [ -118.567857999669002, 34.087640000097998 ], [ -118.567867459151998, 34.087649761927302 ], [ -118.568107999982999, 34.087898000003399 ], [ -118.567954000233996, 34.088033999856002 ], [ -118.567687999694002, 34.088385999923403 ], [ -118.567661000453995, 34.088433999722703 ], [ -118.567494000522998, 34.088722000346003 ], [ -118.567314999686999, 34.088768999853698 ], [ -118.567053000288993, 34.088867999791901 ], [ -118.567031000502993, 34.0889140004493 ], [ -118.566912999804998, 34.0892820000578 ], [ -118.566901000450997, 34.089325999679502 ], [ -118.566895334725004, 34.089345963489897 ], [ -118.566837999697, 34.0895480001615 ], [ -118.566655000061999, 34.089609999639002 ], [ -118.566324000532006, 34.089679999978102 ], [ -118.566049885984, 34.089510582974398 ], [ -118.566036000568005, 34.089502000442103 ], [ -118.565545000355996, 34.089217999923399 ], [ -118.565375999512, 34.0891629995931 ], [ -118.564771000028998, 34.089392999836697 ], [ -118.564700000244002, 34.089421000218699 ], [ -118.564068828342002, 34.0897314366077 ], [ -118.563886615045007, 34.0903852910156 ], [ -118.563870450720003, 34.090591534895303 ], [ -118.563853518461997, 34.090807567041999 ], [ -118.563823306586002, 34.091071368730802 ], [ -118.563289222787006, 34.091096024352801 ], [ -118.563072000025997, 34.091161999677901 ], [ -118.562769000057003, 34.091256999971201 ], [ -118.562571546491995, 34.091295247815097 ], [ -118.561499000533999, 34.091503000103899 ], [ -118.561429999612997, 34.091513999784901 ], [ -118.560757000115998, 34.091663999688897 ], [ -118.560627000394007, 34.091647000087697 ], [ -118.560166000281995, 34.091525999987901 ], [ -118.559936000131003, 34.091610000198699 ], [ -118.559824000419994, 34.091718999830697 ], [ -118.559769000239996, 34.092002000141299 ], [ -118.559780000008999, 34.0920900000594 ], [ -118.559841999645997, 34.092168999719902 ], [ -118.559974999496006, 34.092327999759803 ], [ -118.559975000202002, 34.0923719996279 ], [ -118.560466000009001, 34.092405000008696 ], [ -118.560723999502997, 34.092717000290897 ], [ -118.561097570422007, 34.092563654254903 ], [ -118.561276999623999, 34.092489999588999 ], [ -118.561368999535006, 34.0923799996959 ], [ -118.561624000155007, 34.092215999946099 ], [ -118.561622999901999, 34.092422000015297 ], [ -118.561660000231001, 34.0928770000003 ], [ -118.561596999765996, 34.093067000288201 ], [ -118.561023000207996, 34.093077999838599 ], [ -118.560710171861999, 34.0931506726956 ], [ -118.560373000835, 34.093229000015299 ], [ -118.560193999578004, 34.093199000104697 ], [ -118.559815999867993, 34.0931470003664 ], [ -118.559696000399995, 34.093121999615697 ], [ -118.558940999667001, 34.093152999891601 ], [ -118.558901000250998, 34.093668999943603 ], [ -118.559031000052002, 34.094031000212702 ], [ -118.559192999911005, 34.0940359999652 ], [ -118.559394000460003, 34.093983000387603 ], [ -118.559448000260005, 34.093793000357103 ], [ -118.559810000374995, 34.093687000238702 ], [ -118.560377408749005, 34.093828853071898 ], [ -118.560522000003004, 34.093865000214599 ], [ -118.560692271022006, 34.093904167990999 ], [ -118.560865097960004, 34.0937604186676 ], [ -118.561420672924001, 34.093947076757701 ], [ -118.561529394459996, 34.094254901237299 ], [ -118.561420487147998, 34.094412286359002 ], [ -118.561470999734993, 34.094477000116001 ], [ -118.561335815947999, 34.094853014467297 ], [ -118.561200999725997, 34.095227999995402 ], [ -118.561153999919, 34.095396000237002 ], [ -118.561049000021995, 34.095417000381602 ], [ -118.560866745357004, 34.095574955306503 ], [ -118.561005225713004, 34.096012138888099 ], [ -118.561175000467998, 34.0962660004204 ], [ -118.561190000459007, 34.096824000411203 ], [ -118.560493000546003, 34.096975999825602 ], [ -118.560376999732, 34.096988000071903 ], [ -118.559757999824001, 34.097375999774101 ], [ -118.559644000028996, 34.097509000299702 ], [ -118.559470999536998, 34.097926999554097 ], [ -118.559507000368995, 34.098003999695997 ], [ -118.559594113943007, 34.098201317798903 ], [ -118.559663605479997, 34.098358720173103 ], [ -118.559673000098002, 34.098379999798603 ], [ -118.559986000101006, 34.098868000375496 ], [ -118.560179000201998, 34.098900000016101 ], [ -118.560820999705001, 34.098847999990703 ], [ -118.56167099999, 34.098529000308602 ], [ -118.562258000645002, 34.098204000349597 ], [ -118.562359999915998, 34.098186000348598 ], [ -118.562747000412998, 34.098131000024502 ], [ -118.562960792902004, 34.097818845265998 ], [ -118.563009999602997, 34.097747000010699 ], [ -118.563016000472004, 34.097658000065998 ], [ -118.563295999597997, 34.097483999813697 ], [ -118.563318999594998, 34.097440999652399 ], [ -118.563668, 34.097406999973401 ], [ -118.563912000345994, 34.097454000279797 ], [ -118.563942000092993, 34.097685999716298 ], [ -118.563901000464, 34.098019999760503 ], [ -118.563483999827, 34.098260999916199 ], [ -118.563357000002995, 34.098286999781102 ], [ -118.563323334781998, 34.098618845250897 ], [ -118.563307999751999, 34.0987700002511 ], [ -118.563280792016997, 34.098812086345902 ], [ -118.563313438397003, 34.098891915173901 ], [ -118.563360366140003, 34.098993952152803 ], [ -118.563151836681996, 34.099282133249403 ], [ -118.563148878524999, 34.099444407738403 ], [ -118.563144690355003, 34.099674299060602 ], [ -118.563215266114, 34.099817212270601 ], [ -118.563848494889996, 34.099872534211897 ], [ -118.564155318768002, 34.099991369983002 ], [ -118.564133272223003, 34.100308953967499 ], [ -118.564032271288994, 34.1004970473249 ], [ -118.564272830329998, 34.100682679201803 ], [ -118.564385043094006, 34.100772011219298 ], [ -118.564338239411001, 34.101109572187703 ], [ -118.564450083528996, 34.101219189390001 ], [ -118.564183289522006, 34.101581030701396 ], [ -118.564087338635005, 34.101938262110302 ], [ -118.563717812150998, 34.102136495715598 ], [ -118.563451998253996, 34.102444245448801 ], [ -118.563449288057001, 34.102592996800901 ], [ -118.563689236268999, 34.102812436440097 ], [ -118.563466778389994, 34.1029719451017 ], [ -118.563424404480998, 34.103066092780402 ], [ -118.563564456861997, 34.103412770782803 ], [ -118.563748855106994, 34.103557117354597 ], [ -118.564025881790002, 34.103526792946099 ], [ -118.564153249290001, 34.103677182749202 ], [ -118.564123072610002, 34.103994663967498 ], [ -118.564126893050002, 34.104231415632398 ], [ -118.563487839101995, 34.104493883740403 ], [ -118.563384267735998, 34.104494156125803 ], [ -118.563210330234995, 34.104494613406601 ], [ -118.563092923791999, 34.104662207614197 ], [ -118.563100911994994, 34.104745285278497 ], [ -118.563114286667997, 34.104884387988697 ], [ -118.563134879532996, 34.105148826886499 ], [ -118.562814800924002, 34.105282165232403 ], [ -118.562491062510006, 34.105616231954002 ], [ -118.562399443556998, 34.105763016804502 ], [ -118.562370037785001, 34.105768185848802 ], [ -118.562119011895007, 34.105812314836797 ], [ -118.561817013414, 34.106347429943902 ], [ -118.561804615007006, 34.106364039272101 ], [ -118.561582571903003, 34.106661485840299 ], [ -118.561465899485995, 34.106695680748402 ], [ -118.560994946356004, 34.106833710780997 ], [ -118.560597093588001, 34.107050598294798 ], [ -118.560441568941997, 34.107217708992501 ], [ -118.560319740154, 34.107612153633198 ], [ -118.560266008446007, 34.107786117415998 ], [ -118.560094824500993, 34.108126922934602 ], [ -118.559975920005002, 34.108363645345499 ], [ -118.559818460502001, 34.1086364013969 ], [ -118.559501220764005, 34.109308688598396 ], [ -118.559395151236998, 34.109550391900399 ], [ -118.558797691845001, 34.109563975391403 ], [ -118.558796254496997, 34.109563494735902 ], [ -118.558494001287002, 34.109475999565902 ], [ -118.558240000450994, 34.1094940002979 ], [ -118.558192537615, 34.1093617282732 ], [ -118.558036304808994, 34.109367403397201 ], [ -118.558013347417997, 34.109374415372898 ], [ -118.557917536934994, 34.109647004528298 ], [ -118.557906113764005, 34.109679505232499 ], [ -118.557906141394994, 34.109679594833302 ], [ -118.557942099201995, 34.109796197996303 ], [ -118.557760381509993, 34.110005242337202 ], [ -118.557684683605004, 34.110177725800703 ], [ -118.557823231737999, 34.1100659592868 ], [ -118.557886822306003, 34.110040515799703 ], [ -118.557955241995998, 34.109907758771001 ], [ -118.558085550108999, 34.109842595810299 ], [ -118.558229983025996, 34.109789542157699 ], [ -118.558359243759, 34.1097816333561 ], [ -118.558522534876005, 34.109795627306099 ], [ -118.558557537951998, 34.1098005595221 ], [ -118.558578807236998, 34.1098617500693 ], [ -118.558581816371003, 34.109897575141801 ], [ -118.558592337278, 34.109925379647599 ], [ -118.558575225403004, 34.1099601803936 ], [ -118.558568809956995, 34.109989942524599 ], [ -118.558555679387993, 34.110016822305198 ], [ -118.558534350965999, 34.110040033784998 ], [ -118.558498158714002, 34.110056496892803 ], [ -118.558461193228993, 34.110059872660102 ], [ -118.558428055997993, 34.110075616193697 ], [ -118.558395350045998, 34.110094095896997 ], [ -118.558361933737004, 34.1100825340379 ], [ -118.558315874114001, 34.110095388800303 ], [ -118.558285771290997, 34.110120905356702 ], [ -118.558305218336002, 34.110146634766402 ], [ -118.558293306907998, 34.110166536787503 ], [ -118.558271594573995, 34.110181391614901 ], [ -118.558271688784004, 34.110181634415603 ], [ -118.558242627151998, 34.110185485108801 ], [ -118.558217444633996, 34.110214451812702 ], [ -118.558197471138996, 34.110236537227003 ], [ -118.558174671635996, 34.110264896680597 ], [ -118.558152352, 34.110288533690102 ], [ -118.558173608367994, 34.110314914366498 ], [ -118.558208681387001, 34.110325932874801 ], [ -118.558244381709997, 34.110338750639499 ], [ -118.558276202062999, 34.110354063430997 ], [ -118.558311925108001, 34.110364869253601 ], [ -118.558329366313998, 34.110399926623799 ], [ -118.558315666235004, 34.110427174199501 ], [ -118.558279356046, 34.110439818678302 ], [ -118.558248193572993, 34.1104502392743 ], [ -118.558250539945007, 34.110479439648103 ], [ -118.558273811074997, 34.110501941268701 ], [ -118.558309602010993, 34.1105022208218 ], [ -118.558340924630997, 34.110515945117498 ], [ -118.558357992626, 34.110536911404502 ], [ -118.558361017539994, 34.110540626985603 ], [ -118.558358645598005, 34.110542286449999 ], [ -118.558333244893007, 34.110560060662301 ], [ -118.558296425264004, 34.110578803840603 ], [ -118.558290564013006, 34.110612575724602 ], [ -118.55828956018, 34.110646305363197 ], [ -118.558307840932002, 34.110670787619398 ], [ -118.558303350697997, 34.110700961718699 ], [ -118.558283690465004, 34.110725652003197 ], [ -118.558292229743998, 34.110754283392602 ], [ -118.558314320299999, 34.1107751310916 ], [ -118.558301184640001, 34.110803166515304 ], [ -118.558280071992996, 34.110830213048601 ], [ -118.558296565378996, 34.110857764931701 ], [ -118.558311068052006, 34.1108828466962 ], [ -118.558332796835998, 34.110914884064201 ], [ -118.558359845124002, 34.110944554577898 ], [ -118.558359774722007, 34.110976089974599 ], [ -118.558363796183002, 34.111004927462297 ], [ -118.558382107956007, 34.111034714667703 ], [ -118.558397854060999, 34.1110661435577 ], [ -118.558398543118997, 34.111100255198799 ], [ -118.558379860873998, 34.111146453843503 ], [ -118.558347188073, 34.111154025472203 ], [ -118.558343034117001, 34.111181875168597 ], [ -118.558336659673998, 34.111209621956199 ], [ -118.558343320136998, 34.1112372550161 ], [ -118.55836006138, 34.111268569373898 ], [ -118.558383987377994, 34.111298965779199 ], [ -118.558349742415004, 34.111317573839401 ], [ -118.558348708081994, 34.111347696062197 ], [ -118.558376367891995, 34.111369425537099 ], [ -118.558381783357007, 34.1114021842466 ], [ -118.558369344124998, 34.111434459327299 ], [ -118.55836574368, 34.111461977943797 ], [ -118.558343715445005, 34.111495926693301 ], [ -118.558330608214007, 34.111526195538502 ], [ -118.558310423083995, 34.111550767380798 ], [ -118.558296994010007, 34.1115779453268 ], [ -118.558298914063002, 34.1116056221028 ], [ -118.558287081187999, 34.111631590551902 ], [ -118.558273270002005, 34.111659803119402 ], [ -118.558295673906002, 34.111682321681997 ], [ -118.558295577861003, 34.111712115883897 ], [ -118.558283110410997, 34.111738875056098 ], [ -118.558251794108003, 34.111766689533901 ], [ -118.558232124941995, 34.111789896662401 ], [ -118.558222074938996, 34.111817962058502 ], [ -118.558208004744003, 34.111843262115102 ], [ -118.558198399470001, 34.111870482994 ], [ -118.558184131567998, 34.111901553913803 ], [ -118.558172280277006, 34.111931192220197 ], [ -118.558206365174996, 34.111945538354398 ], [ -118.558237130552001, 34.111955855951003 ], [ -118.558251057350006, 34.111986176382999 ], [ -118.558243745512002, 34.112017811285099 ], [ -118.558205665268005, 34.1120264287674 ], [ -118.558200113023005, 34.112053847850298 ], [ -118.558172939783006, 34.112074618793898 ], [ -118.558150540390002, 34.112101936583201 ], [ -118.558132342955005, 34.1121317425333 ], [ -118.558105198489002, 34.1121525381648 ], [ -118.558079089974001, 34.1121725274065 ], [ -118.558057768140998, 34.112201503186498 ], [ -118.558033179065006, 34.112227324669 ], [ -118.558009142049002, 34.112261843829501 ], [ -118.558002496282995, 34.112289477150597 ], [ -118.557989924005994, 34.112324208938198 ], [ -118.557954397694999, 34.112294363527504 ], [ -118.557905058930004, 34.112282772350397 ], [ -118.557899867290004, 34.112317377521798 ], [ -118.557911798066996, 34.112349305396101 ], [ -118.557933268463998, 34.112372901245202 ], [ -118.557942664679999, 34.112406249408899 ], [ -118.557944555893997, 34.1124124424665 ], [ -118.557920593061993, 34.112429447717197 ], [ -118.557950767475006, 34.112432787318397 ], [ -118.557950999642998, 34.1124335484376 ], [ -118.557937138463998, 34.112461160796897 ], [ -118.557913412245995, 34.112480342614703 ], [ -118.557902878820997, 34.112507562529501 ], [ -118.557921842385994, 34.112531537759999 ], [ -118.557951346039999, 34.112545294106802 ], [ -118.557984779609001, 34.112550395033999 ], [ -118.558019728789006, 34.112550100565102 ], [ -118.558050426050002, 34.1125631462562 ], [ -118.558082935944, 34.112557995052498 ], [ -118.558114751462995, 34.112549080206897 ], [ -118.55811723059, 34.112576594542098 ], [ -118.558140590421999, 34.112602635737701 ], [ -118.558143709318998, 34.112631446441 ], [ -118.558137801284005, 34.112656146513302 ], [ -118.558104566761003, 34.112682954906703 ], [ -118.558067695096994, 34.112672301312799 ], [ -118.558032828845, 34.112673037691501 ], [ -118.558002789545995, 34.112700238065599 ], [ -118.558003736816005, 34.112732730172901 ], [ -118.558000257244998, 34.112762342708997 ], [ -118.557999051647002, 34.112772600330501 ], [ -118.557983579669994, 34.112797237113597 ], [ -118.557969339352994, 34.112823230040497 ], [ -118.557907138898997, 34.112842491326802 ], [ -118.557891317252995, 34.112845467253699 ], [ -118.557868464858998, 34.112849765123599 ], [ -118.557854829811006, 34.112876211045297 ], [ -118.557818328893006, 34.1128881930304 ], [ -118.557795155074004, 34.112907985826297 ], [ -118.557764238695, 34.1129277122185 ], [ -118.557737649269995, 34.112948488626898 ], [ -118.557723308023995, 34.112914868749897 ], [ -118.557708575175994, 34.1129429487506 ], [ -118.557712486826006, 34.112974284739501 ], [ -118.557713161560997, 34.113009756536897 ], [ -118.55772269453, 34.113040369398597 ], [ -118.557756560095001, 34.113050785830602 ], [ -118.557783924920997, 34.113068337614799 ], [ -118.557787935514, 34.113097941217099 ], [ -118.557803829752004, 34.1131265565311 ], [ -118.557831455181997, 34.1131447985601 ], [ -118.557867704165005, 34.113150447197498 ], [ -118.557892599392005, 34.113169187474 ], [ -118.557904725293994, 34.113202189698498 ], [ -118.557921499190002, 34.113226576252202 ], [ -118.557946052478997, 34.113252395463803 ], [ -118.557960708577994, 34.1132819092335 ], [ -118.557969939919005, 34.113312068388097 ], [ -118.557962369254994, 34.113342667711002 ], [ -118.557951817567002, 34.113369221149199 ], [ -118.557953334301004, 34.113396835980801 ], [ -118.557915382974997, 34.1133943969011 ], [ -118.557882500009995, 34.113388690793002 ], [ -118.557887893162004, 34.113423850832802 ], [ -118.557906284927995, 34.1134514194923 ], [ -118.557904742451996, 34.113452889297598 ], [ -118.557905357633004, 34.113453929324301 ], [ -118.557884752109999, 34.113473534644797 ], [ -118.557855210362007, 34.113497992508997 ], [ -118.557817023823006, 34.113508289854501 ], [ -118.557776058933996, 34.113517981373903 ], [ -118.557739027531994, 34.113529965633298 ], [ -118.557704217036999, 34.113535633054603 ], [ -118.557669109624996, 34.113529323571498 ], [ -118.557631958884002, 34.113511625419001 ], [ -118.557594655472997, 34.113509738049899 ], [ -118.557599209195004, 34.113539161901798 ], [ -118.557631311229002, 34.113548327273001 ], [ -118.557662905925, 34.113563120739499 ], [ -118.557693259667005, 34.113583465405803 ], [ -118.557716342163005, 34.1136036973367 ], [ -118.557721383851998, 34.1136316362334 ], [ -118.557751782042999, 34.113647538735997 ], [ -118.557784792397001, 34.113655649952399 ], [ -118.557790268336007, 34.113684446277702 ], [ -118.557783141783005, 34.1137122159044 ], [ -118.557776666424999, 34.113740301187804 ], [ -118.557808058125005, 34.113755411181003 ], [ -118.557844426371005, 34.113764570958203 ], [ -118.557852086522999, 34.113796584497798 ], [ -118.557846404380001, 34.113825520036499 ], [ -118.557824706443995, 34.113854402620902 ], [ -118.557796801587997, 34.1138748288217 ], [ -118.557817337060001, 34.113901905323203 ], [ -118.557814247560003, 34.1139362043631 ], [ -118.557802703685994, 34.113968155261901 ], [ -118.557785939558002, 34.113996087840199 ], [ -118.557790407214995, 34.114027910433997 ], [ -118.55779712927, 34.1140565052441 ], [ -118.557831499049001, 34.114064273931099 ], [ -118.557868007363993, 34.1140677405457 ], [ -118.557896265783995, 34.114085179172697 ], [ -118.557919602349997, 34.114109727149803 ], [ -118.557907987018993, 34.114138117935703 ], [ -118.557895560207001, 34.114166242422002 ], [ -118.557903361192004, 34.114205020951204 ], [ -118.557911701833007, 34.114239131006102 ], [ -118.557931642325002, 34.114264425751003 ], [ -118.557967265985994, 34.114285026306 ], [ -118.558001430458006, 34.114297802104602 ], [ -118.558035739076004, 34.114307854411997 ], [ -118.558066699508004, 34.114297066225497 ], [ -118.558090816611994, 34.114275745529298 ], [ -118.558129988960999, 34.114270130453697 ], [ -118.558162964641994, 34.114280509344702 ], [ -118.558182563030002, 34.114307264691497 ], [ -118.558208614642993, 34.114328005550298 ], [ -118.558204290616999, 34.114357969773899 ], [ -118.558173048721002, 34.114377982425502 ], [ -118.558151585930005, 34.114399163614998 ], [ -118.558145645449997, 34.114426638119198 ], [ -118.558117800801995, 34.114403460292401 ], [ -118.558081858044005, 34.114405042230203 ], [ -118.558080736918996, 34.114376125226698 ], [ -118.558051265228002, 34.114390395897502 ], [ -118.558017777443993, 34.114402736988801 ], [ -118.557992855386004, 34.114423846446101 ], [ -118.558006290943993, 34.114450636556597 ], [ -118.557975634772006, 34.114436371648701 ], [ -118.557946511904007, 34.114453321522603 ], [ -118.557925299824007, 34.114475312703 ], [ -118.557893768189999, 34.1144647536779 ], [ -118.557861882395002, 34.114488192900303 ], [ -118.557846155375998, 34.114516438799399 ], [ -118.557836251248006, 34.114546459530303 ], [ -118.557843768762993, 34.114576436501302 ], [ -118.557853586638998, 34.114603222331397 ], [ -118.557890230130994, 34.114611877103698 ], [ -118.557921321907997, 34.1146255047558 ], [ -118.557932040199006, 34.114656290303301 ], [ -118.557934419923001, 34.114692913208501 ], [ -118.557951447338993, 34.114725149773697 ], [ -118.557968410737004, 34.114758101334203 ], [ -118.557990302562004, 34.1147842988183 ], [ -118.558018550927997, 34.114802776726101 ], [ -118.55803987006, 34.114833910002901 ], [ -118.558047977979001, 34.114866999260698 ], [ -118.558052896104996, 34.114901941368302 ], [ -118.558079199760002, 34.114920232386801 ], [ -118.558105966228993, 34.114942264259398 ], [ -118.558126254521994, 34.1149643232758 ], [ -118.558140671564004, 34.114989857324701 ], [ -118.558121933509, 34.115034187988499 ], [ -118.558089559289002, 34.115043423912702 ], [ -118.558069816764004, 34.115071839009602 ], [ -118.558059078365005, 34.115099165358203 ], [ -118.558040536090999, 34.1151224163848 ], [ -118.558020297184996, 34.115146968481199 ], [ -118.558007133794007, 34.115176592781999 ], [ -118.558011103089001, 34.115213206020101 ], [ -118.558029051573996, 34.115237829130599 ], [ -118.558014575087, 34.115264500563597 ], [ -118.558039042109996, 34.115283929512401 ], [ -118.558046930556998, 34.115311179524397 ], [ -118.558058095597005, 34.1153380562778 ], [ -118.558060066140001, 34.115371093131998 ], [ -118.558065955996994, 34.115400387755699 ], [ -118.558041160141997, 34.115419619127699 ], [ -118.558023714073002, 34.1154470661697 ], [ -118.558026158036, 34.1154786990286 ], [ -118.558052794717995, 34.115499953046303 ], [ -118.558080321828996, 34.1154763793295 ], [ -118.558121308493995, 34.115483095681299 ], [ -118.558122125208996, 34.115510578985898 ], [ -118.558090220048996, 34.115528537654498 ], [ -118.558080448195, 34.115555414637797 ], [ -118.558080006183005, 34.115593686758302 ], [ -118.558074297914999, 34.115622862628697 ], [ -118.558061882250001, 34.115652975988198 ], [ -118.558046601168996, 34.115677815262401 ], [ -118.558032697624, 34.115709136768999 ], [ -118.558002640965, 34.115737400644598 ], [ -118.557975265077999, 34.115760465087497 ], [ -118.557964706546997, 34.1157886789778 ], [ -118.557949558825001, 34.115813988714102 ], [ -118.557946707933993, 34.115842058487402 ], [ -118.557952905017999, 34.115873878543702 ], [ -118.557960754907, 34.115883442910302 ], [ -118.557974944543005, 34.115900730565102 ], [ -118.557980043485003, 34.115906942534998 ], [ -118.557996623066003, 34.115920410919998 ], [ -118.558004636952006, 34.115929189427597 ], [ -118.558017170091006, 34.115942917652397 ], [ -118.558015887291006, 34.115948799179897 ], [ -118.558011067517995, 34.115970887695497 ], [ -118.557979738544006, 34.115960477328798 ], [ -118.558005691090997, 34.115989802125299 ], [ -118.558037867329006, 34.115997872033198 ], [ -118.558069905916994, 34.1160101484924 ], [ -118.558076717646003, 34.116012162098997 ], [ -118.558086760012998, 34.116015130708298 ], [ -118.558104393728001, 34.116020343654803 ], [ -118.558136491561996, 34.115986526961699 ], [ -118.558157548881994, 34.116011841146999 ], [ -118.558160266277, 34.116022541412697 ], [ -118.558164866794002, 34.1160406534609 ], [ -118.558187816922995, 34.1160635448487 ], [ -118.558208432474999, 34.116091023396599 ], [ -118.558232588677001, 34.116109917355899 ], [ -118.558260067602006, 34.116127103476998 ], [ -118.558290012895995, 34.116153363939198 ], [ -118.558284325596006, 34.116187501137901 ], [ -118.558281688972997, 34.1162151832579 ], [ -118.558293425806994, 34.116241217055901 ], [ -118.558281452808998, 34.116268584575103 ], [ -118.558272295379993, 34.116303300836698 ], [ -118.558272756308, 34.116308034241797 ], [ -118.558275399025007, 34.116335149351798 ], [ -118.558268203642996, 34.116368219904601 ], [ -118.558261964978996, 34.116399128987801 ], [ -118.558250190419997, 34.1164300491982 ], [ -118.558253477760005, 34.1164586112846 ], [ -118.558286818035, 34.116470268563198 ], [ -118.558323462762999, 34.116484655953698 ], [ -118.558312584001996, 34.116511352150901 ], [ -118.558299276883005, 34.116543552975202 ], [ -118.558274556422006, 34.116563447047703 ], [ -118.558258441728, 34.1165877411837 ], [ -118.558221075096995, 34.1166023898394 ], [ -118.558197851548996, 34.116622357818002 ], [ -118.558204429550003, 34.116651676421803 ], [ -118.558221221883002, 34.116676226238603 ], [ -118.558249630557, 34.1166938036475 ], [ -118.558268172485, 34.1167169448686 ], [ -118.558262042763999, 34.116749957664098 ], [ -118.558273922728006, 34.116780380958701 ], [ -118.558292093592996, 34.116804724616898 ], [ -118.558285560838996, 34.116835588498198 ], [ -118.558317401490001, 34.116825807572198 ], [ -118.558344367803002, 34.116847799490202 ], [ -118.558330853575995, 34.116876620592599 ], [ -118.558344513622998, 34.1169027246629 ], [ -118.558327363114003, 34.116929589459502 ], [ -118.558322014641007, 34.116958891555399 ], [ -118.558328057368996, 34.116988375562102 ], [ -118.558300377920006, 34.117007153094697 ], [ -118.558274576222004, 34.117029546924698 ], [ -118.558269710727004, 34.117062375559698 ], [ -118.558244904855002, 34.117082840100601 ], [ -118.558244404229995, 34.117120230631301 ], [ -118.558284483937996, 34.117109954397598 ], [ -118.558317416804996, 34.117096063731601 ], [ -118.558322711011002, 34.117127351225697 ], [ -118.558307750821996, 34.117155915129601 ], [ -118.558331055509996, 34.117179061562702 ], [ -118.558361983848002, 34.117191251756303 ], [ -118.558393900309994, 34.117178992589302 ], [ -118.558419289434994, 34.117156276183799 ], [ -118.558459921188003, 34.117162173829897 ], [ -118.558502914650006, 34.117166745436499 ], [ -118.558534449088995, 34.117187471626799 ], [ -118.558568719369006, 34.117199099999603 ], [ -118.558590955594994, 34.117219554452397 ], [ -118.558588339051994, 34.117250530054299 ], [ -118.558551724462006, 34.117264295814302 ], [ -118.558538235450001, 34.117291323222403 ], [ -118.558524327395006, 34.117316601790201 ], [ -118.558503846906007, 34.117338868216599 ], [ -118.558477525241003, 34.117366512273399 ], [ -118.558461477986, 34.117392923138297 ], [ -118.558426674374005, 34.117401858873997 ], [ -118.558390192448002, 34.1173889196331 ], [ -118.558380012941001, 34.117415374933003 ], [ -118.558361757621, 34.117445734466102 ], [ -118.558328098912995, 34.117449153824801 ], [ -118.558289665746997, 34.117446692584799 ], [ -118.558272573365997, 34.117471675720701 ], [ -118.558289577790006, 34.117503905528203 ], [ -118.558312800832994, 34.117535908354498 ], [ -118.558325222259995, 34.117564535423803 ], [ -118.558317231364001, 34.117602328856002 ], [ -118.558322185045, 34.1176301258499 ], [ -118.558303930475006, 34.1176572985052 ], [ -118.558320085291996, 34.117685834849397 ], [ -118.558342804586005, 34.117706378387403 ], [ -118.558340088256003, 34.1177364016037 ], [ -118.558344136692, 34.117769177056097 ], [ -118.558353479896994, 34.117798235782899 ], [ -118.558351729967001, 34.1178294819575 ], [ -118.558319528276996, 34.117822227717198 ], [ -118.558284372908005, 34.117805688329099 ], [ -118.558248017639002, 34.117790083055603 ], [ -118.558219910955998, 34.117774822790402 ], [ -118.558206841224006, 34.117807545840598 ], [ -118.558173074739003, 34.117816848910699 ], [ -118.558166766773994, 34.117846203747902 ], [ -118.558146278376995, 34.117869660006001 ], [ -118.558112596374002, 34.117861065358497 ], [ -118.558075561641004, 34.117857119804597 ], [ -118.558045811113004, 34.117838198370997 ], [ -118.558029491785007, 34.117866430398998 ], [ -118.558004536968994, 34.117888500399303 ], [ -118.557968090425007, 34.117895961964201 ], [ -118.557968074266, 34.117932109084499 ], [ -118.558029487195995, 34.117914215381099 ], [ -118.558013885055999, 34.117940875210799 ], [ -118.557999459659996, 34.117969052754198 ], [ -118.558004953939999, 34.117982227634499 ], [ -118.558010390061, 34.117995262944703 ], [ -118.558011671699006, 34.117998337108702 ], [ -118.558002348580999, 34.118019749274197 ], [ -118.557999606392002, 34.118026048665499 ], [ -118.558001887553999, 34.118038136240898 ], [ -118.558005513935996, 34.118057349310597 ], [ -118.558018772303996, 34.118084613969401 ], [ -118.558038522244004, 34.118112675635103 ], [ -118.558058150780994, 34.118134928174001 ], [ -118.558054134949998, 34.118162550417303 ], [ -118.558049543137003, 34.118194633303901 ], [ -118.558085817255005, 34.118185521555802 ], [ -118.558119232996006, 34.118176198751399 ], [ -118.558157500535998, 34.1181796730584 ], [ -118.558192677820998, 34.118172615490103 ], [ -118.558198942416993, 34.118171358663602 ], [ -118.558230840863004, 34.118150149039401 ], [ -118.558268360007006, 34.118158500980698 ], [ -118.558289409579999, 34.118186881043201 ], [ -118.558322268667993, 34.118202480849298 ], [ -118.558354760998995, 34.118220410040898 ], [ -118.558367287318006, 34.118236134966601 ], [ -118.558410882825996, 34.118255363893098 ], [ -118.558411459637, 34.118256903769002 ], [ -118.558416253927007, 34.118250320195003 ], [ -118.558446562257998, 34.118270114933402 ], [ -118.558464790770998, 34.118297967960899 ], [ -118.558462995907007, 34.1183287087011 ], [ -118.558448165393003, 34.1183548554529 ], [ -118.558449243583993, 34.118357732310102 ], [ -118.558454752366998, 34.118372431813803 ], [ -118.558458735241999, 34.118372098126699 ], [ -118.558467730036, 34.1183857103007 ], [ -118.558501401792, 34.1183856897906 ], [ -118.558539028534, 34.118375951317503 ], [ -118.558553444593002, 34.118382073692899 ], [ -118.558575088040001, 34.118391266061799 ], [ -118.558588026373002, 34.118399285477302 ], [ -118.558601596138999, 34.11840769602 ], [ -118.558588325651002, 34.118434028389999 ], [ -118.558597948670993, 34.118442872248202 ], [ -118.558592142777997, 34.118456455953996 ], [ -118.558578844463, 34.1184857918307 ], [ -118.558578273877004, 34.118492627144597 ], [ -118.558576298507006, 34.118516284167498 ], [ -118.558568029807006, 34.118543776016999 ], [ -118.558567199283004, 34.118574016879997 ], [ -118.558540165721993, 34.118593019877103 ], [ -118.558502198783003, 34.118611633106099 ], [ -118.558521470043004, 34.118636658611798 ], [ -118.558523862753006, 34.118668027456103 ], [ -118.558511339014998, 34.118697571446397 ], [ -118.558508371309998, 34.118731085742198 ], [ -118.558507287650997, 34.118759990052403 ], [ -118.558492472406996, 34.1187861874768 ], [ -118.558460553437996, 34.118793924609498 ], [ -118.558438650900996, 34.1187722158705 ], [ -118.558418076204006, 34.118749397018199 ], [ -118.558405745051004, 34.118723469385102 ], [ -118.558384429628006, 34.118695862208703 ], [ -118.558360282066005, 34.118674612785703 ], [ -118.558322087191002, 34.118684165513898 ], [ -118.558298390488005, 34.118710528274903 ], [ -118.558319195872002, 34.118732350283302 ], [ -118.558340495734996, 34.118755946417899 ], [ -118.558352557863003, 34.118782296172398 ], [ -118.558362802754999, 34.118810254694601 ], [ -118.558395759823, 34.118832724374101 ], [ -118.558428359187005, 34.1188256665925 ], [ -118.558468358262004, 34.118822928682199 ], [ -118.558500103651994, 34.1188383800148 ], [ -118.558536403027006, 34.1188282560407 ], [ -118.558572024634998, 34.118841974960702 ], [ -118.558596048981002, 34.1188410932021 ], [ -118.558622941023003, 34.118860251486801 ], [ -118.558651091349006, 34.118872616503502 ], [ -118.558652816534007, 34.118873373952901 ], [ -118.558654646175995, 34.118900912327703 ], [ -118.558646430427004, 34.118912818489598 ], [ -118.558637264696998, 34.118926100979103 ], [ -118.558623309742003, 34.1189511436285 ], [ -118.558618510976004, 34.118966271741002 ], [ -118.558614548454003, 34.1189810849773 ], [ -118.558624027755997, 34.119008583931901 ], [ -118.558634177806994, 34.119018492826001 ], [ -118.558647995257004, 34.119031982035402 ], [ -118.558654613768994, 34.119060468943303 ], [ -118.558656170394997, 34.119090605642498 ], [ -118.558656049296005, 34.119092840778201 ], [ -118.558654442589003, 34.119122484922499 ], [ -118.558651258652006, 34.119152588733797 ], [ -118.558621634863002, 34.1191628710637 ], [ -118.558606154591004, 34.1191832786484 ], [ -118.558616536258995, 34.119211887956197 ], [ -118.558634896550998, 34.119235335970401 ], [ -118.558669814729001, 34.119251485466201 ], [ -118.558697483355004, 34.119274134301698 ], [ -118.558732910231996, 34.119293416672498 ], [ -118.558741305850006, 34.119321722289001 ], [ -118.558722113513994, 34.119345557410298 ], [ -118.558717092910996, 34.119375486542403 ], [ -118.558747633775994, 34.1193948063055 ], [ -118.558782468965006, 34.119404766694799 ], [ -118.558822654283006, 34.1194114861324 ], [ -118.558848373839993, 34.119393560013897 ], [ -118.558883209640001, 34.119410485507302 ], [ -118.558914955885996, 34.119422704779801 ], [ -118.558950949172001, 34.119428505727598 ], [ -118.558984068507002, 34.119435835374098 ], [ -118.558989444393006, 34.119465524492902 ], [ -118.558993207078998, 34.1194974037424 ], [ -118.558972357890994, 34.119522497213197 ], [ -118.558942788563002, 34.119537505166598 ], [ -118.558913864882001, 34.119557938493301 ], [ -118.558885072641999, 34.119577230349201 ], [ -118.558848472110995, 34.119574811413202 ], [ -118.558810186737006, 34.119577196090503 ], [ -118.558773227483996, 34.119591669742597 ], [ -118.558767782820993, 34.119624690221599 ], [ -118.558781121972999, 34.119650945159101 ], [ -118.558809517165997, 34.1196687322402 ], [ -118.558848875178001, 34.119676470740202 ], [ -118.558870806333999, 34.119707071404498 ], [ -118.558871378297994, 34.119707869265198 ], [ -118.558869760774996, 34.119736626162002 ], [ -118.558870297265003, 34.119749149613199 ], [ -118.558871249929993, 34.1197714075021 ], [ -118.558857434135007, 34.119787529598497 ], [ -118.558850543423006, 34.119795569677599 ], [ -118.558812858709004, 34.119794804834797 ], [ -118.558774107711002, 34.119793060073803 ], [ -118.558740318424, 34.119803330342101 ], [ -118.558747172113996, 34.1198361564918 ], [ -118.558741515953997, 34.119866274106002 ], [ -118.558745031504003, 34.119931530712101 ], [ -118.558766936298994, 34.119954383413997 ], [ -118.558787304872993, 34.119979010711297 ], [ -118.558810824598993, 34.1200027240317 ], [ -118.558832424509006, 34.120025650395398 ], [ -118.558835369554998, 34.120063584703999 ], [ -118.558822784727994, 34.120091838743598 ], [ -118.558796708192006, 34.120112079937002 ], [ -118.558768658416994, 34.120132853317998 ], [ -118.558733034043996, 34.120145283859401 ], [ -118.558692067589007, 34.120149245617696 ], [ -118.558660696735004, 34.120160597602698 ], [ -118.558632005874998, 34.120178065095203 ], [ -118.558629039557005, 34.120209072239099 ], [ -118.558595813465999, 34.120214976322799 ], [ -118.558560259737007, 34.120223480694399 ], [ -118.558527796644995, 34.120217897356703 ], [ -118.558502125678999, 34.120199056529998 ], [ -118.558496818717998, 34.120168451438502 ], [ -118.558476891259005, 34.120137254004398 ], [ -118.558444306856998, 34.120130124809101 ], [ -118.558414163273994, 34.120145212806101 ], [ -118.558401172855994, 34.120170913982697 ], [ -118.558387015842001, 34.120204854697697 ], [ -118.558379917053003, 34.1202418749901 ], [ -118.558354078001003, 34.120264831748997 ], [ -118.558347360433999, 34.120300332392198 ], [ -118.558376796456002, 34.120324589393199 ], [ -118.558417198336002, 34.120337632236001 ], [ -118.558450734979999, 34.120348247021496 ], [ -118.558463014634995, 34.120381451896698 ], [ -118.558471984492996, 34.120419028748501 ], [ -118.558480859834006, 34.1204458853666 ], [ -118.558503815494007, 34.120471039442201 ], [ -118.558532159627006, 34.120490623552797 ], [ -118.558540333793005, 34.120520488675801 ], [ -118.558540450652004, 34.120520916570698 ], [ -118.558558805684001, 34.120547039294401 ], [ -118.558583710663001, 34.1205661534919 ], [ -118.558594392885993, 34.120597961532198 ], [ -118.558559917897, 34.120602723821399 ], [ -118.558522407059996, 34.1206008486147 ], [ -118.558503295175001, 34.120590441475102 ], [ -118.558485795726995, 34.1205809120613 ], [ -118.558459010183, 34.120561472958599 ], [ -118.558418862234006, 34.120562936047499 ], [ -118.558401923727999, 34.120591208904401 ], [ -118.558408028960002, 34.120622923930398 ], [ -118.558410541029005, 34.120654644007502 ], [ -118.558417697712997, 34.120684356533999 ], [ -118.558424658012001, 34.120715262888702 ], [ -118.558408371187994, 34.120744715953798 ], [ -118.558401224644001, 34.120775867650899 ], [ -118.558401846061997, 34.1208054416471 ], [ -118.558394901046, 34.120835829600999 ], [ -118.558387121221003, 34.120870720891197 ], [ -118.558374855294005, 34.1209054725161 ], [ -118.558341737630997, 34.120931989268001 ], [ -118.558305080317993, 34.120946868650599 ], [ -118.558277698056003, 34.120963726037097 ], [ -118.558237249689, 34.120972888723401 ], [ -118.558200289176, 34.1209690730972 ], [ -118.558195567368003, 34.120999899339203 ], [ -118.558223256263005, 34.121021821875203 ], [ -118.558193083329002, 34.121034462717397 ], [ -118.558171173765004, 34.121062247148203 ], [ -118.558148255678006, 34.121083047394102 ], [ -118.558132943359993, 34.121107997039097 ], [ -118.558114805456, 34.121131766923099 ], [ -118.558077849607997, 34.121145177491698 ], [ -118.558042938146997, 34.121151143939997 ], [ -118.558010627347002, 34.121162702019397 ], [ -118.557978580316004, 34.121152966004303 ], [ -118.557958262843002, 34.121176689364297 ], [ -118.557921915814006, 34.121190717909201 ], [ -118.557920978786001, 34.121208689504201 ], [ -118.557918770759997, 34.121208423576 ], [ -118.557916596319004, 34.1212206639063 ], [ -118.557880481717007, 34.121231646449502 ], [ -118.557847584634999, 34.121234830094302 ], [ -118.557809453323003, 34.121218436905103 ], [ -118.557776072166007, 34.1212303005154 ], [ -118.557762284012995, 34.1212130045026 ], [ -118.557756564851999, 34.121205829109599 ], [ -118.557718520753994, 34.121203633169799 ], [ -118.557684372403003, 34.121193903846397 ], [ -118.557655817140002, 34.121177263926299 ], [ -118.557626408854006, 34.121155455632099 ], [ -118.557588728899006, 34.1211571209422 ], [ -118.557585981624001, 34.121185731868103 ], [ -118.557562535523999, 34.121208180499799 ], [ -118.557540388728, 34.121230842996802 ], [ -118.557532902945994, 34.121265758674099 ], [ -118.557539787628002, 34.121295626465297 ], [ -118.557570386115998, 34.121380671363497 ], [ -118.557571844744999, 34.121394398271804 ], [ -118.557573858460003, 34.1214133411627 ], [ -118.557540494481998, 34.121411343208301 ], [ -118.557558594102005, 34.121442114661299 ], [ -118.557561374754997, 34.121469864248297 ], [ -118.557522046035999, 34.121470317775803 ], [ -118.557493966265994, 34.121446827806899 ], [ -118.557483720497999, 34.121417019364202 ], [ -118.557453526437996, 34.1214105376826 ], [ -118.557429816413006, 34.121410255721699 ], [ -118.557414778709997, 34.1214115935244 ], [ -118.557405804097996, 34.121412391403403 ], [ -118.557392592745998, 34.121438997468204 ], [ -118.557414637367003, 34.121463098056999 ], [ -118.557380993235995, 34.121474096373802 ], [ -118.557376588745001, 34.121507233564202 ], [ -118.557374375379993, 34.121534865873898 ], [ -118.557414788659003, 34.121535106764199 ], [ -118.557449358583, 34.121534484881202 ], [ -118.557456684502995, 34.121567672224302 ], [ -118.557461826508998, 34.121597380029598 ], [ -118.557438275733006, 34.121623762420597 ], [ -118.557425421437003, 34.1216525402453 ], [ -118.557430283654995, 34.121659678664798 ], [ -118.557440877079998, 34.1216752304233 ], [ -118.55744275651, 34.121677989401903 ], [ -118.557465372015002, 34.121705380517497 ], [ -118.557451593238, 34.121734079032301 ], [ -118.557424165914, 34.121753432833899 ], [ -118.557383798811998, 34.121765769580001 ], [ -118.557362149583994, 34.121778295372799 ], [ -118.557345868829998, 34.121787714853198 ], [ -118.557317283082995, 34.1218058477426 ], [ -118.557281506758002, 34.1218090506867 ], [ -118.557248648292003, 34.121823142088203 ], [ -118.557219694096005, 34.121836938507201 ], [ -118.557193084060003, 34.1218448668672 ], [ -118.557181147847004, 34.121847351850597 ], [ -118.557153737014005, 34.121850990572199 ], [ -118.557118452314995, 34.121856357915597 ], [ -118.557080305664002, 34.121854772599498 ], [ -118.557058272058995, 34.121877571650998 ], [ -118.557058017337994, 34.121885089773201 ], [ -118.557057206203993, 34.121909025568499 ], [ -118.557021425233998, 34.1219285890799 ], [ -118.556992349935001, 34.121950536314401 ], [ -118.556949752227993, 34.121956486284702 ], [ -118.556909877307007, 34.121951819293798 ], [ -118.556881257941996, 34.121940214250202 ], [ -118.556871005521998, 34.121936717320303 ], [ -118.556847028974005, 34.1219288356953 ], [ -118.556807029111994, 34.121921222736098 ], [ -118.556771987530993, 34.121903715284702 ], [ -118.556748789625004, 34.1218753367151 ], [ -118.556735366907006, 34.1218440690146 ], [ -118.556697371233, 34.121845726430799 ], [ -118.556661102619003, 34.121866101332998 ], [ -118.556646277401995, 34.121900712165697 ], [ -118.556648415023005, 34.121929870807399 ], [ -118.556651009510006, 34.121935263163202 ], [ -118.556658779326995, 34.121951415716197 ], [ -118.556662372339005, 34.121958883380103 ], [ -118.556666946562004, 34.121987609485998 ], [ -118.556667953581993, 34.122015511523401 ], [ -118.556665188536002, 34.122046316469401 ], [ -118.556637248046997, 34.122064842302102 ], [ -118.556606867194006, 34.1220774332077 ], [ -118.556581299298003, 34.122087000952 ], [ -118.556569117978995, 34.1220915589588 ], [ -118.556538232486005, 34.122101865327203 ], [ -118.55650789853, 34.122117695945597 ], [ -118.556485874027004, 34.122139629543298 ], [ -118.556512277460001, 34.122164070354103 ], [ -118.556544258711, 34.122171253744497 ], [ -118.5565840286, 34.122175089235597 ], [ -118.556606569360994, 34.122174698460398 ], [ -118.556615659208006, 34.122174540375603 ], [ -118.556620143930004, 34.122174462824503 ], [ -118.556625269334006, 34.122174568278098 ], [ -118.556630478189007, 34.122174675689401 ], [ -118.556637821088998, 34.122174827244997 ], [ -118.556653892037005, 34.122175157806502 ], [ -118.556694982671004, 34.122171465195102 ], [ -118.556738994065995, 34.122164879616001 ], [ -118.556763317046006, 34.122144961104503 ], [ -118.556799026392994, 34.122122508314099 ], [ -118.556813803923006, 34.122113181673797 ], [ -118.556819346590004, 34.122109683633603 ], [ -118.556824861859994, 34.122106201473599 ], [ -118.556828928095996, 34.122103634941901 ], [ -118.556857272114001, 34.122088472316598 ], [ -118.556899783708005, 34.122090013786597 ], [ -118.556941585342997, 34.122089648564703 ], [ -118.556980550109998, 34.122100860746301 ], [ -118.557013548125994, 34.122105629994103 ], [ -118.557047236757001, 34.1221098093663 ], [ -118.557081544127996, 34.122118983742901 ], [ -118.557117464919003, 34.122124126214999 ], [ -118.557147993892002, 34.122136254801298 ], [ -118.557184326507993, 34.122146857533799 ], [ -118.557207854151997, 34.122172161500899 ], [ -118.557191902219003, 34.122196900963303 ], [ -118.557204931344998, 34.122224569272497 ], [ -118.557229770413997, 34.122244748485699 ], [ -118.557210763373007, 34.122276640676802 ], [ -118.557213186488994, 34.122308339770299 ], [ -118.557176631043006, 34.122308899497199 ], [ -118.557144219597006, 34.122324323551297 ], [ -118.557117072718995, 34.122342793728301 ], [ -118.557109772523006, 34.122370042498098 ], [ -118.557106586532996, 34.122386654968501 ], [ -118.557104069320005, 34.122399783432002 ], [ -118.557086770545993, 34.122425419064797 ], [ -118.557068294434004, 34.122437068111999 ], [ -118.557059290010997, 34.122442745489003 ], [ -118.557070119100004, 34.1224771130695 ], [ -118.557100756588994, 34.1224885921416 ], [ -118.557131496169006, 34.122503971550103 ], [ -118.557145378943005, 34.122511719963398 ], [ -118.557153820118003, 34.1225176812246 ], [ -118.557166592114996, 34.122526702040503 ], [ -118.557167650747999, 34.1225274492705 ], [ -118.557169509120001, 34.122528575340603 ], [ -118.557187094702996, 34.1225443724543 ], [ -118.557211785666993, 34.122564236963399 ], [ -118.557239329859996, 34.122590644707103 ], [ -118.557261676836006, 34.122595930893702 ], [ -118.557276343088006, 34.122608502392502 ], [ -118.557294408236999, 34.122623987321298 ], [ -118.557273557548996, 34.122642571457298 ], [ -118.557288426281005, 34.122670145823399 ], [ -118.557260498516001, 34.122687202488898 ], [ -118.557231817992005, 34.1227036230691 ], [ -118.557253529811007, 34.1227270261762 ], [ -118.557227814420997, 34.122744348828199 ], [ -118.557196470939999, 34.122733463974399 ], [ -118.557217728932002, 34.122705661608798 ], [ -118.557192662364002, 34.122685049503197 ], [ -118.557157915100007, 34.122685617683501 ], [ -118.557126469023004, 34.122699589884498 ], [ -118.557135805336003, 34.122726840930397 ], [ -118.557167628065997, 34.122741870720802 ], [ -118.557198026655001, 34.122757344957201 ], [ -118.557233785424998, 34.122750326603999 ], [ -118.557211403894996, 34.122771567952803 ], [ -118.557184774226997, 34.122789969857998 ], [ -118.557211782980005, 34.122808315790401 ], [ -118.557244300825005, 34.122797988431103 ], [ -118.557271992178002, 34.122810259564503 ], [ -118.557280756574997, 34.122814143306201 ], [ -118.557284549879995, 34.122826904467097 ], [ -118.557290249033997, 34.122846076975797 ], [ -118.557279675315002, 34.122875114394702 ], [ -118.557268809085997, 34.122886485633799 ], [ -118.557252357562007, 34.122909486955699 ], [ -118.557244595675002, 34.122927246842302 ], [ -118.557221209522993, 34.122951421627199 ], [ -118.557214269501003, 34.122983159979299 ], [ -118.557209334847002, 34.123016109198097 ], [ -118.557210012390001, 34.123018958444497 ], [ -118.557216720794997, 34.123047144446097 ], [ -118.557193917888, 34.123070906497503 ], [ -118.557167779002, 34.123078246710399 ], [ -118.557156957188994, 34.1230864190237 ], [ -118.557144881984001, 34.123104127922801 ], [ -118.557140314326006, 34.1231112804332 ], [ -118.557125307544993, 34.123134781424099 ], [ -118.557104210671, 34.1231602301431 ], [ -118.557072614706996, 34.123165676608203 ], [ -118.557070228338006, 34.123166088149802 ], [ -118.557038891971999, 34.123151252912898 ], [ -118.557005261021004, 34.123138864185698 ], [ -118.556970233192999, 34.123134195468303 ], [ -118.556936027720994, 34.123129618284501 ], [ -118.556897298986996, 34.123132136456299 ], [ -118.556869659675002, 34.123114710133699 ], [ -118.556831111972002, 34.1231046760821 ], [ -118.556817740211002, 34.1231152041996 ], [ -118.556802338774006, 34.123127329350297 ], [ -118.556772936296994, 34.1231469843216 ], [ -118.556738847324993, 34.1231499605409 ], [ -118.556378011885997, 34.123179768936602 ], [ -118.556377818490006, 34.123190328632802 ], [ -118.556361768957998, 34.123283183356499 ], [ -118.556361027315006, 34.123323736708102 ], [ -118.556360283486995, 34.123364290931903 ], [ -118.556438652574002, 34.123472657151801 ], [ -118.556548099853998, 34.123607663439003 ], [ -118.556546134003, 34.123715013387901 ], [ -118.556511603695, 34.123876829813398 ], [ -118.556467710625, 34.123911535922304 ], [ -118.556400427504002, 34.123964736122701 ], [ -118.556398106472002, 34.1240911719877 ], [ -118.556397999737001, 34.124096999823898 ], [ -118.556369655455001, 34.124113730943002 ], [ -118.556353679758999, 34.124130792653503 ], [ -118.556333236395005, 34.124155459757702 ], [ -118.556303774867999, 34.124152619276501 ], [ -118.556294544607994, 34.124151728903698 ], [ -118.556249079948003, 34.124136250294399 ], [ -118.556213349892005, 34.124127040553297 ], [ -118.556176004744003, 34.1241368665452 ], [ -118.556142147225003, 34.124138369741701 ], [ -118.556097943945005, 34.124134591564001 ], [ -118.556068278330002, 34.124163786430799 ], [ -118.556046794614005, 34.124187590181499 ], [ -118.556020019661005, 34.1242083771644 ], [ -118.555993471304006, 34.1242296376005 ], [ -118.555982809062996, 34.124255835778399 ], [ -118.555983391761004, 34.124290316136197 ], [ -118.555980068045002, 34.1242946022086 ], [ -118.555963125169001, 34.124316452173098 ], [ -118.555932615293997, 34.124339168849801 ], [ -118.555903539729002, 34.124352661367702 ], [ -118.555870693474006, 34.1243735895832 ], [ -118.555828466213001, 34.124374985776399 ], [ -118.555727999954001, 34.124450999963599 ], [ -118.555449999993002, 34.124399000208697 ], [ -118.555429770925002, 34.124357643912198 ], [ -118.555324328373004, 34.124429411679102 ], [ -118.555316189568003, 34.1244577657313 ], [ -118.555303417995006, 34.124484861167197 ], [ -118.555277323333996, 34.124505251812998 ], [ -118.555251815771996, 34.124524371545803 ], [ -118.555242444358001, 34.124552712676198 ], [ -118.555227037034996, 34.124585893274499 ], [ -118.555199722308998, 34.124588312999101 ], [ -118.555185279189999, 34.124589593136697 ], [ -118.555156619317998, 34.124613993633702 ], [ -118.555148463064995, 34.124649446865803 ], [ -118.555121609238995, 34.124668126697699 ], [ -118.555087120886, 34.124679186645501 ], [ -118.555075860886006, 34.1247133086693 ], [ -118.555070968522998, 34.124732953750197 ], [ -118.555068807921998, 34.124741629578601 ], [ -118.555081326297, 34.124769165374303 ], [ -118.555082545795997, 34.124804375003002 ], [ -118.555077826328997, 34.124840849918201 ], [ -118.555052798573001, 34.124874125832299 ], [ -118.555020979111006, 34.124885152869297 ], [ -118.554981878977003, 34.124885167597803 ], [ -118.554941530511996, 34.124886974927101 ], [ -118.554906653345995, 34.124906697940197 ], [ -118.554869350057004, 34.124904689870299 ], [ -118.554849509709001, 34.1249069572306 ], [ -118.554810000047993, 34.1249380003974 ], [ -118.554784486944001, 34.124954924765397 ], [ -118.55479405573, 34.124976445267301 ], [ -118.554798769673994, 34.125009055047499 ], [ -118.554784873298999, 34.125037991469497 ], [ -118.554748491829997, 34.1250565486406 ], [ -118.554740131814, 34.125085894200801 ], [ -118.554711658271998, 34.125103899802902 ], [ -118.554684461036999, 34.125124677501297 ], [ -118.554658982666993, 34.125150405552802 ], [ -118.554628440146999, 34.125168655360298 ], [ -118.554597037467005, 34.125178348814501 ], [ -118.55456359662, 34.125161006193601 ], [ -118.554544752525004, 34.125141226109101 ], [ -118.554540554791004, 34.125136819487203 ], [ -118.554521492343994, 34.1251137515167 ], [ -118.554483511168996, 34.125107966403903 ], [ -118.554447378286994, 34.125095581295298 ], [ -118.554426495366997, 34.125069499006997 ], [ -118.554423376312002, 34.125038202201999 ], [ -118.554407706521999, 34.125009049638102 ], [ -118.554375781410002, 34.124991185266801 ], [ -118.554344560757997, 34.1250096373576 ], [ -118.554328613934004, 34.125036086597703 ], [ -118.554320548473001, 34.125065680174501 ], [ -118.554312143870007, 34.125097507005201 ], [ -118.554307794351999, 34.125133299619598 ], [ -118.554309876481994, 34.1251628992514 ], [ -118.554332394140005, 34.125191541847599 ], [ -118.554333031146001, 34.125203572500702 ], [ -118.554334043441997, 34.125222690197297 ], [ -118.554323168685997, 34.125250978819103 ], [ -118.554313680519002, 34.125279159709898 ], [ -118.554329323321994, 34.125313509157202 ], [ -118.554335347964994, 34.125344819356698 ], [ -118.554318656706002, 34.125377801426097 ], [ -118.554296262997994, 34.125399622582002 ], [ -118.554255047726997, 34.125404573073297 ], [ -118.554233193973005, 34.125426925743398 ], [ -118.554205570441994, 34.125444153170001 ], [ -118.554053929554001, 34.125440917631302 ], [ -118.553908885845999, 34.125372589793102 ], [ -118.553866000501998, 34.125371999901397 ], [ -118.553823462604001, 34.125304309388703 ], [ -118.553750999673994, 34.125189000001697 ], [ -118.553593000212999, 34.124884999690899 ], [ -118.553222000275994, 34.1247520001303 ], [ -118.552721999607002, 34.124782999755901 ], [ -118.552129999998996, 34.124858999999802 ], [ -118.551767000224999, 34.124801000427603 ], [ -118.551207999932004, 34.125036000298699 ], [ -118.550822999619001, 34.125198000310597 ], [ -118.550484999502004, 34.125322000039198 ], [ -118.549384000480003, 34.125836999572698 ], [ -118.54890300033, 34.125801000224897 ], [ -118.548558000230997, 34.125773000183003 ], [ -118.548203000097004, 34.125829000080003 ], [ -118.547772999868002, 34.1259370003459 ], [ -118.547499999631995, 34.125972000428 ], [ -118.546872000422994, 34.125986000098997 ], [ -118.546662999890003, 34.125975999801099 ], [ -118.546319999787997, 34.125880999979302 ], [ -118.545945000482007, 34.1259749999222 ], [ -118.545480999616998, 34.126021999717899 ], [ -118.545155999678997, 34.125889000025502 ], [ -118.545160999505001, 34.126100999725303 ], [ -118.544955999587998, 34.126377999927101 ], [ -118.544617999533003, 34.126449000365596 ], [ -118.544297999522001, 34.126572999678999 ], [ -118.543976999516005, 34.126704999771498 ], [ -118.543492000488996, 34.126858000021798 ], [ -118.543308999784003, 34.126930999867902 ], [ -118.542922999992001, 34.127190999939501 ], [ -118.542567000497002, 34.127223999925903 ], [ -118.541926000293003, 34.1274800003739 ], [ -118.541532000057003, 34.127641999944402 ], [ -118.541134000464993, 34.128044999621302 ], [ -118.540574000221, 34.128317000109803 ], [ -118.540081999592005, 34.1284169999794 ], [ -118.539572000145995, 34.12847100015 ], [ -118.539182999614994, 34.128352000230002 ], [ -118.539133000020996, 34.128206999608402 ], [ -118.538586000321999, 34.128277000064898 ], [ -118.538012000061997, 34.128496999605602 ], [ -118.537539999477005, 34.128543999868697 ], [ -118.537438000540007, 34.128542999919198 ], [ -118.537006999867998, 34.128825999718501 ], [ -118.536143999794007, 34.128764000053998 ], [ -118.535961604104997, 34.1286268759183 ], [ -118.535866146718007, 34.128555425131701 ], [ -118.53539249005, 34.128720685396999 ], [ -118.535323000237, 34.128744999989401 ], [ -118.535322845466993, 34.128744984478701 ], [ -118.535322799634997, 34.1287450001171 ], [ -118.535011200206, 34.128712899686498 ], [ -118.534556300342999, 34.128897599681601 ], [ -118.533601599494006, 34.128794799655402 ], [ -118.532569399828006, 34.128885999551002 ], [ -118.531968499903996, 34.128807899898497 ], [ -118.531230399734994, 34.129063699992599 ], [ -118.530632632941007, 34.129340654725397 ], [ -118.530042543031996, 34.129358669219499 ], [ -118.528863825490006, 34.129032515253897 ], [ -118.528621232179006, 34.128943012935302 ], [ -118.528372316874993, 34.1288511774138 ], [ -118.528299999563004, 34.12886999981 ], [ -118.527767999629006, 34.128970000222097 ], [ -118.527100000163003, 34.128908000218097 ], [ -118.526643000313001, 34.128799999683203 ], [ -118.526157000454006, 34.128630000380603 ], [ -118.525669999601007, 34.1285359998571 ], [ -118.525225999748002, 34.128617999742801 ], [ -118.524716000053004, 34.1285479997766 ], [ -118.524284000495996, 34.128580999823697 ], [ -118.524023000198, 34.128554000161202 ], [ -118.523564999469997, 34.128469999568502 ], [ -118.523129000200996, 34.128455000020402 ], [ -118.522710999469993, 34.128405999685697 ], [ -118.522337000042, 34.128173999825201 ], [ -118.522071999868999, 34.128015999691598 ], [ -118.521522000166001, 34.1281680003978 ], [ -118.521269000421, 34.1283249999425 ], [ -118.521115999778999, 34.128447999833902 ], [ -118.520916000094999, 34.128575999990098 ], [ -118.520744999982, 34.128684999754398 ], [ -118.520425999959997, 34.1289230004407 ], [ -118.520112000094997, 34.128913999710598 ], [ -118.519793000500002, 34.1288859996056 ], [ -118.519478999864006, 34.128858000406098 ], [ -118.519211000317, 34.128868999557803 ], [ -118.518998999969995, 34.128976999970703 ], [ -118.518806000441003, 34.129038000241103 ], [ -118.518643000173995, 34.1290499995552 ], [ -118.518520999610004, 34.129043999804203 ], [ -118.518227000083996, 34.1289279996533 ], [ -118.517999000076003, 34.1289739995904 ], [ -118.517666999618996, 34.128984000098299 ], [ -118.517347999780995, 34.128932000231998 ], [ -118.517190999774996, 34.128925000341603 ], [ -118.516890999675994, 34.128795000178002 ], [ -118.516687000179999, 34.128826000146603 ], [ -118.516326999870998, 34.128821000014199 ], [ -118.516179000470999, 34.1289069998301 ], [ -118.516155567905997, 34.1289079290706 ], [ -118.516106035411994, 34.128905635606003 ], [ -118.515014515226994, 34.128930025758301 ], [ -118.513500566570002, 34.1289792270912 ], [ -118.513179110503003, 34.128517016461601 ], [ -118.513199067753007, 34.128186427561999 ], [ -118.513200718798004, 34.128159086274103 ], [ -118.513383149681005, 34.127939126683103 ], [ -118.513639147006998, 34.127757181701703 ], [ -118.513733388738999, 34.127486663324198 ], [ -118.513708805703999, 34.1272145959677 ], [ -118.513592310459003, 34.127089555124201 ], [ -118.513402481846995, 34.126914150402001 ], [ -118.513242128065002, 34.126751482246497 ], [ -118.513085389463996, 34.126604763743998 ], [ -118.513062548777, 34.126599239785897 ], [ -118.513014518936998, 34.126593530667797 ], [ -118.512969578281002, 34.126587131588401 ], [ -118.512938896809004, 34.126576159347998 ], [ -118.512899545831004, 34.126561249790903 ], [ -118.512876003802006, 34.1265411192729 ], [ -118.512835913334001, 34.126519487346897 ], [ -118.512814952373006, 34.126494565556399 ], [ -118.512801445294002, 34.126468703336897 ], [ -118.512783583244996, 34.126438726579799 ], [ -118.512784044517005, 34.126402901769303 ], [ -118.512778178697005, 34.126367088188502 ], [ -118.512778659920002, 34.126329516493598 ], [ -118.512776157782994, 34.126299382172597 ], [ -118.512775261485004, 34.126276661243701 ], [ -118.512765437274993, 34.126262262973199 ], [ -118.512646000161993, 34.126165999651697 ], [ -118.512508000002001, 34.126115999740797 ], [ -118.512383999815995, 34.125867999732897 ], [ -118.512388000431997, 34.125640000188 ], [ -118.512272999852996, 34.125576000132703 ], [ -118.512156000348, 34.125323000179201 ], [ -118.512091000260995, 34.125085000149397 ], [ -118.511982000022996, 34.124986999718402 ], [ -118.511913000009002, 34.124932999709898 ], [ -118.511751999785005, 34.124834000319602 ], [ -118.511613999637007, 34.124734999822103 ], [ -118.511592999691004, 34.124613999576198 ], [ -118.511533000105999, 34.1244150000418 ], [ -118.511331999839996, 34.124296000445199 ], [ -118.511163000376001, 34.124198000048899 ], [ -118.511148144448001, 34.1242032431282 ], [ -118.511112000097, 34.124216000053899 ], [ -118.511088040844996, 34.124208317253498 ], [ -118.511088149876002, 34.124204267245297 ], [ -118.511097507748005, 34.124177886553099 ], [ -118.511090251286006, 34.124127632105697 ], [ -118.511092152046999, 34.124090836131401 ], [ -118.511085028284, 34.124061855687202 ], [ -118.511077847769997, 34.124034789329798 ], [ -118.511000031728003, 34.124086756378901 ], [ -118.510967004836004, 34.124101800560801 ], [ -118.510983153653001, 34.124074665640698 ], [ -118.510997041479996, 34.124046225539097 ], [ -118.510985676985996, 34.1239750120696 ], [ -118.510970639299998, 34.123930071416602 ], [ -118.510968773401999, 34.123902227927303 ], [ -118.510948329691004, 34.123879207458202 ], [ -118.510930173602006, 34.123852408838097 ], [ -118.510930129176003, 34.123821127294903 ], [ -118.510892589079006, 34.123829660332099 ], [ -118.510847205011999, 34.123823522334902 ], [ -118.510820222836998, 34.123843336939601 ], [ -118.510787920647005, 34.123864101671302 ], [ -118.510597397290994, 34.123860359009399 ], [ -118.510607733046001, 34.123833876627003 ], [ -118.510574819732994, 34.1238304599405 ], [ -118.510538683321997, 34.1238182996617 ], [ -118.510526336631003, 34.123791628251297 ], [ -118.510566678664006, 34.123803800200903 ], [ -118.510558118711998, 34.123771995417897 ], [ -118.510581238132005, 34.123793988923303 ], [ -118.510614040749999, 34.123788802753097 ], [ -118.510413845797999, 34.123589764995202 ], [ -118.510440999918004, 34.123568999819703 ], [ -118.510415000001998, 34.123548999773298 ], [ -118.510353901765001, 34.123463009594197 ], [ -118.510332156672007, 34.123396531299797 ], [ -118.510366459942006, 34.123383876772401 ], [ -118.510342815455004, 34.123298167649999 ], [ -118.510340547159998, 34.1232706307973 ], [ -118.510330948187999, 34.123236727183198 ], [ -118.510293237899006, 34.123237352361699 ], [ -118.510259690243998, 34.123240205484898 ], [ -118.510227782474004, 34.1232211180645 ], [ -118.509988700978994, 34.123243888288599 ], [ -118.509996977662993, 34.123215924879403 ], [ -118.509999455366, 34.123186834511998 ], [ -118.509966147336002, 34.123178560497003 ], [ -118.509930742806006, 34.123164126022701 ], [ -118.509898261068997, 34.1231583717205 ], [ -118.509863484809998, 34.123157677410603 ], [ -118.509820145947998, 34.123155447675501 ], [ -118.509785364744999, 34.123135229026502 ], [ -118.509752333917007, 34.1231271487922 ], [ -118.509717211541002, 34.123134898071498 ], [ -118.509683854070005, 34.123127521242203 ], [ -118.509648725877, 34.1231114927945 ], [ -118.509612823511006, 34.123115651002799 ], [ -118.509579896895005, 34.123124137538397 ], [ -118.509541540596999, 34.123124467339203 ], [ -118.509515476318995, 34.123143842889696 ], [ -118.509478311020999, 34.123151428358099 ], [ -118.509451421633003, 34.123167648600003 ], [ -118.509434271219007, 34.12319154099 ], [ -118.509441660613007, 34.123222435370003 ], [ -118.509103190405, 34.123120074970799 ], [ -118.509072535486993, 34.1231384654319 ], [ -118.509032917927001, 34.123128892483003 ], [ -118.508997658631003, 34.123114126953404 ], [ -118.508963062573997, 34.123111015041097 ], [ -118.508946288142994, 34.123081550310403 ], [ -118.508909253436002, 34.123063774792797 ], [ -118.508878000040994, 34.123047715641498 ], [ -118.508883068749, 34.123018436497503 ], [ -118.508881001004994, 34.122990871571801 ], [ -118.508856739289996, 34.122971926124997 ], [ -118.508825968750998, 34.122947425111398 ], [ -118.508805952504005, 34.122917214768002 ], [ -118.508775569912999, 34.1228855057362 ], [ -118.508752795714003, 34.122864332225802 ], [ -118.508733121562997, 34.1228416026619 ], [ -118.508699060520996, 34.122844145699602 ], [ -118.508663528908997, 34.122842522490799 ], [ -118.508642374380003, 34.122866920439797 ], [ -118.508607909670005, 34.122863061872103 ], [ -118.508609072753998, 34.122893736944697 ], [ -118.508601355794994, 34.122922350375397 ], [ -118.508569873024996, 34.122937215744798 ], [ -118.508549631492002, 34.122911353152404 ], [ -118.508549298982999, 34.122910933201197 ], [ -118.508528800174005, 34.122885030276301 ], [ -118.508496198182002, 34.122874697871701 ], [ -118.508457078385007, 34.1228668495297 ], [ -118.508422520479996, 34.122859092407197 ], [ -118.508410338755994, 34.122829478516202 ], [ -118.508421015305998, 34.122801233769998 ], [ -118.508450878426999, 34.122739140852701 ], [ -118.508413721790006, 34.122729255493198 ], [ -118.508394483605997, 34.122705954595297 ], [ -118.508437061888003, 34.122418093918 ], [ -118.508396771121994, 34.122241173127897 ], [ -118.508402999607995, 34.122230999793402 ], [ -118.508415216355999, 34.122219050367498 ], [ -118.508406119295998, 34.1222114442104 ], [ -118.508426911943005, 34.122185251131199 ], [ -118.508447812989004, 34.122150119967301 ], [ -118.508474627078002, 34.122128245512499 ], [ -118.508508973930006, 34.122115566857403 ], [ -118.508519149666, 34.122117393031701 ], [ -118.508539999476, 34.122097000173298 ], [ -118.508581000071004, 34.122088000202602 ], [ -118.508632988125996, 34.122080100455399 ], [ -118.508663679942998, 34.1220537834891 ], [ -118.508701696692995, 34.122061172893602 ], [ -118.508771308088996, 34.121962999727401 ], [ -118.508782341577003, 34.1219330106386 ], [ -118.508787659785, 34.121901430435202 ], [ -118.508801045061006, 34.121872983956102 ], [ -118.508807831865994, 34.121845042572197 ], [ -118.508933641716993, 34.121612135137703 ], [ -118.508937428173994, 34.121605125731101 ], [ -118.508931323618995, 34.121611734295598 ], [ -118.508794000194001, 34.121587999729698 ], [ -118.508750136543, 34.121636480596202 ], [ -118.508725304379993, 34.1216230106903 ], [ -118.508690492175006, 34.121600526629898 ], [ -118.508698419061005, 34.121569634145203 ], [ -118.508661877905993, 34.121573148123197 ], [ -118.508621065841993, 34.121544691400601 ], [ -118.508582763364998, 34.121539294196502 ], [ -118.508556413958999, 34.121517081265601 ], [ -118.508358366127993, 34.121269268791401 ], [ -118.508305087766999, 34.121202602746699 ], [ -118.508331617612001, 34.1211706960394 ], [ -118.508360959800996, 34.121156442792497 ], [ -118.508381788432999, 34.121131771938003 ], [ -118.508404662749996, 34.121109462788603 ], [ -118.508437896703001, 34.121098620414998 ], [ -118.508475399435, 34.121086450037602 ], [ -118.508499367365999, 34.121062267384801 ], [ -118.508515778537003, 34.1209529180896 ], [ -118.508579682212996, 34.120903949362798 ], [ -118.508609061048006, 34.120890330300497 ], [ -118.508678337628993, 34.1207822404441 ], [ -118.508714973801005, 34.120790075187102 ], [ -118.508731982466003, 34.120787299191697 ], [ -118.508755350217996, 34.120783484873101 ], [ -118.508787361757996, 34.120767672533503 ], [ -118.508725207759994, 34.120775977590696 ], [ -118.508696783679994, 34.1207284750298 ], [ -118.508660000088, 34.120667000376699 ], [ -118.508438000021002, 34.120688000184799 ], [ -118.508221000014998, 34.120825999861999 ], [ -118.50808120728, 34.120855479699699 ], [ -118.508073999863996, 34.120857000015498 ], [ -118.507991000193996, 34.1209579997426 ], [ -118.507910858182001, 34.120977442582998 ], [ -118.507896591987006, 34.120954930541998 ], [ -118.507882034812994, 34.120929061021499 ], [ -118.507852967291001, 34.120910303937499 ], [ -118.507821586515007, 34.120897192564698 ], [ -118.507788789160003, 34.120901695549698 ], [ -118.507750888268006, 34.120892057135698 ], [ -118.507729198462002, 34.120863187724098 ], [ -118.507720713281003, 34.120834497451 ], [ -118.507698147254999, 34.1208075854912 ], [ -118.507645597131997, 34.120788917655503 ], [ -118.507620204324994, 34.120770895569201 ], [ -118.507582009532001, 34.120775582073797 ], [ -118.507549846884999, 34.120792146675697 ], [ -118.507513225555002, 34.120799109367702 ], [ -118.507477981464007, 34.120789279357403 ], [ -118.507449336128005, 34.120804406067201 ], [ -118.507418774840005, 34.120788389779698 ], [ -118.507428505007994, 34.120814653246399 ], [ -118.507434988628006, 34.120848381200901 ], [ -118.507434776384002, 34.120849741526698 ], [ -118.507430529459995, 34.120876884007799 ], [ -118.507424363829003, 34.1209054383988 ], [ -118.507398730103006, 34.120924761447803 ], [ -118.507391799486001, 34.120958729389002 ], [ -118.507381050400994, 34.1209319369122 ], [ -118.507371469503994, 34.120958941943698 ], [ -118.507353190797005, 34.120987615415302 ], [ -118.507346316929997, 34.121016523841099 ], [ -118.507392522673996, 34.121060821113304 ], [ -118.507374810358996, 34.121085463173699 ], [ -118.507362734452002, 34.121112363414198 ], [ -118.507327921997998, 34.121119583222701 ], [ -118.507288130909004, 34.121126681041801 ], [ -118.507207202312998, 34.121011133330498 ], [ -118.507208605065998, 34.120996603805303 ], [ -118.507210187349997, 34.120980208672798 ], [ -118.507196499464996, 34.120954192677701 ], [ -118.507180368876007, 34.120929548369503 ], [ -118.507167087644007, 34.120900896228299 ], [ -118.507139767851996, 34.120883581744003 ], [ -118.507110491977997, 34.120865645732103 ], [ -118.507071568282996, 34.120858551321703 ], [ -118.506915727299997, 34.120866115398698 ], [ -118.506905290863003, 34.120898039626098 ], [ -118.506781349682001, 34.1209226670139 ], [ -118.506745416886005, 34.120923324202998 ], [ -118.506711179158998, 34.120923672722903 ], [ -118.506675375433005, 34.120918718691399 ], [ -118.506652416524005, 34.120897396235499 ], [ -118.506626015375005, 34.120879899831401 ], [ -118.506591897337003, 34.120874675759097 ], [ -118.506558163239006, 34.1208638943016 ], [ -118.506533801301003, 34.120839486456298 ], [ -118.506501519192994, 34.120830182667397 ], [ -118.506474456820001, 34.120802781532902 ], [ -118.506436684370996, 34.120794729240501 ], [ -118.506395569283995, 34.120769796278097 ], [ -118.506366200581994, 34.120746070166398 ], [ -118.506402632174996, 34.120746264360399 ], [ -118.506401692729995, 34.120746234022803 ], [ -118.506365429580995, 34.1207454470293 ], [ -118.506364657513998, 34.120744822976597 ], [ -118.5063765421, 34.120718135785303 ], [ -118.506393480368004, 34.120687836578298 ], [ -118.506422558045998, 34.120663462547299 ], [ -118.506437431433, 34.120632216727103 ], [ -118.506458988329996, 34.120596601320599 ], [ -118.506166668304999, 34.120478760284101 ], [ -118.506119159456006, 34.120482738270901 ], [ -118.506087868161998, 34.120465272315897 ], [ -118.506046822206997, 34.120465882117401 ], [ -118.506005575523005, 34.120455973890301 ], [ -118.505959685350007, 34.120444224287297 ], [ -118.505994429187993, 34.1204450780494 ], [ -118.505999396652001, 34.120417698928598 ], [ -118.506003146311002, 34.120286675380001 ], [ -118.505746000325999, 34.120304999757799 ], [ -118.505521999823998, 34.120166000190501 ], [ -118.505466009939994, 34.120104411507398 ], [ -118.505362000138007, 34.119990000380803 ], [ -118.505308000401001, 34.1198049999457 ], [ -118.505318000333006, 34.119559000157899 ], [ -118.505165999506005, 34.1196050000298 ], [ -118.504978999521995, 34.119622000261501 ], [ -118.504840999758997, 34.119566999664997 ], [ -118.504773000078004, 34.1194789997569 ], [ -118.504903000442994, 34.119383999751101 ], [ -118.504964000371004, 34.119235000322803 ], [ -118.504861000136003, 34.119141999568399 ], [ -118.504746999576, 34.118994999965103 ], [ -118.504585999712006, 34.1189060001009 ], [ -118.504488999716003, 34.118808000271699 ], [ -118.504467932276995, 34.118767620412903 ], [ -118.504623838060994, 34.118671622614201 ], [ -118.504595154965997, 34.118653202338599 ], [ -118.504590161498996, 34.118617008161401 ], [ -118.504586178365003, 34.118582364337797 ], [ -118.504585760265002, 34.118546109366498 ], [ -118.504584825617997, 34.118516680289801 ], [ -118.504590004758995, 34.118482448735598 ], [ -118.504592251494003, 34.118453114575999 ], [ -118.504629378131, 34.118424501162998 ], [ -118.504646015698995, 34.1183909166365 ], [ -118.504664645922006, 34.1183649373789 ], [ -118.504667602059001, 34.118332440045897 ], [ -118.504680058145993, 34.118305871342997 ], [ -118.504683604880995, 34.118277332245 ], [ -118.504687853253003, 34.118243354420898 ], [ -118.504710643641999, 34.118220451634997 ], [ -118.504737557198993, 34.118196404791703 ], [ -118.504738178265995, 34.118166292017001 ], [ -118.504751727162002, 34.118140695056503 ], [ -118.504768367072998, 34.118108924406798 ], [ -118.504767589544002, 34.118077896266797 ], [ -118.504766834467006, 34.118048142278198 ], [ -118.504767394845999, 34.1180163698927 ], [ -118.504762091063, 34.117987559644597 ], [ -118.504768589335001, 34.117953339054303 ], [ -118.504761880868003, 34.117923478132802 ], [ -118.504757701618999, 34.117890197531601 ], [ -118.504770029911995, 34.117855385368301 ], [ -118.504749384709996, 34.117821730140001 ], [ -118.504718674071, 34.117797729873999 ], [ -118.504689689733993, 34.1177828603726 ], [ -118.504658232018002, 34.117772640054298 ], [ -118.504624240979993, 34.117782859286102 ], [ -118.504594673808995, 34.117768081283302 ], [ -118.504558955939004, 34.117778857527398 ], [ -118.504524374515, 34.117762647018097 ], [ -118.504500417044, 34.117742547833998 ], [ -118.504468922922001, 34.117722876271799 ], [ -118.504455068601999, 34.117747884112497 ], [ -118.504420644663, 34.117742518308297 ], [ -118.504389976515995, 34.1177169137883 ], [ -118.504376056685004, 34.117743658905503 ], [ -118.504333647409993, 34.117736254540901 ], [ -118.504304831569002, 34.117755022241298 ], [ -118.504272822670998, 34.117737627440398 ], [ -118.504196369892995, 34.117680355541701 ], [ -118.504051781398005, 34.117554842735501 ], [ -118.503996982244004, 34.117490995990998 ], [ -118.504069593170001, 34.117529200802103 ], [ -118.504095947121996, 34.117510874156302 ], [ -118.504131982689003, 34.1175197474155 ], [ -118.504167213887996, 34.117521817097597 ], [ -118.504193408798997, 34.117549752043097 ], [ -118.504220795882006, 34.117571882360103 ], [ -118.504254479875001, 34.117567958192701 ], [ -118.504287119843994, 34.117553289433701 ], [ -118.504273861049001, 34.117432802093198 ], [ -118.504250897638002, 34.117410661307098 ], [ -118.504214253456993, 34.117407867215199 ], [ -118.504196191502004, 34.1173834476538 ], [ -118.504231414328004, 34.1173678427526 ], [ -118.504265401802996, 34.117359176019399 ], [ -118.504298362960995, 34.117355687710699 ], [ -118.504330859071999, 34.117363852752 ], [ -118.504361788039006, 34.117353759315201 ], [ -118.504410698808002, 34.117338482680502 ], [ -118.504430299454, 34.117316204315202 ], [ -118.504410538415996, 34.117291106184602 ], [ -118.504406082407996, 34.117258307838398 ], [ -118.504454165281004, 34.117202260438397 ], [ -118.504471086584999, 34.117174454806602 ], [ -118.504443821920006, 34.117158276230697 ], [ -118.504474115891995, 34.117140616922498 ], [ -118.504355605957997, 34.117076337534002 ], [ -118.504332204036004, 34.117031313821798 ], [ -118.504294735282002, 34.117029703459501 ], [ -118.504259807061004, 34.117026819200198 ], [ -118.504244944237001, 34.117001102838103 ], [ -118.504192018604002, 34.116987887117403 ], [ -118.504165025972, 34.116970862799498 ], [ -118.504133896739006, 34.1169840890731 ], [ -118.504152821938007, 34.116958039807002 ], [ -118.504190300790995, 34.116963458404697 ], [ -118.504200398373996, 34.116937138244801 ], [ -118.504175098990999, 34.116891844380802 ], [ -118.504203163357005, 34.116873697909803 ], [ -118.504198173776004, 34.116843542130702 ], [ -118.504173829200994, 34.1168714017914 ], [ -118.503998410492002, 34.116801828002302 ], [ -118.503968153985994, 34.116814714990099 ], [ -118.503939401273996, 34.116801034726599 ], [ -118.503966126509994, 34.116784841480303 ], [ -118.503957764302001, 34.116750166241602 ], [ -118.503924545903004, 34.116761051723202 ], [ -118.503931355478997, 34.1167219813873 ], [ -118.503908056490999, 34.116753070469002 ], [ -118.503903700609001, 34.1167218068951 ], [ -118.503817526925999, 34.116632740900499 ], [ -118.503791490273002, 34.116615454966301 ], [ -118.503757190578995, 34.116615052592799 ], [ -118.503716687806005, 34.116631701447503 ], [ -118.503686659856001, 34.116643857518 ], [ -118.503643793115998, 34.116633914481099 ], [ -118.503611131089997, 34.116629597484199 ], [ -118.503579483495997, 34.116616903265196 ], [ -118.503581454827, 34.116589300890297 ], [ -118.503583014257998, 34.116560551772601 ], [ -118.503572225542001, 34.116532690854598 ], [ -118.503569674684002, 34.116504753251498 ], [ -118.503548466788999, 34.116477426304499 ], [ -118.503548756567, 34.116448054690501 ], [ -118.503450246696005, 34.1164039434735 ], [ -118.503434931550004, 34.116377573748103 ], [ -118.503434986190996, 34.116368299534997 ], [ -118.503437232992994, 34.116369134094597 ], [ -118.503434988825006, 34.116367818153101 ], [ -118.503435081839996, 34.116352011062901 ], [ -118.503439998915994, 34.116352332545901 ], [ -118.503435084348993, 34.116351650484098 ], [ -118.50343513208, 34.116343596850399 ], [ -118.503420190380993, 34.1163495815901 ], [ -118.503407174632997, 34.116347774452301 ], [ -118.503386965340994, 34.116324445337 ], [ -118.503353092330002, 34.116334410616297 ], [ -118.503361193345, 34.116299396999104 ], [ -118.503326170121994, 34.116291028099702 ], [ -118.503293490683006, 34.116285980540901 ], [ -118.503272144313001, 34.116307125133602 ], [ -118.503238699894993, 34.116292004648201 ], [ -118.503190881481004, 34.116207292111099 ], [ -118.503098815361994, 34.116044190281102 ], [ -118.502800756805996, 34.115516154920499 ], [ -118.502802156338007, 34.1155090250695 ], [ -118.502805253475998, 34.115345951918002 ], [ -118.502648590335994, 34.115110874048 ], [ -118.502573317514006, 34.115016677039897 ], [ -118.502489252885994, 34.114964291964199 ], [ -118.502221897593998, 34.114490635946503 ], [ -118.502203745253993, 34.1144651636031 ], [ -118.502184372171996, 34.114429592493799 ], [ -118.502186498827996, 34.114401826231301 ], [ -118.502187234729007, 34.114374221100199 ], [ -118.502192557925994, 34.114343631767497 ], [ -118.502217463945001, 34.1143227369475 ], [ -118.502224451906997, 34.114294111382101 ], [ -118.502197126845999, 34.114271259173499 ], [ -118.502200412967994, 34.114235133815697 ], [ -118.502183541359003, 34.114203882343404 ], [ -118.502166252132994, 34.114115869473601 ], [ -118.502164745239995, 34.114087280144801 ], [ -118.502156965626, 34.114059657781802 ], [ -118.502128142076998, 34.114042414122103 ], [ -118.502102983803994, 34.114021984820397 ], [ -118.502067389331003, 34.114019205601998 ], [ -118.502086313288999, 34.1139958449467 ], [ -118.502081381536001, 34.113967205202698 ], [ -118.502096477814007, 34.113942111992799 ], [ -118.502093099885997, 34.113913115823699 ], [ -118.502089910033007, 34.1138831223263 ], [ -118.502059330590001, 34.113859243740301 ], [ -118.502040063962994, 34.113828123038097 ], [ -118.502019193308996, 34.113805935267301 ], [ -118.501996139422999, 34.113782767687901 ], [ -118.501978794809006, 34.113756506241302 ], [ -118.502006083650997, 34.113733041847901 ], [ -118.502007355819998, 34.113705402273503 ], [ -118.502010279716004, 34.1136737942224 ], [ -118.501982464118001, 34.113658571472499 ], [ -118.501981221961998, 34.113626095494901 ], [ -118.501969166365001, 34.1136002578437 ], [ -118.501943979833001, 34.1135781873353 ], [ -118.501905278636002, 34.113564730963503 ], [ -118.501889405818005, 34.113538097572203 ], [ -118.501849835832004, 34.113523009710597 ], [ -118.501818959209004, 34.113507534830397 ], [ -118.501792588631005, 34.1134873031762 ], [ -118.501763379042998, 34.113469280822002 ], [ -118.501734678359995, 34.113454372729301 ], [ -118.501711865350998, 34.113428979659503 ], [ -118.501688526783994, 34.113428273543597 ], [ -118.501677011363995, 34.113427924759897 ], [ -118.501676994823001, 34.113416246095198 ], [ -118.501676971772994, 34.113400289574798 ], [ -118.501674084049, 34.113362109597702 ], [ -118.501686988993995, 34.113334353347298 ], [ -118.501651910009002, 34.113335270739299 ], [ -118.501642393438999, 34.113303736275903 ], [ -118.501619489413002, 34.113283078636798 ], [ -118.501556068905998, 34.113097512943 ], [ -118.501476745993003, 34.113099805043497 ], [ -118.501460955320994, 34.113058996057099 ], [ -118.501506686143998, 34.112985846412201 ], [ -118.501500319848006, 34.112949877223699 ], [ -118.501455432981004, 34.112904031149803 ], [ -118.501428267335001, 34.112881897527402 ], [ -118.501405811550995, 34.112851641697802 ], [ -118.501379566170996, 34.1128328251787 ], [ -118.501367479319995, 34.1128069374424 ], [ -118.501362106526997, 34.112778590235699 ], [ -118.501384129333005, 34.112755828453103 ], [ -118.501384748082003, 34.1127273283156 ], [ -118.501376489628001, 34.112695489400103 ], [ -118.501369981430003, 34.112663909693303 ], [ -118.501354057214002, 34.1126382311461 ], [ -118.501381317552998, 34.112620932085903 ], [ -118.501395347217994, 34.112593490842499 ], [ -118.501428638112998, 34.112582767493201 ], [ -118.501415279075005, 34.112548011780099 ], [ -118.501405769242993, 34.112520581134703 ], [ -118.501396192474999, 34.112492223733099 ], [ -118.501384295342007, 34.112457955126096 ], [ -118.501373400155998, 34.1124286364836 ], [ -118.501369315543002, 34.112395315312 ], [ -118.501353199190007, 34.1123690824923 ], [ -118.501339050300004, 34.112341947856699 ], [ -118.501328835939006, 34.112309151926901 ], [ -118.501320260870003, 34.112277376444801 ], [ -118.501309503480002, 34.112262082952299 ], [ -118.501314000492002, 34.112228999903998 ], [ -118.501267378182007, 34.112193662611702 ], [ -118.501279222131998, 34.112164403091001 ], [ -118.501263242952007, 34.112140196898601 ], [ -118.501257040685005, 34.112106500780598 ], [ -118.501250475869995, 34.112071403419101 ], [ -118.501263746036003, 34.112045874260502 ], [ -118.501264297476993, 34.112015214043502 ], [ -118.501233257039999, 34.112000181272599 ], [ -118.501201323009994, 34.112013846983103 ], [ -118.501171180118007, 34.112002241004902 ], [ -118.501142480815005, 34.111983815866502 ], [ -118.501103083608001, 34.111974399725 ], [ -118.501066705016996, 34.1119680379893 ], [ -118.501088153308004, 34.111940476138699 ], [ -118.501100428529995, 34.111911912873701 ], [ -118.501102550827, 34.111883080881597 ], [ -118.501112589925995, 34.111856834904401 ], [ -118.501138490149998, 34.111832146165703 ], [ -118.501154778260997, 34.111806683739601 ], [ -118.501154630138004, 34.111776441643798 ], [ -118.501105989210004, 34.111674411094903 ], [ -118.501089791224999, 34.111679054678397 ], [ -118.501094330794004, 34.111667342137402 ], [ -118.501206184355993, 34.111591408894398 ], [ -118.501239344938995, 34.111579193645099 ], [ -118.501263714361997, 34.111550452184602 ], [ -118.501273221280996, 34.111521800206397 ], [ -118.501314925532, 34.111508390033798 ], [ -118.501341766074006, 34.111488745967101 ], [ -118.501362010584003, 34.111457488166202 ], [ -118.501339912896995, 34.1114781628374 ], [ -118.501185579875994, 34.111381859475202 ], [ -118.501199830483998, 34.1113518553597 ], [ -118.501215914122994, 34.111326706663398 ], [ -118.501202342441999, 34.111301213146199 ], [ -118.501179546548997, 34.111278724868903 ], [ -118.501195171258999, 34.111251997864002 ], [ -118.501181793696006, 34.111226615979902 ], [ -118.501218795051003, 34.111227345877403 ], [ -118.501229227916994, 34.111194066771198 ], [ -118.501224580805001, 34.111166846048498 ], [ -118.501240159652994, 34.111139735279501 ], [ -118.501224448233998, 34.111114286651699 ], [ -118.501243053742002, 34.111088265060097 ], [ -118.501259840496999, 34.1110594302057 ], [ -118.501276938127006, 34.111029296717703 ], [ -118.501288872681997, 34.111000051875799 ], [ -118.500998000235001, 34.110705999938801 ], [ -118.501103000365006, 34.1104420002507 ], [ -118.501262999795998, 34.110111999973 ], [ -118.501389000149999, 34.1097280002883 ], [ -118.501828000380002, 34.109552000333899 ], [ -118.502300999612999, 34.109550999856502 ], [ -118.502604000343993, 34.109389000426098 ], [ -118.502677000218995, 34.108906000283199 ], [ -118.502717999561995, 34.108633999816298 ], [ -118.502806999626998, 34.108264999577401 ], [ -118.502956000140003, 34.108116000410099 ], [ -118.503024000216996, 34.108124000243002 ], [ -118.503009999157996, 34.108093999839802 ], [ -118.503042999906, 34.107822000378199 ], [ -118.503273000188997, 34.107651000383797 ], [ -118.503449999823999, 34.107419000236597 ], [ -118.503457858966996, 34.1074112979028 ], [ -118.503337927657995, 34.107214673797102 ], [ -118.503306008034002, 34.1070511394257 ], [ -118.503265205659005, 34.106986522353402 ], [ -118.503380461023994, 34.106819093687697 ], [ -118.503491917039, 34.106753343694002 ], [ -118.503456000162998, 34.106633000002603 ], [ -118.503483999759993, 34.106611000429197 ], [ -118.503516444815006, 34.106598430702498 ], [ -118.503510827854001, 34.106593608558299 ], [ -118.503317174878006, 34.106462903336201 ], [ -118.503201329758994, 34.1062924410788 ], [ -118.503041477647997, 34.106226260555502 ], [ -118.502966324512997, 34.106126238624803 ], [ -118.502892388072993, 34.105962152107701 ], [ -118.502928620489996, 34.105898546562898 ], [ -118.503244968958995, 34.105838620382301 ], [ -118.503358204544, 34.105857282418398 ], [ -118.503299000154001, 34.105787999798103 ], [ -118.503532000071004, 34.105758000370301 ], [ -118.503592999855002, 34.105756000091397 ], [ -118.503591000434994, 34.1057510000512 ], [ -118.503803000215996, 34.105616999576803 ], [ -118.504157000237001, 34.105607000086103 ], [ -118.504527000094996, 34.105777999579402 ], [ -118.504740999495993, 34.105985000122999 ], [ -118.504977999938006, 34.105949999801901 ], [ -118.505085000464007, 34.105581000381299 ], [ -118.505090000280006, 34.105332000373302 ], [ -118.505038999670006, 34.105134999621598 ], [ -118.504850999655005, 34.104958000221004 ], [ -118.504640000497005, 34.104592999883799 ], [ -118.504699999769997, 34.104329000058101 ], [ -118.505100999608999, 34.104250999799703 ], [ -118.505463000404006, 34.104331999967599 ], [ -118.505424000464998, 34.1039829998982 ], [ -118.505173999557002, 34.1037829999878 ], [ -118.504859999589996, 34.103560000128603 ], [ -118.504851000486994, 34.103499000102303 ], [ -118.504705999557999, 34.103368999806101 ], [ -118.504728000426994, 34.10311200017 ], [ -118.504809000259002, 34.102837999596701 ], [ -118.504912692144998, 34.102484614628302 ], [ -118.504707844110996, 34.1022480565805 ], [ -118.504484084645, 34.101991591819299 ], [ -118.504508827452, 34.101868879290699 ], [ -118.504587844292999, 34.101720780944497 ], [ -118.504611452478997, 34.101657708587098 ], [ -118.504415037672004, 34.101614118547701 ], [ -118.504418572801001, 34.101427747412899 ], [ -118.504491906468004, 34.101342955708702 ], [ -118.504492683075995, 34.1013019537831 ], [ -118.504322451584997, 34.101295992230703 ], [ -118.504269378657995, 34.101258011553199 ], [ -118.504123890451993, 34.101129337123801 ], [ -118.504125515854, 34.101043605413999 ], [ -118.504074919429996, 34.100875164058898 ], [ -118.504056894637998, 34.100643767977601 ], [ -118.504032763476999, 34.100498044790598 ], [ -118.504036723808994, 34.1002893071838 ], [ -118.504077277055003, 34.1000574735016 ], [ -118.503931999523999, 34.100024999837999 ], [ -118.503965000004996, 34.0997890001209 ], [ -118.504073999550997, 34.099557999779499 ], [ -118.503964000468002, 34.099241999611401 ], [ -118.504128000372006, 34.099166999624998 ], [ -118.504408000495999, 34.099121999611597 ], [ -118.504923000331999, 34.098987999632499 ], [ -118.505315999809, 34.099113999906699 ], [ -118.505741063008998, 34.099115828283701 ], [ -118.505748358469006, 34.098909884705002 ], [ -118.505626903614001, 34.0986957745816 ], [ -118.505632413778002, 34.098405032418903 ], [ -118.505484423780004, 34.098171931023899 ], [ -118.505383752151999, 34.098043845372899 ], [ -118.505359266070997, 34.097916758705203 ], [ -118.505583511321007, 34.098147131397297 ], [ -118.505728573667, 34.098298168904499 ], [ -118.505778563435996, 34.098305106249498 ], [ -118.505758000373007, 34.098216000099796 ], [ -118.505712000528007, 34.097861999810299 ], [ -118.505749999608994, 34.097712000087903 ], [ -118.505873000514995, 34.097651000164198 ], [ -118.506179999775995, 34.097703999883301 ], [ -118.50619714154, 34.097704982750699 ], [ -118.506140136490004, 34.097632454453198 ], [ -118.505942003434001, 34.097443436404099 ], [ -118.505670614539, 34.097335482998098 ], [ -118.505472552894005, 34.0971427379869 ], [ -118.505047074413994, 34.0968873553728 ], [ -118.504926400933002, 34.0966322409962 ], [ -118.504906750157005, 34.096486576138503 ], [ -118.504981279036002, 34.096338416963299 ], [ -118.504908275717995, 34.096169682086803 ], [ -118.504888201057994, 34.0960463808143 ], [ -118.505072260928998, 34.095795264366302 ], [ -118.505275475144003, 34.095715904034797 ], [ -118.505373610468993, 34.095504673390401 ], [ -118.505353180913005, 34.095400008796098 ], [ -118.505331452294001, 34.095127550621299 ], [ -118.505208732536005, 34.094980532946998 ], [ -118.505121234369994, 34.094592824227497 ], [ -118.505188147775002, 34.094543591913997 ], [ -118.505429376104004, 34.0945300534312 ], [ -118.505462461118995, 34.094449355903002 ], [ -118.505464495761998, 34.094342004359603 ], [ -118.505368250695, 34.094273929239201 ], [ -118.505301743524001, 34.094301691168297 ], [ -118.505157621031003, 34.0943379797909 ], [ -118.505029058684997, 34.0943100457553 ], [ -118.504983668365995, 34.094283202618598 ], [ -118.504985432294006, 34.094190164125003 ], [ -118.505112663803004, 34.094136951143497 ], [ -118.505113432626004, 34.094096395965899 ], [ -118.505037262662, 34.094028583853003 ], [ -118.505070575068004, 34.093935959155701 ], [ -118.505200403014996, 34.093897097650697 ], [ -118.505358910040997, 34.0938586112078 ], [ -118.505346604674997, 34.093751072436397 ], [ -118.505313456259003, 34.093683823777504 ], [ -118.505185166266003, 34.093641575927201 ], [ -118.505028965077003, 34.093558397427998 ], [ -118.505029960076001, 34.093505914065403 ], [ -118.505079484505004, 34.093465998392197 ], [ -118.505129279152001, 34.093411768707597 ], [ -118.505305716972003, 34.093335340432802 ], [ -118.505258997476005, 34.093227348441303 ], [ -118.505248229849997, 34.093038698235901 ], [ -118.505446054358998, 34.0928933489269 ], [ -118.505640633045005, 34.092767792641801 ], [ -118.505618650868996, 34.092745133303801 ], [ -118.505619427889997, 34.092704131003003 ], [ -118.505768930078005, 34.092620337420101 ], [ -118.505770130784001, 34.092556971364203 ], [ -118.505770907742004, 34.092515968152703 ], [ -118.505748925581003, 34.092493309734998 ], [ -118.505653095574004, 34.092346644629998 ], [ -118.505681960879997, 34.0922426269792 ], [ -118.505707545274007, 34.092075183558698 ], [ -118.505810610110998, 34.092076534859601 ], [ -118.506059050369004, 34.091975396566603 ], [ -118.505940885273006, 34.091824710917201 ], [ -118.505943214721995, 34.091701703865802 ], [ -118.505989650423004, 34.091616558720602 ], [ -118.505967596754004, 34.091597627303798 ], [ -118.505767996014001, 34.091486886341798 ], [ -118.505797213985005, 34.091364231783203 ], [ -118.505920605309996, 34.091239083020902 ], [ -118.505902153552, 34.0910300504055 ], [ -118.505850004924994, 34.090943611863104 ], [ -118.505709790566002, 34.090773994373201 ], [ -118.505783463886004, 34.0906705649369 ], [ -118.506040083825994, 34.090610546415498 ], [ -118.506159414430996, 34.090576210785301 ], [ -118.506153000422003, 34.0905189997561 ], [ -118.506133000212998, 34.090392999677803 ], [ -118.505995000409001, 34.090313999613898 ], [ -118.505776000435006, 34.090190000137497 ], [ -118.505692133344994, 34.090134309583803 ], [ -118.505611780831003, 34.0902693717142 ], [ -118.505313632533998, 34.090392228389298 ], [ -118.505086231443997, 34.090329590775198 ], [ -118.505040896460002, 34.090120204238801 ], [ -118.505046125537007, 34.089844369211598 ], [ -118.505052486262002, 34.089508893959199 ], [ -118.505030334164005, 34.089258798686103 ], [ -118.505209048474995, 34.089052350847297 ], [ -118.505337693499001, 34.088886258686699 ], [ -118.505321293753994, 34.088569126942197 ], [ -118.505345252826004, 34.088487415822698 ], [ -118.505442526701998, 34.088453081916903 ], [ -118.505410999934, 34.088403999756402 ], [ -118.505361000468994, 34.088124000450001 ], [ -118.505457999675997, 34.087815000154002 ], [ -118.505547647656002, 34.087775155893198 ], [ -118.505547999583996, 34.087775000031201 ], [ -118.505526523008001, 34.087752042438403 ], [ -118.505519000166998, 34.087744000168399 ], [ -118.505519011115993, 34.087743822705299 ], [ -118.505518818948005, 34.087743611925603 ], [ -118.505543574444999, 34.087356604329798 ], [ -118.505590343585993, 34.087298531695197 ], [ -118.505635335715994, 34.087242667090301 ], [ -118.505672273464995, 34.087196801502003 ], [ -118.505769000155993, 34.087075999881897 ], [ -118.505909000375993, 34.086819999999001 ], [ -118.506126505517997, 34.086803020801803 ], [ -118.506446879823002, 34.086777841054896 ], [ -118.506688390483006, 34.086836779101901 ], [ -118.506721231515996, 34.086845593927798 ], [ -118.506805000531998, 34.086699000254498 ], [ -118.506858000410006, 34.086665000062503 ], [ -118.507017000299001, 34.086500000298301 ], [ -118.507159000057996, 34.086251000335501 ], [ -118.507167000050003, 34.086065000141197 ], [ -118.507389000341007, 34.085941000290703 ], [ -118.507584999887996, 34.085817000279299 ], [ -118.507740999581003, 34.085604999732801 ], [ -118.507948999625, 34.085446999769502 ], [ -118.508271999833994, 34.0854730001357 ], [ -118.508540999795997, 34.085610000424502 ], [ -118.509081999670002, 34.085535999871702 ], [ -118.509338999947005, 34.0855550003931 ], [ -118.509604999583004, 34.085435000391698 ], [ -118.509633999748004, 34.085418000331501 ], [ -118.509646999837997, 34.0853640002208 ], [ -118.509783000102004, 34.084969000190398 ], [ -118.509817821509003, 34.084661576815499 ], [ -118.509769683569999, 34.084550941781302 ], [ -118.509781237127996, 34.084328127362397 ], [ -118.509898601722995, 34.084140291364498 ], [ -118.510109118399996, 34.084086762290298 ], [ -118.509985999582995, 34.083662000047802 ], [ -118.509923000148007, 34.083418000282698 ], [ -118.509574999769995, 34.083335999795302 ], [ -118.509239999157998, 34.083210999776703 ], [ -118.509482000077, 34.083058999650497 ], [ -118.510007000298003, 34.082949999648598 ], [ -118.510157999713996, 34.082946000206199 ], [ -118.510129000375002, 34.082931000450401 ], [ -118.509985999953003, 34.082816999994797 ], [ -118.510048000268, 34.082514999812503 ], [ -118.510588000115007, 34.082280999766503 ], [ -118.510824999888996, 34.082223000240297 ], [ -118.511207000482003, 34.082190999812902 ], [ -118.511023999949003, 34.081780000365796 ], [ -118.511028000466993, 34.081583999930103 ], [ -118.511404000173997, 34.081406999789301 ], [ -118.511800999794005, 34.081526000288797 ], [ -118.511856000289995, 34.081580999812502 ], [ -118.511976000169, 34.081518999581398 ], [ -118.512298000404002, 34.081411999935703 ], [ -118.512710000303002, 34.081446999850897 ], [ -118.513067000372999, 34.081364000043102 ], [ -118.513495000060999, 34.081461999665599 ], [ -118.513719000337005, 34.08160499988 ], [ -118.513823000461002, 34.081673999572601 ], [ -118.514011000210004, 34.081865000261502 ], [ -118.514024999835001, 34.081874000091503 ], [ -118.514302999893999, 34.081728000116598 ], [ -118.513502000239001, 34.081151999733201 ], [ -118.512935000137006, 34.080289999904103 ], [ -118.512515000454997, 34.079858000231198 ], [ -118.512518000094005, 34.079270999792698 ], [ -118.512099000408, 34.078205999977598 ], [ -118.511244000247999, 34.0771489998085 ], [ -118.510382000478998, 34.075958000317002 ], [ -118.509734000134998, 34.0749379999666 ], [ -118.509785000150998, 34.074498000040698 ], [ -118.508986998959998, 34.073979000250603 ], [ -118.508720999695996, 34.073531000035899 ], [ -118.508100999939998, 34.072674999617803 ], [ -118.508083921996004, 34.072651909450499 ], [ -118.507774144763005, 34.072233063220999 ], [ -118.507360094717001, 34.071673223449501 ], [ -118.506823000278004, 34.070946999606903 ], [ -118.506648999589999, 34.0707919998314 ], [ -118.506265000113004, 34.070748000034001 ], [ -118.505951999686005, 34.070424999568701 ], [ -118.505569999602997, 34.070368000370699 ], [ -118.505356999778002, 34.070199000282599 ], [ -118.505165999501003, 34.0698220004302 ], [ -118.505099999690998, 34.069214999590599 ], [ -118.504985999509998, 34.069045000272197 ], [ -118.504986999785999, 34.068158000182997 ], [ -118.504594999719998, 34.067944000073702 ], [ -118.504605000045999, 34.067200999666802 ], [ -118.504466000063005, 34.066943000093701 ], [ -118.504166999784005, 34.0667140004335 ], [ -118.503726000499, 34.066683000369899 ], [ -118.503451999660996, 34.066868999561301 ], [ -118.503181999860999, 34.066900999924798 ], [ -118.501972000028005, 34.066185999944402 ], [ -118.501717999907996, 34.065968000275099 ], [ -118.501469000094005, 34.065771000400701 ], [ -118.501237999837002, 34.065593000382698 ], [ -118.501229000021993, 34.065355000337803 ], [ -118.501091999541003, 34.064953000320102 ], [ -118.501000999547998, 34.064783000219499 ], [ -118.500768000370996, 34.064680000386701 ], [ -118.500600000199995, 34.064541999715701 ], [ -118.500566000535002, 34.064413000415897 ], [ -118.500583999913999, 34.064226999671298 ], [ -118.500572000153994, 34.064101000031002 ], [ -118.500839999768004, 34.064015999966699 ], [ -118.500993999979997, 34.064246999903901 ], [ -118.501002000178005, 34.064416000003803 ], [ -118.501045000165007, 34.064533000350202 ], [ -118.501329000037003, 34.064665000004098 ], [ -118.501597999891999, 34.064557000328001 ], [ -118.501831000322994, 34.064571999782501 ], [ -118.501962000253997, 34.064666999887301 ], [ -118.502084000346002, 34.064661000133 ], [ -118.502187999702997, 34.064582999636599 ], [ -118.502274000279002, 34.0646660000507 ], [ -118.502154000261996, 34.064752000031703 ], [ -118.501994999526005, 34.0647969998261 ], [ -118.501852000539003, 34.064864000107001 ], [ -118.501870000444995, 34.064972999762098 ], [ -118.501984999656003, 34.065100000102099 ], [ -118.502194999989001, 34.065112999574403 ], [ -118.502405999611, 34.065067999674902 ], [ -118.502507000511002, 34.064877999564601 ], [ -118.502607999996997, 34.064756999907402 ], [ -118.502553000405001, 34.064545999752703 ], [ -118.502364000333003, 34.064424999940897 ], [ -118.502295999740994, 34.064278000432402 ], [ -118.502400999770998, 34.064165000006902 ], [ -118.502563000014007, 34.064075999570299 ], [ -118.502568999549993, 34.0638769995657 ], [ -118.502619999873005, 34.063615999672898 ], [ -118.502792000457006, 34.063440999597297 ], [ -118.503061000526003, 34.063300000347098 ], [ -118.503259000149995, 34.063166999610402 ], [ -118.503278000227994, 34.062955999754799 ], [ -118.503321000137007, 34.062753000238303 ], [ -118.503318999607998, 34.062572000391597 ], [ -118.503527000424995, 34.062412999963797 ], [ -118.503870999835996, 34.0623390004098 ], [ -118.504102000372995, 34.0624459998267 ], [ -118.504258000508003, 34.062586999917997 ], [ -118.504505000440005, 34.062625000446197 ], [ -118.504679999771, 34.062503000187597 ], [ -118.504527000357996, 34.062265000115403 ], [ -118.504383000272995, 34.062095999678803 ], [ -118.504537000281999, 34.061935000035298 ], [ -118.504831999529003, 34.061822000122099 ], [ -118.505174999529004, 34.0618519999474 ], [ -118.505397999520994, 34.061781999611398 ], [ -118.505359000183006, 34.061564000162498 ], [ -118.505487000231, 34.061259999745801 ], [ -118.505540000097, 34.061006999583199 ], [ -118.505317999800994, 34.060839999811598 ], [ -118.505084000330001, 34.0608960001585 ], [ -118.504880000187001, 34.0609920002967 ], [ -118.504799000297993, 34.061159000350898 ], [ -118.504584000148, 34.0611910000653 ], [ -118.504459999795003, 34.060999000296903 ], [ -118.504381000489005, 34.0607100001898 ], [ -118.504385000417003, 34.060361000148397 ], [ -118.504499000143994, 34.060098000059298 ], [ -118.504789999817007, 34.060077000231402 ], [ -118.505056999969995, 34.060150000300297 ], [ -118.505204999843002, 34.059985999606901 ], [ -118.505113000476001, 34.0597560000935 ], [ -118.504907999883997, 34.059689999606803 ], [ -118.504808000395997, 34.059533999590997 ], [ -118.504882000484002, 34.059294999702303 ], [ -118.505066000152993, 34.059287000307002 ], [ -118.505251999834002, 34.059374999632098 ], [ -118.505526999506998, 34.059325000404101 ], [ -118.505832999587994, 34.059160999657699 ], [ -118.506009999636007, 34.0589059998388 ], [ -118.506053000163007, 34.058494000265902 ], [ -118.505878999573994, 34.058094999829699 ], [ -118.505743000536995, 34.057756000299399 ], [ -118.505712999520995, 34.057450999554703 ], [ -118.505459999685002, 34.057146999557602 ], [ -118.505108000350006, 34.056839000368399 ], [ -118.504949999678004, 34.0565450000555 ], [ -118.504964000216006, 34.056302000426001 ], [ -118.505079000321999, 34.056053999817202 ], [ -118.505190999901998, 34.055801999884899 ], [ -118.505300000301006, 34.0555639999601 ], [ -118.505325000126007, 34.055437000288997 ], [ -118.505342000344996, 34.055209999618498 ], [ -118.505497000271006, 34.054963999982398 ], [ -118.505693999515003, 34.054667999860598 ], [ -118.505721000441994, 34.054397999922998 ], [ -118.505661000070006, 34.054146000223803 ], [ -118.505509999810997, 34.054025000315299 ], [ -118.505330000385996, 34.053972999709998 ], [ -118.505129000102997, 34.053857999598002 ], [ -118.505066999766996, 34.053785999972597 ], [ -118.505155000290003, 34.053700999826198 ], [ -118.505366999459, 34.053735000237303 ], [ -118.505516999595997, 34.053617999953197 ], [ -118.505584000336, 34.053473999765203 ], [ -118.505569999665994, 34.053335999881803 ], [ -118.505751000119005, 34.053317000429097 ], [ -118.505932999644997, 34.053187000060603 ], [ -118.505966999715, 34.053004000287601 ], [ -118.506099999805997, 34.052892999872199 ], [ -118.506277999483004, 34.052832000197 ], [ -118.506466999872998, 34.052719999940997 ], [ -118.506717999735002, 34.052567000004103 ], [ -118.506897000500004, 34.052319999805803 ], [ -118.506953000196006, 34.052146000054201 ], [ -118.506944999745002, 34.052005999747699 ], [ -118.506858999889005, 34.051888000013498 ], [ -118.506637999543997, 34.051863000235898 ], [ -118.506503000188005, 34.051902000194801 ], [ -118.506464999507003, 34.051770000261698 ], [ -118.506528999872998, 34.051656999935403 ], [ -118.506649000211993, 34.051523999860898 ], [ -118.506563000501998, 34.051377999983401 ], [ -118.506603000542995, 34.051243999658297 ], [ -118.506716000067996, 34.0511109996364 ], [ -118.506859000394002, 34.051116000125504 ], [ -118.506904000488007, 34.0510729998282 ], [ -118.507047999617996, 34.051064999588803 ], [ -118.507200999865006, 34.051137999889598 ], [ -118.507275999623999, 34.051291000273501 ], [ -118.507226000049002, 34.051427000225701 ], [ -118.507229000276993, 34.051473000002098 ], [ -118.507474999490995, 34.051592999689198 ], [ -118.507479000252999, 34.051598999914198 ], [ -118.507664999496001, 34.051572000007702 ], [ -118.507731999780006, 34.051730999871502 ], [ -118.507659999553994, 34.051857999627799 ], [ -118.507795000022, 34.0520400000254 ], [ -118.507871999464996, 34.052218999976702 ], [ -118.507931000425998, 34.052245000284898 ], [ -118.508135000508005, 34.052278000080001 ], [ -118.508348000273998, 34.052240999726102 ], [ -118.508609000142002, 34.0523550002235 ], [ -118.508950000482997, 34.052320000103002 ], [ -118.509242999647995, 34.0522139997707 ], [ -118.509360999633003, 34.052063000275403 ], [ -118.509628999466997, 34.051970999863201 ], [ -118.509644999567996, 34.051599999720302 ], [ -118.509573000453003, 34.051285999759202 ], [ -118.509419000332997, 34.0509190002632 ], [ -118.509005000051999, 34.050552999720701 ], [ -118.508717999663006, 34.050493000220499 ], [ -118.508506000378006, 34.050521000249503 ], [ -118.508315999512007, 34.050365999568299 ], [ -118.508315999782994, 34.050361000239 ], [ -118.508256999663999, 34.0503690000426 ], [ -118.507967999813999, 34.0504949999142 ], [ -118.507830999678006, 34.050478999730601 ], [ -118.507814000278998, 34.050445999618603 ], [ -118.507794000174997, 34.050411000127802 ], [ -118.507918999582998, 34.050361999685698 ], [ -118.508146000356007, 34.050294999576202 ], [ -118.508079999559996, 34.050198999894 ], [ -118.508067000547996, 34.050187999690799 ], [ -118.508012000142003, 34.050156000284602 ], [ -118.508030999824001, 34.0501329997754 ], [ -118.508165000397, 34.049985000302698 ], [ -118.508333999878005, 34.050102999883599 ], [ -118.508800000288005, 34.0499440001878 ], [ -118.509107000529994, 34.049970999754201 ], [ -118.509334000101006, 34.050138000345598 ], [ -118.509515999951006, 34.050423999760902 ], [ -118.509706000003007, 34.050601999815299 ], [ -118.510033000473001, 34.050887000303803 ], [ -118.510309999555005, 34.0510489997761 ], [ -118.510711999688994, 34.051121999580602 ], [ -118.510963000225999, 34.051123000127802 ], [ -118.511409000439002, 34.050941000234602 ], [ -118.511689999585002, 34.050526999822097 ], [ -118.511832000205004, 34.050203999733803 ], [ -118.511918999862004, 34.049869000081301 ], [ -118.512006000121005, 34.049465000425101 ], [ -118.511829000405996, 34.049061999976303 ], [ -118.511453999994004, 34.048932999858103 ], [ -118.511329999577001, 34.048746999657602 ], [ -118.511681000139006, 34.048504999820501 ], [ -118.511711000288003, 34.048226000347398 ], [ -118.511336000159005, 34.048095999803202 ], [ -118.510978000026995, 34.048058999757899 ], [ -118.510796999518007, 34.0481499997938 ], [ -118.510475000444004, 34.048320999751603 ], [ -118.510016999830995, 34.048281000199097 ], [ -118.509763000107995, 34.048186000303602 ], [ -118.509562000467994, 34.048059999611198 ], [ -118.509238999838004, 34.047889999760201 ], [ -118.509178000250003, 34.047643999861698 ], [ -118.509403000201999, 34.047396999868297 ], [ -118.509644999686998, 34.047291999573901 ], [ -118.510108000363005, 34.047534999982801 ], [ -118.510448000460997, 34.047335000326598 ], [ -118.510505000527999, 34.047031999959202 ], [ -118.510791000034999, 34.046987000424203 ], [ -118.510990000318003, 34.046953999985902 ], [ -118.510991999463997, 34.046632000351302 ], [ -118.510655999994, 34.046455000174703 ], [ -118.510591999564994, 34.0461979998366 ], [ -118.510532000487999, 34.0459840001853 ], [ -118.510702999635001, 34.045046999960299 ], [ -118.510601000443998, 34.044396999625 ], [ -118.510961999583003, 34.043965999847202 ], [ -118.511215999472, 34.043832999551 ], [ -118.511362000049999, 34.044023000422698 ], [ -118.511084999507005, 34.0445210000873 ], [ -118.511191000104006, 34.044824000109003 ], [ -118.510923000310996, 34.045809999791601 ], [ -118.511011000417994, 34.0460440003122 ], [ -118.511392999559007, 34.046436000396298 ], [ -118.511473000386999, 34.046784999885503 ], [ -118.511401000063998, 34.047075000257401 ], [ -118.511440999784995, 34.047260000320698 ], [ -118.511813999468998, 34.047657999874303 ], [ -118.512866000423998, 34.048105000011702 ], [ -118.513187999579998, 34.047889000156403 ], [ -118.513418000143005, 34.046863999968302 ], [ -118.513579000191996, 34.0464930001664 ], [ -118.513981999527999, 34.046270000022403 ], [ -118.514344999464001, 34.045939999953198 ], [ -118.514735000236996, 34.045928000344098 ], [ -118.514830999479003, 34.046281000027001 ], [ -118.515490999551005, 34.0460489999491 ], [ -118.515298999807001, 34.045388999909299 ], [ -118.515543000384, 34.045190000004403 ], [ -118.516623999874994, 34.0449840000054 ], [ -118.516817999571998, 34.044720000011999 ], [ -118.516971000165995, 34.044292999696403 ], [ -118.517086000524998, 34.042976999652197 ], [ -118.517650000241005, 34.041617000374501 ], [ -118.518589999954003, 34.041274000011001 ], [ -118.518468000515, 34.040791999621803 ], [ -118.518297999759994, 34.040561000414101 ], [ -118.518483999647003, 34.040433999846897 ], [ -118.518864999898994, 34.040595000154497 ], [ -118.519147000250001, 34.040853999782797 ], [ -118.520487000469004, 34.040893000031097 ], [ -118.520739999577998, 34.0408109995819 ], [ -118.520809000013998, 34.040548999869202 ], [ -118.520549000516993, 34.040120000214898 ], [ -118.520485000175, 34.039749999968699 ], [ -118.520125999737999, 34.039658999944898 ], [ -118.520092000440002, 34.0400710002789 ], [ -118.519799999485002, 34.0400920003826 ], [ -118.519648000524001, 34.039883999752803 ], [ -118.519791000254997, 34.039480999590701 ], [ -118.520136999673994, 34.039449000225702 ], [ -118.520296000018007, 34.0392059999701 ], [ -118.520315999887998, 34.038698000391101 ], [ -118.520048999891003, 34.038546999886599 ], [ -118.519546000090003, 34.038670999794697 ], [ -118.519310999677998, 34.0384850003542 ], [ -118.519424000287003, 34.0383120002951 ], [ -118.519848000058005, 34.038048999994501 ], [ -118.520151000103994, 34.038096999997599 ], [ -118.520319000309001, 34.0383059999049 ], [ -118.520498999607995, 34.038363999859101 ], [ -118.520680000251005, 34.038238999744003 ], [ -118.520750999951005, 34.038020000244998 ], [ -118.520644000485007, 34.037706999965003 ], [ -118.52064700004, 34.037383999707103 ], [ -118.520786999769996, 34.037007000280298 ], [ -118.522763000438999, 34.038665000385002 ], [ -118.523260999515003, 34.038437000086098 ], [ -118.523088999959995, 34.037791999809698 ], [ -118.522897999777996, 34.0374909999395 ], [ -118.522899999556003, 34.037098999577701 ], [ -118.523083261165993, 34.0367630657557 ], [ -118.523317368877997, 34.036289597430503 ], [ -118.523527918463998, 34.035894280648002 ], [ -118.524323712656994, 34.035122806425697 ], [ -118.524699878020996, 34.034651505316603 ], [ -118.525041800734002, 34.034066177580101 ], [ -118.525382458373997, 34.033539646658198 ], [ -118.525469759103004, 34.033130256409201 ], [ -118.525583891257, 34.032593868429501 ], [ -118.525438775371001, 34.032176198368298 ], [ -118.525102913046993, 34.032050019797097 ], [ -118.524375685069003, 34.031832862262 ], [ -118.524080657737002, 34.0316137507468 ], [ -118.523732486719993, 34.031312175262201 ], [ -118.523056392580003, 34.031062844279198 ], [ -118.522587567825994, 34.030735497222899 ], [ -118.522178673566998, 34.030558118971399 ], [ -118.522089110573006, 34.0304170915391 ], [ -118.522187629629002, 34.030183283279797 ], [ -118.522344364717, 34.029964319826298 ], [ -118.522447362725998, 34.029849270987398 ], [ -118.522985941857996, 34.030222197733501 ], [ -118.524576229605998, 34.031034947241501 ], [ -118.525871316302002, 34.031595169643303 ], [ -118.526626960887, 34.031912904535901 ], [ -118.527449226515998, 34.032159034413503 ], [ -118.527947546841006, 34.0322741670876 ], [ -118.528856837305, 34.032521412444197 ], [ -118.532096073926994, 34.033849374679001 ], [ -118.534405667233003, 34.034857327106401 ], [ -118.534741897651003, 34.035226602496401 ], [ -118.535237000305003, 34.035674000313797 ], [ -118.535298000134006, 34.0359130002306 ], [ -118.535006000147007, 34.036325000409299 ], [ -118.535217000361001, 34.036564000327601 ], [ -118.535768999761004, 34.036156000280101 ], [ -118.535920999724993, 34.035941000015697 ], [ -118.536565999537004, 34.036068999998903 ], [ -118.539014999848007, 34.037541000060997 ], [ -118.539450999772995, 34.037663000149202 ], [ -118.539623000060004, 34.0378090004467 ], [ -118.539446999621006, 34.038143999675597 ], [ -118.538758999985006, 34.038408999919803 ], [ -118.538468000175001, 34.0389400001852 ], [ -118.538652999625, 34.0391070000125 ], [ -118.539533000177002, 34.039147999957599 ], [ -118.539962999924001, 34.038596000378398 ], [ -118.540279000091999, 34.038662999997797 ], [ -118.540903000355996, 34.038512000291703 ], [ -118.540999000452999, 34.038558999937202 ], [ -118.540854999600995, 34.038672999748002 ], [ -118.540353999602004, 34.038830999761799 ], [ -118.540261000243007, 34.038956000135101 ], [ -118.540394999726004, 34.039106999948601 ], [ -118.541161000253993, 34.039142000131697 ], [ -118.541457000432004, 34.038829000124103 ], [ -118.543701000417997, 34.039244000370701 ], [ -118.544819999618994, 34.039549000124303 ], [ -118.545678999499998, 34.039663000266899 ], [ -118.546640000161005, 34.039657000064601 ], [ -118.548857000512996, 34.039476000257501 ], [ -118.550194000128997, 34.039584999746602 ], [ -118.551876999515997, 34.039240999698301 ], [ -118.552327999916997, 34.039018999964902 ], [ -118.552773000258995, 34.038968000345903 ], [ -118.552988000219003, 34.039026000267597 ], [ -118.552966000373999, 34.039210000046801 ], [ -118.553096000470006, 34.039372999817999 ], [ -118.553756999618003, 34.039549999922698 ], [ -118.553918000433995, 34.0396910002871 ], [ -118.553812000066998, 34.0399959996832 ], [ -118.553458999461, 34.040435000040702 ], [ -118.553593000526007, 34.040639000291002 ], [ -118.554135999946993, 34.040534999908097 ], [ -118.55434099979, 34.040714000442001 ], [ -118.554421000489, 34.040918000254102 ], [ -118.554737000505, 34.0410030002353 ], [ -118.555168999605002, 34.040876000279198 ], [ -118.555286999459994, 34.040761000271502 ], [ -118.555318000276003, 34.040544999761501 ], [ -118.555574000071005, 34.040484999955702 ], [ -118.556308999701002, 34.0411160002175 ], [ -118.556467999841004, 34.0414890002859 ], [ -118.556324999493995, 34.041582000258103 ], [ -118.555666000387006, 34.041359000263199 ], [ -118.555324999538001, 34.041325000067097 ], [ -118.55520100036, 34.041407000405201 ], [ -118.554979000380996, 34.041334000111597 ], [ -118.554969999492002, 34.041739000395197 ], [ -118.554862000243006, 34.041809000265197 ], [ -118.554725000258998, 34.041693999864002 ], [ -118.553891000137, 34.0418080000033 ], [ -118.553685999690003, 34.042012999790401 ], [ -118.553658000016995, 34.042670000134798 ], [ -118.553420000029007, 34.042997000391701 ], [ -118.553150999536001, 34.043103999727002 ], [ -118.553023000134004, 34.043095000340401 ], [ -118.553002999971994, 34.043111000165503 ], [ -118.552757000284998, 34.043130000448798 ], [ -118.552735000170998, 34.042888000019403 ], [ -118.552901999716994, 34.0427350001249 ], [ -118.553304999668995, 34.042124000277099 ], [ -118.553218999828999, 34.041902999886901 ], [ -118.552921000371001, 34.041630000356797 ], [ -118.552669000503997, 34.041590000439697 ], [ -118.552666999829, 34.041633000031702 ], [ -118.552561999587994, 34.041880999876703 ], [ -118.552253999995997, 34.041853999689799 ], [ -118.552087000469001, 34.041579999798699 ], [ -118.552082000257997, 34.041338000346897 ], [ -118.552212999852998, 34.041113000122998 ], [ -118.552429000008999, 34.041005000106402 ], [ -118.552428999810004, 34.040860999934701 ], [ -118.552244999967996, 34.040729999700297 ], [ -118.551890000379998, 34.040727000099601 ], [ -118.551412000439001, 34.040960000087701 ], [ -118.551322999652996, 34.041335000212797 ], [ -118.551661999836995, 34.0416099996254 ], [ -118.551746999957004, 34.042176999954101 ], [ -118.551128000169001, 34.042931000236102 ], [ -118.551093000237998, 34.043653000134697 ], [ -118.550801000408995, 34.043948999803803 ], [ -118.551249999549, 34.044600999860997 ], [ -118.551360000196993, 34.045882000119903 ], [ -118.551921999795994, 34.046432999854602 ], [ -118.552217999850001, 34.046584999593797 ], [ -118.552280999683006, 34.046781000057003 ], [ -118.551890999584003, 34.047090000110302 ], [ -118.551460000315998, 34.047742999872902 ], [ -118.551511000288997, 34.048352000058003 ], [ -118.551717000024993, 34.048616999887997 ], [ -118.551507999473003, 34.049840999989598 ], [ -118.551855000104993, 34.051053999722797 ], [ -118.551805999617997, 34.052094000036199 ], [ -118.551996999815998, 34.052488999833599 ], [ -118.552558000174997, 34.052597000217403 ], [ -118.553088999837001, 34.052848999980803 ], [ -118.553319000466999, 34.052817000323202 ], [ -118.553454999519005, 34.052654999876097 ], [ -118.553456999543997, 34.052447000066302 ], [ -118.553126999989999, 34.051702999953797 ], [ -118.553037000515005, 34.051183999637303 ], [ -118.552778000095003, 34.0508000001388 ], [ -118.552857999579999, 34.0495789998579 ], [ -118.553535000287994, 34.0495019999411 ], [ -118.553922999533, 34.049351999684198 ], [ -118.554193999879004, 34.049167999979197 ], [ -118.554251000508998, 34.048709000398802 ], [ -118.554155000311994, 34.048440000271398 ], [ -118.553617999829001, 34.048095999961497 ], [ -118.553498000320005, 34.047913999640699 ], [ -118.553649999471006, 34.047549000387001 ], [ -118.553452999621001, 34.047151000222399 ], [ -118.552973000189994, 34.046737000354703 ], [ -118.552978000099003, 34.046235999724402 ], [ -118.552879000052002, 34.045819000424601 ], [ -118.553126999567993, 34.045265000335498 ], [ -118.553514999813004, 34.045029000028897 ], [ -118.553579000346005, 34.044706999733798 ], [ -118.553853000017, 34.044460999639099 ], [ -118.553876999576005, 34.044223999900403 ], [ -118.554059999805006, 34.0441880002735 ], [ -118.554214000330006, 34.044293000085801 ], [ -118.554164999994995, 34.044837999835899 ], [ -118.554062999614004, 34.045062999903202 ], [ -118.554143999996995, 34.045332999941401 ], [ -118.554381000023, 34.045503999997898 ], [ -118.555114000325005, 34.045522999738203 ], [ -118.555472000479, 34.045670000270903 ], [ -118.555920999763998, 34.045726999954702 ], [ -118.556288000080997, 34.045678999694303 ], [ -118.556515000033002, 34.045444000320998 ], [ -118.556439999887004, 34.045074999614101 ], [ -118.556522999503002, 34.044702000296297 ], [ -118.556591000064998, 34.044527000376199 ], [ -118.556845999459995, 34.044280000432501 ], [ -118.556608000029996, 34.043955999667197 ], [ -118.556402000025997, 34.043813999907997 ], [ -118.556006999770005, 34.043792000220002 ], [ -118.555638000233998, 34.0439420002063 ], [ -118.555771000272003, 34.044312999678702 ], [ -118.555616999663997, 34.044532999730102 ], [ -118.555358999576001, 34.044596999767101 ], [ -118.554623000055003, 34.044120999594597 ], [ -118.554311999730004, 34.043525999781501 ], [ -118.553885000202001, 34.043757999792902 ], [ -118.553775999869998, 34.043918999789099 ], [ -118.553774000253995, 34.044245000142702 ], [ -118.55364500041, 34.044353000134201 ], [ -118.553492000036997, 34.044139999684397 ], [ -118.553289999827996, 34.044147999731997 ], [ -118.5532270004, 34.043975999667197 ], [ -118.553025000353998, 34.043854000393303 ], [ -118.553592000126997, 34.043112000410197 ], [ -118.554130999527004, 34.042725000396302 ], [ -118.554492999649, 34.042271999646502 ], [ -118.555111000484999, 34.042322000290298 ], [ -118.555356999647998, 34.042175000141 ], [ -118.555533000484999, 34.041787999839002 ], [ -118.555845999824001, 34.041779999656796 ], [ -118.556141000023999, 34.042223000273502 ], [ -118.556681999614, 34.042541000324597 ], [ -118.557729000071006, 34.042492999890896 ], [ -118.558069999633005, 34.041989999983301 ], [ -118.558557999767999, 34.041835000384701 ], [ -118.558614000419993, 34.041605000238199 ], [ -118.558163999857001, 34.0413610000709 ], [ -118.558159000290999, 34.041209000057798 ], [ -118.557998000519007, 34.040934000221803 ], [ -118.557787000279006, 34.040930000366799 ], [ -118.557337000130005, 34.040780999569101 ], [ -118.557234000473002, 34.040673999862499 ], [ -118.556643999591003, 34.040557999822603 ], [ -118.556632999900998, 34.0404550000829 ], [ -118.556778999583003, 34.040357000433303 ], [ -118.557224999867003, 34.040490999915598 ], [ -118.557288000203002, 34.040401000135702 ], [ -118.557277999768004, 34.040251000303101 ], [ -118.556969999968999, 34.039934999868002 ], [ -118.556973999597005, 34.039513999668699 ], [ -118.556617000230005, 34.039294000319501 ], [ -118.556615999854998, 34.039120000184099 ], [ -118.556808000279005, 34.039083000309503 ], [ -118.556968000349002, 34.039061000226503 ], [ -118.557563999484998, 34.039297999739802 ], [ -118.557992000398002, 34.039633000251001 ], [ -118.558397000387004, 34.040128999709999 ], [ -118.558839000104996, 34.040149000404902 ], [ -118.558946000429003, 34.040030000376603 ], [ -118.559028000092994, 34.039690000277901 ], [ -118.559128000504998, 34.039619999762799 ], [ -118.560317000283007, 34.039972000009598 ], [ -118.560426000410004, 34.040085999775897 ], [ -118.560119000189005, 34.040509999621896 ], [ -118.560134999810998, 34.040672000336798 ], [ -118.560282000494993, 34.040901000233397 ], [ -118.560547999625996, 34.041058999561301 ], [ -118.560611000264998, 34.041309999968 ], [ -118.560889000206998, 34.041689000007203 ], [ -118.560838000138006, 34.042058999782299 ], [ -118.561161999749004, 34.0421639998698 ], [ -118.561192000478997, 34.042279000232398 ], [ -118.560658000431999, 34.042299000330502 ], [ -118.560308999680004, 34.042147000081002 ], [ -118.559608000343999, 34.0422260003836 ], [ -118.559808999485995, 34.042484999604802 ], [ -118.559803999620001, 34.042670999941699 ], [ -118.560264000356995, 34.043410999871902 ], [ -118.560406000010005, 34.043811000059797 ], [ -118.560175000417999, 34.043807999749603 ], [ -118.559754000020007, 34.043623000217799 ], [ -118.559617999566001, 34.043604000394502 ], [ -118.559619000335005, 34.043678000398302 ], [ -118.559790999515997, 34.044164000306999 ], [ -118.560297000334003, 34.044481000429698 ], [ -118.560701999795, 34.044567999933498 ], [ -118.560836000028004, 34.044781999860902 ], [ -118.561079999643994, 34.044756000180001 ], [ -118.561166000276998, 34.044558999959698 ], [ -118.561452000371006, 34.044577000281798 ], [ -118.561600999901003, 34.044731000343099 ], [ -118.561612000343999, 34.044911000280202 ], [ -118.561421000101006, 34.0450619998619 ], [ -118.561375999657997, 34.0454179995629 ], [ -118.562041000361006, 34.0454770000119 ], [ -118.562641000469, 34.045214000199799 ], [ -118.562853000258002, 34.044900999899198 ], [ -118.563113999945003, 34.0449020002334 ], [ -118.563458000373998, 34.044538000279999 ], [ -118.563974000488003, 34.044377000038097 ], [ -118.564134999923994, 34.043980000211903 ], [ -118.564043999557001, 34.043533999661399 ], [ -118.564242999827997, 34.043496999861802 ], [ -118.564483999809994, 34.043692999931103 ], [ -118.564636999914001, 34.043937000083901 ], [ -118.564746000051002, 34.0446729997091 ], [ -118.564328000220002, 34.045118999810803 ], [ -118.564273999731995, 34.0454700004057 ], [ -118.564396000041995, 34.045818000103701 ], [ -118.564560000297007, 34.045925000397098 ], [ -118.564621000041001, 34.0461829997029 ], [ -118.564506999599004, 34.0462249996921 ], [ -118.564163000060006, 34.046082000081199 ], [ -118.564129000023001, 34.045857999898701 ], [ -118.563892000002994, 34.045712999769997 ], [ -118.563729999480003, 34.045764000188498 ], [ -118.563468000363002, 34.0461359995886 ], [ -118.563335999911999, 34.046167000101001 ], [ -118.563188000462006, 34.0457960000005 ], [ -118.563077000264997, 34.045748000103004 ], [ -118.562797999669996, 34.045758000068297 ], [ -118.562405999530995, 34.045880000284498 ], [ -118.562332000346004, 34.045978000344697 ], [ -118.562509000142995, 34.046214000271497 ], [ -118.562967999676999, 34.046351999629103 ], [ -118.563588000205002, 34.046291000446601 ], [ -118.563701999903998, 34.046350000047397 ], [ -118.563662999542004, 34.046538999622697 ], [ -118.563758000247006, 34.046643000358799 ], [ -118.564105999958997, 34.046572999867799 ], [ -118.564860000218005, 34.046749000282702 ], [ -118.565120999632995, 34.046746000096498 ], [ -118.565291000322006, 34.046646999685699 ], [ -118.565622000413001, 34.046285000285998 ], [ -118.565751000543997, 34.045915999720599 ], [ -118.565767000047003, 34.045583000025204 ], [ -118.566276000079, 34.045168000253199 ], [ -118.566367000135003, 34.0448129997717 ], [ -118.566256000178001, 34.044533000361596 ], [ -118.566580000165004, 34.044103999645998 ], [ -118.566575999910995, 34.0437370000597 ], [ -118.566446000061006, 34.043706999777697 ], [ -118.566371000499004, 34.043918999783102 ], [ -118.566036000417995, 34.043912000134902 ], [ -118.566132999627996, 34.043413999570298 ], [ -118.566116999562993, 34.043071000424902 ], [ -118.566032999873002, 34.042968999728899 ], [ -118.565624999639994, 34.0431300000931 ], [ -118.565716000251996, 34.0434409997034 ], [ -118.56554200027, 34.043659000343197 ], [ -118.565257000143006, 34.043715000199398 ], [ -118.565056999543998, 34.043291000083698 ], [ -118.564732000199001, 34.043301000357197 ], [ -118.564500000272005, 34.043151999639797 ], [ -118.564369000111995, 34.042919999789099 ], [ -118.564075999717005, 34.042831999960597 ], [ -118.563722999505003, 34.042872000009602 ], [ -118.563323999572006, 34.043642000233397 ], [ -118.563031000413005, 34.0436049999565 ], [ -118.562751999941, 34.0432580000464 ], [ -118.562739999889004, 34.043019999604702 ], [ -118.562918999510003, 34.042833999598997 ], [ -118.562931000378995, 34.042617999643603 ], [ -118.562751000516002, 34.042386999596701 ], [ -118.562388999798998, 34.042366999935801 ], [ -118.562153999486, 34.042236999771902 ], [ -118.562215000058004, 34.041959999842 ], [ -118.561809000463001, 34.041491000081898 ], [ -118.561672000197007, 34.040982999607998 ], [ -118.561790999869004, 34.040739999934303 ], [ -118.562439999776998, 34.040800000414201 ], [ -118.563465000253004, 34.041366999609799 ], [ -118.564317000269995, 34.041474000006197 ], [ -118.565050999695998, 34.041359999950799 ], [ -118.566863000024, 34.041721999883897 ], [ -118.567100000162995, 34.0418510002945 ], [ -118.567282000237, 34.042689000224101 ], [ -118.567625999897004, 34.042867999733502 ], [ -118.567733000429996, 34.043108000281997 ], [ -118.567780000257997, 34.043704000284201 ], [ -118.567533000538006, 34.044103999611004 ], [ -118.567389000364997, 34.0446369999597 ], [ -118.566965999583999, 34.044625000367603 ], [ -118.566825999692995, 34.044707999946901 ], [ -118.566778999568996, 34.045043000064197 ], [ -118.566538999741994, 34.045490999808898 ], [ -118.566804000304003, 34.045646999936501 ], [ -118.566705000037004, 34.045963999668999 ], [ -118.566772999595003, 34.046234000301197 ], [ -118.567368000336003, 34.046299000158697 ], [ -118.567635000292995, 34.046383999802501 ], [ -118.567741000428995, 34.046516999840698 ], [ -118.567648000122006, 34.046663000122201 ], [ -118.567072000416005, 34.046586999844301 ], [ -118.566633999534005, 34.046633999717002 ], [ -118.565549000109002, 34.0476990004531 ], [ -118.565072999666995, 34.047906999945297 ], [ -118.565049999581007, 34.048062000419797 ], [ -118.565393999958005, 34.048215999887098 ], [ -118.565737999614996, 34.048170000215102 ], [ -118.566198000259007, 34.0484180003101 ], [ -118.566188999721007, 34.048519999772303 ], [ -118.566100000088994, 34.048545999991099 ], [ -118.565817999705999, 34.0483850000522 ], [ -118.565650000397994, 34.048509000245701 ], [ -118.565639000306007, 34.048815999681302 ], [ -118.565948999881002, 34.048953999620799 ], [ -118.566497000048997, 34.048678000031899 ], [ -118.566739000026004, 34.048703000026599 ], [ -118.566953000208997, 34.048592000001896 ], [ -118.566971000411002, 34.048341000379203 ], [ -118.567097999942007, 34.048120000080601 ], [ -118.567390999536997, 34.048016000284903 ], [ -118.567852000065002, 34.048059999807101 ], [ -118.568025999796006, 34.048227000217999 ], [ -118.569600999996993, 34.048590000125998 ], [ -118.570127999975, 34.048917999956402 ], [ -118.570607000175997, 34.048874000357401 ], [ -118.570700999815998, 34.048681999980701 ], [ -118.570565999823998, 34.048532000406198 ], [ -118.570368000222999, 34.048508999764998 ], [ -118.570002000307994, 34.048078000183203 ], [ -118.569743000417006, 34.048012000450598 ], [ -118.569583000538003, 34.047831000135297 ], [ -118.569582999489, 34.047588999859698 ], [ -118.569365999791003, 34.047118999916997 ], [ -118.569309999794001, 34.046763999710997 ], [ -118.569097999486999, 34.046536999858702 ], [ -118.569060999957003, 34.046278000171 ], [ -118.569244999765999, 34.045877999603903 ], [ -118.568979999605006, 34.045444000374602 ], [ -118.568566000313993, 34.045080999603698 ], [ -118.568341999758005, 34.044549999561099 ], [ -118.568200000076999, 34.043905000214501 ], [ -118.568265999863996, 34.042984999882997 ], [ -118.568677999475, 34.042233999911197 ], [ -118.569114000105003, 34.0420560000615 ], [ -118.570839000462001, 34.042115999803798 ], [ -118.572243999815001, 34.041878999854298 ], [ -118.574261000307999, 34.041108999668502 ], [ -118.574795999561999, 34.040806999700102 ], [ -118.575229999547005, 34.040408999697597 ], [ -118.575933000435001, 34.040014000369098 ], [ -118.576697999532001, 34.039962000089297 ], [ -118.577240000334001, 34.040191999724001 ], [ -118.579984999969, 34.0401690000988 ], [ -118.580272999984999, 34.039997000150798 ], [ -118.580504999531996, 34.039986000325101 ], [ -118.580835000098006, 34.039844000014 ], [ -118.581529000347004, 34.039396999928897 ], [ -118.582757000271002, 34.039051000184102 ], [ -118.583221999518997, 34.038773000418701 ], [ -118.584375999998997, 34.038702999644698 ], [ -118.584464999497996, 34.039011999987999 ], [ -118.584707999635995, 34.0391279996253 ], [ -118.585412999512002, 34.039191000375098 ], [ -118.585663000379, 34.039308999867501 ], [ -118.585981000116007, 34.039241999628501 ], [ -118.586365999981993, 34.038591000219803 ], [ -118.586638999471006, 34.0385300004341 ], [ -118.588311000187005, 34.039016000099799 ], [ -118.589742999799, 34.039085000052197 ], [ -118.592295000025004, 34.039614000343001 ], [ -118.593265000393004, 34.039551999692499 ], [ -118.595114999854999, 34.039709999975202 ], [ -118.595553999751999, 34.039646000206801 ], [ -118.595790000457995, 34.039481999712201 ], [ -118.596712000381004, 34.039241999779797 ], [ -118.597741999920999, 34.039543000133797 ], [ -118.598346000136999, 34.0395760000983 ], [ -118.599778000038, 34.039457000208401 ], [ -118.603226999794998, 34.039492000009098 ], [ -118.604224999600007, 34.0393259995938 ], [ -118.606708999952005, 34.038511999726097 ], [ -118.607574000251006, 34.037448000047597 ], [ -118.608274000394005, 34.036924000121402 ], [ -118.609417000107996, 34.036495999744702 ], [ -118.609906999730995, 34.036446000345997 ], [ -118.610895999774996, 34.036487000403604 ], [ -118.611798000015995, 34.036782999598898 ], [ -118.614567999914996, 34.036838000392201 ], [ -118.617370000495995, 34.037134999909 ], [ -118.619087999512004, 34.037406000111602 ], [ -118.621980000315006, 34.0376580003174 ], [ -118.624214000449001, 34.0377390003367 ], [ -118.627112000522999, 34.036967999829002 ], [ -118.629143999741004, 34.036977999553997 ], [ -118.630028000145003, 34.037151999732103 ], [ -118.632540000307003, 34.037263000011698 ], [ -118.632660605723999, 34.037315203032399 ], [ -118.632747845938994, 34.037323066459898 ], [ -118.632886527232003, 34.037411874336598 ], [ -118.633093882721994, 34.037488582971797 ], [ -118.633158334029005, 34.0374830337106 ], [ -118.633223683848996, 34.037476883018499 ], [ -118.633292682998004, 34.037466949745998 ], [ -118.633367916374993, 34.037460633583301 ], [ -118.633449866627004, 34.037446449573203 ], [ -118.633534100079004, 34.0374402007265 ], [ -118.633618766639998, 34.0374297664343 ], [ -118.633706916487995, 34.037419382885403 ], [ -118.633791133442003, 34.0374092667412 ], [ -118.633878033581993, 34.037392866198203 ], [ -118.633966833109994, 34.037374916003301 ], [ -118.634057133663006, 34.037362850374699 ], [ -118.634147966222002, 34.037351583550901 ], [ -118.634231866109999, 34.037339816979603 ], [ -118.634318067175002, 34.0373252505631 ], [ -118.634404366810003, 34.037308616119702 ], [ -118.634491666732998, 34.037291066772603 ], [ -118.634578383499004, 34.037275483040901 ], [ -118.634668116618002, 34.037252632545197 ], [ -118.634757900180006, 34.037231433390801 ], [ -118.634847550176005, 34.037209249834 ], [ -118.634941249191996, 34.037195232637202 ], [ -118.635027516228007, 34.037167567306199 ], [ -118.635128233336999, 34.037138582965902 ], [ -118.635221033443997, 34.037115099814301 ], [ -118.635310966323004, 34.037096082954797 ], [ -118.635407500555999, 34.037079183615504 ], [ -118.635504466472, 34.037060366279803 ], [ -118.635599916592994, 34.037042333114499 ], [ -118.635689683826001, 34.037031133443698 ], [ -118.635764516896003, 34.037023816454997 ], [ -118.635831016180006, 34.0370219335352 ], [ -118.635882400293994, 34.037014982917 ], [ -118.635924816949995, 34.037007832902297 ], [ -118.635959233356004, 34.037012699880897 ], [ -118.636015533109003, 34.037048816525001 ], [ -118.636047034054002, 34.037069532731302 ], [ -118.636073116958002, 34.037098933947703 ], [ -118.636095316988005, 34.037140000278498 ], [ -118.636117283778006, 34.037172316605897 ], [ -118.636136717254004, 34.0371986836657 ], [ -118.636344717323993, 34.037198683410701 ], [ -118.636629999638004, 34.036995999753401 ], [ -118.637219999942999, 34.037028000385199 ], [ -118.638077000040994, 34.036566999798701 ], [ -118.639793000360996, 34.037098000194803 ], [ -118.641285999936002, 34.037413000205099 ], [ -118.644770999817993, 34.0380530002532 ], [ -118.646426999808, 34.038240000145002 ], [ -118.647443999912994, 34.038482999820097 ], [ -118.648802000163997, 34.038323999867501 ], [ -118.649146999885005, 34.038155999933799 ], [ -118.649769000389, 34.037631999958499 ], [ -118.650262999751007, 34.037614999787699 ], [ -118.651896000337004, 34.037908000367999 ], [ -118.652153000065994, 34.038054000297798 ], [ -118.652300999809, 34.038362000220502 ], [ -118.652750000146, 34.038617000174597 ], [ -118.653630999662994, 34.038706999928998 ], [ -118.654088000314999, 34.0382389998612 ], [ -118.654756000245001, 34.038239999875699 ], [ -118.656947000436006, 34.0386099995766 ], [ -118.657134999793996, 34.0388990002279 ], [ -118.657659999846999, 34.039335000168499 ], [ -118.658376999747006, 34.039353000334501 ], [ -118.658942999781999, 34.0392269996713 ], [ -118.659244999847004, 34.038995999722097 ], [ -118.659612999757002, 34.038908000440898 ], [ -118.659952999908, 34.039089000306099 ], [ -118.660212000458998, 34.039430000297898 ], [ -118.660664000544003, 34.039811999580699 ], [ -118.662022999835003, 34.039945999654201 ], [ -118.662251721366005, 34.039948047288 ], [ -118.662335146396998, 34.039582601906503 ], [ -118.663131271208997, 34.039661221303099 ], [ -118.663241242140998, 34.039952064034502 ], [ -118.663297000084995, 34.040266999733703 ], [ -118.663700505785997, 34.040307441189697 ], [ -118.664077425081999, 34.040277643645602 ], [ -118.664457802100998, 34.040214135628702 ], [ -118.664844470309006, 34.040186978809601 ], [ -118.665230007106004, 34.040154529566003 ], [ -118.665615002270997, 34.0401332748147 ], [ -118.665930900090999, 34.040152477436997 ], [ -118.666264944144999, 34.040161936439297 ], [ -118.666488605615996, 34.040321749689099 ], [ -118.666378818210006, 34.040471529338902 ], [ -118.666300203624004, 34.040536672937002 ], [ -118.666148601680007, 34.040645181481104 ], [ -118.666037249924003, 34.0407023312316 ], [ -118.665913787654006, 34.040767504620703 ], [ -118.665824204897007, 34.040816635358503 ], [ -118.665743850761999, 34.040866810884097 ], [ -118.665597560983997, 34.040934011910402 ], [ -118.665506711831, 34.041043339569399 ], [ -118.665323801960994, 34.041220939631799 ], [ -118.665185931856996, 34.041167913053698 ], [ -118.665044353759995, 34.041094761050203 ], [ -118.664880868652006, 34.041022662944897 ], [ -118.664682520583, 34.041043725422298 ], [ -118.664551652284999, 34.041056817281401 ], [ -118.664390866399998, 34.041079901067199 ], [ -118.664185229948004, 34.041133974207902 ], [ -118.664048285042995, 34.041122892279397 ], [ -118.663933477762001, 34.041146925875303 ], [ -118.663795587966007, 34.041160944265698 ], [ -118.663642236822, 34.0411111331263 ], [ -118.663739032297002, 34.041235934989601 ], [ -118.663759693146005, 34.041388769788497 ], [ -118.663756261759005, 34.041389927728098 ], [ -118.663834000096998, 34.041580000219099 ], [ -118.663899000295004, 34.042478999742002 ], [ -118.662983999809995, 34.0435249999205 ], [ -118.662827999488002, 34.043869000128801 ], [ -118.662025733948994, 34.044191965480103 ], [ -118.661963127432998, 34.044277099805797 ], [ -118.661948977467006, 34.044444763942799 ], [ -118.661837345888003, 34.044638121802997 ], [ -118.662068988721998, 34.044786749838799 ], [ -118.662382447347994, 34.044902150490103 ], [ -118.662510441180004, 34.045020832404099 ], [ -118.662336907975003, 34.045319092345899 ], [ -118.662261785951998, 34.0454113257125 ], [ -118.662292429841003, 34.045749119309697 ], [ -118.662241222757999, 34.046029757140197 ], [ -118.662395638646998, 34.046046215898699 ], [ -118.662547513652996, 34.046352413569601 ], [ -118.662848672078994, 34.046902475131901 ], [ -118.663217284873994, 34.047327406197603 ], [ -118.663175143242, 34.047503565074202 ], [ -118.663315054218998, 34.047727949001903 ], [ -118.663571999897997, 34.047959999849503 ], [ -118.663448999677001, 34.0481939997075 ], [ -118.663080000247007, 34.048193000426103 ], [ -118.662598999937003, 34.047845000038798 ], [ -118.662238999753001, 34.0477049998835 ], [ -118.660427000352996, 34.047134999799603 ], [ -118.659808000021002, 34.047107999633702 ], [ -118.659925999622004, 34.047598999707397 ], [ -118.659751000360998, 34.048052999997097 ], [ -118.659953999820999, 34.048472000186003 ], [ -118.660890999501007, 34.048926999775503 ], [ -118.661362000094002, 34.048967999604301 ], [ -118.661849999835994, 34.049512000418098 ], [ -118.661884999864995, 34.049837999838601 ], [ -118.662263999713005, 34.050800000435601 ], [ -118.662974999510993, 34.051508000326599 ], [ -118.663056000289998, 34.052031000453397 ], [ -118.662878999808996, 34.052544000064799 ], [ -118.663003999758004, 34.052959999576302 ], [ -118.663275000257997, 34.053221999649601 ], [ -118.663682999513995, 34.053402000273898 ], [ -118.663933999687998, 34.053693000006902 ], [ -118.663827999787003, 34.053948000160197 ], [ -118.662669000470999, 34.054064000226901 ], [ -118.663064999648, 34.054583999760098 ], [ -118.663864000234, 34.0550370003414 ], [ -118.663953000438994, 34.055309000028203 ], [ -118.663890999605997, 34.055312999723299 ], [ -118.663741000483995, 34.055749000002699 ], [ -118.663457000503996, 34.055974000429003 ], [ -118.663481000066, 34.056359999555198 ], [ -118.663921999495003, 34.056661999555899 ], [ -118.663858000454994, 34.056670000387399 ], [ -118.664353999696004, 34.056926000347403 ], [ -118.664530000244994, 34.0572310002051 ], [ -118.664549999545002, 34.057614999727399 ], [ -118.665213999483001, 34.057927000157299 ], [ -118.665885000488004, 34.057943999683999 ], [ -118.666328000299004, 34.057847000229202 ], [ -118.666568000165, 34.057693999840701 ], [ -118.666703000126006, 34.057593999964098 ], [ -118.666858000165007, 34.057524000001202 ], [ -118.667083000443995, 34.057450000064499 ], [ -118.667311999652, 34.057449000079302 ], [ -118.667475999478, 34.057584999997403 ], [ -118.667662999556995, 34.057720000164103 ], [ -118.667948000414, 34.057838000240103 ], [ -118.668125000098001, 34.057887999613499 ], [ -118.668198000163997, 34.057981000025599 ], [ -118.668104000491994, 34.0582760003403 ], [ -118.66824300044, 34.058480000041499 ], [ -118.668263000167002, 34.0587049996088 ], [ -118.668074999517998, 34.058928999931098 ], [ -118.668049999575999, 34.059151000299202 ], [ -118.668169000416, 34.059303000187803 ], [ -118.668375000306995, 34.059486000141497 ], [ -118.668922000356005, 34.059807999671698 ], [ -118.669160000534006, 34.060143000037698 ], [ -118.669003999544003, 34.060187000186602 ], [ -118.668964000358002, 34.060547000098197 ], [ -118.668954000176996, 34.060814999991599 ], [ -118.668757999961002, 34.0610340003036 ], [ -118.668679999648006, 34.061407999607198 ], [ -118.669012000145997, 34.061605000194298 ], [ -118.669449000239993, 34.061785000235098 ], [ -118.669717000218, 34.061938999585898 ], [ -118.669923000138994, 34.062228000428398 ], [ -118.66991200004, 34.062291000014199 ], [ -118.669774000082, 34.062609999937301 ], [ -118.669719000406005, 34.062727000211098 ], [ -118.669589000132007, 34.062943000070703 ], [ -118.669515999704998, 34.063091000113801 ], [ -118.669295000532003, 34.0632620002797 ], [ -118.669042000063001, 34.063658000103203 ], [ -118.668764000359999, 34.0638770001677 ], [ -118.668613999930002, 34.0642299999394 ], [ -118.66891700008, 34.064457000317603 ], [ -118.66924799972, 34.064442000300801 ], [ -118.669693999646, 34.064176000221202 ], [ -118.669879000340003, 34.064004000341001 ], [ -118.670206000183995, 34.064021000293302 ], [ -118.670633999518003, 34.063904000305499 ], [ -118.671090000487993, 34.063693999802197 ], [ -118.671253000061995, 34.063338000083696 ], [ -118.671416000069001, 34.063009999684297 ], [ -118.671525262895003, 34.062848851977897 ], [ -118.671531492436003, 34.062849688240597 ], [ -118.671572457067995, 34.0628529535418 ], [ -118.671596418609994, 34.062873154664999 ], [ -118.671640259995996, 34.062883414411502 ], [ -118.671673278607003, 34.0628980277884 ], [ -118.67168938348, 34.062922920045096 ], [ -118.671675537119995, 34.062952999540599 ], [ -118.671705913804004, 34.0629671358313 ], [ -118.671709473603002, 34.062997200099304 ], [ -118.671720314401, 34.063014620170399 ], [ -118.671732255715, 34.063002261108998 ], [ -118.671772974207997, 34.062996342006599 ], [ -118.671794930103999, 34.062975638581797 ], [ -118.671825825989004, 34.0629553981993 ], [ -118.671853285422003, 34.062934572303099 ], [ -118.671884392115999, 34.062924138798799 ], [ -118.671904012606007, 34.062896072152803 ], [ -118.671933165400006, 34.062879812531598 ], [ -118.671960746590003, 34.062848017876398 ], [ -118.671998743459, 34.062839397454901 ], [ -118.672034205789004, 34.062854746936402 ], [ -118.672067245399006, 34.062847520214298 ], [ -118.672097942674, 34.062834244677802 ], [ -118.672140556347998, 34.062827977896298 ], [ -118.672171581474998, 34.062816206352899 ], [ -118.672211755679001, 34.062803288270203 ], [ -118.672233448038, 34.062782397769098 ], [ -118.672260805296006, 34.062760229965697 ], [ -118.672284864969996, 34.0627344400325 ], [ -118.672316054741998, 34.062718031854502 ], [ -118.672336392115, 34.062692096652903 ], [ -118.672369415031994, 34.062678710207102 ], [ -118.672408961005004, 34.062671249975097 ], [ -118.672424893523996, 34.062645620441899 ], [ -118.672451950747003, 34.062625180986302 ], [ -118.672479478922995, 34.062605339335398 ], [ -118.672512734643007, 34.062603545985397 ], [ -118.672550567711994, 34.062589969411597 ], [ -118.672587048525003, 34.062594624595903 ], [ -118.672622816629001, 34.062583108338799 ], [ -118.672651434358002, 34.0625968957212 ], [ -118.672692955065003, 34.0625974335777 ], [ -118.672725731544006, 34.062584972761499 ], [ -118.672773383684003, 34.062578396609503 ], [ -118.672808666622998, 34.062576719651403 ], [ -118.672830582135006, 34.062549957084101 ], [ -118.672847534363996, 34.062524368219499 ], [ -118.672848749671999, 34.062491281686498 ], [ -118.672841784670993, 34.0624639680941 ], [ -118.672864152455006, 34.062443033947901 ], [ -118.6728968356, 34.062436502441102 ], [ -118.672931956273999, 34.062439572961303 ], [ -118.672968813747005, 34.062429175496298 ], [ -118.672988733156998, 34.062453189718497 ], [ -118.673024018160007, 34.062444559003502 ], [ -118.673054673609997, 34.062458613442502 ], [ -118.673088689958007, 34.062459773272103 ], [ -118.673130532876996, 34.062462728192997 ], [ -118.673170423936995, 34.062470232164699 ], [ -118.673213433266, 34.062469346480803 ], [ -118.673245332890005, 34.062480285149597 ], [ -118.673272906932993, 34.062463112451503 ], [ -118.673306830962005, 34.062460936279003 ], [ -118.673334777696994, 34.0624462102259 ], [ -118.673364634728998, 34.0624319824339 ], [ -118.673393853831001, 34.062410462618999 ], [ -118.673431270254994, 34.062401998142697 ], [ -118.673464296803004, 34.062410347977803 ], [ -118.673514667423007, 34.062406452848997 ], [ -118.673546394197004, 34.062385467967601 ], [ -118.673580825876996, 34.062369656154701 ], [ -118.673616194006001, 34.062359039191101 ], [ -118.673642243711001, 34.062339410843002 ], [ -118.673678230044999, 34.062330750225598 ], [ -118.673719683875007, 34.062327395807799 ], [ -118.673758840060998, 34.062327314327902 ], [ -118.673790252702005, 34.062338672711597 ], [ -118.673829598338003, 34.062347042811901 ], [ -118.673869133862993, 34.062342763549402 ], [ -118.673904440754001, 34.062356024441499 ], [ -118.673926910898004, 34.062377901746899 ], [ -118.673949047497004, 34.062398998021898 ], [ -118.67398289898, 34.062408934132598 ], [ -118.674020985621993, 34.062417699720001 ], [ -118.674065391121999, 34.062421536096203 ], [ -118.674109951914005, 34.062422127753301 ], [ -118.674144088538, 34.062419805049203 ], [ -118.674190362494002, 34.062424890141898 ], [ -118.674231073035997, 34.062428182185997 ], [ -118.674250965596002, 34.0624506578134 ], [ -118.674280949947999, 34.062436837867303 ], [ -118.674317001714002, 34.062424475113701 ], [ -118.674341838749001, 34.062394800865903 ], [ -118.674365845704003, 34.062370424422603 ], [ -118.674399947406997, 34.0623714676519 ], [ -118.674428354555999, 34.062348604722096 ], [ -118.674461496839996, 34.062341044023597 ], [ -118.674494577475997, 34.06232760895 ], [ -118.674526578816995, 34.062319990781099 ], [ -118.674553485299995, 34.062297005778802 ], [ -118.674577383183006, 34.062275182133398 ], [ -118.674609473578002, 34.062258908220201 ], [ -118.674646512064996, 34.0622339124942 ], [ -118.674664579682002, 34.062200124044701 ], [ -118.674674952063995, 34.062165169608299 ], [ -118.674674891161999, 34.062127650571497 ], [ -118.674651298506006, 34.062103386548401 ], [ -118.674620134942998, 34.062085261499298 ], [ -118.674618555565999, 34.062053973490698 ], [ -118.674590704444995, 34.062038139962901 ], [ -118.674584279222003, 34.062009036846597 ], [ -118.674617520221005, 34.061981919753102 ], [ -118.674641294687007, 34.061959568142399 ], [ -118.674680298541006, 34.061931074679897 ], [ -118.674727798676997, 34.061936221607503 ], [ -118.674737904414002, 34.061978726819298 ], [ -118.674754705276996, 34.062004798780301 ], [ -118.674805665487995, 34.061996678028599 ], [ -118.674839051993999, 34.0619870149226 ], [ -118.674879315428996, 34.061976859309098 ], [ -118.674911802346003, 34.061986245554401 ], [ -118.674909889299002, 34.062021385864597 ], [ -118.674920932202994, 34.062049124520698 ], [ -118.674912977147002, 34.062080650527001 ], [ -118.674912724737993, 34.062110061816803 ], [ -118.674921313761999, 34.0621379306018 ], [ -118.674949497547004, 34.062162603181299 ], [ -118.674976884835004, 34.0621783230361 ], [ -118.675002357509996, 34.062210637225803 ], [ -118.675007949681003, 34.062242906808798 ], [ -118.675042705511999, 34.062241703560098 ], [ -118.675076125931, 34.062226671103303 ], [ -118.675114241673995, 34.062232802313503 ], [ -118.675131622034002, 34.062206185805103 ], [ -118.675177709386006, 34.062197347376397 ], [ -118.675216524020001, 34.062186246192503 ], [ -118.675240643574, 34.062165725031797 ], [ -118.675283841777997, 34.062165837887399 ], [ -118.675315991407004, 34.0621580255835 ], [ -118.675352245892995, 34.062141443765903 ], [ -118.675375251998005, 34.062109547297197 ], [ -118.675389275518, 34.062082373320003 ], [ -118.675388480688, 34.062052282700897 ], [ -118.675400768724998, 34.062018907461002 ], [ -118.675401289443002, 34.061990862444503 ], [ -118.675434263965997, 34.061989342654698 ], [ -118.675465389009005, 34.062002543625901 ], [ -118.675467754050004, 34.061970408046797 ], [ -118.675498467026003, 34.061954786822497 ], [ -118.675517662364001, 34.0619314315502 ], [ -118.675553019066996, 34.0619413432279 ], [ -118.675562791882996, 34.0619418832825 ], [ -118.675587122745, 34.0619432263791 ], [ -118.675621905070003, 34.061951988182201 ], [ -118.675647171557003, 34.061928703467501 ], [ -118.675677970148001, 34.061918627771 ], [ -118.675692976538002, 34.061891173073299 ], [ -118.675682994460999, 34.061947501771002 ], [ -118.675696482467998, 34.061904462222302 ], [ -118.675695562463005, 34.061873883304401 ], [ -118.675728742581995, 34.061867534370698 ], [ -118.675726052965999, 34.061899069353302 ], [ -118.675768914330007, 34.061893423466998 ], [ -118.675805166833001, 34.061891792014897 ], [ -118.675792774542998, 34.061864264049099 ], [ -118.675823629902993, 34.061843638941802 ], [ -118.67585075641, 34.061818872903203 ], [ -118.675883935599003, 34.061821549410503 ], [ -118.675912296169997, 34.0618064587959 ], [ -118.675935050998007, 34.061781833055697 ], [ -118.675979518947003, 34.0617836102589 ], [ -118.676004388647996, 34.061802485816699 ], [ -118.676038195402995, 34.061798754086098 ], [ -118.676077177487002, 34.061799024101497 ], [ -118.676076289193006, 34.061829103274903 ], [ -118.676118103066003, 34.061838810335999 ], [ -118.676122869444001, 34.061866472330699 ], [ -118.676149630224003, 34.061884929870303 ], [ -118.676197013847002, 34.0618644191984 ], [ -118.676232985726003, 34.061873182917999 ], [ -118.676224317608003, 34.061903913670001 ], [ -118.676211348294004, 34.061932716494802 ], [ -118.676227692159003, 34.061957772277701 ], [ -118.676251738557994, 34.061978587377801 ], [ -118.676266831716006, 34.062004060466798 ], [ -118.676260925337999, 34.062042334184802 ], [ -118.676273057195004, 34.062071383599999 ], [ -118.676240447926006, 34.062089680455699 ], [ -118.676254036079001, 34.062125689688699 ], [ -118.676283968893003, 34.062144032586701 ], [ -118.676265768901999, 34.062170062747299 ], [ -118.676294439746997, 34.062191237194902 ], [ -118.676322311817998, 34.062210946338297 ], [ -118.676317038210001, 34.062239853909297 ], [ -118.676309631048994, 34.062269299260997 ], [ -118.676280188890999, 34.0622950599547 ], [ -118.676289403564994, 34.062322410286797 ], [ -118.676307313549003, 34.0623507929594 ], [ -118.676324655119998, 34.062380510541097 ], [ -118.676298823403997, 34.062398873535798 ], [ -118.676289341732996, 34.062427467147103 ], [ -118.676279261101001, 34.062452693693203 ], [ -118.676277899553995, 34.062456099282699 ], [ -118.676255601318999, 34.062482757080502 ], [ -118.676223013111994, 34.0624972703339 ], [ -118.676229214656004, 34.062528701261101 ], [ -118.676197676382998, 34.062541139601997 ], [ -118.676212561328001, 34.062567469446101 ], [ -118.676221304671003, 34.062595533741202 ], [ -118.676251227628001, 34.062608404971598 ], [ -118.676235410453003, 34.062636081098098 ], [ -118.676217630226006, 34.062662849082002 ], [ -118.676196564747997, 34.062686605552202 ], [ -118.676159834958995, 34.062687540992499 ], [ -118.676125551435007, 34.062699905939297 ], [ -118.676149307642007, 34.062723951554702 ], [ -118.676125398140996, 34.062743645001397 ], [ -118.676086837913999, 34.062757977020503 ], [ -118.676055568045996, 34.0627876616187 ], [ -118.676046262179, 34.062793570462603 ], [ -118.676049276841994, 34.062815932555999 ], [ -118.676013699354996, 34.062843034606999 ], [ -118.675979971052001, 34.062870339350603 ], [ -118.675969643532994, 34.062906458304703 ], [ -118.675994928343997, 34.062933091149297 ], [ -118.675999364644994, 34.062964799974502 ], [ -118.676033785124005, 34.062972751439197 ], [ -118.676066687342001, 34.062969043446202 ], [ -118.676095675750005, 34.062985318045698 ], [ -118.676121658710997, 34.063002567455399 ], [ -118.676142019804999, 34.063027829477903 ], [ -118.676170646003001, 34.063042384185401 ], [ -118.676174252200994, 34.063073142127799 ], [ -118.676201217525005, 34.063101774266798 ], [ -118.676195044549004, 34.0631359139065 ], [ -118.676177343117004, 34.063164693257797 ], [ -118.676139119818998, 34.063159516815901 ], [ -118.676106633878007, 34.063152165764599 ], [ -118.676077678371001, 34.063169046299002 ], [ -118.676069437292, 34.063199302332599 ], [ -118.676060961068998, 34.063229496129303 ], [ -118.676061041110998, 34.063257779789801 ], [ -118.676060028649999, 34.063285701850901 ], [ -118.676057963858, 34.063317969805603 ], [ -118.676031009672002, 34.063350710324599 ], [ -118.676054986894997, 34.0633710215577 ], [ -118.676096327139007, 34.063395765565303 ], [ -118.676090944625003, 34.0634258591746 ], [ -118.676083498387001, 34.063453231343502 ], [ -118.676071313484002, 34.063485306856698 ], [ -118.676069302076002, 34.063521753236799 ], [ -118.676042434763005, 34.063549313517797 ], [ -118.676054125049006, 34.063590674836 ], [ -118.676040265820006, 34.063617675858197 ], [ -118.676030164325994, 34.063648327674699 ], [ -118.675999661034993, 34.063681568765197 ], [ -118.675959473229, 34.063703636100897 ], [ -118.675935034556005, 34.063743153967998 ], [ -118.675910077590999, 34.063761652336296 ], [ -118.675880622226003, 34.063780090301201 ], [ -118.675843708325004, 34.063785767492398 ], [ -118.675837480690006, 34.063815663731702 ], [ -118.675793385939997, 34.063837217688402 ], [ -118.675774415299003, 34.0638659461437 ], [ -118.675800473478006, 34.0638958317884 ], [ -118.675846015166002, 34.063908906281803 ], [ -118.675886713745001, 34.063923029774301 ], [ -118.675932255109004, 34.063947615294197 ], [ -118.675978157732004, 34.063946159044797 ], [ -118.676020207956, 34.063950757933299 ], [ -118.676053832446996, 34.063950646529399 ], [ -118.676085019555998, 34.063934055199702 ], [ -118.676120470002999, 34.063927656809199 ], [ -118.676156372877998, 34.063933034378302 ], [ -118.676193448251993, 34.063940721823201 ], [ -118.676211637983997, 34.063969175324203 ], [ -118.676215875254996, 34.063997710117498 ], [ -118.676257760853005, 34.063992106802502 ], [ -118.676295687895006, 34.0639924293829 ], [ -118.676292358153006, 34.063962881871603 ], [ -118.676320372115001, 34.063946406873498 ], [ -118.676354280230996, 34.063954057465601 ], [ -118.676387983957, 34.063953485287101 ], [ -118.676429781693002, 34.063949564994502 ], [ -118.676459966758998, 34.063961246431496 ], [ -118.676476487268005, 34.0639885247015 ], [ -118.676480097815002, 34.064020970363401 ], [ -118.676493033355996, 34.0640481177266 ], [ -118.676517065358993, 34.0640759033761 ], [ -118.676517676160003, 34.064106399280803 ], [ -118.676502163536, 34.064134056400697 ], [ -118.676471192071006, 34.064158265786197 ], [ -118.676450517625995, 34.064190467174299 ], [ -118.676419088252004, 34.0642123271804 ], [ -118.676456076074999, 34.064216007907298 ], [ -118.676404066659998, 34.064222402443797 ], [ -118.676435953614998, 34.064236553181601 ], [ -118.676445409322, 34.064266214222201 ], [ -118.676456299753994, 34.064295406892299 ], [ -118.676486746530998, 34.0643142929815 ], [ -118.676486487291001, 34.064344662470297 ], [ -118.676490107044003, 34.064376496069997 ], [ -118.676508785848995, 34.064401189392598 ], [ -118.676516060370005, 34.064431514772103 ], [ -118.676536181642007, 34.064405681851802 ], [ -118.6765631751, 34.064387658695303 ], [ -118.676585491203994, 34.064412079615202 ], [ -118.676616643382005, 34.064428058230803 ], [ -118.676650731104999, 34.064432184831603 ], [ -118.676677940847, 34.064455649227597 ], [ -118.676675433254999, 34.064487071756901 ], [ -118.676660418661996, 34.064512229249999 ], [ -118.676644741041997, 34.064545974466 ], [ -118.676671403312, 34.0645670073175 ], [ -118.676693749544, 34.064544748739003 ], [ -118.676723368347993, 34.064528069607697 ], [ -118.676758779636998, 34.064530929537199 ], [ -118.676792273070006, 34.064533866351503 ], [ -118.676827366848997, 34.064537634945701 ], [ -118.676834800492003, 34.064565069958 ], [ -118.676829878698001, 34.064592382205397 ], [ -118.676817706055004, 34.064622184177601 ], [ -118.676829174779002, 34.064595658395099 ], [ -118.676863957479, 34.064594463008298 ], [ -118.676844105827996, 34.0646288350354 ], [ -118.676877354943002, 34.064622440595997 ], [ -118.676917297941998, 34.064600770403601 ], [ -118.676950285657995, 34.064580891052003 ], [ -118.676984219939996, 34.064563356809401 ], [ -118.677025722230994, 34.064565377720797 ], [ -118.677064686880996, 34.064567544051101 ], [ -118.677077481197998, 34.064539880547201 ], [ -118.677110497094006, 34.064545193631197 ], [ -118.677135744867996, 34.064564203987501 ], [ -118.677173414243995, 34.064560525784998 ], [ -118.677207604982001, 34.064559289160897 ], [ -118.677227763828, 34.0645345636703 ], [ -118.677269595398997, 34.064534714884701 ], [ -118.677303160487995, 34.064520713962999 ], [ -118.677338267780996, 34.064510559840798 ], [ -118.677373098106997, 34.064494436902002 ], [ -118.677399469734993, 34.064476982425397 ], [ -118.677434015836994, 34.064469410123401 ], [ -118.677470552887996, 34.064468516203497 ], [ -118.677508892888, 34.064475110782297 ], [ -118.677552578469005, 34.064458439660498 ], [ -118.677592016630001, 34.064454072328203 ], [ -118.677623873493005, 34.064446832981197 ], [ -118.677662707714006, 34.064450831357 ], [ -118.677696731975004, 34.0644332808169 ], [ -118.677734246954003, 34.064427626231698 ], [ -118.677700202921997, 34.064414232475698 ], [ -118.677669601511994, 34.064395244849202 ], [ -118.677627411928, 34.064391055165601 ], [ -118.677607178095002, 34.064356019369498 ], [ -118.677609086667999, 34.0643267653194 ], [ -118.677642837050996, 34.064322578073003 ], [ -118.677680609988997, 34.064328419526099 ], [ -118.677712347414996, 34.0643162797165 ], [ -118.677744730572996, 34.064340013063998 ], [ -118.677779791478002, 34.064338500575502 ], [ -118.677817299348007, 34.064342834210898 ], [ -118.677857700187005, 34.064346894878902 ], [ -118.677896649063996, 34.064353617203103 ], [ -118.677930007469001, 34.064346830647096 ], [ -118.677967427479999, 34.064337529895496 ], [ -118.678005537478001, 34.064345822874003 ], [ -118.678042232314993, 34.064340164080001 ], [ -118.678077773965001, 34.064325220299501 ], [ -118.678116180781998, 34.0643156703999 ], [ -118.678089056144003, 34.064298355040897 ], [ -118.678104255486005, 34.064269965624298 ], [ -118.678132173620995, 34.0642493004516 ], [ -118.678181593770006, 34.064248840677102 ], [ -118.678214251106994, 34.064254858807303 ], [ -118.678251714864999, 34.064252383243101 ], [ -118.678291836393001, 34.0642448546308 ], [ -118.678331815747001, 34.064229386160797 ], [ -118.678378439666005, 34.064227175497102 ], [ -118.678414257957996, 34.064226107051297 ], [ -118.678455175820005, 34.064231380688497 ], [ -118.678491802337007, 34.064215243082202 ], [ -118.678527116286006, 34.064230053252899 ], [ -118.678557893659999, 34.064219852136297 ], [ -118.678599808765, 34.064229753251603 ], [ -118.678636094314996, 34.064241538219299 ], [ -118.678669132514003, 34.064237432565001 ], [ -118.678706253235006, 34.064240882401599 ], [ -118.678751874604004, 34.064239859026102 ], [ -118.678792067689997, 34.064244679669599 ], [ -118.678829048918004, 34.064254130402801 ], [ -118.678869615818996, 34.064258302627898 ], [ -118.678913631458002, 34.064280059093598 ], [ -118.678945262439001, 34.064290372742001 ], [ -118.679178644540002, 34.064437710717201 ], [ -118.679328000332006, 34.0645320003404 ], [ -118.679675000456001, 34.0648150003463 ], [ -118.680036000209995, 34.065255000242701 ], [ -118.680443000514998, 34.065388999679101 ], [ -118.680542310948994, 34.065564615872702 ], [ -118.680582972473005, 34.065550673651003 ], [ -118.680612024897002, 34.065563814876199 ], [ -118.680648265955995, 34.065585440019603 ], [ -118.680659530564, 34.065618988358104 ], [ -118.680703159901995, 34.065630683683601 ], [ -118.680740615234001, 34.065631142658901 ], [ -118.680787186283993, 34.0656414673958 ], [ -118.680828247429005, 34.065658504390498 ], [ -118.680839076831006, 34.065693074537698 ], [ -118.680802932272002, 34.065710376951998 ], [ -118.680799884649005, 34.065741017019697 ], [ -118.680828183214004, 34.065755901175002 ], [ -118.680825663776005, 34.065785666540002 ], [ -118.680808839362996, 34.065812083781502 ], [ -118.680817072853998, 34.0658393979162 ], [ -118.680846422179002, 34.065857987895797 ], [ -118.680859836788002, 34.065890090664197 ], [ -118.680895636521001, 34.065893738143899 ], [ -118.680917913008003, 34.065924455946998 ], [ -118.680931582376999, 34.0659542194186 ], [ -118.680921419103001, 34.065981793855599 ], [ -118.680922950018996, 34.066014319785701 ], [ -118.680926416066001, 34.066042951772999 ], [ -118.680939740341003, 34.066073333315501 ], [ -118.680972345412997, 34.066068214042801 ], [ -118.681006095311005, 34.066081519532503 ], [ -118.68103611491, 34.066098196007196 ], [ -118.681061203943997, 34.066118750671897 ], [ -118.68109891508, 34.066130946200801 ], [ -118.681142321547, 34.066136551481399 ], [ -118.681167958665995, 34.066116418165898 ], [ -118.681205072007998, 34.066126913622803 ], [ -118.681239621859007, 34.066133460343202 ], [ -118.681276166307995, 34.066129444105101 ], [ -118.681316175383003, 34.066131922175401 ], [ -118.681351871139, 34.066145168041999 ], [ -118.681381504561998, 34.066161035768502 ], [ -118.681399414479998, 34.066188870246997 ], [ -118.681435971523996, 34.066198815552099 ], [ -118.681475807113003, 34.066207073216603 ], [ -118.681498542732996, 34.0661855124482 ], [ -118.681543799479002, 34.066172336200403 ], [ -118.681545343337007, 34.066142843534202 ], [ -118.681579104307005, 34.066133193638201 ], [ -118.681618492007999, 34.066128704422503 ], [ -118.681637692232997, 34.066156742219697 ], [ -118.681667637103999, 34.066173231940098 ], [ -118.681698391620003, 34.066192361752201 ], [ -118.681731468641999, 34.066200559152399 ], [ -118.681754742094995, 34.0662238982841 ], [ -118.681787451111006, 34.066217032772201 ], [ -118.681794532455001, 34.066185264646897 ], [ -118.681791435574993, 34.066157408694899 ], [ -118.681836248885006, 34.0661506011797 ], [ -118.681869445813007, 34.066171917522297 ], [ -118.681899924367997, 34.066184028202201 ], [ -118.681940530054007, 34.066203714583601 ], [ -118.681974056783005, 34.066198485781399 ], [ -118.682016932382993, 34.0661978052701 ], [ -118.682056062483994, 34.066195700235198 ], [ -118.682088768753005, 34.066187894285598 ], [ -118.682127958280006, 34.066203633447302 ], [ -118.682158768023001, 34.066215962457498 ], [ -118.682168760560998, 34.066244437288297 ], [ -118.682177465256004, 34.066271204104503 ], [ -118.682212968325004, 34.066256498431201 ], [ -118.682235518650003, 34.066278902301001 ], [ -118.682271011961006, 34.066310182898498 ], [ -118.682295775620005, 34.066344661606003 ], [ -118.682314535968999, 34.0663738193293 ], [ -118.682317971854999, 34.066407660980602 ], [ -118.682354236014007, 34.066429834864202 ], [ -118.682388700527, 34.0664341741453 ], [ -118.682429133599996, 34.066449614740201 ], [ -118.682477915131003, 34.066449521649403 ], [ -118.682518478988996, 34.066428329137104 ], [ -118.682557342820004, 34.066432572287901 ], [ -118.682589704159994, 34.066426090194298 ], [ -118.682602881400001, 34.066419190623797 ], [ -118.682598684683001, 34.066401186774797 ], [ -118.682616601060005, 34.066371895146702 ], [ -118.682641732397997, 34.066348423521198 ], [ -118.682678445083994, 34.066351202879801 ], [ -118.682719248078001, 34.0663385219136 ], [ -118.682752345679006, 34.066338683713802 ], [ -118.682789544494995, 34.066343948828496 ], [ -118.682829720675002, 34.066347199124401 ], [ -118.682855116919001, 34.066320056687701 ], [ -118.682891894519003, 34.0663225815888 ], [ -118.682924614860994, 34.066338460251799 ], [ -118.682935820859001, 34.066372468341001 ], [ -118.682969139205994, 34.066388481923703 ], [ -118.683007249067998, 34.066375975276202 ], [ -118.683032404113007, 34.0663682097871 ], [ -118.683039152993999, 34.066366126779599 ], [ -118.683070454125001, 34.0663547440762 ], [ -118.683107359442005, 34.066354162731997 ], [ -118.683137937487004, 34.066383953670403 ], [ -118.683139992766996, 34.066388627634502 ], [ -118.683151322309996, 34.066414396937901 ], [ -118.683184213467996, 34.066433353595102 ], [ -118.683209741707003, 34.066459635001301 ], [ -118.683237059595001, 34.066482554460499 ], [ -118.683259246456004, 34.066508904519701 ], [ -118.683289756376993, 34.066528114005202 ], [ -118.683325392599002, 34.066543528590302 ], [ -118.683347649275007, 34.066575954997802 ], [ -118.683372355643996, 34.066598968654198 ], [ -118.683384085102006, 34.066627463433598 ], [ -118.683417605344005, 34.066646127972 ], [ -118.683428139076, 34.0666726525589 ], [ -118.683395383410002, 34.066683998714197 ], [ -118.683611496975999, 34.066825981425403 ], [ -118.683652873181998, 34.066872776729497 ], [ -118.683663797204005, 34.066906630004198 ], [ -118.683689407943007, 34.066959672102101 ], [ -118.683712629344996, 34.066988515981002 ], [ -118.683727503856005, 34.067015021260197 ], [ -118.683742227411997, 34.067043626309903 ], [ -118.683770525699003, 34.067072743397397 ], [ -118.683791091065004, 34.067102269698303 ], [ -118.683815660720001, 34.067126286892702 ], [ -118.683871549143007, 34.0671751520253 ], [ -118.683906838346999, 34.067203922497697 ], [ -118.683943591844994, 34.067235064725303 ], [ -118.683969732326005, 34.067262540347897 ], [ -118.683977546928006, 34.067295164905701 ], [ -118.684004494684999, 34.067349589102498 ], [ -118.684010273157995, 34.067390222057099 ], [ -118.684013633624005, 34.067425448424203 ], [ -118.684018899216994, 34.0674575981635 ], [ -118.684026210468005, 34.067495653250802 ], [ -118.684037849175994, 34.067525193583599 ], [ -118.684043976002997, 34.067570470836202 ], [ -118.684061418137006, 34.067627136452103 ], [ -118.684093761856005, 34.067666483183203 ], [ -118.684128276289002, 34.067700668350803 ], [ -118.684155479563003, 34.067725953700098 ], [ -118.684183790985998, 34.067749305391601 ], [ -118.684216196053995, 34.067774652604399 ], [ -118.684251390287002, 34.067788938433402 ], [ -118.684290437458998, 34.067817507841902 ], [ -118.684327046676003, 34.067844139597597 ], [ -118.684354389598994, 34.067871127733397 ], [ -118.684379150116996, 34.067902435122598 ], [ -118.684396934917004, 34.067927398880698 ], [ -118.684416399143004, 34.0679836090425 ], [ -118.684425019407001, 34.068012247171197 ], [ -118.684445425544993, 34.068061745335299 ], [ -118.684442145694007, 34.068100412836799 ], [ -118.684443603689999, 34.068132008286497 ], [ -118.684508951332006, 34.0681397805009 ], [ -118.684567446646994, 34.068146736995203 ], [ -118.684626207972997, 34.0681537253801 ], [ -118.684661170531996, 34.068156058346197 ], [ -118.684668486562003, 34.068144335201602 ], [ -118.684676988155005, 34.0681307126532 ], [ -118.684708849947, 34.068137976449101 ], [ -118.684742347734002, 34.068142578812498 ], [ -118.684748992587004, 34.068143492161198 ], [ -118.684756517533998, 34.0681422420312 ], [ -118.684786671648993, 34.068137232216003 ], [ -118.684820302019006, 34.068129268471999 ], [ -118.684857744970003, 34.068109615046801 ], [ -118.684852881504, 34.068139951078003 ], [ -118.684852725549007, 34.068140922050802 ], [ -118.684884618140003, 34.068151018824601 ], [ -118.684924649089993, 34.068147117391497 ], [ -118.684970692316, 34.068142819238197 ], [ -118.685006907827002, 34.068146814594499 ], [ -118.685044484499997, 34.068143900839601 ], [ -118.685072977746003, 34.068158904232497 ], [ -118.685107772663997, 34.0681596601178 ], [ -118.685143254934999, 34.068165915269198 ], [ -118.685185418095998, 34.068175862727202 ], [ -118.685226947507999, 34.0681879512506 ], [ -118.685269542666006, 34.068197658440504 ], [ -118.685303759014005, 34.068212977545798 ], [ -118.685310292560004, 34.068241113695301 ], [ -118.685343555426996, 34.068226270333597 ], [ -118.68537058954, 34.068204788197001 ], [ -118.685420429374005, 34.0681986620515 ], [ -118.685461480423001, 34.068200838732999 ], [ -118.685493698463006, 34.068206300612601 ], [ -118.685496713914006, 34.068206811422499 ], [ -118.685549204053999, 34.068207438660501 ], [ -118.685580603795998, 34.0682220210754 ], [ -118.685620288812999, 34.068229972597699 ], [ -118.685659011802002, 34.068230505870197 ], [ -118.685679548137998, 34.068257282619399 ], [ -118.685698147641006, 34.068289823170701 ], [ -118.685723608803997, 34.0683077953843 ], [ -118.685757032086002, 34.0683202590074 ], [ -118.685762240629003, 34.068348010205703 ], [ -118.685763133172998, 34.068381191238799 ], [ -118.685744947147001, 34.068417411296501 ], [ -118.685774515960006, 34.068402142040597 ], [ -118.685797568626, 34.068422845195798 ], [ -118.685810115975997, 34.068450700875303 ], [ -118.685803366439998, 34.0684786359855 ], [ -118.685796123459994, 34.068506663671499 ], [ -118.685801573516002, 34.068534227420898 ], [ -118.685833533087006, 34.068552417007197 ], [ -118.685871581813004, 34.068552525010297 ], [ -118.685838309838005, 34.0685552957599 ], [ -118.685855347973998, 34.068595588723099 ], [ -118.685826292455005, 34.0686241383398 ], [ -118.685786442248997, 34.068648330654902 ], [ -118.685750472844006, 34.068652829187997 ], [ -118.685714271620995, 34.068645164028403 ], [ -118.685681605271995, 34.068641041255297 ], [ -118.685644994453, 34.0686339645682 ], [ -118.685610309216997, 34.068660166459097 ], [ -118.685578799148999, 34.068685291556299 ], [ -118.685546829830997, 34.068692460585503 ], [ -118.685514158350003, 34.068699958684199 ], [ -118.685478256381003, 34.068702683659303 ], [ -118.685460352158003, 34.068728872662298 ], [ -118.685448421428006, 34.068699779025899 ], [ -118.685439476766007, 34.068690255526697 ], [ -118.685423893323005, 34.068673664808799 ], [ -118.685388254038003, 34.068663163442203 ], [ -118.685342943118997, 34.068672653225804 ], [ -118.685304487674998, 34.068679717593 ], [ -118.685270129260999, 34.0686759006364 ], [ -118.685231486662005, 34.068675666575302 ], [ -118.685193529043005, 34.068660728011501 ], [ -118.685155440437995, 34.068645783415199 ], [ -118.685118380272996, 34.068649091736802 ], [ -118.685074031506005, 34.068653638500699 ], [ -118.685026269766993, 34.068647916869097 ], [ -118.684986511258998, 34.068641634869202 ], [ -118.684946257302002, 34.068640635629301 ], [ -118.684910450204995, 34.0686450140619 ], [ -118.684868362990002, 34.068664032386799 ], [ -118.684857881598006, 34.068699896768102 ], [ -118.684857019606994, 34.068739122273797 ], [ -118.684866525185996, 34.068775241706298 ], [ -118.684880723754006, 34.068803146291899 ], [ -118.684930348682997, 34.068797457835799 ], [ -118.684976434866002, 34.068804449382498 ], [ -118.685007054837996, 34.068815185046397 ], [ -118.685036004140002, 34.0688297528406 ], [ -118.685074154309007, 34.068845688085297 ], [ -118.685114827514994, 34.068860802273399 ], [ -118.685151223904995, 34.068866641530597 ], [ -118.685185017742995, 34.068883794041497 ], [ -118.685181128593001, 34.068913533659398 ], [ -118.685190752267005, 34.068941407943598 ], [ -118.685214599023993, 34.068961662381199 ], [ -118.685208249797, 34.0689918270877 ], [ -118.685212771462005, 34.069027302055702 ], [ -118.685233838177993, 34.069048588233898 ], [ -118.685276681629006, 34.069049211553299 ], [ -118.685311061475005, 34.069073530891202 ], [ -118.685318171194993, 34.069110332143403 ], [ -118.685305578661996, 34.069142010633499 ], [ -118.685308996239996, 34.069171638924203 ], [ -118.685334558728002, 34.069153117651098 ], [ -118.685331660962007, 34.069189101116002 ], [ -118.685366620734996, 34.069194295343301 ], [ -118.685410913397007, 34.0692032097541 ], [ -118.685365235782996, 34.069217910776999 ], [ -118.685331832873004, 34.069230145236801 ], [ -118.685351459360007, 34.069256264203098 ], [ -118.685381772447002, 34.069273140276302 ], [ -118.685409675176999, 34.069288107897798 ], [ -118.685421109418002, 34.069315465716997 ], [ -118.685437041648001, 34.069341952245502 ], [ -118.685450753519007, 34.069371838138501 ], [ -118.685457523251998, 34.069399593808797 ], [ -118.685460740230994, 34.069433981754401 ], [ -118.685473900388999, 34.069470319072501 ], [ -118.685477327575995, 34.069501846119998 ], [ -118.685494387253996, 34.069534280540402 ], [ -118.685507906937005, 34.069561203515001 ], [ -118.685540241919995, 34.069577041742697 ], [ -118.685575807022005, 34.069584218179202 ], [ -118.685620103979005, 34.069595880473003 ], [ -118.685661493655005, 34.069602098113798 ], [ -118.685674237273005, 34.069630277888002 ], [ -118.685677676767, 34.069663412526801 ], [ -118.685677464224, 34.0696996442284 ], [ -118.685678338843005, 34.069730323208603 ], [ -118.685701742117004, 34.069762389909201 ], [ -118.685739594340006, 34.0697569637789 ], [ -118.685757314990994, 34.069782381806597 ], [ -118.685765597832003, 34.069816746121703 ], [ -118.685796415059002, 34.069829003842401 ], [ -118.685768523576996, 34.0698550965948 ], [ -118.685756337830995, 34.069883303428703 ], [ -118.685754242257005, 34.069913614567298 ], [ -118.685740655410996, 34.069941569030298 ], [ -118.685709611521006, 34.069971916773497 ], [ -118.685711937055004, 34.070007141861403 ], [ -118.685750588161994, 34.070016138902297 ], [ -118.685754946079996, 34.070047478316603 ], [ -118.685756086452002, 34.070077101030101 ], [ -118.685760505122005, 34.070111102513998 ], [ -118.685753759215004, 34.070140891198101 ], [ -118.685756126860994, 34.070175801222099 ], [ -118.685752095148999, 34.070206822976402 ], [ -118.685722396629004, 34.070221772461601 ], [ -118.685740467087996, 34.0702462956693 ], [ -118.685721523778, 34.070277086810599 ], [ -118.685735068387999, 34.070307533272498 ], [ -118.685760773932998, 34.070331232179598 ], [ -118.685780578857006, 34.070353494467497 ], [ -118.685765840328997, 34.070382350707902 ], [ -118.685762466965997, 34.0703897252275 ], [ -118.685762963052994, 34.0704206252041 ], [ -118.685764600343006, 34.070451053310599 ], [ -118.685751720255993, 34.070478528174398 ], [ -118.685719374388995, 34.070484323450998 ], [ -118.685717437994995, 34.070513532910702 ], [ -118.685697481918993, 34.070544496273101 ], [ -118.685670290326001, 34.070562251427503 ], [ -118.685688056084004, 34.070596351869803 ], [ -118.685663468593006, 34.070615249571802 ], [ -118.685646023032007, 34.070645102326402 ], [ -118.685641985315996, 34.070651965211297 ], [ -118.685629920143001, 34.070672470574202 ], [ -118.685664215253993, 34.070664598104102 ], [ -118.685668597185995, 34.070699438487303 ], [ -118.685637921701996, 34.070717735842202 ], [ -118.685605938890006, 34.070725665632303 ], [ -118.685572394104, 34.070740721259298 ], [ -118.685539108642999, 34.0707316310056 ], [ -118.685519340536999, 34.070756443435101 ], [ -118.685521048984, 34.0707939098385 ], [ -118.685499457405001, 34.070821707887703 ], [ -118.685497848555997, 34.070823779113901 ], [ -118.685493709607996, 34.070829108193202 ], [ -118.685516724758997, 34.070848394578597 ], [ -118.685522976542998, 34.070878957052201 ], [ -118.685528164480999, 34.070908730116599 ], [ -118.685520518744994, 34.0709430269387 ], [ -118.685534613548, 34.070968872840702 ], [ -118.685547024876996, 34.071001918912103 ], [ -118.685519264505004, 34.071028046445598 ], [ -118.685510090839003, 34.0710603377225 ], [ -118.685478102939996, 34.0710502283506 ], [ -118.685466477204002, 34.071045723516796 ], [ -118.685447192835994, 34.071038251677898 ], [ -118.685418474189007, 34.0710372270389 ], [ -118.685408347793995, 34.070998993667601 ], [ -118.685371984119001, 34.070998347809898 ], [ -118.685368206885002, 34.071034177710303 ], [ -118.685333161705998, 34.071038219775097 ], [ -118.685302263273996, 34.071028599842897 ], [ -118.685299249113001, 34.071029760514897 ], [ -118.685285750835007, 34.071034957246802 ], [ -118.685273719956996, 34.071050925471603 ], [ -118.685273517525005, 34.071051304490403 ], [ -118.685271252511995, 34.071055558902302 ], [ -118.685258331450996, 34.071079820106903 ], [ -118.685222821436, 34.071100632771902 ], [ -118.685189704300001, 34.071112249305898 ], [ -118.685153974678997, 34.071115358429502 ], [ -118.685128857536, 34.071134682639403 ], [ -118.685108185423005, 34.071167302777098 ], [ -118.685071108442003, 34.071160693870702 ], [ -118.685024860016995, 34.071159126938603 ], [ -118.684992695058995, 34.071176148363499 ], [ -118.684956304259998, 34.071178684524 ], [ -118.684932517511996, 34.071159538782901 ], [ -118.684901025860995, 34.071146571662197 ], [ -118.684887308163994, 34.071111050120599 ], [ -118.684872908905007, 34.071086189623898 ], [ -118.684895812063999, 34.071063511399998 ], [ -118.684872015321005, 34.071053806535403 ], [ -118.684865540958, 34.071051165998902 ], [ -118.684853804436003, 34.0710393356498 ], [ -118.684841731185003, 34.0710271660367 ], [ -118.684814500938998, 34.071006276593501 ], [ -118.684785721889, 34.070990875016797 ], [ -118.684751257274996, 34.070984400739 ], [ -118.684753131915997, 34.070997062079201 ], [ -118.684755742825004, 34.071014693135801 ], [ -118.684737267227007, 34.071039363476501 ], [ -118.684712294576997, 34.071058464779703 ], [ -118.684689574885994, 34.071078909247198 ], [ -118.684665858745007, 34.071102059471102 ], [ -118.684664475670999, 34.071130875900003 ], [ -118.684673829637006, 34.071157385708901 ], [ -118.684688297665005, 34.071183057514602 ], [ -118.684716795721002, 34.071201603170898 ], [ -118.684700828882001, 34.071249637217498 ], [ -118.684654541374996, 34.071251125930701 ], [ -118.684614779990994, 34.071254880729199 ], [ -118.684567570843996, 34.071274146299601 ], [ -118.684564662404995, 34.071275333416096 ], [ -118.684547477029994, 34.071246148447301 ], [ -118.684541844574994, 34.071273718554302 ], [ -118.684536898619996, 34.071288125878901 ], [ -118.684532583568, 34.071300695921003 ], [ -118.684538480797002, 34.071310136495804 ], [ -118.684543989698994, 34.071318953223603 ], [ -118.684548910743999, 34.071326830963798 ], [ -118.684537450394998, 34.071366011526401 ], [ -118.684526238263004, 34.071374129431298 ], [ -118.684519545849, 34.071378975513198 ], [ -118.684519876075001, 34.071412125617996 ], [ -118.684518845428997, 34.071429616359303 ], [ -118.684516216475998, 34.0714386032829 ], [ -118.684505869508996, 34.0714739768367 ], [ -118.684478837518995, 34.0715663915703 ], [ -118.684464037069006, 34.071577998495798 ], [ -118.684466653656997, 34.071588919397897 ], [ -118.684449910332006, 34.071588904582001 ], [ -118.684430752961006, 34.071588888034803 ], [ -118.684403728920003, 34.071617347075801 ], [ -118.684409923987999, 34.071631863197403 ], [ -118.684416534053994, 34.071647353273498 ], [ -118.684419675916999, 34.071654714621999 ], [ -118.684395705700993, 34.071686781751701 ], [ -118.684379313397997, 34.071687287565403 ], [ -118.684353109138002, 34.071688095690298 ], [ -118.684311561569004, 34.0716780973925 ], [ -118.684305405985, 34.071646014173503 ], [ -118.684307541337006, 34.071628425303999 ], [ -118.684308740779997, 34.071618551886303 ], [ -118.684282215156998, 34.071599652067597 ], [ -118.684251893500004, 34.071586692876103 ], [ -118.684227379280003, 34.071609732809598 ], [ -118.684192864260993, 34.071595094277399 ], [ -118.684190627462002, 34.071594145261201 ], [ -118.684160773507003, 34.071605956949803 ], [ -118.684127155899006, 34.071608321124302 ], [ -118.684119169924003, 34.071580809234298 ], [ -118.684102660703005, 34.071540910815401 ], [ -118.684089023984001, 34.071507956830096 ], [ -118.684061486391002, 34.071517702755003 ], [ -118.684050324053999, 34.071519779017301 ], [ -118.684032770862999, 34.071494918959402 ], [ -118.684020355035003, 34.071498416004502 ], [ -118.683988156495005, 34.071504309858199 ], [ -118.683978574641998, 34.071506537797703 ], [ -118.683951034562995, 34.071502728902601 ], [ -118.683924788398997, 34.0715038438722 ], [ -118.683895701392004, 34.071475792516502 ], [ -118.683881236153994, 34.071445809448299 ], [ -118.683840820675996, 34.071433690088298 ], [ -118.683812113003995, 34.071419986711 ], [ -118.683783594494003, 34.071403129193499 ], [ -118.683765108735997, 34.071378709992103 ], [ -118.683721287552004, 34.071394917535599 ], [ -118.683734514365995, 34.071369442049097 ], [ -118.683699541665007, 34.0713631527152 ], [ -118.683671097448993, 34.071349117870199 ], [ -118.683634331522001, 34.071343739097003 ], [ -118.683605269386007, 34.071304922567798 ], [ -118.683602815192998, 34.071277136462498 ], [ -118.683569890845007, 34.071262508899203 ], [ -118.683588424253998, 34.071286275064999 ], [ -118.683547756639996, 34.071297126822898 ], [ -118.683515291781006, 34.071283078839102 ], [ -118.683481907889998, 34.071283911088997 ], [ -118.683454423922996, 34.071309140668397 ], [ -118.683419740768002, 34.071302255064097 ], [ -118.683374523146, 34.071317279736903 ], [ -118.683410199714004, 34.071317099685302 ], [ -118.68340411282, 34.0713469445013 ], [ -118.683394663263002, 34.0713849996188 ], [ -118.683359190304998, 34.071377523372099 ], [ -118.683328373476002, 34.0713908031586 ], [ -118.683289499083003, 34.071374905894601 ], [ -118.683311264577995, 34.071396204054203 ], [ -118.683330764158995, 34.071422323644903 ], [ -118.683316591736002, 34.071450109641702 ], [ -118.683347748808004, 34.071465197377101 ], [ -118.683348283287998, 34.071500102456397 ], [ -118.683334608653993, 34.071534092344301 ], [ -118.683311591749998, 34.071569131854602 ], [ -118.683280314073002, 34.071578273607301 ], [ -118.683250807953002, 34.071592931657797 ], [ -118.683216296032995, 34.0716138174364 ], [ -118.683195839809997, 34.071650649941802 ], [ -118.683167358196002, 34.071668450884403 ], [ -118.683145213627, 34.071691729837902 ], [ -118.683111319229994, 34.0717050875881 ], [ -118.683068667773995, 34.071702937569199 ], [ -118.683031065810994, 34.071720239084101 ], [ -118.683010391834998, 34.0717526496517 ], [ -118.683041384118994, 34.071769434075399 ], [ -118.683075971945996, 34.071772759379002 ], [ -118.683069854528, 34.0718074730678 ], [ -118.683065732909995, 34.071836737432001 ], [ -118.683026568268005, 34.071853660262697 ], [ -118.682993115738995, 34.071867609089502 ], [ -118.682976729071001, 34.071898729504497 ], [ -118.682967236069999, 34.071934438239097 ], [ -118.682972065670995, 34.071962841410098 ], [ -118.682993926007001, 34.0719942335311 ], [ -118.682992430187994, 34.072021977577897 ], [ -118.682998592876999, 34.072059056414197 ], [ -118.682998226969005, 34.072087202086401 ], [ -118.683013518075001, 34.072117548200701 ], [ -118.683026311530995, 34.072149200633099 ], [ -118.683023831371003, 34.072183075536401 ], [ -118.683013558854995, 34.072213684219001 ], [ -118.682985568785995, 34.072229286507898 ], [ -118.682954591251999, 34.072244639688599 ], [ -118.682921167073005, 34.072252207669997 ], [ -118.682896209432997, 34.072279055724302 ], [ -118.682858811431004, 34.072294830509499 ], [ -118.682823543, 34.072299222630399 ], [ -118.682779318610997, 34.0723000177085 ], [ -118.682730116200005, 34.072294472337902 ], [ -118.682752369808, 34.072321390156397 ], [ -118.682778684929005, 34.072338613712098 ], [ -118.682805177771002, 34.072376989600897 ], [ -118.682836991559995, 34.072366326959902 ], [ -118.682879808926998, 34.072378418529802 ], [ -118.682922349734, 34.072386438206301 ], [ -118.682940768527999, 34.072384691156003 ], [ -118.682960590549996, 34.072382810666298 ], [ -118.682988736230001, 34.072399619884401 ], [ -118.683017854786996, 34.072425004131397 ], [ -118.683042440703005, 34.072447872954399 ], [ -118.683057399548005, 34.072467168559598 ], [ -118.683066440819999, 34.072478831789901 ], [ -118.683093485349005, 34.072495207229998 ], [ -118.683098776641998, 34.072524192703497 ], [ -118.683081456398, 34.072551842186698 ], [ -118.683058465306004, 34.0725737590002 ], [ -118.683038384450995, 34.072596006957099 ], [ -118.683011909548995, 34.072619105989503 ], [ -118.683008764879006, 34.072654815053802 ], [ -118.683025409788996, 34.072679947825797 ], [ -118.683023193777998, 34.072709357699502 ], [ -118.683031127714003, 34.072736141486097 ], [ -118.683021404607004, 34.072764860550301 ], [ -118.683023508264, 34.072795980097297 ], [ -118.683010761567999, 34.072822199382998 ], [ -118.682922190797996, 34.072879795017002 ], [ -118.682906857480006, 34.072846454394103 ], [ -118.682887803775003, 34.0728149685158 ], [ -118.682850963920998, 34.072781988714198 ], [ -118.682811294090001, 34.072759704584101 ], [ -118.682769365289005, 34.072738642965597 ], [ -118.682735440963, 34.072727095031397 ], [ -118.682704778686997, 34.0727166783768 ], [ -118.682656040634001, 34.072709005289603 ], [ -118.682609958330005, 34.072709441645003 ], [ -118.682608722905997, 34.072709453505503 ], [ -118.682574189948994, 34.072719492324303 ], [ -118.682531181963, 34.072727044038501 ], [ -118.682493153544996, 34.072736691713203 ], [ -118.682442861072005, 34.072747869024603 ], [ -118.682394462120996, 34.072763680521803 ], [ -118.682361776996999, 34.072790945755003 ], [ -118.682354105076001, 34.0728360569587 ], [ -118.682354908635006, 34.072875779364203 ], [ -118.682351373938005, 34.072891035022103 ], [ -118.682346037513994, 34.072914062808998 ], [ -118.682325271161005, 34.072955145924396 ], [ -118.682289983524001, 34.072982720917899 ], [ -118.682256820120998, 34.0730109776947 ], [ -118.682228713361994, 34.073026209707201 ], [ -118.682185295630006, 34.073035056581098 ], [ -118.682150419565005, 34.073041559044199 ], [ -118.682113544988994, 34.0730515264625 ], [ -118.682063050508006, 34.073061678915501 ], [ -118.682015331594997, 34.073067837147498 ], [ -118.681981001680001, 34.073072519343903 ], [ -118.681935441478004, 34.073080474052098 ], [ -118.681889391599995, 34.073090303702301 ], [ -118.681838486798, 34.0731029612135 ], [ -118.681832690498993, 34.073104479975598 ], [ -118.681797964921998, 34.073113579623097 ], [ -118.681762143304994, 34.073116813742097 ], [ -118.681726926284, 34.073125494773997 ], [ -118.681696892744995, 34.073142807669299 ], [ -118.681660742049999, 34.073143817441 ], [ -118.681615040001006, 34.073140935599298 ], [ -118.681571697419997, 34.073134387407102 ], [ -118.681521145242996, 34.073132167035801 ], [ -118.681487087611998, 34.073139938226802 ], [ -118.681448108314996, 34.0731531031999 ], [ -118.681412291829005, 34.073180659178703 ], [ -118.681387899884001, 34.073220027791898 ], [ -118.681370432364005, 34.073261886368002 ], [ -118.681351914334002, 34.073297943955403 ], [ -118.681327406980003, 34.073334813933499 ], [ -118.681301495251006, 34.073361967017597 ], [ -118.681277301107002, 34.073385155141501 ], [ -118.681232724848002, 34.073453750816903 ], [ -118.681208649292003, 34.073488443119899 ], [ -118.681181863920997, 34.0735253299679 ], [ -118.681161345787999, 34.073548086399597 ], [ -118.681139805013004, 34.073570569541801 ], [ -118.681111231768995, 34.0735942992536 ], [ -118.681077267912002, 34.073614138595602 ], [ -118.681054875757994, 34.073637185248401 ], [ -118.681037163941994, 34.073664607184 ], [ -118.681033621238996, 34.073696459251899 ], [ -118.681044706494006, 34.073732582683 ], [ -118.681066905883995, 34.0737648715712 ], [ -118.681097313048994, 34.0737777910945 ], [ -118.681097916135002, 34.073793435382399 ], [ -118.681098778282006, 34.073815813607297 ], [ -118.681110201839005, 34.073844991830398 ], [ -118.681120027923996, 34.073877689224602 ], [ -118.681133368412006, 34.073914831345398 ], [ -118.681145449438006, 34.073953163349302 ], [ -118.681157523249993, 34.073978901580197 ], [ -118.681168902219994, 34.074008805019602 ], [ -118.681180905766993, 34.0740367376957 ], [ -118.681199443625005, 34.0740711217287 ], [ -118.681228807189996, 34.074093196043499 ], [ -118.681266620067007, 34.074111331022003 ], [ -118.681313108528002, 34.0741224270581 ], [ -118.681349097395, 34.074132550503698 ], [ -118.681389263130001, 34.074142558194502 ], [ -118.681394267193994, 34.074145007904399 ], [ -118.682258411793001, 34.074568066807402 ], [ -118.682269822454998, 34.074599216412999 ], [ -118.682296545767002, 34.074623308208999 ], [ -118.682325727231998, 34.074637568232802 ], [ -118.682353487349005, 34.074663422803503 ], [ -118.682367861608995, 34.074688409450502 ], [ -118.682394526139007, 34.0746691254339 ], [ -118.682428455340002, 34.0746539625328 ], [ -118.682454555749004, 34.074629138298299 ], [ -118.682482293654004, 34.074601379532098 ], [ -118.682513086293, 34.074566342750501 ], [ -118.682542437487996, 34.0745492282269 ], [ -118.682570870915001, 34.074534707646201 ], [ -118.682612278492002, 34.074522932612702 ], [ -118.682646149996003, 34.074503432548802 ], [ -118.682657410301999, 34.074505833727102 ], [ -118.682699000509004, 34.074535999726102 ], [ -118.682815191546993, 34.074519248975697 ], [ -118.682845899981999, 34.074531616146402 ], [ -118.682890706981993, 34.074546165741801 ], [ -118.682921647540994, 34.074556443089897 ], [ -118.682945578393003, 34.0745837335893 ], [ -118.682975351094001, 34.074608340995297 ], [ -118.683009059558003, 34.074617811875797 ], [ -118.683029572804998, 34.074641539617303 ], [ -118.683043469542, 34.074673009072797 ], [ -118.683013124623997, 34.074655608329799 ], [ -118.683042139877998, 34.074678274049802 ], [ -118.683057863315994, 34.074706315306798 ], [ -118.683112919337006, 34.074703111955003 ], [ -118.683159914811, 34.074715222812799 ], [ -118.683205146391003, 34.074717914666699 ], [ -118.683245713817996, 34.074723623261796 ], [ -118.683279479871999, 34.074730947247197 ], [ -118.683312243111004, 34.074744209826299 ], [ -118.683343647070998, 34.074755555331798 ], [ -118.683384356225005, 34.074750697612899 ], [ -118.683400117247999, 34.074776560220798 ], [ -118.683417904482994, 34.074805801785701 ], [ -118.683446525080001, 34.0748243373707 ], [ -118.683460007139999, 34.074849891451997 ], [ -118.683475859382, 34.074879639853599 ], [ -118.683508643037996, 34.074902007302903 ], [ -118.683536654663996, 34.074919897533398 ], [ -118.683551266313003, 34.074949253841297 ], [ -118.683582876737006, 34.0749776462537 ], [ -118.683607362898002, 34.074998304043199 ], [ -118.683643121336004, 34.075013770240197 ], [ -118.683677310394998, 34.075025299283702 ], [ -118.683720243335003, 34.07504744133 ], [ -118.683746807190005, 34.075065864721701 ], [ -118.683772391806997, 34.075094140586501 ], [ -118.683807206403998, 34.0751099393147 ], [ -118.683829678248998, 34.075134237658403 ], [ -118.683858978410001, 34.075164789543798 ], [ -118.683886051076001, 34.075184933513398 ], [ -118.683906349273997, 34.075207611901298 ], [ -118.683914282165006, 34.075243972634098 ], [ -118.684067432676997, 34.075529856622701 ], [ -118.683943046459007, 34.0756772080247 ], [ -118.683824978630994, 34.075932841770701 ], [ -118.683745595310995, 34.075983198235399 ], [ -118.683616120896005, 34.0760938346126 ], [ -118.683661472135, 34.076122907700899 ], [ -118.683764821349001, 34.076189159631497 ], [ -118.683672973496002, 34.076260606987397 ], [ -118.683633834020995, 34.076284403621599 ], [ -118.683593853798001, 34.076308711620499 ], [ -118.683431000281004, 34.076433999852298 ], [ -118.683296637390995, 34.076475201135302 ], [ -118.683310081195998, 34.076509551995798 ], [ -118.683320169482002, 34.076536483150399 ], [ -118.683292305837, 34.076554160466799 ], [ -118.683259054996, 34.076560844319303 ], [ -118.683231786373, 34.076578901735402 ], [ -118.683223388626999, 34.076612456565002 ], [ -118.683238596655002, 34.076648550664302 ], [ -118.683241985411996, 34.0766854602048 ], [ -118.683275164573004, 34.0766937185941 ], [ -118.683289452148003, 34.076720886694197 ], [ -118.683278417319997, 34.076747409671697 ], [ -118.683261430431003, 34.0767798987902 ], [ -118.683236099306001, 34.076802752259702 ], [ -118.683211039794998, 34.076824588316299 ], [ -118.683198996402993, 34.076853170470699 ], [ -118.683199629765994, 34.076881761185902 ], [ -118.683177733728996, 34.0769073310165 ], [ -118.683142065387003, 34.076923417027103 ], [ -118.683109199070998, 34.076935097118003 ], [ -118.683085686517003, 34.076958251047103 ], [ -118.683063714805002, 34.076980821450597 ], [ -118.683027451914995, 34.076975921668101 ], [ -118.683029398593007, 34.0770041191617 ], [ -118.683017748821001, 34.077038130420497 ], [ -118.682995646856, 34.077059608438198 ], [ -118.682960510545001, 34.077068745143002 ], [ -118.682934001285005, 34.077088878493598 ], [ -118.682920766600006, 34.077114946866203 ], [ -118.682903762118002, 34.077138936881397 ], [ -118.682877947956996, 34.077156960530402 ], [ -118.682847319870007, 34.077173073153702 ], [ -118.682813802805001, 34.077160447276597 ], [ -118.682778000669998, 34.0771633159207 ], [ -118.682754260546005, 34.077164919392096 ], [ -118.682755004382997, 34.077153600116098 ], [ -118.682753260347994, 34.077125407668497 ], [ -118.682731922090994, 34.077094467991003 ], [ -118.682714563079998, 34.077068118083098 ], [ -118.682698574857994, 34.077026389285997 ], [ -118.682687657480002, 34.076999800105497 ], [ -118.682650080659002, 34.076993056684998 ], [ -118.682669698110999, 34.0770264620392 ], [ -118.682661906045993, 34.077054876912896 ], [ -118.682660340444997, 34.077088992097501 ], [ -118.682659868209001, 34.077124079162203 ], [ -118.682670006269007, 34.077157623743901 ], [ -118.682629044641004, 34.077149363559201 ], [ -118.682598436820996, 34.077155242045798 ], [ -118.682593309067002, 34.077156226745899 ], [ -118.682564588467997, 34.0771411093938 ], [ -118.682557133927006, 34.077138415043301 ], [ -118.682532159424994, 34.077129389440699 ], [ -118.682501544665001, 34.0771178437179 ], [ -118.682486942278004, 34.077091046028301 ], [ -118.682470826308005, 34.077075784096799 ], [ -118.682463635565, 34.077068974545803 ], [ -118.682424845783004, 34.0770725045235 ], [ -118.682423525944998, 34.077105458656398 ], [ -118.682422198113002, 34.0771373993624 ], [ -118.682419147030004, 34.0771471755641 ], [ -118.682414827393004, 34.077161018377701 ], [ -118.682412535321006, 34.077168364684503 ], [ -118.682406321075007, 34.0772015669395 ], [ -118.682380554472999, 34.077194486688001 ], [ -118.682374795596999, 34.077192904602498 ], [ -118.682341654127001, 34.077179009951998 ], [ -118.682342726681995, 34.077172470849099 ], [ -118.682346558519001, 34.077149104817998 ], [ -118.682346126865994, 34.077118122841199 ], [ -118.682328414061004, 34.077084288687601 ], [ -118.682290740038994, 34.077071947251802 ], [ -118.682253108571004, 34.077055827030698 ], [ -118.682230016044997, 34.0770806742293 ], [ -118.682219259904002, 34.077111441175603 ], [ -118.682205670604006, 34.077140949256901 ], [ -118.682177495469006, 34.077164270852997 ], [ -118.682143502966994, 34.077183479039597 ], [ -118.682109854000998, 34.077180893705801 ], [ -118.682075386907002, 34.077177985162699 ], [ -118.682037889713001, 34.077185215463501 ], [ -118.682035294022, 34.077189459651102 ], [ -118.682027157095007, 34.077202766956603 ], [ -118.682020749141998, 34.077213247190301 ], [ -118.681981168896002, 34.077206946475499 ], [ -118.681944432736998, 34.077202287898103 ], [ -118.681906895254002, 34.077193382791599 ], [ -118.681899084476001, 34.077181530920498 ], [ -118.681888604194995, 34.077165630896701 ], [ -118.681854024295006, 34.077154430400299 ], [ -118.681821787838004, 34.077164065496802 ], [ -118.681799935718999, 34.077175759033203 ], [ -118.681789541024997, 34.077181322101197 ], [ -118.68175508086, 34.0771816951546 ], [ -118.681731567908002, 34.077171779333398 ], [ -118.681720552800996, 34.0771671342685 ], [ -118.681687572710004, 34.077171858137802 ], [ -118.681657160800995, 34.077185524356601 ], [ -118.681640512876001, 34.0772232307663 ], [ -118.681601825456994, 34.077224454602799 ], [ -118.681583069704999, 34.077252124990203 ], [ -118.681592144345998, 34.077279963224498 ], [ -118.681602981267005, 34.077311410886203 ], [ -118.681617198479003, 34.077345159625203 ], [ -118.681649356874004, 34.077355176396999 ], [ -118.681648105112998, 34.077387344256103 ], [ -118.681623278524995, 34.077411155225498 ], [ -118.681590949569994, 34.077396171682402 ], [ -118.681550537746006, 34.0774049989883 ], [ -118.681544078806994, 34.0774351195953 ], [ -118.681516329260006, 34.0774605780949 ], [ -118.681513714367995, 34.077501686093001 ], [ -118.681505268359999, 34.077534059193702 ], [ -118.681461892081998, 34.077530484815298 ], [ -118.681436213002996, 34.077512528263902 ], [ -118.681401753629999, 34.077515761813302 ], [ -118.681370014017006, 34.077507138194399 ], [ -118.681363279682998, 34.077477439203101 ], [ -118.681337791190998, 34.077451974088298 ], [ -118.681307858245006, 34.077465499704701 ], [ -118.681277140082003, 34.077455280431202 ], [ -118.681244224284995, 34.077439493936701 ], [ -118.681206480531998, 34.077444219331802 ], [ -118.681166123072998, 34.077458863879301 ], [ -118.681156139660999, 34.077485707135999 ], [ -118.681120536137996, 34.077502606452498 ], [ -118.681110576267002, 34.0775391866284 ], [ -118.681129744532001, 34.077562097595901 ], [ -118.681123158917998, 34.077593367978601 ], [ -118.681085957850996, 34.077596350624098 ], [ -118.681087685879007, 34.077625011705997 ], [ -118.681073764255004, 34.077655375866001 ], [ -118.681048521210002, 34.077678026109098 ], [ -118.681024962755004, 34.077704587801499 ], [ -118.681000912317998, 34.077729141469497 ], [ -118.680967897851005, 34.077732923523399 ], [ -118.680957635826005, 34.077765923764602 ], [ -118.680933383690004, 34.077788410552003 ], [ -118.680930921452003, 34.077817520774502 ], [ -118.680935992791007, 34.077844794316398 ], [ -118.680936435616005, 34.0778787686261 ], [ -118.680896648097004, 34.077882060249003 ], [ -118.680892792812998, 34.077909521649701 ], [ -118.680889639590006, 34.077937702493102 ], [ -118.680908271895007, 34.077968948344299 ], [ -118.680907596439994, 34.077970071959498 ], [ -118.680889369122994, 34.078000395258101 ], [ -118.680864058031005, 34.078030538277901 ], [ -118.680869712090001, 34.078058863449002 ], [ -118.680855709708993, 34.078086919590703 ], [ -118.680838431601998, 34.078112253017103 ], [ -118.680835576918, 34.078142343167499 ], [ -118.680829615522995, 34.078156301232902 ], [ -118.680808180189004, 34.078159182322999 ], [ -118.680776064992997, 34.078147476336902 ], [ -118.680758507754007, 34.0781046914679 ], [ -118.680723787006997, 34.078068532544698 ], [ -118.680685168680995, 34.078076418362798 ], [ -118.680653929735001, 34.078090197340401 ], [ -118.680620311851996, 34.078111839053598 ], [ -118.680584927759995, 34.078130366215603 ], [ -118.680581241512996, 34.078164881412903 ], [ -118.680570554512002, 34.078193735004902 ], [ -118.680561309737996, 34.078231919117599 ], [ -118.680545539768005, 34.078261793894001 ], [ -118.680526824105002, 34.078292342266998 ], [ -118.680515961626, 34.078325594240603 ], [ -118.680475654049999, 34.078347132297402 ], [ -118.680463605371003, 34.078316432330297 ], [ -118.680466141441002, 34.078280977038098 ], [ -118.680441108639997, 34.078252564474099 ], [ -118.680408909975995, 34.078273698762402 ], [ -118.680376193596999, 34.078280633181002 ], [ -118.680353201602003, 34.078289699663003 ], [ -118.680344349723001, 34.078293189789001 ], [ -118.680311529281994, 34.078314697298701 ], [ -118.680278532722994, 34.0783327408408 ], [ -118.680237250662998, 34.078335772410803 ], [ -118.680221836174994, 34.078367966415499 ], [ -118.680175826064001, 34.0783830572095 ], [ -118.680153502414996, 34.078411691227998 ], [ -118.680188604093004, 34.078424237053497 ], [ -118.680152564314994, 34.078442431928401 ], [ -118.680128488997994, 34.078467535951702 ], [ -118.680107254327993, 34.078489371430202 ], [ -118.680090036473999, 34.078520214750803 ], [ -118.680080110136998, 34.078550610620603 ], [ -118.680051262316994, 34.0785836271615 ], [ -118.680057508394, 34.0786128219912 ], [ -118.680065407062997, 34.078652178297702 ], [ -118.680083370253996, 34.078676776662199 ], [ -118.680118765336005, 34.078695042573401 ], [ -118.680091205585001, 34.078714091141798 ], [ -118.680088509786998, 34.078715954953999 ], [ -118.680097494056994, 34.078743020501399 ], [ -118.680096626421005, 34.078775053013104 ], [ -118.680115837553004, 34.078797410169301 ], [ -118.680104042161005, 34.078824555965497 ], [ -118.680094073332, 34.078850754662703 ], [ -118.680089540154995, 34.078879335084601 ], [ -118.680061961874998, 34.078863873353697 ], [ -118.680026734576998, 34.078846844483202 ], [ -118.680018694892993, 34.078818504278097 ], [ -118.680003020496002, 34.078789101965903 ], [ -118.680007211629999, 34.078761212670003 ], [ -118.679981506326996, 34.078740092005297 ], [ -118.679973711795995, 34.078733687318298 ], [ -118.679941195477994, 34.078743545822697 ], [ -118.679930061351996, 34.078752285293 ], [ -118.679916293030004, 34.0787630921307 ], [ -118.679901716464002, 34.078791436290899 ], [ -118.679872826044999, 34.0788093136143 ], [ -118.679877730258994, 34.0788378140413 ], [ -118.679901277468005, 34.078861302414403 ], [ -118.679910496003998, 34.0788926259589 ], [ -118.679883714539002, 34.078912235233602 ], [ -118.679842082687003, 34.078922097189398 ], [ -118.679805576864993, 34.0789411204739 ], [ -118.679771955468993, 34.078936523444803 ], [ -118.679731142029993, 34.078947726417802 ], [ -118.679707526162005, 34.078943229972602 ], [ -118.679684639460007, 34.0789292244067 ], [ -118.679670100327002, 34.078909818866698 ], [ -118.679648840675, 34.0788972060936 ], [ -118.679634301556007, 34.078877800548398 ], [ -118.679624646774997, 34.078862574343901 ], [ -118.679602308211997, 34.078843079318901 ], [ -118.679530054438999, 34.078863879920704 ], [ -118.679260164878002, 34.0789415778641 ], [ -118.679067910765994, 34.079045020730497 ], [ -118.678866495771004, 34.0789370142896 ], [ -118.678843221136006, 34.078809936410799 ], [ -118.678870389096005, 34.078704579085802 ], [ -118.678641985140999, 34.078691363746401 ], [ -118.678530344806006, 34.078820191207498 ], [ -118.678525627056004, 34.0788223714151 ], [ -118.678503750017001, 34.078844226189297 ], [ -118.678468310111995, 34.078862089409 ], [ -118.678433357257006, 34.078876299813501 ], [ -118.678418208679005, 34.078910810904397 ], [ -118.678393427280994, 34.078936105607703 ], [ -118.678360981850005, 34.078926131487897 ], [ -118.678345662004006, 34.078951590013197 ], [ -118.678325441710001, 34.078984439324699 ], [ -118.678303211398003, 34.0790299563063 ], [ -118.678292081647001, 34.079062023934902 ], [ -118.678258335655997, 34.079079218859199 ], [ -118.678218485520006, 34.079092927930503 ], [ -118.678179470285997, 34.079093932244596 ], [ -118.678146846982003, 34.079083577355398 ], [ -118.678115043576, 34.079102665469101 ], [ -118.678096396052993, 34.079126105570602 ], [ -118.678074224145007, 34.079149442575698 ], [ -118.678091855212003, 34.079173396398403 ], [ -118.678135889257007, 34.0791753352648 ], [ -118.678113752477998, 34.079207890936502 ], [ -118.678100252980002, 34.0792337374669 ], [ -118.678065907614993, 34.079240006821401 ], [ -118.678026633569004, 34.079248172624197 ], [ -118.678033824961005, 34.079280793554403 ], [ -118.678040411964005, 34.079312752051202 ], [ -118.678028435873998, 34.079338541416298 ], [ -118.677999939692995, 34.079353225071301 ], [ -118.677955629015003, 34.079339015682997 ], [ -118.677910340219995, 34.079338553338097 ], [ -118.677888872907005, 34.079369432651703 ], [ -118.677882430408005, 34.079399966101199 ], [ -118.677852851056002, 34.079559743676498 ], [ -118.677854974585998, 34.079587562801898 ], [ -118.677848618585003, 34.079617136204298 ], [ -118.677855471027996, 34.079636618661198 ], [ -118.677838355719999, 34.0796542309008 ], [ -118.677828689666995, 34.079709828517402 ], [ -118.677816828271006, 34.079710797978798 ], [ -118.677780423835998, 34.079706075217501 ], [ -118.677740623988996, 34.0796934263712 ], [ -118.677705447972002, 34.079684398561199 ], [ -118.677664630576999, 34.0796685851939 ], [ -118.677638184426996, 34.079686436215603 ], [ -118.677604861930007, 34.079711309763901 ], [ -118.677568135260998, 34.079732721548901 ], [ -118.677560501361, 34.079769608721001 ], [ -118.677587119815996, 34.0797900210802 ], [ -118.677607752246004, 34.079818451680403 ], [ -118.677605856257998, 34.0798505515491 ], [ -118.677601288882002, 34.079879757123798 ], [ -118.677598520116007, 34.0799116899937 ], [ -118.677601275279002, 34.079943648201798 ], [ -118.677600968416996, 34.079971903409501 ], [ -118.677582583265007, 34.080002423541899 ], [ -118.677549179929002, 34.0800271329502 ], [ -118.677533168037002, 34.080051569978998 ], [ -118.677509491245999, 34.080074929058298 ], [ -118.677498337586997, 34.080106907949997 ], [ -118.677524590740006, 34.080129982830101 ], [ -118.677518130891002, 34.080160827967397 ], [ -118.677409689148007, 34.080230633232802 ], [ -118.677407734365005, 34.080231596828597 ], [ -118.677400119216998, 34.080229425884603 ], [ -118.677384210255994, 34.080243196163998 ], [ -118.677381225081007, 34.080244667987998 ], [ -118.677382681818997, 34.080244519013 ], [ -118.677377044191005, 34.080249398522199 ], [ -118.677352892897005, 34.080268672590698 ], [ -118.677359666365007, 34.0802995162516 ], [ -118.677352512634997, 34.080329408507197 ], [ -118.677354778560002, 34.080364946452001 ], [ -118.677392538378996, 34.080369765311403 ], [ -118.677258423446006, 34.080478809447897 ], [ -118.677223688553994, 34.080470598908001 ], [ -118.677201808692999, 34.080499098616997 ], [ -118.677217710807, 34.080505319022102 ], [ -118.677232367317998, 34.080511052559103 ], [ -118.677196547481003, 34.080516228997602 ], [ -118.677193123025006, 34.080516109007597 ], [ -118.677158276284999, 34.080514889489599 ], [ -118.677122522817996, 34.080532906399903 ], [ -118.677077872292003, 34.080544871651 ], [ -118.677065159402005, 34.080559643634601 ], [ -118.677058509507006, 34.080567371959297 ], [ -118.677030332040005, 34.080582462949202 ], [ -118.677010433771997, 34.080611625718397 ], [ -118.676977890428006, 34.0806347834666 ], [ -118.677012342739005, 34.080656613057798 ], [ -118.677039876354002, 34.080681200358399 ], [ -118.677021102454006, 34.080705672850002 ], [ -118.676995766955002, 34.080724532803799 ], [ -118.676967265908004, 34.0807505115149 ], [ -118.676933206501005, 34.080764171960503 ], [ -118.676896852400006, 34.0807739282317 ], [ -118.676859121348997, 34.080775071424902 ], [ -118.676826486991004, 34.080762501874098 ], [ -118.676797083389999, 34.080739056696601 ], [ -118.676763454554006, 34.080727955906497 ], [ -118.676723043741006, 34.080713787746902 ], [ -118.676677809899005, 34.080705998750098 ], [ -118.676647364805007, 34.080717891695002 ], [ -118.676628133267997, 34.080743926584603 ], [ -118.676590365370004, 34.080753788948797 ], [ -118.676541416551999, 34.080760673480398 ], [ -118.676505124684994, 34.080765749558097 ], [ -118.676375101147002, 34.0808327995735 ], [ -118.676342592560999, 34.0808480582551 ], [ -118.676315246307993, 34.080870234001303 ], [ -118.676284460968006, 34.080890124958003 ], [ -118.676248970078007, 34.080900028985802 ], [ -118.676218082828996, 34.080913981203402 ], [ -118.676193225080993, 34.080939806409802 ], [ -118.676169646505997, 34.0809683141253 ], [ -118.676147120140996, 34.080991850351303 ], [ -118.676115446047007, 34.081016264775499 ], [ -118.676077918550007, 34.0810278039202 ], [ -118.676027550670995, 34.081034967449298 ], [ -118.675989003846993, 34.081052356528403 ], [ -118.675948690697993, 34.081067871506498 ], [ -118.675916148501997, 34.081058333743897 ], [ -118.675869508673003, 34.081063992579502 ], [ -118.675840826248006, 34.081078799730101 ], [ -118.675836587774995, 34.0811065088646 ], [ -118.675873320986994, 34.081111754438901 ], [ -118.675838705386994, 34.081126507970602 ], [ -118.675849186625996, 34.081152637362798 ], [ -118.675816591290001, 34.0811573649084 ], [ -118.675783334051999, 34.081144007994503 ], [ -118.675755780421994, 34.081120109844797 ], [ -118.675711675507998, 34.081123233195797 ], [ -118.675663108826001, 34.081124959579498 ], [ -118.675624193461999, 34.081137119833201 ], [ -118.675585541366004, 34.081159995219998 ], [ -118.675590325119998, 34.081191262099502 ], [ -118.675550921074006, 34.081201352123799 ], [ -118.675515992759003, 34.081212264972798 ], [ -118.675475579399006, 34.081217604750798 ], [ -118.675369600251997, 34.081256082034201 ], [ -118.675334067335001, 34.081248470189102 ], [ -118.675327104179999, 34.081216703754997 ], [ -118.675276024438006, 34.081203075498799 ], [ -118.675239757133994, 34.081210607252203 ], [ -118.675206343712006, 34.081197585529701 ], [ -118.675180948619996, 34.081168218356503 ], [ -118.675146482350002, 34.081164783061503 ], [ -118.675124267293995, 34.081193246910097 ], [ -118.675084606745997, 34.0811869933965 ], [ -118.675045615257005, 34.0811570398754 ], [ -118.675004467273993, 34.081156245888501 ], [ -118.674959287186994, 34.081160990035897 ], [ -118.674939468402997, 34.081183948066602 ], [ -118.674905680435998, 34.0811893529645 ], [ -118.674876820470004, 34.081210134110997 ], [ -118.674890459799002, 34.081236354409697 ], [ -118.674893798260996, 34.081252365798299 ], [ -118.674901360123997, 34.0812471968583 ], [ -118.674887590208996, 34.081277057981801 ], [ -118.674879082098997, 34.081289915059997 ], [ -118.674873101041996, 34.081294130522302 ], [ -118.674863064616005, 34.081301204485001 ], [ -118.674848107566007, 34.081311747143602 ], [ -118.674845330888999, 34.081313703648497 ], [ -118.674841203110006, 34.081286688812497 ], [ -118.674826352165994, 34.081278017300498 ], [ -118.674823798469006, 34.0812712819559 ], [ -118.674807841927006, 34.081263981446298 ], [ -118.674809796857005, 34.081262045136597 ], [ -118.674817429257004, 34.081254484337798 ], [ -118.674815874841002, 34.081250384092399 ], [ -118.674823213417, 34.081233029162298 ], [ -118.674803379227001, 34.081225685360501 ], [ -118.674798221496005, 34.081223466192903 ], [ -118.674791537573995, 34.081223915862502 ], [ -118.674789357373996, 34.081222555328402 ], [ -118.674752403810999, 34.081212560239301 ], [ -118.674592175404001, 34.081226873004397 ], [ -118.674591470004998, 34.081228546170102 ], [ -118.674577936879004, 34.081243665341098 ], [ -118.674571298409006, 34.081251082620298 ], [ -118.674569397629, 34.081247732930699 ], [ -118.674520302112995, 34.081270925534298 ], [ -118.674505923301993, 34.081240804645098 ], [ -118.674470498359995, 34.081246697037798 ], [ -118.674438360820005, 34.081262670805998 ], [ -118.674404383340999, 34.081273479880899 ], [ -118.674387713369001, 34.0812997957146 ], [ -118.674370418221997, 34.081329586917697 ], [ -118.674346085918998, 34.081350862354199 ], [ -118.674333778350999, 34.081352506024601 ], [ -118.674306152599002, 34.081356193779897 ], [ -118.674269402479993, 34.081367876604503 ], [ -118.674238598193995, 34.081383823454203 ], [ -118.674209629789999, 34.081378227744501 ], [ -118.674184651448996, 34.081400606325701 ], [ -118.674123578942002, 34.081385975077303 ], [ -118.674091920633998, 34.081395286540598 ], [ -118.674058271079005, 34.0813831028712 ], [ -118.674055747113002, 34.0813502376485 ], [ -118.674068062168004, 34.081321849939599 ], [ -118.674044124659005, 34.081297206408401 ], [ -118.674031272498993, 34.081266850791401 ], [ -118.674015500204007, 34.081242407744199 ], [ -118.674021471873999, 34.081211165876198 ], [ -118.674058129464996, 34.0811964763218 ], [ -118.674042413213996, 34.081167539755697 ], [ -118.674035594423998, 34.081138239721902 ], [ -118.674031576931, 34.081124276813703 ], [ -118.674027606579997, 34.081110474927797 ], [ -118.674027464240993, 34.081109981932499 ], [ -118.67402164216, 34.081090559038401 ], [ -118.674018752856995, 34.081088900843703 ], [ -118.674003044133997, 34.081079886571601 ], [ -118.673965655597996, 34.0810874580649 ], [ -118.673942150379006, 34.081100079253197 ], [ -118.673922692250002, 34.0810788830129 ], [ -118.673888565940999, 34.081057811773697 ], [ -118.673857771621002, 34.081040299811697 ], [ -118.673811340057995, 34.081063402312203 ], [ -118.673780784738994, 34.0810811712469 ], [ -118.673771132780999, 34.0811114543108 ], [ -118.673739214505005, 34.081123341054898 ], [ -118.673706642533006, 34.081137304540299 ], [ -118.673695326102006, 34.081167004761397 ], [ -118.673661492522001, 34.081163067010699 ], [ -118.673620882384, 34.0811808099239 ], [ -118.673612739453006, 34.081213373400203 ], [ -118.673576891246995, 34.0812023540241 ], [ -118.673549642715997, 34.081221371252703 ], [ -118.673521913743002, 34.081246918139598 ], [ -118.673505347493006, 34.081254936515002 ], [ -118.6734831, 34.081265705161101 ], [ -118.673478952389004, 34.081293180869501 ], [ -118.673440338538001, 34.081286938066597 ], [ -118.673405278740006, 34.081289669977402 ], [ -118.673382680700001, 34.0813101323795 ], [ -118.673368878952004, 34.081335150786998 ], [ -118.673372636848001, 34.081363510076997 ], [ -118.673336415829993, 34.081362476242198 ], [ -118.673298560812995, 34.081379278353801 ], [ -118.673256934555994, 34.081387004024201 ], [ -118.673250532344994, 34.0814204369862 ], [ -118.673247621911003, 34.081453532856898 ], [ -118.673211683434999, 34.081450517083702 ], [ -118.673195650088999, 34.081424727592697 ], [ -118.673149874174001, 34.081426095035297 ], [ -118.673107390850006, 34.081416678724402 ], [ -118.673074761422001, 34.081431660097699 ], [ -118.673082881648995, 34.081401877648503 ], [ -118.673070407400004, 34.081370529220798 ], [ -118.673036395816993, 34.081356814725801 ], [ -118.673009371614, 34.081333762308397 ], [ -118.672967452722006, 34.081334341570702 ], [ -118.672934530264001, 34.081337048642801 ], [ -118.672905738351005, 34.081353428771699 ], [ -118.672881061612003, 34.0813349347981 ], [ -118.672847881446998, 34.081340334445997 ], [ -118.672820211116999, 34.081357163961101 ], [ -118.672817469791994, 34.081388120639197 ], [ -118.672848302727004, 34.081374481542802 ], [ -118.67282256499, 34.0813994627445 ], [ -118.672785045561994, 34.081411640994503 ], [ -118.672748643277998, 34.081412748721903 ], [ -118.672715686228003, 34.081416929344599 ], [ -118.672675515809999, 34.081418439420297 ], [ -118.672697663975995, 34.081380033993398 ], [ -118.672670891644998, 34.081356637336398 ], [ -118.672642009149996, 34.0813760779711 ], [ -118.672616271324998, 34.081398227391396 ], [ -118.672565966658993, 34.081398703414301 ], [ -118.672536296432995, 34.081411955695998 ], [ -118.672510019187001, 34.081438981544103 ], [ -118.672478065327994, 34.081451224529403 ], [ -118.672452288154005, 34.081469462576599 ], [ -118.672442619555994, 34.081498190172802 ], [ -118.672401646672995, 34.081499215692503 ], [ -118.672378966112007, 34.081522565464503 ], [ -118.672356503035999, 34.081543873976301 ], [ -118.672344479087002, 34.081574692737298 ], [ -118.672329615693002, 34.081605269256499 ], [ -118.672292324153005, 34.0816107876255 ], [ -118.672270912155, 34.081585170638498 ], [ -118.672229399509007, 34.081571587579603 ], [ -118.672208324159996, 34.081550371308097 ], [ -118.672234035933997, 34.081525337654597 ], [ -118.672237926367004, 34.081492116192301 ], [ -118.672251125981006, 34.081478942539199 ], [ -118.672262720817997, 34.081467371153501 ], [ -118.672283557678, 34.0814379956702 ], [ -118.672254255938995, 34.081415708989702 ], [ -118.672209012937003, 34.081415866989197 ], [ -118.672166074979003, 34.081410225182303 ], [ -118.672133623364005, 34.081399573092497 ], [ -118.672116964218006, 34.081374158404401 ], [ -118.672078706221996, 34.081375553521099 ], [ -118.672041129453007, 34.081386432643001 ], [ -118.672025510411004, 34.081414707709399 ], [ -118.671990338707005, 34.081423177981897 ], [ -118.671971527948998, 34.0814568142602 ], [ -118.671937610905005, 34.081466454010197 ], [ -118.671961877634999, 34.0814438368281 ], [ -118.671927015248002, 34.081424669493401 ], [ -118.671896634744002, 34.081408019191699 ], [ -118.671878154097996, 34.081384017587702 ], [ -118.671827330170998, 34.0813869502378 ], [ -118.671793396789994, 34.0813802511585 ], [ -118.671755797317999, 34.081376324843703 ], [ -118.671717448964003, 34.0813699583356 ], [ -118.671679379105001, 34.081362369868899 ], [ -118.671641453524003, 34.0813604348212 ], [ -118.671602726439005, 34.081364781358999 ], [ -118.671580168202993, 34.081338200647203 ], [ -118.671540527459001, 34.081344228702001 ], [ -118.671529640057003, 34.081316561550601 ], [ -118.671557579399007, 34.081289438097997 ], [ -118.671559042032996, 34.081281220488201 ], [ -118.671562744116002, 34.081260420054797 ], [ -118.671557541146001, 34.081232262020301 ], [ -118.671561424865004, 34.081197332071703 ], [ -118.671531951833998, 34.081202538351697 ], [ -118.671506338905999, 34.081224591618302 ], [ -118.671479124561998, 34.081220962083897 ], [ -118.671450924812007, 34.081219670466297 ], [ -118.671383968664998, 34.081230580076998 ], [ -118.671311940056995, 34.081218839726297 ], [ -118.671277443568997, 34.081186973759301 ], [ -118.671217736586996, 34.081186461451097 ], [ -118.671155410943996, 34.081194472381803 ], [ -118.671113831259007, 34.0812058580659 ], [ -118.671052035157999, 34.081221284869102 ], [ -118.670978085100998, 34.081264990020102 ], [ -118.670977756743994, 34.0812651836277 ], [ -118.670875525585998, 34.081268562966201 ], [ -118.670822007165995, 34.081280531424198 ], [ -118.670701150653997, 34.081291598050598 ], [ -118.670633106908994, 34.081280808000301 ], [ -118.670588416924005, 34.081280884357703 ], [ -118.670520224361994, 34.081280981298299 ], [ -118.670519999725997, 34.081281000314398 ], [ -118.670476000017004, 34.081230999648902 ], [ -118.670355806602004, 34.081320043297303 ], [ -118.670238000051995, 34.081315000251401 ], [ -118.670234971387003, 34.081320969161801 ], [ -118.670232511585994, 34.0813308619 ], [ -118.670207733571999, 34.0814024786402 ], [ -118.670184118375005, 34.081421194885301 ], [ -118.670140276306, 34.081455941549102 ], [ -118.670135000412003, 34.0815179996494 ], [ -118.670045411337995, 34.081488443794903 ], [ -118.66992487281, 34.081463857426598 ], [ -118.669811336905994, 34.081443641296097 ], [ -118.669730666348002, 34.081391607534201 ], [ -118.669730071309004, 34.081308219894403 ], [ -118.669740771782998, 34.081219013046201 ], [ -118.669767145717003, 34.081133750380403 ], [ -118.669689678737001, 34.081042207016402 ], [ -118.669688157050999, 34.081039587407602 ], [ -118.669618340832997, 34.080919325491202 ], [ -118.669580119239001, 34.080880734186302 ], [ -118.669568888634004, 34.080845255480298 ], [ -118.669456999862007, 34.080758999648602 ], [ -118.669320378256003, 34.080682828000398 ], [ -118.669182833891995, 34.080584549548099 ], [ -118.669051983513, 34.0805800903806 ], [ -118.668973149332004, 34.080438072165101 ], [ -118.668904000021996, 34.080353000129598 ], [ -118.668579534201001, 34.080426081138498 ], [ -118.668450918719003, 34.080312881007302 ], [ -118.668366136263003, 34.080207858760403 ], [ -118.668250820111993, 34.080258805887503 ], [ -118.668163208083996, 34.080339274003101 ], [ -118.667918387916998, 34.080296102622 ], [ -118.667911811167997, 34.0801986512055 ], [ -118.667974669320998, 34.080072976430301 ], [ -118.667863685222997, 34.080078771445301 ], [ -118.667711210473001, 34.080045522342701 ], [ -118.667619586301001, 34.080025805373197 ], [ -118.667593893526998, 34.080020276915597 ], [ -118.667567872320006, 34.079971200170696 ], [ -118.667567711196995, 34.0799433415633 ], [ -118.667588626658997, 34.079917283662098 ], [ -118.667559906655001, 34.079895053905702 ], [ -118.667520300784005, 34.0798971168973 ], [ -118.667478404727007, 34.079901259995999 ], [ -118.667457823923996, 34.079876143994902 ], [ -118.667441037892004, 34.079849752509702 ], [ -118.667410738946003, 34.079829456085903 ], [ -118.667385681208003, 34.0798114883248 ], [ -118.667358767573006, 34.079794910666998 ], [ -118.667325492727997, 34.0797888688478 ], [ -118.667295115900998, 34.079770811810903 ], [ -118.667259542785999, 34.079754888342499 ], [ -118.667239230171006, 34.079730837449198 ], [ -118.667206194453996, 34.079707312091401 ], [ -118.667167858669004, 34.079683148644897 ], [ -118.667151780839006, 34.079653716379902 ], [ -118.667172128152998, 34.079622807917502 ], [ -118.667168878659993, 34.079594895142797 ], [ -118.667164605208995, 34.079564092669202 ], [ -118.667125327592004, 34.079554691751397 ], [ -118.667113653623005, 34.079519234597399 ], [ -118.667122123173002, 34.079484228532401 ], [ -118.667090226921005, 34.0794737581652 ], [ -118.667073218967005, 34.079501547579497 ], [ -118.667028632653995, 34.079503818996201 ], [ -118.667000483799995, 34.079488206772503 ], [ -118.666968728566005, 34.079473112209797 ], [ -118.666919127262005, 34.079456084210001 ], [ -118.666881810934996, 34.079438229854702 ], [ -118.666882605341002, 34.07940039783 ], [ -118.666888974310993, 34.079366645587903 ], [ -118.666892735456003, 34.079334981458601 ], [ -118.666882751635001, 34.079303974221503 ], [ -118.666865270767005, 34.0792616514671 ], [ -118.666830739694007, 34.079271542176798 ], [ -118.666818004565997, 34.079302656852597 ], [ -118.666797675707997, 34.079329521161803 ], [ -118.666788710481995, 34.079362046678 ], [ -118.666774374696999, 34.079389000934803 ], [ -118.66675323746, 34.0794124650768 ], [ -118.666738907386005, 34.079439208434003 ], [ -118.666726627499003, 34.079476338099099 ], [ -118.666716055080997, 34.079503870993598 ], [ -118.666702149103997, 34.079534050574097 ], [ -118.666710167941005, 34.0795621282574 ], [ -118.666698071626001, 34.079594422389903 ], [ -118.666714703897995, 34.079622904674501 ], [ -118.666729505351995, 34.079652767431298 ], [ -118.666747690885998, 34.079678277469498 ], [ -118.666763098331003, 34.079703447573799 ], [ -118.666766455928993, 34.079734700933201 ], [ -118.666742487975, 34.079772534973401 ], [ -118.666701679305007, 34.079765175119299 ], [ -118.666680131174999, 34.0797860154536 ], [ -118.666653467589001, 34.079810358818797 ], [ -118.666622952162996, 34.079828263372796 ], [ -118.666585473580994, 34.079842113344 ], [ -118.666554259015996, 34.079861245711498 ], [ -118.666521863523997, 34.0798790173477 ], [ -118.666506023102997, 34.079903429634001 ], [ -118.666481739326002, 34.079931860447601 ], [ -118.666471302331999, 34.079961757832301 ], [ -118.666470814742993, 34.079996813070501 ], [ -118.666463026849001, 34.0800258994147 ], [ -118.666452544281, 34.0800612469803 ], [ -118.666457678559993, 34.080092970999303 ], [ -118.666482459695004, 34.080120241432098 ], [ -118.666492813510004, 34.080149422878499 ], [ -118.666513065941004, 34.080175424126097 ], [ -118.666520972588003, 34.0802034716409 ], [ -118.666516920956994, 34.080231731717802 ], [ -118.666525603203993, 34.080260437416399 ], [ -118.666524514260999, 34.080290683096699 ], [ -118.666517331215999, 34.080321937507399 ], [ -118.666522676498005, 34.080351502989402 ], [ -118.666524816871004, 34.080383539052697 ], [ -118.666511414525999, 34.0804133359132 ], [ -118.666504594955001, 34.0804421910644 ], [ -118.666493325508, 34.080470623606601 ], [ -118.666482487086995, 34.080498238084097 ], [ -118.666470280498999, 34.080512941809801 ], [ -118.666389201575996, 34.080545934149697 ], [ -118.666370866646005, 34.080543737980598 ], [ -118.666334574610005, 34.080542892209401 ], [ -118.666299612797999, 34.0805445745901 ], [ -118.666254174621002, 34.080555788038701 ], [ -118.666223742311004, 34.0805676657465 ], [ -118.666191154548002, 34.080579355939001 ], [ -118.666146095848006, 34.080596193991802 ], [ -118.666105977802999, 34.080613844451001 ], [ -118.666074580922995, 34.080626624088502 ], [ -118.666040646903994, 34.0806319903974 ], [ -118.665995598947006, 34.080633261611197 ], [ -118.665961584097005, 34.080631041385899 ], [ -118.665934726068002, 34.080649167969398 ], [ -118.665931439397994, 34.080659096926098 ], [ -118.665917436653999, 34.080686767159598 ], [ -118.665946098991995, 34.080711563324201 ], [ -118.665958244538004, 34.0807212979078 ], [ -118.665980877357995, 34.080739439522198 ], [ -118.665953286147996, 34.080763431964101 ], [ -118.665973598991002, 34.080785668262301 ], [ -118.665945413524994, 34.080804687156999 ], [ -118.665919984831007, 34.0807802065275 ], [ -118.665890819452997, 34.080766762078603 ], [ -118.665862891691006, 34.0807943765546 ], [ -118.665823631636002, 34.080818822854397 ], [ -118.66579800913, 34.080848720860303 ], [ -118.665768373356002, 34.080864107551797 ], [ -118.665740835578006, 34.080886408374198 ], [ -118.665693234935006, 34.080895462331199 ], [ -118.665679366565001, 34.080925879294199 ], [ -118.665633466000997, 34.080940961901099 ], [ -118.665597026076995, 34.080961784495798 ], [ -118.665558544280998, 34.0809606540952 ], [ -118.665528343885995, 34.080972515398699 ], [ -118.665474754510001, 34.080983002900503 ], [ -118.665442579095, 34.081001239284198 ], [ -118.665405601440995, 34.080983519169898 ], [ -118.665369017710006, 34.080978894927298 ], [ -118.665338211543002, 34.081008941272003 ], [ -118.665295949866007, 34.080995521787301 ], [ -118.665287578304003, 34.080994199439502 ], [ -118.665232229392998, 34.080985456192103 ], [ -118.665213953267994, 34.080962556648203 ], [ -118.665216453962998, 34.080934980767204 ], [ -118.665174953839994, 34.080926125641199 ], [ -118.665134138151004, 34.080933751468002 ], [ -118.665092706101007, 34.080951735072297 ], [ -118.665058626982002, 34.080980451094099 ], [ -118.665023261529001, 34.080981894857402 ], [ -118.665007966854006, 34.080952384952198 ], [ -118.664971813701001, 34.080949853593999 ], [ -118.664942909066994, 34.080974594007401 ], [ -118.664907161914996, 34.080978741490703 ], [ -118.664852715107997, 34.080991607737602 ], [ -118.664841480858996, 34.080999869450601 ], [ -118.664775748048001, 34.080997168146503 ], [ -118.664757080339001, 34.080968090189401 ], [ -118.664721719548993, 34.080952552493997 ], [ -118.664673752664996, 34.080953402222399 ], [ -118.664643693678002, 34.080941478701 ], [ -118.664597139422, 34.080937875112397 ], [ -118.664563534411997, 34.080954515899698 ], [ -118.664511895334002, 34.080939285016797 ], [ -118.664474191848001, 34.080934941264701 ], [ -118.664423698099995, 34.080936163359702 ], [ -118.664394359781994, 34.0809427334096 ], [ -118.664386549566998, 34.080944482813202 ], [ -118.664350142288995, 34.080950559795802 ], [ -118.664311928996, 34.0809411262263 ], [ -118.664279656681998, 34.080928276926798 ], [ -118.664245274693002, 34.080912985857097 ], [ -118.664205785605006, 34.080894872587798 ], [ -118.664157062342994, 34.080890349063999 ], [ -118.664132651092999, 34.080911458256097 ], [ -118.664098849772003, 34.080919275029999 ], [ -118.664059917041996, 34.080924360369202 ], [ -118.664031923294999, 34.080898379731501 ], [ -118.664008646789995, 34.080878086317703 ], [ -118.663975324416995, 34.0808895508954 ], [ -118.663961154526007, 34.080924614269499 ], [ -118.663941542795001, 34.080893901429398 ], [ -118.663915631712001, 34.0808553281163 ], [ -118.663871274437, 34.080868974829301 ], [ -118.663842744408996, 34.080900880300803 ], [ -118.663798925642993, 34.0808879838237 ], [ -118.663812105434005, 34.080841645907498 ], [ -118.663770039317995, 34.0808284724611 ], [ -118.663724624007003, 34.080835362283203 ], [ -118.663669784763997, 34.080837422906001 ], [ -118.663654905244996, 34.080810943248402 ], [ -118.663626656597998, 34.080794132695999 ], [ -118.663626707739994, 34.080760799719499 ], [ -118.663624666930005, 34.080731846236198 ], [ -118.663578603806002, 34.0807170463411 ], [ -118.663528077695005, 34.080711488069703 ], [ -118.663494969648994, 34.080713182317702 ], [ -118.663453903288996, 34.080705861561903 ], [ -118.663409778849996, 34.080712291287597 ], [ -118.663356339800998, 34.080711535540402 ], [ -118.663323054615006, 34.080703284564102 ], [ -118.663287438961007, 34.080682219682402 ], [ -118.663273704258998, 34.080660132183397 ], [ -118.663209000473003, 34.0806530001487 ], [ -118.663189590350001, 34.080644298855802 ], [ -118.663189215971997, 34.080644265614502 ], [ -118.663137494734997, 34.080647398429697 ], [ -118.663092112859999, 34.080650016890701 ], [ -118.663095166062007, 34.080617123018101 ], [ -118.663106234823005, 34.0806069329373 ], [ -118.663126482221998, 34.080588293110303 ], [ -118.663138001899995, 34.080547472141397 ], [ -118.663173321822001, 34.080510665473199 ], [ -118.663215771325994, 34.080515141067202 ], [ -118.663248111258, 34.080498853656501 ], [ -118.663283116382999, 34.080460987555497 ], [ -118.663314510586005, 34.080449668244199 ], [ -118.663337605264005, 34.0804274736427 ], [ -118.663377651629006, 34.080425274824997 ], [ -118.663417178871001, 34.080432415281798 ], [ -118.663382459879998, 34.080429167283398 ], [ -118.663419446215002, 34.080434567711102 ], [ -118.663467766634994, 34.080439312216598 ], [ -118.663517030326005, 34.080444155214401 ], [ -118.663563211996006, 34.08045201286 ], [ -118.663599128911997, 34.080461179947697 ], [ -118.663647309102004, 34.080464225129901 ], [ -118.663698459613997, 34.0804645166575 ], [ -118.663731602577997, 34.080463569236798 ], [ -118.663761472820994, 34.0804430569464 ], [ -118.663762341896003, 34.080411780048202 ], [ -118.663744834143998, 34.080386478536496 ], [ -118.663777972942, 34.080374325796399 ], [ -118.663813746949003, 34.080372738457903 ], [ -118.663847462074997, 34.080382279032698 ], [ -118.663896321878994, 34.080398297145003 ], [ -118.663931134456007, 34.080385018127203 ], [ -118.663954901612001, 34.0803655900026 ], [ -118.663977110453999, 34.080344948158299 ], [ -118.664004121760996, 34.0803234872185 ], [ -118.664033234580003, 34.080304756436199 ], [ -118.664054823528005, 34.0802773340275 ], [ -118.664067597176995, 34.080243507392296 ], [ -118.664061835601004, 34.080215158488798 ], [ -118.664056592025005, 34.0801854011386 ], [ -118.664042135943006, 34.080154650465701 ], [ -118.664020772327007, 34.080130515455203 ], [ -118.664001807532998, 34.080100772126599 ], [ -118.663980356977007, 34.080075437938603 ], [ -118.663997780798994, 34.080049718395301 ], [ -118.664020907886993, 34.0800174673318 ], [ -118.664053746109005, 34.079994643042099 ], [ -118.664084856369996, 34.079969552744103 ], [ -118.664110642154995, 34.079942768225301 ], [ -118.664098517420001, 34.079914935225702 ], [ -118.664059859111006, 34.079916195835402 ], [ -118.664038932997002, 34.079890225903803 ], [ -118.664056706618993, 34.079862020389498 ], [ -118.664078413210007, 34.079822334768501 ], [ -118.664035933567007, 34.079816715078699 ], [ -118.664033523624994, 34.079784852478703 ], [ -118.664044863330005, 34.079740227476798 ], [ -118.664062787488007, 34.079697438576297 ], [ -118.664070649593, 34.079669395428397 ], [ -118.664091449463001, 34.079634552167803 ], [ -118.664061648277993, 34.079608914528897 ], [ -118.664040470177, 34.079566030506797 ], [ -118.664022121415002, 34.079538950327503 ], [ -118.663980388582004, 34.079535119915001 ], [ -118.663954872583005, 34.0795093918464 ], [ -118.663868131551993, 34.079459105498898 ], [ -118.663900718259001, 34.079434037959999 ], [ -118.66394363661, 34.079417136914003 ], [ -118.663980500894993, 34.0793961313694 ], [ -118.664007647149006, 34.079376344353797 ], [ -118.664053644088995, 34.079367756420602 ], [ -118.664086592673996, 34.079339935251902 ], [ -118.664120732303005, 34.079315559306401 ], [ -118.664159337558999, 34.079293293021401 ], [ -118.664184263836006, 34.079274183140299 ], [ -118.664223979281005, 34.079255144747599 ], [ -118.664269557259999, 34.0792440320051 ], [ -118.664302037797995, 34.079228228254898 ], [ -118.664337637608, 34.079224034158202 ], [ -118.664384011847005, 34.079208899907201 ], [ -118.664420271721994, 34.079192538191201 ], [ -118.664457356862997, 34.0791881054285 ], [ -118.664494186471998, 34.079178220736601 ], [ -118.664528786329996, 34.079172026959597 ], [ -118.664569133607998, 34.079157455781697 ], [ -118.664603041429999, 34.079173062183301 ], [ -118.664650166003995, 34.0791508550017 ], [ -118.664695168972003, 34.079154049139703 ], [ -118.664725862590004, 34.079167299071898 ], [ -118.664765527862002, 34.079164911390997 ], [ -118.664805945595006, 34.079158145607998 ], [ -118.664825489381997, 34.0791052972016 ], [ -118.664817697431005, 34.079071476491599 ], [ -118.664799243258997, 34.079045429258798 ], [ -118.664799711282996, 34.078996018491303 ], [ -118.664790940095003, 34.078969091215697 ], [ -118.664820676326002, 34.0789447310732 ], [ -118.664850708293002, 34.0789206313273 ], [ -118.664870981140993, 34.078892948089901 ], [ -118.664883925786995, 34.078866909946697 ], [ -118.664893513452995, 34.078828383966602 ], [ -118.664891466262006, 34.078800038916597 ], [ -118.664913127247004, 34.0787754885665 ], [ -118.664907609861999, 34.078744801217297 ], [ -118.664930946005995, 34.0787258898063 ], [ -118.664883810339006, 34.078680019677897 ], [ -118.664851364382997, 34.078667107159397 ], [ -118.664815758263998, 34.078654791386903 ], [ -118.664786176809002, 34.078630968584399 ], [ -118.664635692808005, 34.078510903772496 ], [ -118.664591318624005, 34.078487681981301 ], [ -118.664556180391003, 34.078459451257302 ], [ -118.664531291242, 34.078440229856902 ], [ -118.664490721456005, 34.0784305252728 ], [ -118.664476665018, 34.078401907821998 ], [ -118.664438932967997, 34.078399450627202 ], [ -118.664397028175998, 34.078413360710599 ], [ -118.664364505416998, 34.078405570617299 ], [ -118.664341556335003, 34.0783826818977 ], [ -118.664304596362001, 34.078380449177203 ], [ -118.664262576246998, 34.078369879157499 ], [ -118.664293723601006, 34.078359449196299 ], [ -118.664294421106007, 34.0783319548934 ], [ -118.664280894163994, 34.078302085968303 ], [ -118.664269891841997, 34.0782758122389 ], [ -118.664239910513999, 34.078246633933901 ], [ -118.664238102355, 34.078207836454403 ], [ -118.664210924358997, 34.0781804499129 ], [ -118.664228422934002, 34.078151886793698 ], [ -118.664243043297006, 34.078105351919604 ], [ -118.664245273153995, 34.078072284199301 ], [ -118.664273974924001, 34.077996446533398 ], [ -118.664304098054998, 34.077964136718101 ], [ -118.664339903387997, 34.077939069787398 ], [ -118.66435428138, 34.077909720880797 ], [ -118.664375087466993, 34.077877803090999 ], [ -118.664402095114994, 34.077860725273297 ], [ -118.664420422383998, 34.077833257288297 ], [ -118.664448047533995, 34.0777984605431 ], [ -118.664452301393993, 34.077783059744398 ], [ -118.664456959478997, 34.077767464441898 ], [ -118.664455771326004, 34.077778054474201 ], [ -118.664453301734, 34.077816518743802 ], [ -118.664470969129994, 34.077789302660101 ], [ -118.664483162112006, 34.077763688462802 ], [ -118.664501677171998, 34.077716871024698 ], [ -118.664484742200997, 34.077693089052097 ], [ -118.664497002635997, 34.077663809964001 ], [ -118.664533697878994, 34.077663290717702 ], [ -118.664517320938998, 34.077636886386699 ], [ -118.664546520558005, 34.077621218993599 ], [ -118.664568016535, 34.077581953548503 ], [ -118.664568381712002, 34.077551361227997 ], [ -118.664583290435999, 34.077516192724403 ], [ -118.664583073087002, 34.077483013355497 ], [ -118.664581361662997, 34.077447837585801 ], [ -118.664509495377999, 34.077421330148802 ], [ -118.664471233998995, 34.077428979373501 ], [ -118.664440543839007, 34.077458827697797 ], [ -118.664409950890004, 34.077477494399403 ], [ -118.664379070714006, 34.077494820736 ], [ -118.664350709974002, 34.077524044522697 ], [ -118.664313981541994, 34.077525247592298 ], [ -118.664291066377999, 34.077558216201197 ], [ -118.664249077681006, 34.077577681470302 ], [ -118.664217992684996, 34.077557382125299 ], [ -118.664208877215003, 34.077524251705398 ], [ -118.664178004003006, 34.077511667540598 ], [ -118.664143848112005, 34.077503141498802 ], [ -118.664129219258996, 34.077473533677498 ], [ -118.664100919017002, 34.077458554501703 ], [ -118.664057698140994, 34.077450005998898 ], [ -118.664054141929, 34.077483327749597 ], [ -118.664045521816007, 34.077510073766803 ], [ -118.664032001809005, 34.0775441676168 ], [ -118.663996590555996, 34.077550771852003 ], [ -118.663975303984003, 34.077572476669197 ], [ -118.663942379286993, 34.077567007714897 ], [ -118.663911349274997, 34.077556708856903 ], [ -118.663866669018006, 34.0775559487397 ], [ -118.663826839216, 34.077550312233797 ], [ -118.663780620501001, 34.077557532541697 ], [ -118.663739406478996, 34.077577251928901 ], [ -118.663703563056004, 34.077572202153803 ], [ -118.663668466570002, 34.077576598491 ], [ -118.663645763999, 34.077596618784099 ], [ -118.663609885927997, 34.077605701178598 ], [ -118.663568090520997, 34.077594881091102 ], [ -118.663532454050994, 34.077611831365701 ], [ -118.663487097689995, 34.077606205650397 ], [ -118.663460797132998, 34.077632834395303 ], [ -118.663424328939001, 34.077648474853603 ], [ -118.663395374252005, 34.077630747133902 ], [ -118.663337540431002, 34.077620760277398 ], [ -118.663293179121993, 34.077634426579998 ], [ -118.663284140159007, 34.077681011511402 ], [ -118.663235761432006, 34.077668107235802 ], [ -118.663198065930999, 34.077686660537204 ], [ -118.663211006607995, 34.077720593210302 ], [ -118.663205721169007, 34.077756821955603 ], [ -118.663208172577995, 34.077789091730899 ], [ -118.663220023416997, 34.077815976865899 ], [ -118.663262048072994, 34.077828939130796 ], [ -118.663307675241001, 34.077806443545597 ], [ -118.663304046109005, 34.077834841077198 ], [ -118.663272788209994, 34.077859406585901 ], [ -118.663230261524006, 34.0778781745842 ], [ -118.663213595974995, 34.077903538740401 ], [ -118.663189061395002, 34.077925826464998 ], [ -118.663145818584994, 34.077905456322199 ], [ -118.663111632764, 34.077923625239599 ], [ -118.663078884236995, 34.077930324439997 ], [ -118.663062413396005, 34.077955641273 ], [ -118.663025585870002, 34.077959416674197 ], [ -118.663000922909006, 34.077988378783402 ], [ -118.662978221876998, 34.077967443624097 ], [ -118.662938451326994, 34.077965398356298 ], [ -118.662910495793994, 34.077982758609799 ], [ -118.662902774572999, 34.077990204010803 ], [ -118.662870678898997, 34.077985044692703 ], [ -118.662825023132996, 34.077998347624998 ], [ -118.662784627524999, 34.078014762191998 ], [ -118.662777171450003, 34.078048112048897 ], [ -118.662748345527007, 34.078074239477303 ], [ -118.662748266706004, 34.078118770304698 ], [ -118.662689714706005, 34.0781242181435 ], [ -118.662651628527996, 34.078118946987601 ], [ -118.662659052612995, 34.078086400942198 ], [ -118.662667374235994, 34.078058757205802 ], [ -118.662661809406998, 34.078023956313501 ], [ -118.662632660656996, 34.078000612215803 ], [ -118.662608682960993, 34.077979245484897 ], [ -118.662571715156005, 34.077965985323402 ], [ -118.662551565322005, 34.077940305444898 ], [ -118.662513401089996, 34.077923092375201 ], [ -118.662484724842997, 34.077926077062401 ], [ -118.662478631998994, 34.077925166206398 ], [ -118.662447384526999, 34.0779042424099 ], [ -118.662461726512007, 34.077866259223399 ], [ -118.662425827011006, 34.077862148700603 ], [ -118.662391891271, 34.077836297946298 ], [ -118.662430896722995, 34.077812783765403 ], [ -118.662440201682003, 34.077772908611102 ], [ -118.662411403527997, 34.077758292806401 ], [ -118.662371702577005, 34.077747038882798 ], [ -118.662340910919994, 34.077735855276302 ], [ -118.662315128467, 34.077756508095199 ], [ -118.662280793492997, 34.077755479339402 ], [ -118.662244814228004, 34.077760100178502 ], [ -118.662215067231003, 34.077777215651103 ], [ -118.662191027223997, 34.0777995901122 ], [ -118.662176581831005, 34.077826924819398 ], [ -118.662136321096, 34.077844264826403 ], [ -118.662157019882997, 34.077818150309902 ], [ -118.662122705808997, 34.077829303415903 ], [ -118.662103632113002, 34.077853902578902 ], [ -118.662083683437004, 34.077879425464197 ], [ -118.662047380204996, 34.0778786106344 ], [ -118.662009998675003, 34.077879654736797 ], [ -118.661975605514002, 34.077885566194198 ], [ -118.661939900391999, 34.077876513733202 ], [ -118.661903758468995, 34.077880242730799 ], [ -118.661917075538994, 34.077910225797801 ], [ -118.661875521227003, 34.077908383695799 ], [ -118.661830875858996, 34.0778997436976 ], [ -118.661797473573998, 34.0779155900332 ], [ -118.661765488195996, 34.077928268746199 ], [ -118.661763173976993, 34.077956476122303 ], [ -118.661743430895001, 34.077982582857302 ], [ -118.661698918222996, 34.077981000751599 ], [ -118.661668481640007, 34.077959108990697 ], [ -118.661654045142996, 34.077962917041802 ], [ -118.661632993932997, 34.077968471221197 ], [ -118.661590429379004, 34.077975203454997 ], [ -118.661567999957995, 34.077996010884597 ], [ -118.661532040127994, 34.0780056073487 ], [ -118.661492692520994, 34.078007501783802 ], [ -118.661460449537998, 34.078024372268899 ], [ -118.661421408997995, 34.0780286683936 ], [ -118.661459190277995, 34.078005223106899 ], [ -118.661447801107002, 34.077976580692301 ], [ -118.661465531440996, 34.077945208786502 ], [ -118.661476959156005, 34.0779164115771 ], [ -118.661469277799, 34.077880762642401 ], [ -118.661455057132002, 34.077855762558301 ], [ -118.661445018753994, 34.077828298096897 ], [ -118.661419857035, 34.077802079512303 ], [ -118.661405607611002, 34.077771560729502 ], [ -118.661380869615002, 34.077746874328 ], [ -118.661358616968997, 34.077723363882498 ], [ -118.661328950894998, 34.077710354073503 ], [ -118.661299508354006, 34.0776832169785 ], [ -118.661312302710996, 34.077653833601701 ], [ -118.661303393620997, 34.077647176509103 ], [ -118.661271674671994, 34.077623474590801 ], [ -118.661234036542993, 34.0776243846989 ], [ -118.661209163337006, 34.077597519436601 ], [ -118.661188391883996, 34.077568210492799 ], [ -118.661156306186996, 34.077553287076697 ], [ -118.661100565696003, 34.077549968960597 ], [ -118.661065953960005, 34.077579420508698 ], [ -118.661047140779004, 34.077595742781803 ], [ -118.661040140547996, 34.077601816269002 ], [ -118.661047862659998, 34.077629561885203 ], [ -118.661061763733997, 34.077677463810801 ], [ -118.661033512727997, 34.077653996408699 ], [ -118.660984679571996, 34.077675285919199 ], [ -118.660949808880005, 34.077665986910503 ], [ -118.660935733141997, 34.077709054156003 ], [ -118.660890305910996, 34.077695929330403 ], [ -118.660884215468997, 34.077733492723603 ], [ -118.660855277354997, 34.077719223774302 ], [ -118.660829196376, 34.077692082788502 ], [ -118.660781077980005, 34.077696416251598 ], [ -118.660737247317002, 34.077688629241003 ], [ -118.660703711752006, 34.077700319378103 ], [ -118.660674191861006, 34.077717187394697 ], [ -118.660645259069, 34.077701778000197 ], [ -118.660618392095998, 34.077682002359403 ], [ -118.660399497911001, 34.077521529040801 ], [ -118.660425331889002, 34.077503418705099 ], [ -118.660220068225001, 34.077537951593797 ], [ -118.660234640216004, 34.077509388900403 ], [ -118.660245198569001, 34.077469724272099 ], [ -118.660246066818004, 34.077467857464697 ], [ -118.660257470844996, 34.077443347826403 ], [ -118.660223512716996, 34.077431434022301 ], [ -118.660204473801002, 34.077461356012797 ], [ -118.660166595510006, 34.077463394382598 ], [ -118.660163791374003, 34.077434612050901 ], [ -118.660168043414004, 34.077405013848299 ], [ -118.660139239759005, 34.077383609661702 ], [ -118.660109709351005, 34.077355233389198 ], [ -118.660075527882995, 34.077339630496098 ], [ -118.660033431337993, 34.077341341541498 ], [ -118.660000358312999, 34.077333079416903 ], [ -118.659964196795002, 34.077354489568101 ], [ -118.659932921421003, 34.0773649808634 ], [ -118.659916822149, 34.077391717964503 ], [ -118.659963657405996, 34.077394146688597 ], [ -118.65995202021, 34.077428229766198 ], [ -118.659994481371996, 34.077514828441203 ], [ -118.660040223912006, 34.077608116373298 ], [ -118.660000980256001, 34.077612575507402 ], [ -118.659965962940007, 34.077604643917198 ], [ -118.659970188711, 34.077634573504803 ], [ -118.659950924239993, 34.077665070685498 ], [ -118.659944693529994, 34.077699957502901 ], [ -118.659910534283995, 34.077699494465797 ], [ -118.659887143941006, 34.077673198998397 ], [ -118.659855579462004, 34.077689728120099 ], [ -118.659864363172005, 34.077719765408801 ], [ -118.659821725121006, 34.077736114697501 ], [ -118.659818412633996, 34.077737384780299 ], [ -118.659803569613004, 34.077741773820897 ], [ -118.659780590112007, 34.077778285653999 ], [ -118.659762334782002, 34.077807291794201 ], [ -118.659758662987997, 34.077807578571701 ], [ -118.659737900652999, 34.077809199657899 ], [ -118.659698750651003, 34.077825485347901 ], [ -118.659671025639994, 34.077840782090398 ], [ -118.659620736627005, 34.077844477383501 ], [ -118.659584250162993, 34.077874531197502 ], [ -118.659573302140998, 34.0779008852749 ], [ -118.659614781686003, 34.077925424617497 ], [ -118.659593572041999, 34.077952472079097 ], [ -118.659552865704001, 34.077961754244598 ], [ -118.659524617076997, 34.077983053582997 ], [ -118.659494629400001, 34.077996692769297 ], [ -118.659451470937995, 34.077997233527199 ], [ -118.659417622440998, 34.077996968733302 ], [ -118.659380154963003, 34.078000831894897 ], [ -118.659357269880999, 34.0780220825038 ], [ -118.659320384737001, 34.078041410374901 ], [ -118.659288544084006, 34.078065756081202 ], [ -118.659258545097003, 34.078086494732602 ], [ -118.659221664843002, 34.078100814550602 ], [ -118.659180748935, 34.078100234829797 ], [ -118.659157204555996, 34.078080585397103 ], [ -118.659109764315005, 34.078074201366398 ], [ -118.659072106409994, 34.078063958427798 ], [ -118.659063944162, 34.078036835879999 ], [ -118.659064387609007, 34.0779994071762 ], [ -118.659030969271001, 34.077980979408302 ], [ -118.658998458577003, 34.0779649991862 ], [ -118.658959183291003, 34.077967671630901 ], [ -118.658932745851999, 34.077997919232303 ], [ -118.658901993826007, 34.078019032085798 ], [ -118.658898779927995, 34.078052166582403 ], [ -118.65887382743, 34.078076142472298 ], [ -118.658840510375001, 34.078068327919802 ], [ -118.658806379065993, 34.078086477264101 ], [ -118.658784921736, 34.078110101199897 ], [ -118.658762832714999, 34.078132510528199 ], [ -118.658721485474004, 34.078140981577299 ], [ -118.658727347972004, 34.078178376318299 ], [ -118.658684377273005, 34.078195969902097 ], [ -118.658648485605994, 34.078222112301702 ], [ -118.658613507957, 34.078234076947801 ], [ -118.658579154723, 34.078250995706597 ], [ -118.658590925480993, 34.0782843489634 ], [ -118.658586309360999, 34.078311806140803 ], [ -118.658559918181993, 34.078336897360103 ], [ -118.658562652200999, 34.078372445873498 ], [ -118.658548291966994, 34.078398579364098 ], [ -118.658522906263002, 34.078430810918 ], [ -118.658491039010997, 34.078422484129597 ], [ -118.658455869829993, 34.078433598118202 ], [ -118.658428580304005, 34.078459132204699 ], [ -118.658399572424003, 34.078473756303303 ], [ -118.658373082086001, 34.078513525246699 ], [ -118.658348159051002, 34.078532629416799 ], [ -118.658328162355005, 34.078564524090297 ], [ -118.658291892093999, 34.078566531189999 ], [ -118.658295533322999, 34.0786060093955 ], [ -118.658282570297999, 34.078639626786497 ], [ -118.658241730604004, 34.078650029334497 ], [ -118.658237071707006, 34.078656997501 ], [ -118.658200847409006, 34.078669612677501 ], [ -118.658160919140997, 34.078702555507498 ], [ -118.658136362346994, 34.0787268135592 ], [ -118.658147391132005, 34.078763454152103 ], [ -118.658138299886005, 34.078801078498898 ], [ -118.658172380782005, 34.078830442824497 ], [ -118.658197752991995, 34.078850678334902 ], [ -118.658224062398006, 34.078875062959803 ], [ -118.658241045593002, 34.078903749914502 ], [ -118.658264226594994, 34.078925396666399 ], [ -118.658242761992994, 34.078949743435601 ], [ -118.658208189128999, 34.078951713699801 ], [ -118.658165426889994, 34.078950079611303 ], [ -118.658137788187005, 34.078970007313998 ], [ -118.658098452589002, 34.078975174227502 ], [ -118.658060668835006, 34.078966323272503 ], [ -118.658060881116995, 34.078932255541297 ], [ -118.658029254186999, 34.078950491834398 ], [ -118.657990750232997, 34.078979320499201 ], [ -118.657967677588999, 34.0790031488227 ], [ -118.657927843980005, 34.079005294149098 ], [ -118.657878642640995, 34.079017617540003 ], [ -118.657842254700995, 34.079036588357198 ], [ -118.657800307491996, 34.079043476105703 ], [ -118.657775896516, 34.079021010596101 ], [ -118.657747756866002, 34.079038529690003 ], [ -118.657740194385994, 34.079007130903697 ], [ -118.657705826465005, 34.079000876845399 ], [ -118.657666200215004, 34.079009557107497 ], [ -118.657625059981996, 34.079023785649902 ], [ -118.657588506324998, 34.079027977234901 ], [ -118.657549010623995, 34.079033633414298 ], [ -118.657514809980995, 34.079040470779503 ], [ -118.657477876580003, 34.079035776750104 ], [ -118.657434506071993, 34.079023848609701 ], [ -118.657398675333994, 34.079017018266399 ], [ -118.657372547243, 34.078990078811103 ], [ -118.657323242461004, 34.078992051024201 ], [ -118.657276063642996, 34.079004913670801 ], [ -118.657244211703002, 34.079016431497699 ], [ -118.657215413941998, 34.079036510302501 ], [ -118.657180624475004, 34.079050498884598 ], [ -118.657142080485997, 34.079049643471201 ], [ -118.657109292818006, 34.079053236483702 ], [ -118.657066768994, 34.079058726987299 ], [ -118.657032971141007, 34.0790582610434 ], [ -118.657016345285001, 34.079085934509401 ], [ -118.657005744277001, 34.079112531316397 ], [ -118.657002370954004, 34.079127614049 ], [ -118.656913001166998, 34.079120999980297 ], [ -118.656810377170999, 34.079072605339803 ], [ -118.656796491514001, 34.079066057828904 ], [ -118.656789731190997, 34.0790447819479 ], [ -118.656753211386999, 34.0790376926495 ], [ -118.656724958688002, 34.079021114682597 ], [ -118.656703093000999, 34.078989004478998 ], [ -118.65666852567, 34.078971749824603 ], [ -118.656648528375001, 34.078947644804302 ], [ -118.656623587659993, 34.078928499492598 ], [ -118.656575017837994, 34.078920659530603 ], [ -118.656554601804999, 34.078948369388399 ], [ -118.656551133517993, 34.078953372634501 ], [ -118.656543968033006, 34.078963712703199 ], [ -118.656533213171997, 34.078979230390097 ], [ -118.656529588237007, 34.078984459879003 ], [ -118.656498202118001, 34.079006794302799 ], [ -118.656470148858006, 34.079025077710803 ], [ -118.656449829487002, 34.079056714909697 ], [ -118.656411876828997, 34.079068410299598 ], [ -118.656373705454996, 34.079083784100398 ], [ -118.656345201514, 34.079098813900998 ], [ -118.656332490574002, 34.079072036924799 ], [ -118.656310266720993, 34.079049128084698 ], [ -118.656276760748, 34.079037381637697 ], [ -118.656264879947003, 34.079010728937199 ], [ -118.656293321315999, 34.078971893155597 ], [ -118.656326812390006, 34.078975607570101 ], [ -118.656372560804002, 34.078972105404098 ], [ -118.656392200021997, 34.078935549487198 ], [ -118.656393150016996, 34.078928635931298 ], [ -118.656396991698003, 34.078900696409598 ], [ -118.656380937156996, 34.078870204413001 ], [ -118.656345619313996, 34.078855411938903 ], [ -118.656348397290003, 34.078823887055002 ], [ -118.656345794640004, 34.0787913710341 ], [ -118.656311231117996, 34.078761753438499 ], [ -118.656285541995004, 34.078742403586901 ], [ -118.656242160911006, 34.078734359613101 ], [ -118.656210251367, 34.078741559882999 ], [ -118.656193926987996, 34.078703824371502 ], [ -118.656163412439994, 34.0786787576899 ], [ -118.656132240763995, 34.0786964570066 ], [ -118.656117574079005, 34.0787307311261 ], [ -118.656104185345995, 34.078759513684197 ], [ -118.656063386721996, 34.078750631912897 ], [ -118.656026258715002, 34.078759851346703 ], [ -118.656047734959003, 34.0787290717019 ], [ -118.656049666453001, 34.078693557420401 ], [ -118.656017372430995, 34.078687327308003 ], [ -118.655981330303007, 34.078680263224797 ], [ -118.655948556308005, 34.0786601670926 ], [ -118.655915060059002, 34.078659181476802 ], [ -118.655869834835002, 34.078679554815203 ], [ -118.655835714236005, 34.078654290441101 ], [ -118.655806202677994, 34.078676308716901 ], [ -118.655761856674005, 34.078679489120098 ], [ -118.655727588008006, 34.078685357792303 ], [ -118.655699303405996, 34.078709835502501 ], [ -118.655670111274006, 34.078694227061199 ], [ -118.655630942703993, 34.078704977456397 ], [ -118.655600739758, 34.078692918170503 ], [ -118.655557929143995, 34.078689046700703 ], [ -118.655525540178999, 34.078670398360998 ], [ -118.655495911429, 34.078656567976402 ], [ -118.655458409035006, 34.078640009464401 ], [ -118.655420254760998, 34.078630099348103 ], [ -118.655418455524995, 34.078600058498203 ], [ -118.655390672473999, 34.0785823993685 ], [ -118.655353738393003, 34.078578209501003 ], [ -118.655325746214004, 34.078598877942397 ], [ -118.655279553591001, 34.078607342855697 ], [ -118.655271642971002, 34.078611868111601 ], [ -118.655244578988999, 34.078627350084197 ], [ -118.655219624294006, 34.078647946160501 ], [ -118.655196049024994, 34.078667207997803 ], [ -118.655155800336004, 34.078657349706099 ], [ -118.655122403890005, 34.078654515066397 ], [ -118.655087871112997, 34.078670087356002 ], [ -118.655046113734002, 34.0786755618117 ], [ -118.655025410901999, 34.078653720055897 ], [ -118.654991081394996, 34.078666648683502 ], [ -118.655027627856001, 34.078652647241199 ], [ -118.655010240737994, 34.078628400532303 ], [ -118.655013458043001, 34.078593574889702 ], [ -118.655001759474999, 34.078559378263897 ], [ -118.654982477518004, 34.078526276751901 ], [ -118.655016305475996, 34.078484675799302 ], [ -118.654985348004004, 34.0784586028484 ], [ -118.654953703497995, 34.0784460034739 ], [ -118.654929814412995, 34.0784259073383 ], [ -118.654923821490002, 34.078395502328902 ], [ -118.654884111624, 34.078405843991902 ], [ -118.654856355590994, 34.078384133503903 ], [ -118.654852774313994, 34.078356744677002 ], [ -118.654874705403003, 34.0783287338392 ], [ -118.654858215161994, 34.078304514814 ], [ -118.654855424353002, 34.078300223873498 ], [ -118.654835793651003, 34.078270041918202 ], [ -118.654804360718998, 34.078254065105199 ], [ -118.654810700040002, 34.078223175490798 ], [ -118.654835838620997, 34.078198975486899 ], [ -118.654846870266994, 34.078172642675199 ], [ -118.654856699275001, 34.078144139169702 ], [ -118.654856881884996, 34.078110812117202 ], [ -118.654844829972006, 34.0780764381878 ], [ -118.654810954653001, 34.078052646798497 ], [ -118.654797407538993, 34.078024998765798 ], [ -118.654766278877005, 34.078034264277697 ], [ -118.654737429834, 34.078017117088002 ], [ -118.654705915571, 34.0780256739245 ], [ -118.654657588757004, 34.078036347419001 ], [ -118.654640821071993, 34.078063214723898 ], [ -118.654667623584999, 34.078081163589601 ], [ -118.654652897945994, 34.078110477455702 ], [ -118.654616180702007, 34.078097592701297 ], [ -118.654614139884998, 34.0780617222808 ], [ -118.654610007241999, 34.0780293729363 ], [ -118.654572487962994, 34.078029141796002 ], [ -118.654544268302004, 34.078047264113799 ], [ -118.654504325209004, 34.078059215756703 ], [ -118.654471918583994, 34.078053383252303 ], [ -118.654440546085993, 34.078040669738002 ], [ -118.654410465162002, 34.078058132651499 ], [ -118.654375266342996, 34.078072292261702 ], [ -118.654333168533, 34.078081412791498 ], [ -118.654292497298002, 34.078077544467199 ], [ -118.654262868668994, 34.0780932645878 ], [ -118.654228819946994, 34.0780847900268 ], [ -118.654194485267993, 34.078090725076201 ], [ -118.654164237168004, 34.0780662875529 ], [ -118.654153255509001, 34.078045097757602 ], [ -118.654140031809007, 34.078017370521401 ], [ -118.654103775585, 34.078012211875503 ], [ -118.654076817366004, 34.078031337072098 ], [ -118.654043392668996, 34.078016078487202 ], [ -118.654014730949996, 34.0780314601664 ], [ -118.653971509445, 34.078031752884499 ], [ -118.653938825872004, 34.078036500192702 ], [ -118.653909028848005, 34.078049575805103 ], [ -118.653873923541994, 34.078062631973602 ], [ -118.653842835088994, 34.078076835471002 ], [ -118.653808358476994, 34.078083529631698 ], [ -118.653771906966995, 34.078083018742397 ], [ -118.653727402241003, 34.078076530112703 ], [ -118.653690784261997, 34.078080121964803 ], [ -118.653649632758999, 34.078080521960899 ], [ -118.653614901020006, 34.078077340229697 ], [ -118.653582394362999, 34.078088352559199 ], [ -118.653548413891002, 34.078089975904199 ], [ -118.653497025391005, 34.078089240641198 ], [ -118.653459338543996, 34.078105931858502 ], [ -118.653427906399003, 34.078116078736997 ], [ -118.653401647061003, 34.078135512247499 ], [ -118.653392548178005, 34.078168250705097 ], [ -118.653359793852999, 34.078181198365499 ], [ -118.653336674825994, 34.078213386164897 ], [ -118.653319629978, 34.078252967192 ], [ -118.653313962287996, 34.078281486391901 ], [ -118.653328363401002, 34.078313796662897 ], [ -118.653341527069003, 34.078341281663597 ], [ -118.653375176503999, 34.078361719774698 ], [ -118.653369423205007, 34.0783711360328 ], [ -118.653354956928993, 34.078394810926703 ], [ -118.653353443992003, 34.0784245259903 ], [ -118.653352429232001, 34.078453305727798 ], [ -118.653328724087004, 34.078485545190603 ], [ -118.653309038925002, 34.0785078331268 ], [ -118.653294012673001, 34.078538217899002 ], [ -118.653263477872002, 34.078555518272502 ], [ -118.653223144039998, 34.078577507151699 ], [ -118.653173341316005, 34.078576092694099 ], [ -118.653140806042998, 34.078561605270501 ], [ -118.653104031750999, 34.078554093467602 ], [ -118.653064130640999, 34.078576693243903 ], [ -118.653044349870001, 34.078554636632298 ], [ -118.653003083490006, 34.0785495022606 ], [ -118.652964042811007, 34.078553888351202 ], [ -118.652927035174002, 34.0785659408564 ], [ -118.652898365959999, 34.078579579476298 ], [ -118.652863088901, 34.078599241622001 ], [ -118.652824100779995, 34.078610128422497 ], [ -118.652783653680999, 34.078604989233298 ], [ -118.652748156648002, 34.078609550575599 ], [ -118.652707035516002, 34.078603778619303 ], [ -118.652667750020996, 34.078586970006903 ], [ -118.652630834196998, 34.078601319735903 ], [ -118.652609553462, 34.0785939999909 ], [ -118.652597224972993, 34.078589760296097 ], [ -118.652554167928002, 34.078589541446 ], [ -118.652521879163004, 34.078598688047201 ], [ -118.652484247168999, 34.078623495291197 ], [ -118.652446042018994, 34.0786318696018 ], [ -118.652399058349999, 34.078640060745002 ], [ -118.652375636960002, 34.078660740153502 ], [ -118.652341392173, 34.078675343158103 ], [ -118.652304356458998, 34.078679390315003 ], [ -118.652259623679996, 34.078681478421302 ], [ -118.652238026684003, 34.078703067400902 ], [ -118.652198851498994, 34.078708785925102 ], [ -118.652159528268001, 34.078721455396199 ], [ -118.652126167876006, 34.078741625016001 ], [ -118.652097750145998, 34.078769133065101 ], [ -118.652064388026005, 34.078767780074003 ], [ -118.652024256491998, 34.0787788568243 ], [ -118.652000248557997, 34.0787528174898 ], [ -118.652001042341993, 34.078706689436203 ], [ -118.652001623402995, 34.078673261627301 ], [ -118.651955310839, 34.0786593645702 ], [ -118.651914458256002, 34.078656394800902 ], [ -118.651906057694006, 34.078623194302203 ], [ -118.651904525690995, 34.078593319722003 ], [ -118.651886062532, 34.078566594068 ], [ -118.651850269017999, 34.0785634569393 ], [ -118.651837169155996, 34.078537845932303 ], [ -118.651801847266, 34.078499447739098 ], [ -118.651789898236999, 34.078469145178403 ], [ -118.651823774508003, 34.078460063544298 ], [ -118.651776288167, 34.078445808131498 ], [ -118.651732141516007, 34.078441443395903 ], [ -118.651699322959004, 34.078431184956202 ], [ -118.651652152382994, 34.078425844096898 ], [ -118.651613640910995, 34.078437621443598 ], [ -118.651575953958002, 34.078443256392198 ], [ -118.651536328789007, 34.078449693304798 ], [ -118.651503695233004, 34.078470699870003 ], [ -118.651466450271997, 34.078491614887803 ], [ -118.651433236119999, 34.078500501404498 ], [ -118.651398989757993, 34.078524949882301 ], [ -118.651371986662994, 34.078549058548298 ], [ -118.651357131238001, 34.0785747318182 ], [ -118.651347711157996, 34.078601866811397 ], [ -118.651345096854996, 34.0786337794029 ], [ -118.651313844960995, 34.0786611761852 ], [ -118.651302043718005, 34.078702467892903 ], [ -118.651272599872001, 34.078715507326798 ], [ -118.651239261141995, 34.0787447257498 ], [ -118.651210416256006, 34.078776409889002 ], [ -118.651194670802994, 34.078802796537701 ], [ -118.651168163630999, 34.078907010547198 ], [ -118.651155155609999, 34.078916338110702 ], [ -118.651116222580995, 34.078938236444102 ], [ -118.651096655497994, 34.078972014676097 ], [ -118.651072813941994, 34.078997213692098 ], [ -118.651044469664996, 34.079019386104598 ], [ -118.651019142801005, 34.079041268773999 ], [ -118.651013122365995, 34.079048481077699 ], [ -118.650996574415998, 34.0790683075709 ], [ -118.650968711179999, 34.0790876313689 ], [ -118.650969583250998, 34.079119893540103 ], [ -118.650967830195, 34.079154597567197 ], [ -118.650953809835002, 34.079185918914703 ], [ -118.650936186978001, 34.079232728510803 ], [ -118.650927932149997, 34.079275604686302 ], [ -118.650891118364996, 34.079282937436901 ], [ -118.650857286136997, 34.079293534808201 ], [ -118.650822009283999, 34.0793029367466 ], [ -118.650791723810002, 34.079317458141801 ], [ -118.650762957341001, 34.079332246341302 ], [ -118.650711715141995, 34.079350529638198 ], [ -118.650671934306004, 34.079351149447298 ], [ -118.650651200498999, 34.079320916763997 ], [ -118.650624619157995, 34.079323574383103 ], [ -118.650617611274001, 34.079324274837703 ], [ -118.650596022304001, 34.079348841393703 ], [ -118.650548129251007, 34.0793484581394 ], [ -118.650539288456002, 34.079378638111301 ], [ -118.650508294290006, 34.079399994659298 ], [ -118.650500803350994, 34.079439756897202 ], [ -118.650471443350995, 34.079458321773402 ], [ -118.650486345559003, 34.0794571738952 ], [ -118.650514394365004, 34.079455012407102 ], [ -118.650536029457996, 34.079445677100303 ], [ -118.650554533454994, 34.079467341264298 ], [ -118.650553554127001, 34.079457254912001 ], [ -118.650565506312006, 34.079465756473603 ], [ -118.650556677009007, 34.079496404480501 ], [ -118.650579792676993, 34.079516248041301 ], [ -118.650546564525996, 34.079524338066904 ], [ -118.650506777516, 34.079535320092603 ], [ -118.650368089496993, 34.079710646091698 ], [ -118.650334203032003, 34.079701284286401 ], [ -118.650287968708994, 34.079699133712197 ], [ -118.650250637970004, 34.079697336508602 ], [ -118.650209727941998, 34.079686804208499 ], [ -118.650168768891007, 34.079688507967603 ], [ -118.650151333630006, 34.079662525388898 ], [ -118.650117938264998, 34.079672844629798 ], [ -118.650111393190997, 34.0796748667901 ], [ -118.650076140390993, 34.0796881030478 ], [ -118.650042692051997, 34.079682332687 ], [ -118.650001690283005, 34.079668172313603 ], [ -118.650001472517005, 34.079637591167 ], [ -118.650000262912002, 34.079608294688903 ], [ -118.649646695328997, 34.0796028647624 ], [ -118.649635333771002, 34.0796565180393 ], [ -118.649592332032995, 34.079661135515998 ], [ -118.649555198605, 34.079659398121301 ], [ -118.649525032431001, 34.0796710437657 ], [ -118.649479874858002, 34.079676638166902 ], [ -118.649446583457006, 34.079677906041198 ], [ -118.649414361477994, 34.079692027271903 ], [ -118.649383805666005, 34.0797176917768 ], [ -118.649351741592, 34.079732841719597 ], [ -118.649319424051995, 34.079716788917999 ], [ -118.649278452491004, 34.079724599267799 ], [ -118.649235095208994, 34.079728144066003 ], [ -118.649194474732994, 34.0797480392363 ], [ -118.649164697247997, 34.079770265404697 ], [ -118.649154592618004, 34.079799417845898 ], [ -118.649116018433006, 34.079801761647701 ], [ -118.649082535361998, 34.079816683730797 ], [ -118.649061927554001, 34.079847070269402 ], [ -118.649025449473001, 34.0798454062856 ], [ -118.649012730517001, 34.079873830823999 ], [ -118.648994314234997, 34.079885844625501 ], [ -118.648976168030998, 34.079890884578496 ], [ -118.648951504985007, 34.079883453738503 ], [ -118.648914745477995, 34.0798987867948 ], [ -118.64887524593, 34.079902831575303 ], [ -118.648843907051003, 34.079892971230201 ], [ -118.648807665887006, 34.079907142899103 ], [ -118.648773006468005, 34.079908305103103 ], [ -118.648728788070997, 34.079911820565698 ], [ -118.648697012715004, 34.079922693217199 ], [ -118.648662015835001, 34.079924260686496 ], [ -118.648630442216998, 34.079936513270802 ], [ -118.648621333422994, 34.0799629980839 ], [ -118.648584516840003, 34.079968122176197 ], [ -118.648555029803006, 34.079985841204099 ], [ -118.648519415999004, 34.079970288208699 ], [ -118.648487283197994, 34.079945671797503 ], [ -118.648455889445003, 34.0799369286093 ], [ -118.648441195741, 34.079965740765402 ], [ -118.648404327749006, 34.079970575695903 ], [ -118.648387457232005, 34.079999753294402 ], [ -118.648322401784, 34.080004643316897 ], [ -118.648289796249003, 34.080022029578103 ], [ -118.648270068892998, 34.080055461912998 ], [ -118.648243369583994, 34.080077375455097 ], [ -118.648216622454996, 34.080101825367301 ], [ -118.648215743937001, 34.080102629039501 ], [ -118.648190241151994, 34.080130283368298 ], [ -118.648172629330006, 34.080153769707202 ], [ -118.648141382431007, 34.080173124785802 ], [ -118.648108139382998, 34.080188058443497 ], [ -118.648065498907997, 34.080186939503399 ], [ -118.648028376688004, 34.080168478112597 ], [ -118.648019388866004, 34.080156600019301 ], [ -118.648009165529999, 34.0801430880936 ], [ -118.647970336819995, 34.080129418875799 ], [ -118.647936300929999, 34.080122710535399 ], [ -118.647899718687995, 34.080120415679602 ], [ -118.647856750214999, 34.080124019562703 ], [ -118.647815268513, 34.080136787233698 ], [ -118.647776785348995, 34.080143290485097 ], [ -118.647744303771006, 34.080153183527699 ], [ -118.647709430779003, 34.080151310081703 ], [ -118.647663064159005, 34.080139672635497 ], [ -118.647587698075, 34.080219240056103 ], [ -118.647622451127006, 34.0802343035025 ], [ -118.647661893283995, 34.080255107721698 ], [ -118.647663144072993, 34.0802555345713 ], [ -118.647694458282004, 34.080266201825999 ], [ -118.647727810507007, 34.080285862714803 ], [ -118.647758085554003, 34.080301331862202 ], [ -118.647778065257995, 34.080324176966997 ], [ -118.647787456977994, 34.080352378709897 ], [ -118.647752156593995, 34.080376502525098 ], [ -118.647717097265996, 34.080378349344997 ], [ -118.647689670527996, 34.080358552323098 ], [ -118.64765499056, 34.080347438528101 ], [ -118.647624310932997, 34.0803722491247 ], [ -118.647593522641998, 34.080391577939899 ], [ -118.647559692087995, 34.080378324917703 ], [ -118.647523831570993, 34.080383163407603 ], [ -118.647488656937995, 34.080387499753598 ], [ -118.647455473190007, 34.080409515548197 ], [ -118.647426419788999, 34.080441480208698 ], [ -118.647383654210003, 34.080441266483099 ], [ -118.647353646978004, 34.080428127301303 ], [ -118.647317384307001, 34.080425515104601 ], [ -118.647281126438003, 34.080441388201798 ], [ -118.647242615354003, 34.080460943488497 ], [ -118.647226723653006, 34.0804725091539 ], [ -118.647214438747994, 34.080482912272203 ], [ -118.647190397841996, 34.0804768623942 ], [ -118.647163150303001, 34.080500766088598 ], [ -118.647135981573996, 34.0805171049591 ], [ -118.647117305934003, 34.080543644648998 ], [ -118.647083874819998, 34.080570595150199 ], [ -118.647045587259996, 34.080570417335899 ], [ -118.647008039159999, 34.080561371692099 ], [ -118.646973422580999, 34.080547447432203 ], [ -118.646922359536006, 34.080562705568298 ], [ -118.646902541762003, 34.0805924600878 ], [ -118.646889717807994, 34.080623226241102 ], [ -118.646897515971006, 34.080650119921799 ], [ -118.646924971025996, 34.080681588845501 ], [ -118.646923068334004, 34.08070968629 ], [ -118.646917996336995, 34.080719760312 ], [ -118.646905579380004, 34.080744425143401 ], [ -118.646876241059999, 34.080773143421801 ], [ -118.646822169519993, 34.080791061400802 ], [ -118.646802906773999, 34.080781702723897 ], [ -118.646783481750006, 34.080772265485301 ], [ -118.646749653960001, 34.080760617909803 ], [ -118.646711469693003, 34.0807707088874 ], [ -118.646677043097995, 34.080768445555201 ], [ -118.646680312140006, 34.080798210063897 ], [ -118.646640242735998, 34.080815411639101 ], [ -118.646606214081004, 34.080815659302203 ], [ -118.646588718337, 34.080848889742398 ], [ -118.646552561788994, 34.080863827104601 ], [ -118.646518330975994, 34.080871496548902 ], [ -118.646478702495997, 34.0808695680496 ], [ -118.646439448669, 34.0808759913754 ], [ -118.646405548748007, 34.080897149999402 ], [ -118.646362224965003, 34.080910251366397 ], [ -118.646322797856996, 34.080930809692198 ], [ -118.646298095763001, 34.080957532785902 ], [ -118.646263642598001, 34.080978215991898 ], [ -118.646235760419003, 34.080996578245902 ], [ -118.646199328424998, 34.0810026175985 ], [ -118.646166020772995, 34.081008015197298 ], [ -118.646128993209999, 34.0810230556704 ], [ -118.646094847076, 34.081046365061503 ], [ -118.646061789773, 34.081057125278001 ], [ -118.646033291570006, 34.081081951438399 ], [ -118.645996598096005, 34.0810857968699 ], [ -118.645992348448004, 34.081090821160103 ], [ -118.645905178335994, 34.081106664032198 ], [ -118.645139513665001, 34.081245817251798 ], [ -118.645122121019995, 34.0812485287504 ], [ -118.644853934896005, 34.081370247598898 ], [ -118.644790004488002, 34.081399262561497 ], [ -118.644785931768993, 34.081401110971598 ], [ -118.644627797851996, 34.081472880842398 ], [ -118.644519489990998, 34.081529346288001 ], [ -118.644501508538994, 34.081549414402701 ], [ -118.644474807837994, 34.081583045281199 ], [ -118.644445766485006, 34.081613645269599 ], [ -118.644426498802005, 34.081647955968599 ], [ -118.644398414267002, 34.081662605512101 ], [ -118.644371653952007, 34.0816928278227 ], [ -118.644350441819995, 34.081725832479201 ], [ -118.644327925018004, 34.0817536629825 ], [ -118.644302972451996, 34.081782546353402 ], [ -118.644280239436995, 34.081802716570799 ], [ -118.644257566910994, 34.081832416808098 ], [ -118.644231765548, 34.0818642137654 ], [ -118.644205455008006, 34.081891147146997 ], [ -118.644179109351995, 34.081924219608403 ], [ -118.644151991824998, 34.081950311250999 ], [ -118.644121441213997, 34.081981320521102 ], [ -118.644089309414994, 34.081997900714001 ], [ -118.644065420543996, 34.0820194896828 ], [ -118.644051054618998, 34.082046012509203 ], [ -118.644021633961003, 34.082073505657497 ], [ -118.643997048059006, 34.082102039010898 ], [ -118.643970472093002, 34.082130723576 ], [ -118.643949064430004, 34.082162037229899 ], [ -118.643917766124005, 34.082191018087997 ], [ -118.643892037772005, 34.082222461521901 ], [ -118.643868986314999, 34.082254772535897 ], [ -118.643850472162001, 34.082294520271297 ], [ -118.643816023897998, 34.082320518272702 ], [ -118.643793817675999, 34.082341735935302 ], [ -118.643777578655005, 34.082371556806798 ], [ -118.643748948028005, 34.082399287370301 ], [ -118.643723510713997, 34.082431191306299 ], [ -118.643698701177001, 34.082455134879297 ], [ -118.643667018206003, 34.082484227382302 ], [ -118.643649288080994, 34.082519272048998 ], [ -118.643619118616002, 34.082539562767003 ], [ -118.643591819348003, 34.082560067949601 ], [ -118.643556746761007, 34.0825902830614 ], [ -118.643524118280993, 34.082606862585301 ], [ -118.643497227124996, 34.082632619576103 ], [ -118.643480725828994, 34.082646428597002 ], [ -118.643474999613005, 34.082686000324998 ], [ -118.643440064366004, 34.082711437959901 ], [ -118.643394332680003, 34.082744736517398 ], [ -118.643052000015999, 34.082994000113501 ], [ -118.641952000480998, 34.083321000063499 ], [ -118.641306999592999, 34.083410999818902 ], [ -118.640703451806999, 34.083595166865599 ], [ -118.640613874200994, 34.083582778565798 ], [ -118.640594590429004, 34.083580111659401 ], [ -118.640387254439005, 34.083608491549299 ], [ -118.640259149524994, 34.083521936870397 ], [ -118.640154642845005, 34.083477263471202 ], [ -118.640058565063001, 34.083485639901298 ], [ -118.639960799741004, 34.083495411530102 ], [ -118.639866406402007, 34.083468887591998 ], [ -118.639827638328001, 34.083425609750002 ], [ -118.639814153366999, 34.083410253308102 ], [ -118.639776487296004, 34.0833991556051 ], [ -118.639751551501007, 34.083378934787198 ], [ -118.639700961423998, 34.083380528854804 ], [ -118.639666710078004, 34.0833983320287 ], [ -118.639631628413994, 34.083406031619703 ], [ -118.639582584210004, 34.083410922996201 ], [ -118.639569145533997, 34.083419272213497 ], [ -118.639552439203001, 34.083429651456399 ], [ -118.639550723566998, 34.083429283880797 ], [ -118.639533019959003, 34.083401671969803 ], [ -118.639493954559995, 34.083409314041198 ], [ -118.639450139806996, 34.083421829926401 ], [ -118.639419951511002, 34.083439485000298 ], [ -118.639415559510994, 34.083443494908003 ], [ -118.639391741997002, 34.083465244210103 ], [ -118.639349124191995, 34.083477976292997 ], [ -118.639312431636, 34.083477725689903 ], [ -118.63928132833, 34.083487422711499 ], [ -118.639249088078998, 34.083497254001102 ], [ -118.639241126653005, 34.0834978576273 ], [ -118.6392094622, 34.083500256260002 ], [ -118.639203267783003, 34.083514768331099 ], [ -118.639195932733998, 34.083531952473201 ], [ -118.639163321474001, 34.0835423698177 ], [ -118.639130063777998, 34.083560606616999 ], [ -118.639099003398997, 34.083561595209801 ], [ -118.63909691181, 34.083561662188302 ], [ -118.639083264852005, 34.083568826037897 ], [ -118.639068055156002, 34.083576809656201 ], [ -118.639063419080998, 34.083577943422199 ], [ -118.639034549166993, 34.083585003895202 ], [ -118.638995344828999, 34.083572681301703 ], [ -118.638967066994994, 34.083556484548701 ], [ -118.638927463534003, 34.0835434287185 ], [ -118.638927987949998, 34.083550969165302 ], [ -118.638929783034001, 34.083576811658403 ], [ -118.638950488389, 34.083599833702301 ], [ -118.638905929038998, 34.083596897077904 ], [ -118.638864324050999, 34.083607259203902 ], [ -118.638825044442996, 34.083618763396302 ], [ -118.638790015292997, 34.083622844568097 ], [ -118.638763302127003, 34.0836421340016 ], [ -118.638753560352001, 34.083669600295202 ], [ -118.638718812332996, 34.083671079348399 ], [ -118.638692170110005, 34.083662524600797 ], [ -118.638683131312007, 34.083659621844497 ], [ -118.638650180157995, 34.083664987250799 ], [ -118.638616663145996, 34.0836833578362 ], [ -118.638583864775001, 34.083674661000799 ], [ -118.638547668816003, 34.083663026911097 ], [ -118.638526908282998, 34.083689849465799 ], [ -118.638497916602006, 34.083711553890197 ], [ -118.638477647030001, 34.083734542635497 ], [ -118.638453460388007, 34.083754615870603 ], [ -118.638419431105007, 34.083745281316503 ], [ -118.638384822201004, 34.083738009765597 ], [ -118.638346556486994, 34.083750221897802 ], [ -118.638316740811007, 34.083769685114497 ], [ -118.638297199728001, 34.083802572441698 ], [ -118.638288119923004, 34.083833364275499 ], [ -118.638261830174997, 34.083850777132 ], [ -118.638254502685996, 34.083877865634001 ], [ -118.638231483555003, 34.083893329667397 ], [ -118.638224783382, 34.0838978312335 ], [ -118.638222119825002, 34.0839045375239 ], [ -118.638213441556005, 34.083926381841799 ], [ -118.638207196256005, 34.083953681610197 ], [ -118.638196638599993, 34.083979808326298 ], [ -118.638176992965995, 34.0840055649889 ], [ -118.638192685242998, 34.084036985512299 ], [ -118.638175927269003, 34.084065776109199 ], [ -118.638147618518005, 34.084081932401503 ], [ -118.638143791787002, 34.084085960734001 ], [ -118.638127005860994, 34.084103628675102 ], [ -118.638100728328993, 34.084125974870098 ], [ -118.638050277123995, 34.084148300808103 ], [ -118.638009792763995, 34.084161771906203 ], [ -118.637980661338005, 34.0841763640667 ], [ -118.637948260421993, 34.0841837381695 ], [ -118.637919152723995, 34.084202539893198 ], [ -118.637916065276997, 34.084231215270599 ], [ -118.637891383287993, 34.084253912253601 ], [ -118.637858032536997, 34.0842605609567 ], [ -118.637821154484001, 34.084274918936501 ], [ -118.637785103333997, 34.084286575855103 ], [ -118.637773734790997, 34.084326573858498 ], [ -118.637748341233006, 34.084358904283697 ], [ -118.637724173140001, 34.084386978752597 ], [ -118.637707516207001, 34.084414736413002 ], [ -118.637699527037, 34.084451508520203 ], [ -118.637689289668003, 34.084460710773897 ], [ -118.637692656151998, 34.084470844670697 ], [ -118.637689362076998, 34.084477473087503 ], [ -118.637664270442997, 34.084527954214401 ], [ -118.637641610185995, 34.0845294007474 ], [ -118.637623761456993, 34.084530539674702 ], [ -118.637586363946994, 34.084537443737403 ], [ -118.63755061805, 34.084555949629099 ], [ -118.637542902240995, 34.084559516733997 ], [ -118.637445033093002, 34.0845893767098 ], [ -118.637437038502, 34.084585055598403 ], [ -118.637401326803001, 34.0846020806204 ], [ -118.637400571759002, 34.084602941579 ], [ -118.637301108635995, 34.084633288136096 ], [ -118.637266718047997, 34.084630486902903 ], [ -118.637246223768003, 34.0846049202476 ], [ -118.637211620466999, 34.084607092057396 ], [ -118.637173277223994, 34.084590768196001 ], [ -118.637139826218004, 34.084589284493298 ], [ -118.637111545679005, 34.084574060027798 ], [ -118.637082372280005, 34.084554502889397 ], [ -118.637046178242002, 34.084545568473999 ], [ -118.637015655653002, 34.084557176775803 ], [ -118.636979866277997, 34.084558124461203 ], [ -118.636954555515999, 34.084537484760503 ], [ -118.636967803557994, 34.084511976350697 ], [ -118.637020296827998, 34.084483828825299 ], [ -118.636972410064004, 34.084473431071601 ], [ -118.636935967455003, 34.084473928272999 ], [ -118.636902130044007, 34.084454362177901 ], [ -118.636887035919003, 34.084426982135398 ], [ -118.636877824747003, 34.084392104925001 ], [ -118.636860000694, 34.084365609089197 ], [ -118.636836734230997, 34.084341563446699 ], [ -118.636836852917, 34.0843051660447 ], [ -118.636809270143999, 34.084274535293297 ], [ -118.636780994592996, 34.084259471272397 ], [ -118.636747941379994, 34.084242192701197 ], [ -118.636713321569005, 34.084222069046497 ], [ -118.636679844094004, 34.084213098490999 ], [ -118.636649589016002, 34.084187670976803 ], [ -118.636643904882007, 34.084159030423997 ], [ -118.636628751040007, 34.084134423664999 ], [ -118.636625370480004, 34.0841376504058 ], [ -118.636589113289006, 34.084113138250999 ], [ -118.636573351167996, 34.084086232487202 ], [ -118.636578226647998, 34.084051069399599 ], [ -118.636584039767996, 34.084017709793301 ], [ -118.636586734378994, 34.083989406584003 ], [ -118.636596166169994, 34.083958917504397 ], [ -118.636577111584998, 34.0839318371128 ], [ -118.636561848385995, 34.083895255655897 ], [ -118.636121233073993, 34.083588942868602 ], [ -118.636088117499995, 34.083571597529499 ], [ -118.636051369770996, 34.083553041209498 ], [ -118.636017899910996, 34.083533750588401 ], [ -118.635993601357001, 34.083514269521302 ], [ -118.635956995898994, 34.083496763365503 ], [ -118.635938143825001, 34.083465762663998 ], [ -118.635952612601997, 34.083433341503401 ], [ -118.635982550308, 34.083415183081698 ], [ -118.635956256476007, 34.083396468773003 ], [ -118.635933620206004, 34.083376432403298 ], [ -118.635910086365001, 34.083356600752801 ], [ -118.635905391899996, 34.083325332264501 ], [ -118.635884536207001, 34.08329808773 ], [ -118.635872834408005, 34.083272159034003 ], [ -118.635836744681001, 34.083283987981197 ], [ -118.635809041627994, 34.0832649899085 ], [ -118.635788337223005, 34.083242033097399 ], [ -118.635747877680998, 34.083249437223103 ], [ -118.635713638720006, 34.083264532939602 ], [ -118.635682176722, 34.083247771636103 ], [ -118.635677780917007, 34.083217786899503 ], [ -118.635705698047005, 34.083194461957298 ], [ -118.635715901481007, 34.083164547426598 ], [ -118.635699106863996, 34.083131515787699 ], [ -118.635686047834, 34.083096597765199 ], [ -118.635671200477006, 34.083064576621901 ], [ -118.635645592765997, 34.083043860006903 ], [ -118.635625557907005, 34.083013965691798 ], [ -118.635608543006001, 34.0829735008816 ], [ -118.635578375604993, 34.082948126378099 ], [ -118.635549667033999, 34.082930947226998 ], [ -118.635514741498994, 34.082941197890598 ], [ -118.635493005800001, 34.082976293423997 ], [ -118.635494488941006, 34.083007573075299 ], [ -118.635496733004004, 34.083048739137197 ], [ -118.635465408119998, 34.083070285052301 ], [ -118.635439474788001, 34.083093883421697 ], [ -118.635432975648996, 34.083123463640902 ], [ -118.635409676814007, 34.083150752008997 ], [ -118.635388607454999, 34.083172633473502 ], [ -118.635356409083002, 34.083190294067101 ], [ -118.635322434678997, 34.083199303818198 ], [ -118.635092873616003, 34.083239132496601 ], [ -118.635048626400007, 34.083239656414101 ], [ -118.635015578782003, 34.083236063694699 ], [ -118.634970872091003, 34.083228698089499 ], [ -118.634937506851003, 34.083213340920999 ], [ -118.634936686572999, 34.083102014933402 ], [ -118.634958905296998, 34.083081478896098 ], [ -118.634956669928002, 34.083051848163898 ], [ -118.634949312993996, 34.083023224408002 ], [ -118.634932255360994, 34.082997519939802 ], [ -118.634947776659004, 34.082972928771497 ], [ -118.634977957065004, 34.082951270116197 ], [ -118.635007217742995, 34.082937356407903 ], [ -118.635025779391995, 34.0829127268184 ], [ -118.635020550438995, 34.082885187865202 ], [ -118.634995735337995, 34.082866274661697 ], [ -118.635007329589996, 34.082828081745397 ], [ -118.635042746126999, 34.082821082671401 ], [ -118.635080823644998, 34.082820250458298 ], [ -118.635089046695995, 34.082788497442898 ], [ -118.635087630916004, 34.082760160318202 ], [ -118.635080092145998, 34.082732086128203 ], [ -118.635083486973002, 34.082699794756003 ], [ -118.635105579187993, 34.082667461379202 ], [ -118.635143010609994, 34.082656368158901 ], [ -118.635169308466004, 34.082631866358597 ], [ -118.635180981673003, 34.082602755605002 ], [ -118.635163983048002, 34.082575959196099 ], [ -118.635155460845994, 34.082548040913899 ], [ -118.635148193871004, 34.082519101791299 ], [ -118.635105664302003, 34.082517518657397 ], [ -118.635071740941996, 34.082522967853301 ], [ -118.635069010920006, 34.082522418568999 ], [ -118.635037482770002, 34.082516079016798 ], [ -118.635013462797005, 34.0824939955898 ], [ -118.634984974670004, 34.082476493467901 ], [ -118.634955740071007, 34.082457416415899 ], [ -118.634946780269999, 34.082424169258502 ], [ -118.634941719973995, 34.082395404404799 ], [ -118.634937865915006, 34.0823802826297 ], [ -118.634934323414001, 34.0823663816698 ], [ -118.634914069776002, 34.082342328385501 ], [ -118.634897261684998, 34.082336275116397 ], [ -118.634880636675007, 34.082330288047601 ], [ -118.634850169610999, 34.082342725876003 ], [ -118.634817265443999, 34.082332370529699 ], [ -118.634801964529004, 34.082307611148202 ], [ -118.634770018300998, 34.082286553322199 ], [ -118.634736044308994, 34.082262378898001 ], [ -118.634702904430995, 34.082239913865997 ], [ -118.634696474533996, 34.082199001415503 ], [ -118.634692282854004, 34.082169206568302 ], [ -118.634705072423003, 34.082138463906098 ], [ -118.634704358158999, 34.082127203183099 ], [ -118.634702819085007, 34.082102929614301 ], [ -118.634690278392995, 34.082076039576897 ], [ -118.634664575434996, 34.082049026993303 ], [ -118.634651574828993, 34.082014714439303 ], [ -118.634644815006993, 34.081983410281502 ], [ -118.634633140351994, 34.081955510062997 ], [ -118.634651351551994, 34.081922885928002 ], [ -118.63468297899, 34.081907574406898 ], [ -118.634720690555, 34.081900125110103 ], [ -118.634741736210003, 34.0818758480548 ], [ -118.634774772571006, 34.081862403355998 ], [ -118.634793924350006, 34.081839418051501 ], [ -118.634809289271999, 34.081803315890802 ], [ -118.634826889538004, 34.081771797811101 ], [ -118.634858526393003, 34.081752368100098 ], [ -118.634897446384002, 34.081752606261801 ], [ -118.634932391421003, 34.081771882477703 ], [ -118.634964929752996, 34.0817652943092 ], [ -118.634983427174006, 34.081741542934402 ], [ -118.634988878857001, 34.081712941846703 ], [ -118.634967385804003, 34.081688567181303 ], [ -118.634936642350993, 34.081659700194599 ], [ -118.634929716610998, 34.081621072615903 ], [ -118.634925616691007, 34.081592046072501 ], [ -118.634938689151994, 34.081557971042699 ], [ -118.634946334928998, 34.081517742875398 ], [ -118.634979317350002, 34.081492001307403 ], [ -118.634996980344994, 34.081461421549903 ], [ -118.634988512948993, 34.081432538321899 ], [ -118.634958465411003, 34.081417251515198 ], [ -118.634928008372, 34.081436143647601 ], [ -118.634887036961999, 34.081433162762998 ], [ -118.634877075443001, 34.081404393251603 ], [ -118.634862326260006, 34.081376754617601 ], [ -118.634848208856994, 34.081346611847202 ], [ -118.634813788732004, 34.081342974661602 ], [ -118.634788927406007, 34.081321942191998 ], [ -118.634757298859, 34.081301649044498 ], [ -118.634565633120999, 34.081237383996999 ], [ -118.634595903676995, 34.0812522994433 ], [ -118.634619571431003, 34.081271914852799 ], [ -118.63465635208, 34.0812742794526 ], [ -118.634662697005993, 34.081275086628501 ], [ -118.634631523237005, 34.081295129483202 ], [ -118.634602957816995, 34.081312230289598 ], [ -118.634570317237007, 34.081323794557498 ], [ -118.634535387176001, 34.0813386589817 ], [ -118.634500047060001, 34.0813504180704 ], [ -118.634464322184002, 34.081354606776998 ], [ -118.63442253881, 34.081358155797197 ], [ -118.634380577024004, 34.081353045133298 ], [ -118.634340635287003, 34.0813456128448 ], [ -118.634139627438003, 34.0813600733782 ], [ -118.634115975311005, 34.081351887837201 ], [ -118.634082301622001, 34.081339128535497 ], [ -118.634044152781001, 34.081324722550299 ], [ -118.634025518509006, 34.081295297249902 ], [ -118.633996448174003, 34.081270403320097 ], [ -118.633963434823002, 34.081260189745201 ], [ -118.633928271114002, 34.081247371062702 ], [ -118.633900030665004, 34.0812273085157 ], [ -118.633870311772, 34.0812047012069 ], [ -118.633852602494002, 34.081180812529702 ], [ -118.633824207044, 34.081162944266403 ], [ -118.633784947107998, 34.081151693798503 ], [ -118.633763357299998, 34.081128055188302 ], [ -118.633738444564003, 34.081101315086002 ], [ -118.633714223929999, 34.081070154887897 ], [ -118.633697317783003, 34.081042196321697 ], [ -118.633694216883995, 34.081008074437001 ], [ -118.633708185043005, 34.080972113410901 ], [ -118.633726525176002, 34.080943440600898 ], [ -118.633747278174994, 34.080919233219603 ], [ -118.633731928201996, 34.080893462429103 ], [ -118.633700268664001, 34.080902695099901 ], [ -118.633657223287003, 34.080909169546501 ], [ -118.633495774536996, 34.080937236976702 ], [ -118.633450232414006, 34.080944460339097 ], [ -118.633402068400002, 34.080947899107997 ], [ -118.633356760873994, 34.080951151236597 ], [ -118.633320332733007, 34.080957158582102 ], [ -118.633277177333994, 34.0809672269271 ], [ -118.633259567292995, 34.080976958850599 ], [ -118.633236725122998, 34.080989581476899 ], [ -118.633207360807006, 34.081002182665799 ], [ -118.633163336422996, 34.081022309899303 ], [ -118.633133875981997, 34.081036954619798 ], [ -118.633104215087002, 34.081052910479002 ], [ -118.633075731123, 34.081071799650502 ], [ -118.633045341324006, 34.0810829793813 ], [ -118.633006910605005, 34.081108925510698 ], [ -118.632981062057993, 34.081128314174997 ], [ -118.632954342648006, 34.081147241613202 ], [ -118.632926576561999, 34.081165910366202 ], [ -118.632894794427997, 34.081183516692903 ], [ -118.632866956507996, 34.081202702055798 ], [ -118.632832998609999, 34.081209104008003 ], [ -118.632786143746003, 34.081213714005102 ], [ -118.632760110087006, 34.081191016288599 ], [ -118.632752786466, 34.081158276267502 ], [ -118.632742520052005, 34.081130326003198 ], [ -118.632738324350001, 34.0811011215036 ], [ -118.632737066407003, 34.081061917155999 ], [ -118.632754756528001, 34.081032318027198 ], [ -118.632768627538994, 34.080993297004298 ], [ -118.632790820755005, 34.080970980485603 ], [ -118.632812484007005, 34.080935101071503 ], [ -118.632816614164, 34.080896509504001 ], [ -118.632834351034006, 34.080859520954299 ], [ -118.632828079145, 34.080830372678797 ], [ -118.632811469729006, 34.080806009285602 ], [ -118.632797811396998, 34.080766375764497 ], [ -118.632789350314994, 34.080727364457601 ], [ -118.632786005612004, 34.080699703685802 ], [ -118.632769359015001, 34.080663047266498 ], [ -118.632761132328994, 34.080635958095797 ], [ -118.632749394814994, 34.080602044472997 ], [ -118.632723884910007, 34.080569649681998 ], [ -118.632702086142999, 34.080539026775199 ], [ -118.632682149852002, 34.080509673048702 ], [ -118.632657762698997, 34.080482214149498 ], [ -118.632632017503994, 34.080458707551202 ], [ -118.632614360071003, 34.0804309218966 ], [ -118.632597448959004, 34.080399967246102 ], [ -118.632568846176, 34.080378964190601 ], [ -118.632594523077998, 34.080204332790203 ], [ -118.632631414827998, 34.080162816646002 ], [ -118.632676755643999, 34.0801183654659 ], [ -118.632729682980994, 34.080069288408303 ], [ -118.632789057582997, 34.080018167343702 ], [ -118.632845540651999, 34.079964313227002 ], [ -118.632900207743006, 34.079910192974097 ], [ -118.632948583525007, 34.079856551666701 ], [ -118.632988319703003, 34.079798641547299 ], [ -118.633016785956002, 34.079736982815803 ], [ -118.633025961128993, 34.079696716238097 ], [ -118.633045729429995, 34.079708685204402 ], [ -118.633049636200994, 34.0796919759334 ], [ -118.633080139620006, 34.079663392302898 ], [ -118.633126771275997, 34.0796544124211 ], [ -118.633171508800999, 34.079649367587898 ], [ -118.633214286560005, 34.0796431037801 ], [ -118.633260156394002, 34.079634624079503 ], [ -118.633304736995001, 34.079631129774498 ], [ -118.633328653405997, 34.0796057054269 ], [ -118.633364381353999, 34.079578658408799 ], [ -118.633402013511997, 34.079562038962003 ], [ -118.633436817949999, 34.079557894544998 ], [ -118.633430944067996, 34.0795319109559 ], [ -118.633433003975, 34.079496829446597 ], [ -118.633448194424005, 34.0794705566461 ], [ -118.633477259496004, 34.079445170569898 ], [ -118.633502531410002, 34.0794204971981 ], [ -118.633531960759996, 34.079402479306601 ], [ -118.633560413772003, 34.079382771019901 ], [ -118.633479174632996, 34.079159572782999 ], [ -118.633513814397006, 34.079153726952597 ], [ -118.633530149435998, 34.079126119144703 ], [ -118.633523704010997, 34.079098849399401 ], [ -118.633532869202995, 34.079071774069099 ], [ -118.633545112028997, 34.079045503761897 ], [ -118.633524300109997, 34.079023725248497 ], [ -118.633496677449997, 34.079001455751801 ], [ -118.633481396977999, 34.078972575365199 ], [ -118.633507578492001, 34.0789551856682 ], [ -118.633488109791003, 34.078928620713597 ], [ -118.633472245888996, 34.078902268476398 ], [ -118.633441019863, 34.0788862746913 ], [ -118.63340774676, 34.078873977932098 ], [ -118.633371279155995, 34.078864432236202 ], [ -118.633332418251001, 34.078852110809997 ], [ -118.633296458196995, 34.078843918088303 ], [ -118.633263896063994, 34.078833180474398 ], [ -118.633220469297001, 34.078828084236399 ], [ -118.633198416889996, 34.078849320714802 ], [ -118.633045161514005, 34.078745126972201 ], [ -118.633020441357999, 34.078713897434 ], [ -118.632990272618002, 34.078682614243597 ], [ -118.632970365489996, 34.078657975945703 ], [ -118.632938449400996, 34.0786256016397 ], [ -118.632922504334999, 34.0785971315076 ], [ -118.632909553651004, 34.078564078670702 ], [ -118.632878749615998, 34.078530692626501 ], [ -118.632842049795002, 34.078511863440198 ], [ -118.632795690158005, 34.078495185729501 ], [ -118.632766227397994, 34.078465943930603 ], [ -118.632742434842001, 34.078431036318101 ], [ -118.632715880516002, 34.078412611008503 ], [ -118.632690309218006, 34.078394425579603 ], [ -118.632659879581993, 34.078364017264498 ], [ -118.632627478231001, 34.078336458511501 ], [ -118.632609855435007, 34.078312577804603 ], [ -118.632595073567998, 34.078287965772702 ], [ -118.632575902034006, 34.078264288254303 ], [ -118.632557337923998, 34.0782403268217 ], [ -118.632541392674, 34.078214254736402 ], [ -118.632485654902993, 34.078199183596801 ], [ -118.632471053242, 34.078169806323103 ], [ -118.632453143044003, 34.0781376324055 ], [ -118.632437163313, 34.078102302795202 ], [ -118.632411653011005, 34.078074796924398 ], [ -118.632390422930996, 34.078042920326602 ], [ -118.632368408587993, 34.078012966327698 ], [ -118.632345908683007, 34.077979644622999 ], [ -118.632320873878996, 34.077947093061098 ], [ -118.632297976171998, 34.077926840818897 ], [ -118.632260098174996, 34.077901241085002 ], [ -118.632245355606997, 34.077889870502702 ], [ -118.632057462714002, 34.077836709960401 ], [ -118.631907465408005, 34.077794270031198 ], [ -118.631801433397001, 34.077764269074798 ], [ -118.631751000525, 34.077749999629098 ], [ -118.631535755686997, 34.0776809842041 ], [ -118.631336566208006, 34.0776726515072 ], [ -118.631093113367001, 34.077674318593999 ], [ -118.630969723440003, 34.077701631619902 ], [ -118.630859719769006, 34.077725980591701 ], [ -118.630708819554997, 34.077764309665298 ], [ -118.630352693966003, 34.077715980784298 ], [ -118.630164631168, 34.077583412957203 ], [ -118.630118813734995, 34.0775511150038 ], [ -118.630069000158997, 34.07751600033 ], [ -118.629965312915999, 34.077429486101799 ], [ -118.629951792602, 34.077418204736297 ], [ -118.629852847023997, 34.077335645703499 ], [ -118.629704978340001, 34.077170116488297 ], [ -118.629576826339999, 34.077049866483399 ], [ -118.629519470972994, 34.076963018289 ], [ -118.629460323980993, 34.0768798818224 ], [ -118.629462116094004, 34.076794518528096 ], [ -118.629489830265001, 34.076698598836003 ], [ -118.629571719797994, 34.076602861912498 ], [ -118.629551286091001, 34.0765290433811 ], [ -118.629471000530003, 34.076239000251398 ], [ -118.629484999496995, 34.075840999860198 ], [ -118.629272917592004, 34.075347401089097 ], [ -118.629231931245997, 34.075252008049702 ], [ -118.629044072279001, 34.075219313314498 ], [ -118.629032090826001, 34.0751837372908 ], [ -118.629003610110999, 34.075158429748903 ], [ -118.628978777265999, 34.075123428437799 ], [ -118.628956843682005, 34.075091006183598 ], [ -118.628957614361994, 34.075048975219097 ], [ -118.628955270616999, 34.075017742522697 ], [ -118.628966471957, 34.074986359972598 ], [ -118.628962956465998, 34.074950724422798 ], [ -118.628967868328004, 34.074923293420397 ], [ -118.628968524903996, 34.074893624050397 ], [ -118.628981988221, 34.074865511593302 ], [ -118.628985911754, 34.074836964295002 ], [ -118.628967264332999, 34.074821519923198 ], [ -118.628951334557001, 34.074815610602599 ], [ -118.628914202534006, 34.074816561194403 ], [ -118.628879222967001, 34.074801151976303 ], [ -118.628839406609004, 34.074784918222797 ], [ -118.628836437787001, 34.074751997500002 ], [ -118.628839222511004, 34.074715473092503 ], [ -118.628803243790003, 34.074685674780298 ], [ -118.628764999468999, 34.074654000107301 ], [ -118.628562518851993, 34.074552222064099 ], [ -118.628406533364995, 34.074473814418397 ], [ -118.628398012218, 34.074404584442597 ], [ -118.628360937354998, 34.074404875604301 ], [ -118.628325240140995, 34.074391121831702 ], [ -118.628293367024, 34.074377419494297 ], [ -118.628245694011, 34.074375644692097 ], [ -118.628196468124997, 34.074371011284903 ], [ -118.628149165438998, 34.074367756044502 ], [ -118.628116051004994, 34.074351226770197 ], [ -118.628082380088003, 34.074340527433897 ], [ -118.628045959071997, 34.074374621046303 ], [ -118.628012127866, 34.074379117223202 ], [ -118.627980974324998, 34.074353514860299 ], [ -118.627939558186, 34.074344119622801 ], [ -118.627927237009004, 34.074311913860299 ], [ -118.627917446907006, 34.074301829307998 ], [ -118.627905539527006, 34.074289564548501 ], [ -118.627883135906998, 34.0742629604173 ], [ -118.627874608479004, 34.0742281290322 ], [ -118.627862653158004, 34.074197505380397 ], [ -118.627853755334996, 34.0741659033988 ], [ -118.627844778471001, 34.074130249788702 ], [ -118.627807201994003, 34.074128363789796 ], [ -118.627775253162994, 34.0741524092887 ], [ -118.627747768427994, 34.074185183278502 ], [ -118.627714506814996, 34.0742118761342 ], [ -118.627683388329999, 34.074223380195498 ], [ -118.627644408071006, 34.074246186981398 ], [ -118.627605346901007, 34.074261000518199 ], [ -118.627561539764997, 34.074278987137298 ], [ -118.627540366477007, 34.074301122148498 ], [ -118.627517743324006, 34.074333161273003 ], [ -118.627491584164005, 34.074355068527503 ], [ -118.627473866027003, 34.074378528053899 ], [ -118.627449222463, 34.074401572380999 ], [ -118.627415108929995, 34.074399562084402 ], [ -118.627376042546004, 34.0743959261155 ], [ -118.627345887125998, 34.074416464419599 ], [ -118.627309892135003, 34.074408685833603 ], [ -118.627284703504998, 34.074432040003202 ], [ -118.627247976423007, 34.074445842948599 ], [ -118.627238045379997, 34.0744523902775 ], [ -118.627219231211996, 34.074464793446097 ], [ -118.627204473229995, 34.074489375865298 ], [ -118.627165948287001, 34.074495531795002 ], [ -118.627131046350001, 34.074507564407398 ], [ -118.627094865307996, 34.074506240428903 ], [ -118.627060271263005, 34.074504816556697 ], [ -118.627019648178006, 34.074501031885298 ], [ -118.626983016482995, 34.074497896632003 ], [ -118.626943526055001, 34.074496458798997 ], [ -118.626904036420996, 34.074494415118899 ], [ -118.626920256841004, 34.074463510646403 ], [ -118.626922085052001, 34.074431066882397 ], [ -118.626922597795001, 34.074421966482603 ], [ -118.626907299474993, 34.074387826061603 ], [ -118.626897402067002, 34.074350611518902 ], [ -118.626859926280005, 34.074346297640602 ], [ -118.626814789723994, 34.074349700670403 ], [ -118.626770156299997, 34.074356443686497 ], [ -118.626725292345, 34.074348918644802 ], [ -118.626682899146999, 34.074340135948397 ], [ -118.626641843916005, 34.074321409914297 ], [ -118.626607370783006, 34.074298297813897 ], [ -118.626569231695001, 34.074289763791498 ], [ -118.626527762593, 34.074306570117898 ], [ -118.626494921539006, 34.074309955348198 ], [ -118.626454568070002, 34.074310108999299 ], [ -118.626421168107001, 34.074307135132699 ], [ -118.626374477086998, 34.074308832444302 ], [ -118.626339075353002, 34.074299474870401 ], [ -118.626301858285004, 34.074299533751301 ], [ -118.626263635748003, 34.074296290732804 ], [ -118.626221727325998, 34.074290287784898 ], [ -118.626174796051004, 34.074284565046 ], [ -118.626133992963005, 34.074284840281003 ], [ -118.626095024411995, 34.074274598474297 ], [ -118.626059929923002, 34.074276344431503 ], [ -118.626022776865, 34.074268188145297 ], [ -118.625988651159005, 34.074255560591403 ], [ -118.625951480745002, 34.0742529423093 ], [ -118.625914824115, 34.074251806954202 ], [ -118.625867911320995, 34.074257278888503 ], [ -118.625827403917, 34.074268446530802 ], [ -118.625791342015006, 34.074272108257198 ], [ -118.625757996874995, 34.074280667516497 ], [ -118.625724112002999, 34.074293586475001 ], [ -118.625686512943005, 34.074290693372497 ], [ -118.625651186709007, 34.0742960994166 ], [ -118.625615618859996, 34.0742897507984 ], [ -118.625588778682001, 34.074308612078298 ], [ -118.625543701444997, 34.074311282358501 ], [ -118.625510374580003, 34.074313566960598 ], [ -118.625479624836998, 34.074327331457297 ], [ -118.625448421694998, 34.074345536932803 ], [ -118.625409677991001, 34.0743594538013 ], [ -118.625366171354997, 34.074368807235402 ], [ -118.625327847774003, 34.074377330648502 ], [ -118.625281567143006, 34.074379475126399 ], [ -118.625238714822999, 34.074383675919997 ], [ -118.625199391142999, 34.074392382860097 ], [ -118.625160668404007, 34.074398689892803 ], [ -118.625119271372, 34.074400959045001 ], [ -118.625073591974001, 34.074406840416003 ], [ -118.625040736339997, 34.074411428624799 ], [ -118.625013688503003, 34.074428889856797 ], [ -118.625023574997002, 34.074456734604503 ], [ -118.625002032731004, 34.074481966036601 ], [ -118.624971192001993, 34.074497087035297 ], [ -118.624952769203006, 34.0745212048204 ], [ -118.624947864711999, 34.074553293186597 ], [ -118.624949502527997, 34.074589064009501 ], [ -118.624941699774993, 34.074617344400401 ], [ -118.624923452705005, 34.074653569440898 ], [ -118.624907697240999, 34.074679945337799 ], [ -118.624897517012002, 34.074711836596897 ], [ -118.624875530528001, 34.074740228889503 ], [ -118.624867637221001, 34.074758100660198 ], [ -118.624860540335007, 34.0747741699222 ], [ -118.624843600991994, 34.074799087232797 ], [ -118.624827912011, 34.074825499979603 ], [ -118.624842783093996, 34.0748551989793 ], [ -118.624863124563007, 34.074884247263199 ], [ -118.624881520241999, 34.074915019267202 ], [ -118.624899301081996, 34.074942586041999 ], [ -118.624912569781003, 34.074974015602102 ], [ -118.624927207938995, 34.075007196272402 ], [ -118.624936533034997, 34.075039524864401 ], [ -118.624953707317005, 34.075136944654297 ], [ -118.624932984683994, 34.0751654324363 ], [ -118.624911797961005, 34.075193564811002 ], [ -118.624911589318003, 34.075223433405803 ], [ -118.624897894672003, 34.075253042779401 ], [ -118.624875615624006, 34.075285777005298 ], [ -118.624873777785993, 34.0753133161598 ], [ -118.624861978707997, 34.075342777108602 ], [ -118.624839309486006, 34.075367558537202 ], [ -118.624798303662999, 34.075364388729803 ], [ -118.624777346246006, 34.075334554075901 ], [ -118.624750392300996, 34.0753049697962 ], [ -118.624736520995, 34.075269322708699 ], [ -118.624723083557001, 34.075231911108801 ], [ -118.624701417994004, 34.075197514150602 ], [ -118.624670746369006, 34.075186884275702 ], [ -118.624637821847998, 34.075190928803003 ], [ -118.624599791522996, 34.075192363001499 ], [ -118.624582141624003, 34.075216757802202 ], [ -118.624547240441004, 34.075234173698398 ], [ -118.6245183228, 34.075252891532401 ], [ -118.624555389473002, 34.0752680703416 ], [ -118.624542581303004, 34.075300212915302 ], [ -118.624511421700007, 34.075313401512801 ], [ -118.624484251392005, 34.0753404085605 ], [ -118.624450915560999, 34.075356104229698 ], [ -118.624430720497998, 34.075330902772002 ], [ -118.624418456133, 34.075300980064 ], [ -118.624384751869002, 34.075288096585702 ], [ -118.624350837999003, 34.075284436145203 ], [ -118.624317769965998, 34.075285522659499 ], [ -118.624279412706997, 34.075292962548097 ], [ -118.624196721464997, 34.075227251632001 ], [ -118.623938000286998, 34.075089000081697 ], [ -118.623632765926999, 34.074920296902903 ], [ -118.623298950790002, 34.074849789007402 ], [ -118.622952405291997, 34.0748289388399 ], [ -118.622658958185994, 34.074632475976998 ], [ -118.622589293757002, 34.074565878196097 ], [ -118.622731500224006, 34.0740828169073 ], [ -118.622844298426998, 34.074033377798102 ], [ -118.622872012697002, 34.074002032189803 ], [ -118.622870123221006, 34.0739668902498 ], [ -118.622854108984001, 34.073935008900598 ], [ -118.622849682506001, 34.073906282399598 ], [ -118.622868145186004, 34.073872337581903 ], [ -118.622944138893999, 34.073805397036303 ], [ -118.622949303428001, 34.073778132469599 ], [ -118.622930553032006, 34.073749240964403 ], [ -118.622906448265994, 34.073729379612502 ], [ -118.622872197773006, 34.0737251196229 ], [ -118.622849257851996, 34.073694583519 ], [ -118.622820723385004, 34.073680441253799 ], [ -118.622789158510002, 34.073668392723 ], [ -118.622758169679997, 34.073654009811598 ], [ -118.622721332097001, 34.073640666906897 ], [ -118.622694381179002, 34.073617749996899 ], [ -118.622691234439998, 34.073614963121997 ], [ -118.622684999924999, 34.073572999775102 ], [ -118.622648825691002, 34.073519995601302 ], [ -118.622679551828995, 34.073501078287997 ], [ -118.622713539477004, 34.0735007137963 ], [ -118.622746587562006, 34.073495267599498 ], [ -118.622770373890006, 34.073456904608101 ], [ -118.622735285616997, 34.073438762240698 ], [ -118.622694481471001, 34.073423421315297 ], [ -118.622659189695995, 34.073410977889601 ], [ -118.622677280605004, 34.073378899315003 ], [ -118.622641448748993, 34.073371448470297 ], [ -118.622603231989999, 34.073346810410598 ], [ -118.622600448607002, 34.073314963631098 ], [ -118.622590425979993, 34.073287587591899 ], [ -118.622498000373, 34.073299000015801 ], [ -118.622424565361001, 34.073261876017703 ], [ -118.622384749735005, 34.073241747956502 ], [ -118.622124564249006, 34.073363850184897 ], [ -118.621826482597996, 34.073507797879998 ], [ -118.621796658638999, 34.073522200078301 ], [ -118.621680757961002, 34.073642533992199 ], [ -118.621375853771994, 34.073704504429699 ], [ -118.621030114053994, 34.073946472670897 ], [ -118.620740999936004, 34.074139999657902 ], [ -118.620502305556002, 34.074003565580099 ], [ -118.620427348906006, 34.073605289226499 ], [ -118.620723884596003, 34.073197892339799 ], [ -118.620670363298004, 34.073165266299 ], [ -118.620568843295999, 34.073103381588602 ], [ -118.620473881608007, 34.073045493441597 ], [ -118.620450999724994, 34.073055999886499 ], [ -118.620259923353998, 34.073041596359097 ], [ -118.620177802287998, 34.072861912864099 ], [ -118.620147783196003, 34.072836984660398 ], [ -118.620129341753994, 34.072812120029901 ], [ -118.620110870611995, 34.072781521147597 ], [ -118.620119997116007, 34.072752915354698 ], [ -118.620105508905993, 34.072726538904597 ], [ -118.620065253169003, 34.072729139188503 ], [ -118.620020585744996, 34.072727747132397 ], [ -118.619986148299006, 34.072746778372696 ], [ -118.619948014030996, 34.072750684518198 ], [ -118.619908797804996, 34.072707185512897 ], [ -118.619878927811996, 34.0727071852275 ], [ -118.619832254567996, 34.0726955866403 ], [ -118.619782781772003, 34.072672390777399 ], [ -118.619737976571002, 34.072660793142397 ], [ -118.619682902695999, 34.072650741669896 ], [ -118.619618495937004, 34.072650741231598 ], [ -118.619595152279004, 34.072627390328897 ], [ -118.619552512633007, 34.072626903474898 ], [ -118.619517479839999, 34.072642800770801 ], [ -118.619495174267001, 34.072664829572503 ], [ -118.619459102075993, 34.072674736045599 ], [ -118.619428526014005, 34.072703810347697 ], [ -118.619410081910004, 34.072737181501999 ], [ -118.619387636549007, 34.072760507727899 ], [ -118.619358638646005, 34.072792334646401 ], [ -118.619331372721007, 34.0728188092775 ], [ -118.619316411994006, 34.0728565221387 ], [ -118.619302013069998, 34.072883433064298 ], [ -118.619276047517999, 34.072907483830903 ], [ -118.619241252009999, 34.072926094889702 ], [ -118.619260527972997, 34.072959786080297 ], [ -118.619264373228006, 34.072966547457597 ], [ -118.619277910521006, 34.0729903475643 ], [ -118.619314650589004, 34.073001969352902 ], [ -118.619346476196, 34.073017586771002 ], [ -118.619378589153001, 34.073027745142397 ], [ -118.619403453542006, 34.073052245956298 ], [ -118.619423716805997, 34.0730822175424 ], [ -118.619432002078995, 34.0731144448295 ], [ -118.619448222857002, 34.073144280877699 ], [ -118.619450858872995, 34.073171968902301 ], [ -118.619466574035997, 34.073197944674298 ], [ -118.619496319735006, 34.073199547424899 ], [ -118.619509614186995, 34.073206211414302 ], [ -118.619512055382998, 34.073223920474 ], [ -118.619508997517002, 34.073240518004802 ], [ -118.619503648904001, 34.073254769884002 ], [ -118.619523898870995, 34.0732731238542 ], [ -118.619526981377007, 34.073297528412297 ], [ -118.619520242755996, 34.073320065863903 ], [ -118.619512228519994, 34.073339461269001 ], [ -118.619501850158002, 34.073353955128198 ], [ -118.619467928483999, 34.073360890889901 ], [ -118.619443517563994, 34.073328861304802 ], [ -118.619450866855004, 34.073301088718502 ], [ -118.61941224764, 34.073287120904503 ], [ -118.619403902331996, 34.073245632128099 ], [ -118.619373183883994, 34.073234293400802 ], [ -118.619343311814006, 34.073248761998997 ], [ -118.619309931828994, 34.073243633366097 ], [ -118.619279989158997, 34.073223941195302 ], [ -118.619271124251995, 34.073187689549599 ], [ -118.619258563059006, 34.073152631844998 ], [ -118.619226102530007, 34.073145676058999 ], [ -118.619193237917003, 34.073151652673999 ], [ -118.619158580136002, 34.073153352210603 ], [ -118.619113505971995, 34.073161440128104 ], [ -118.619108605986995, 34.073191592735299 ], [ -118.619079380627994, 34.073174318157101 ], [ -118.619038822741999, 34.073175532335199 ], [ -118.619007170719001, 34.073165658036999 ], [ -118.618971719306998, 34.073151850175101 ], [ -118.618945260611994, 34.0731339383387 ], [ -118.618910949516007, 34.073127967067997 ], [ -118.618899427496004, 34.073101641751897 ], [ -118.618894556667996, 34.073093612967497 ], [ -118.618884529561996, 34.073077087637103 ], [ -118.61885249497, 34.073054473295798 ], [ -118.618821997948999, 34.073042688125597 ], [ -118.618787512219001, 34.073072805736103 ], [ -118.618731752716002, 34.073065328453097 ], [ -118.618744255758997, 34.073037112607899 ], [ -118.618703312565998, 34.073020423429398 ], [ -118.618658878952004, 34.073023862403197 ], [ -118.618625322789001, 34.072981654991999 ], [ -118.618590777305002, 34.072968345731503 ], [ -118.618561091676, 34.072945067389199 ], [ -118.618523100863996, 34.072927656633098 ], [ -118.618480170595006, 34.0729106556823 ], [ -118.618450007061995, 34.072897096586701 ], [ -118.618417604710999, 34.072872600619803 ], [ -118.618370982065997, 34.072865295252797 ], [ -118.618323514170001, 34.072878841597301 ], [ -118.618281407669002, 34.072887437589401 ], [ -118.618247233643999, 34.072895175920003 ], [ -118.618213058275003, 34.072906887376398 ], [ -118.618181119599996, 34.072917470155403 ], [ -118.618154557254996, 34.072938270539197 ], [ -118.618135065507005, 34.0729654143624 ], [ -118.618084241131001, 34.072971637138998 ], [ -118.618039320874004, 34.073011634328502 ], [ -118.618039208582999, 34.073049152070901 ], [ -118.618019189349994, 34.073077208158303 ], [ -118.618049095363006, 34.073096003176403 ], [ -118.618031767410997, 34.073133349972203 ], [ -118.618013406884003, 34.073156221499701 ], [ -118.618029020891001, 34.073181821202397 ], [ -118.618011429592997, 34.0732093973551 ], [ -118.618005893219006, 34.073238555898797 ], [ -118.618006441408994, 34.0732717713109 ], [ -118.617982884821004, 34.073291758841897 ], [ -118.617984080941994, 34.073264245283198 ], [ -118.617972161314, 34.073298106440397 ], [ -118.617984723584996, 34.073330164829201 ], [ -118.617983604339003, 34.0733672673502 ], [ -118.617981369275995, 34.073403242915802 ], [ -118.617977183337999, 34.073434731220999 ], [ -118.617989613944999, 34.073465338307699 ], [ -118.617979123940998, 34.073479507919203 ], [ -118.617922591154993, 34.0734790466798 ], [ -118.617751376390999, 34.073477648593197 ], [ -118.616815000103998, 34.073470000435201 ], [ -118.616521168356996, 34.073291113105 ], [ -118.616262092138001, 34.073133383728802 ], [ -118.616233646745997, 34.072990957704697 ], [ -118.616264050980007, 34.072964587733502 ], [ -118.616285911855996, 34.072930534625897 ], [ -118.616287542768006, 34.072895811201299 ], [ -118.616277739688002, 34.072863397539798 ], [ -118.616232631528007, 34.072862173548401 ], [ -118.616204994712007, 34.072878969250702 ], [ -118.616163380507004, 34.072872336863703 ], [ -118.616124585983997, 34.072856794379298 ], [ -118.616091218010993, 34.0728819427734 ], [ -118.616057337797002, 34.072901269002898 ], [ -118.616015390184998, 34.072896841322503 ], [ -118.615978068385004, 34.072891910852697 ], [ -118.615805999524994, 34.0726530000181 ], [ -118.615770755875999, 34.072385852030003 ], [ -118.616219220594004, 34.0722358127463 ], [ -118.616258366387996, 34.072222049898699 ], [ -118.616283758589006, 34.072201816328601 ], [ -118.616300633492003, 34.072174889843403 ], [ -118.616336500111004, 34.072150522713002 ], [ -118.616371244169002, 34.072126402488401 ], [ -118.616424135604007, 34.072112824537903 ], [ -118.616450096875994, 34.072094736330399 ], [ -118.616442705213004, 34.0720591423973 ], [ -118.616407736609005, 34.072036394333701 ], [ -118.616375272078002, 34.0720109278232 ], [ -118.616351911570007, 34.071975012837598 ], [ -118.616338848287, 34.071945190296503 ], [ -118.616374764957996, 34.071923707835197 ], [ -118.616377813688999, 34.071888516552498 ], [ -118.616405940625995, 34.071851169462697 ], [ -118.616403965266997, 34.071821152503297 ], [ -118.616375631349996, 34.071804822029897 ], [ -118.616340745469998, 34.071817145480303 ], [ -118.616302796949, 34.071803558865199 ], [ -118.616277181670995, 34.071781296686801 ], [ -118.616238403764996, 34.071773483460298 ], [ -118.616204505959004, 34.071779635996798 ], [ -118.616167732497004, 34.071772569237297 ], [ -118.616133244465004, 34.0717679581157 ], [ -118.616085399734004, 34.071771809938099 ], [ -118.616044969062997, 34.071768095781202 ], [ -118.616012420697999, 34.071762488523298 ], [ -118.615985854193994, 34.071745227375999 ], [ -118.615952484017001, 34.071745948059103 ], [ -118.615911953975001, 34.071744131325097 ], [ -118.615879569789001, 34.071725031527599 ], [ -118.615851925903002, 34.0716914913789 ], [ -118.615816723177005, 34.071689945785501 ], [ -118.615774930016997, 34.071688547305598 ], [ -118.615740283449, 34.071681612630002 ], [ -118.615704338170005, 34.071678975210901 ], [ -118.615670668592998, 34.071686446634402 ], [ -118.615632858805995, 34.071682560422097 ], [ -118.615586473302997, 34.071689393181302 ], [ -118.615550853615005, 34.071691911163498 ], [ -118.615557317509001, 34.071723235849802 ], [ -118.615585166208007, 34.071731641363201 ], [ -118.615657172284003, 34.071759045467999 ], [ -118.615700235006997, 34.071775776857997 ], [ -118.615749761836994, 34.071806785376403 ], [ -118.615778287989002, 34.0718391985003 ], [ -118.615819545682001, 34.071869387081001 ], [ -118.615846124795993, 34.071889696579397 ], [ -118.615857768062, 34.071930841704003 ], [ -118.615882746582997, 34.071960921745799 ], [ -118.615904532542004, 34.071987757064498 ], [ -118.615920238167007, 34.0720171609765 ], [ -118.615946843626006, 34.072050299909897 ], [ -118.615972664435006, 34.072079868157999 ], [ -118.615964788, 34.072114401246203 ], [ -118.615932832156005, 34.0720996566845 ], [ -118.615896233387005, 34.072091272085501 ], [ -118.615847732172, 34.072078864385396 ], [ -118.615813588364006, 34.072066238912299 ], [ -118.615780269012006, 34.072057078207798 ], [ -118.615743392547003, 34.072041118917099 ], [ -118.615698997888998, 34.072031247536003 ], [ -118.615664382706996, 34.072025479836597 ], [ -118.615614623449005, 34.072023698718702 ], [ -118.615605469420004, 34.072023471191997 ], [ -118.615570302430001, 34.072022597618201 ], [ -118.615535462420993, 34.072029763576602 ], [ -118.615491466357, 34.072031261072503 ], [ -118.615457180343995, 34.072037729623602 ], [ -118.615415076575999, 34.072045929714299 ], [ -118.615377182835005, 34.072062001951501 ], [ -118.615343466203996, 34.072076710398299 ], [ -118.615315868460996, 34.072093939120101 ], [ -118.615297270590005, 34.072124127091797 ], [ -118.615265477999003, 34.072154281817603 ], [ -118.615249250266999, 34.072191046586497 ], [ -118.615230537577006, 34.072223883723801 ], [ -118.615219649287994, 34.072264115852697 ], [ -118.615214037566005, 34.072302140189102 ], [ -118.615209433828994, 34.072336999691899 ], [ -118.615193870086998, 34.0723713662641 ], [ -118.615183111253998, 34.072397371603103 ], [ -118.615174089492996, 34.072424848656603 ], [ -118.615162145365005, 34.0724558468266 ], [ -118.615134229703997, 34.072483088821201 ], [ -118.615113188820004, 34.072513740208997 ], [ -118.615095847673004, 34.0725392381921 ], [ -118.615072946721995, 34.072562954734799 ], [ -118.615046512659006, 34.072595971147301 ], [ -118.615025654004, 34.072631236188002 ], [ -118.615002555748006, 34.072665816765799 ], [ -118.614986835387995, 34.072702491180699 ], [ -118.614969981263002, 34.072735422074999 ], [ -118.614966117148001, 34.072765423947502 ], [ -118.614959883319997, 34.072794191632902 ], [ -118.614979391991994, 34.072837542062501 ], [ -118.615027296712995, 34.072880670579202 ], [ -118.615060392608996, 34.072933861640102 ], [ -118.615117819933999, 34.0730140642167 ], [ -118.615185081666993, 34.073071368680097 ], [ -118.615226342696005, 34.073137682783297 ], [ -118.615246982708996, 34.073170855720001 ], [ -118.615347915377001, 34.073279858750098 ], [ -118.615463868042994, 34.073352529418599 ], [ -118.615578266125993, 34.073400931953302 ], [ -118.615788346236997, 34.073445885368997 ], [ -118.616024295111998, 34.073459849734597 ], [ -118.616057121305005, 34.073473376896096 ], [ -118.615908392877998, 34.073517278212002 ], [ -118.615740551426001, 34.0735986600587 ], [ -118.615559158159002, 34.073711123969296 ], [ -118.615385576815996, 34.073783280256698 ], [ -118.615179204846996, 34.073921270436301 ], [ -118.615163772062004, 34.073923287165996 ], [ -118.615102759850004, 34.0739312618282 ], [ -118.615064182279994, 34.073928091868503 ], [ -118.615020979256997, 34.073917501776002 ], [ -118.614988112811005, 34.073936997769003 ], [ -118.614974508404998, 34.073933374936999 ], [ -118.614955314037999, 34.073928264204298 ], [ -118.614941513323998, 34.073960442409103 ], [ -118.614954723449003, 34.073995714023198 ], [ -118.614954756928995, 34.073995782046801 ], [ -118.614972135143006, 34.074031507318999 ], [ -118.614965773921995, 34.074062587707303 ], [ -118.614939543879998, 34.074097221211403 ], [ -118.614924870270002, 34.074122336841199 ], [ -118.614905915975001, 34.074147918824799 ], [ -118.614872194198, 34.074166875171102 ], [ -118.614837396468999, 34.074175771507903 ], [ -118.614809561420003, 34.074196160746403 ], [ -118.614777535911998, 34.074216320524997 ], [ -118.614743433737004, 34.0742373133263 ], [ -118.614702638281003, 34.074248254453302 ], [ -118.614684649858006, 34.074274917384102 ], [ -118.614662551147006, 34.0743005494461 ], [ -118.614632788297996, 34.074314340167398 ], [ -118.614601120193996, 34.074301684068203 ], [ -118.614592905310005, 34.074299423158401 ], [ -118.614569470538996, 34.074292975188001 ], [ -118.614544151668994, 34.074326798358797 ], [ -118.614534230748006, 34.074364726008298 ], [ -118.614515259295999, 34.074387942937904 ], [ -118.614496356958995, 34.0744265944058 ], [ -118.614462320697996, 34.074439075449703 ], [ -118.614421480494997, 34.074438306549098 ], [ -118.614387353449004, 34.074430973016099 ], [ -118.614354719556999, 34.074420494078403 ], [ -118.614314073773997, 34.074427594463302 ], [ -118.614279307491003, 34.074442462003503 ], [ -118.614240872308997, 34.074447272253501 ], [ -118.614206115635994, 34.074447776330999 ], [ -118.614162159366003, 34.0744635201657 ], [ -118.614124821847994, 34.074473447424097 ], [ -118.614088954961005, 34.074475097360597 ], [ -118.614048829341996, 34.074465541458302 ], [ -118.614008746688, 34.0744682174467 ], [ -118.613984588373, 34.0744465837966 ], [ -118.613954517310006, 34.074472724585199 ], [ -118.613922789089997, 34.074498700957598 ], [ -118.613891782986997, 34.074515894151702 ], [ -118.613872029730999, 34.074553866210302 ], [ -118.613866851137004, 34.074581379038897 ], [ -118.613864303759996, 34.074615841498897 ], [ -118.613870617838003, 34.074649870828097 ], [ -118.613863943373005, 34.074678647465497 ], [ -118.613838392976007, 34.074706013430799 ], [ -118.613832392575006, 34.0747362641915 ], [ -118.613797779367005, 34.074728104156897 ], [ -118.613793022386005, 34.074757766902998 ], [ -118.613811861602002, 34.074793637220502 ], [ -118.613852736354005, 34.074791340573398 ], [ -118.613882883222999, 34.074808373440597 ], [ -118.613914845731998, 34.074829131067197 ], [ -118.613925561309003, 34.074859522968403 ], [ -118.613942143944001, 34.074883530213597 ], [ -118.613951260763997, 34.074910004344702 ], [ -118.613954786649003, 34.074941332945301 ], [ -118.613959115878998, 34.074970294821902 ], [ -118.613956375149002, 34.075008917389098 ], [ -118.613964901523005, 34.075043649774301 ], [ -118.613975863985004, 34.075071032576602 ], [ -118.61400032793, 34.075100566634902 ], [ -118.614012070556001, 34.0751429977322 ], [ -118.614027779851, 34.075170893550897 ], [ -118.614053291657996, 34.075188711132597 ], [ -118.61407351311, 34.075214503509201 ], [ -118.614075777108994, 34.075255366898602 ], [ -118.614062734635993, 34.0752856762454 ], [ -118.614035706620996, 34.075304749810698 ], [ -118.613990733098007, 34.075313175010699 ], [ -118.613957322733995, 34.0753009257947 ], [ -118.613923360138998, 34.075300308902001 ], [ -118.613878755946999, 34.075298692544102 ], [ -118.613833456170994, 34.075294729077697 ], [ -118.613796491987003, 34.075283881769401 ], [ -118.613758111378004, 34.075276929957099 ], [ -118.613732005705998, 34.075259673063897 ], [ -118.613707080571999, 34.075241462259299 ], [ -118.613673532435001, 34.075224787360099 ], [ -118.613637488007001, 34.075204460538103 ], [ -118.613601453898994, 34.075195445618697 ], [ -118.613571366897006, 34.075171118044302 ], [ -118.613551321155001, 34.075146805359303 ], [ -118.613515288092998, 34.075134897339701 ], [ -118.613473543956005, 34.075132518650697 ], [ -118.613430243601002, 34.075132493897101 ], [ -118.613397773078006, 34.075107781155303 ], [ -118.613353405793006, 34.075109152516397 ], [ -118.613326085508007, 34.075135907202601 ], [ -118.613264920445005, 34.075125084340101 ], [ -118.613242944511001, 34.075092723379598 ], [ -118.613202637731007, 34.0751002999082 ], [ -118.613166853151995, 34.075134043156098 ], [ -118.613136348889995, 34.0751505264125 ], [ -118.613074107306005, 34.0751462049693 ], [ -118.613043567855001, 34.075160559205003 ], [ -118.613007178366004, 34.075173114844802 ], [ -118.612808141320997, 34.075320997900803 ], [ -118.612661999539995, 34.075404999586297 ], [ -118.612501999814995, 34.075411000341802 ], [ -118.612168000246996, 34.075428000163299 ], [ -118.611801999913993, 34.075280999736599 ], [ -118.611769890401007, 34.075200522630801 ], [ -118.611746725718007, 34.075142464336899 ], [ -118.611741997424005, 34.075136775624003 ], [ -118.611726333806004, 34.075103498662003 ], [ -118.611695350611001, 34.075083827006402 ], [ -118.611625519363997, 34.075060199284202 ], [ -118.611592398300004, 34.075040097653101 ], [ -118.611561946985006, 34.0750283174293 ], [ -118.611533321970995, 34.075013001920901 ], [ -118.611493964811004, 34.075008790784999 ], [ -118.611460385425005, 34.075018605196902 ], [ -118.611431540004006, 34.075035076663703 ], [ -118.611389845830004, 34.0750354051846 ], [ -118.611350828197999, 34.075046067463397 ], [ -118.611306835161997, 34.075037566969002 ], [ -118.611273003906007, 34.075052637920599 ], [ -118.611236603926997, 34.075050266747503 ], [ -118.611203481337995, 34.0750510584921 ], [ -118.611164596872001, 34.075029416954102 ], [ -118.611159716572999, 34.075002086366901 ], [ -118.611162213097003, 34.074967872176401 ], [ -118.611174747521005, 34.074938907473303 ], [ -118.611208808645003, 34.074926041847299 ], [ -118.611237040581003, 34.074906257860903 ], [ -118.611240066880995, 34.074900725848103 ], [ -118.611254432549003, 34.074874466479102 ], [ -118.611298770900007, 34.074873749209999 ], [ -118.611331997915997, 34.074865483026102 ], [ -118.611339452745995, 34.074831578987599 ], [ -118.611343198287997, 34.074789747454098 ], [ -118.611331434723994, 34.0747761015107 ], [ -118.611322942835997, 34.074766250412601 ], [ -118.611311966303006, 34.074737320997599 ], [ -118.611314764520003, 34.074705784481097 ], [ -118.611266411068996, 34.074703764384402 ], [ -118.611247126356005, 34.0747275431318 ], [ -118.611208986291999, 34.0747350813566 ], [ -118.611186658346, 34.0747050425948 ], [ -118.611182393619998, 34.074675614373099 ], [ -118.611199772473995, 34.074651274177199 ], [ -118.611227070496, 34.074622615626097 ], [ -118.611213576205003, 34.074593478803898 ], [ -118.611167391372007, 34.074590455521701 ], [ -118.611130613176996, 34.074592407161099 ], [ -118.611103099306007, 34.074575477773102 ], [ -118.611075209535997, 34.074593126515303 ], [ -118.611038686656002, 34.0746138074201 ], [ -118.611046785485001, 34.074641915632 ], [ -118.611045447330994, 34.074672310545097 ], [ -118.611010770434007, 34.074678183376697 ], [ -118.610977288111002, 34.074661815896 ], [ -118.610947549326994, 34.074677455941298 ], [ -118.610908861696004, 34.074669324690099 ], [ -118.610871748424998, 34.074662059178998 ], [ -118.610848676087997, 34.074689984812402 ], [ -118.610871602315996, 34.0747139779021 ], [ -118.610862024876994, 34.074747618929599 ], [ -118.610828362277005, 34.0747464710483 ], [ -118.610792126511001, 34.074773359867997 ], [ -118.610764683911995, 34.074745678434603 ], [ -118.610714181812, 34.074735163608104 ], [ -118.610674852619994, 34.074722361617397 ], [ -118.610646086382005, 34.074736918054299 ], [ -118.610609527809004, 34.074737961634497 ], [ -118.610577820548002, 34.074756035216303 ], [ -118.610535228347999, 34.074738826259299 ], [ -118.610497460448997, 34.074733906601899 ], [ -118.610475254841006, 34.074705488380602 ], [ -118.610439485083006, 34.074715145057603 ], [ -118.610405919658007, 34.074711311604702 ], [ -118.610369052272006, 34.074712785890597 ], [ -118.610344037391002, 34.074680287204799 ], [ -118.610329602573998, 34.074654611592102 ], [ -118.610306092146004, 34.074674426802297 ], [ -118.610273120271003, 34.074669747678797 ], [ -118.610275693776003, 34.074634260533401 ], [ -118.610286822852004, 34.074601188421298 ], [ -118.610291869365, 34.074565437529102 ], [ -118.610283535769995, 34.074534925555099 ], [ -118.610283418988004, 34.074496166306297 ], [ -118.610279475119995, 34.074466197414402 ], [ -118.610295185097002, 34.074439974381498 ], [ -118.610300218348996, 34.074416537654201 ], [ -118.610291105822995, 34.074403422488601 ], [ -118.610271101023997, 34.0743954269265 ], [ -118.610239074507007, 34.074409422401203 ], [ -118.610212776466, 34.074432292321397 ], [ -118.610182569138004, 34.074445309243998 ], [ -118.610179045183003, 34.074479696625403 ], [ -118.610159308853, 34.074507136310999 ], [ -118.610128365465002, 34.074522075369799 ], [ -118.610106655585, 34.0745470748058 ], [ -118.610074431905005, 34.074521646459402 ], [ -118.610047231961005, 34.074544717202798 ], [ -118.610009682457999, 34.074549116708901 ], [ -118.609976691748003, 34.074531429640899 ], [ -118.609967276443001, 34.074501249740003 ], [ -118.609926910647999, 34.074502151088801 ], [ -118.609903649958, 34.074478833490801 ], [ -118.609864094236002, 34.074467156294503 ], [ -118.609855904588002, 34.074434265935999 ], [ -118.609870565264004, 34.074405122643398 ], [ -118.609836601208997, 34.074399815523698 ], [ -118.609792999275996, 34.074408992378999 ], [ -118.609748128473996, 34.074397390031599 ], [ -118.609714414752005, 34.0744033319219 ], [ -118.609701994244006, 34.074375890309597 ], [ -118.609679220383001, 34.074351393057199 ], [ -118.609652566975996, 34.074334417912901 ], [ -118.609620573243006, 34.074319378145503 ], [ -118.609584699516006, 34.074331555838697 ], [ -118.609548402875006, 34.074342275954997 ], [ -118.609515550360001, 34.074337474552003 ], [ -118.609482294594997, 34.074349708503497 ], [ -118.609439517647004, 34.074357325685597 ], [ -118.609422424469003, 34.074333535108003 ], [ -118.609393780906004, 34.074318510018202 ], [ -118.609370867015997, 34.074296675988201 ], [ -118.609402959457995, 34.074268560506603 ], [ -118.609384878165002, 34.074235055328302 ], [ -118.609381393624005, 34.074203821707599 ], [ -118.609372149172998, 34.0741742298395 ], [ -118.609383794807997, 34.0741423604631 ], [ -118.609383194388002, 34.074108441146599 ], [ -118.609381736770999, 34.074077784913001 ], [ -118.609340104409995, 34.074080535009102 ], [ -118.609315219270002, 34.074060256426101 ], [ -118.609307904416994, 34.074031171332699 ], [ -118.609328866799999, 34.074005063012798 ], [ -118.609293679930005, 34.074011967691199 ], [ -118.609256561779006, 34.074020614030502 ], [ -118.609233828835997, 34.073988770403801 ], [ -118.609259523085001, 34.073964324621201 ], [ -118.609226112691005, 34.073940534979599 ], [ -118.609220914250002, 34.073913160716202 ], [ -118.609207328560998, 34.073876105050203 ], [ -118.609197463860994, 34.073845254226399 ], [ -118.609210127300997, 34.073812629154801 ], [ -118.609244609933995, 34.073810324656201 ], [ -118.609261169020002, 34.073783337672801 ], [ -118.609222673763995, 34.073758676362303 ], [ -118.609230227872004, 34.0737249025455 ], [ -118.609226026670001, 34.073694804227699 ], [ -118.609202569600001, 34.073658805489998 ], [ -118.609169323431004, 34.073682983279397 ], [ -118.609127750227998, 34.073694495334102 ], [ -118.609110814551002, 34.073666210555501 ], [ -118.609088846857006, 34.073631411912999 ], [ -118.609082610870004, 34.073601370788097 ], [ -118.60904388806, 34.073592263874502 ], [ -118.609030533956997, 34.073562729071398 ], [ -118.60901147029, 34.073537329417597 ], [ -118.609022817676006, 34.073509718067498 ], [ -118.609022250875, 34.0734814591003 ], [ -118.609023607921003, 34.073477378998497 ], [ -118.609035545561994, 34.073441487752 ], [ -118.609035038713998, 34.073411426403403 ], [ -118.609012772073996, 34.073388055812103 ], [ -118.608981293564995, 34.073393106090002 ], [ -118.608948967776996, 34.073328723518898 ], [ -118.608924000886006, 34.073278999920497 ], [ -118.608929158424999, 34.073234095987999 ], [ -118.608948238568999, 34.073228326375897 ], [ -118.608932367685, 34.073206152678303 ], [ -118.608933211223004, 34.073198810788703 ], [ -118.608967840616998, 34.073192286180998 ], [ -118.609007835048004, 34.073194096131502 ], [ -118.609026515687006, 34.073157707494801 ], [ -118.609065017546001, 34.073150083353902 ], [ -118.609109314991002, 34.073143521660597 ], [ -118.609142508326997, 34.073132283264499 ], [ -118.609176184446, 34.073130166384097 ], [ -118.609208838843003, 34.073111268983297 ], [ -118.609222347796006, 34.073086053276299 ], [ -118.609256268284994, 34.073059689302603 ], [ -118.609223341871996, 34.073047311124803 ], [ -118.609234304584007, 34.073001809074903 ], [ -118.609201414197003, 34.072980629437403 ], [ -118.609177451104998, 34.0729589619338 ], [ -118.609224939574005, 34.072925170681501 ], [ -118.609259867350005, 34.072913329544399 ], [ -118.609277957642007, 34.072880300062501 ], [ -118.609283091668999, 34.0728524496473 ], [ -118.609294676942994, 34.072824670761499 ], [ -118.609296351430999, 34.0727816274647 ], [ -118.609380165139996, 34.0726675920289 ], [ -118.609377359099, 34.072636842656799 ], [ -118.609381319939004, 34.072603441453502 ], [ -118.609373491995001, 34.0725704003357 ], [ -118.609365357775999, 34.072533589676397 ], [ -118.609377644318002, 34.072502536765199 ], [ -118.609393265319, 34.072477606449397 ], [ -118.609372877696003, 34.0724475981362 ], [ -118.609310980545004, 34.072384415267202 ], [ -118.609265257678999, 34.0723604293253 ], [ -118.609225630870995, 34.072350329624399 ], [ -118.609132661678004, 34.0723490667378 ], [ -118.608984959373004, 34.072396301066703 ], [ -118.608961876673007, 34.0723746767055 ], [ -118.608966589380998, 34.072344977460901 ], [ -118.608927916973002, 34.072353630869202 ], [ -118.608904950460996, 34.072328860578999 ], [ -118.608847998803, 34.072236999799699 ], [ -118.608825370789006, 34.072195743245501 ], [ -118.608797121240997, 34.072144236761602 ], [ -118.608757977161005, 34.072072865761797 ], [ -118.608731071432999, 34.072023808063499 ], [ -118.608689818696007, 34.072017565912603 ], [ -118.608653519632, 34.072019139433102 ], [ -118.608614765821002, 34.071991872805803 ], [ -118.608580144613001, 34.071994521614499 ], [ -118.608588656189994, 34.0719647677899 ], [ -118.608608057325995, 34.071932799292497 ], [ -118.608575588701001, 34.071924599804099 ], [ -118.608588970284003, 34.071898865090397 ], [ -118.608605313842006, 34.071871494157598 ], [ -118.608635368007995, 34.071857291108799 ], [ -118.608636367293997, 34.071851133053997 ], [ -118.608639993739999, 34.071828780853302 ], [ -118.608638427372, 34.071826115654702 ], [ -118.608658940070995, 34.071810184998199 ], [ -118.608695039403003, 34.071794681780602 ], [ -118.608695758072002, 34.0717253716154 ], [ -118.608701802848003, 34.071696082606699 ], [ -118.608732024923, 34.071664860177002 ], [ -118.608727278527994, 34.071636816072697 ], [ -118.608735759615996, 34.071608416895302 ], [ -118.608747991241998, 34.071579684859501 ], [ -118.608743190263993, 34.071544107573501 ], [ -118.608758059864002, 34.071515152605798 ], [ -118.608761049886994, 34.0714780142903 ], [ -118.608746649056997, 34.071450719591503 ], [ -118.608717161773001, 34.071426649458203 ], [ -118.608685648008006, 34.071408985381296 ], [ -118.608655899224004, 34.071394398227497 ], [ -118.608600708546007, 34.071366891182002 ], [ -118.608571413250999, 34.071350123265702 ], [ -118.608428825675006, 34.071291837035098 ], [ -118.608377771687003, 34.071285170325197 ], [ -118.608343085637998, 34.071277078911002 ], [ -118.608316969119997, 34.071259717761301 ], [ -118.608297769176005, 34.071256150179501 ], [ -118.608278111332993, 34.071252496762597 ], [ -118.608238846459003, 34.071248942823203 ], [ -118.608234191725003, 34.071218846955503 ], [ -118.608250149672998, 34.071190239814896 ], [ -118.608263000109005, 34.071189695373299 ], [ -118.608237000138004, 34.071140000347498 ], [ -118.608126043292003, 34.069770521462999 ], [ -118.608126000487005, 34.069769999838798 ], [ -118.607907944014002, 34.069389116148301 ], [ -118.607755029844, 34.069122014131104 ], [ -118.607123000244002, 34.068018000212803 ], [ -118.606931000482007, 34.068086999575399 ], [ -118.606657553039, 34.0680599311249 ], [ -118.60643600038, 34.068038000087398 ], [ -118.606361255023998, 34.068011100097202 ], [ -118.606388259495006, 34.068282675933602 ], [ -118.606108311007006, 34.068765314265796 ], [ -118.606249999580001, 34.068805999586601 ], [ -118.606282999469002, 34.069057000120502 ], [ -118.606185042350006, 34.069137118013501 ], [ -118.606102639154003, 34.069204513065202 ], [ -118.606066747778996, 34.069193753789001 ], [ -118.606030788932998, 34.0691755927676 ], [ -118.605983055623994, 34.069175158396199 ], [ -118.605939368945997, 34.069170567740301 ], [ -118.605921451306003, 34.069144320455301 ], [ -118.605887498431002, 34.069134905626697 ], [ -118.605851378818002, 34.069136695912597 ], [ -118.605821024310004, 34.0691240893958 ], [ -118.605787297232993, 34.069117348623202 ], [ -118.605764410662999, 34.069089696278702 ], [ -118.605772946591003, 34.069051005690802 ], [ -118.605749956880999, 34.0690229986673 ], [ -118.605751742261006, 34.068993954206697 ], [ -118.605740111171997, 34.068959736489802 ], [ -118.605746205868002, 34.0689298801666 ], [ -118.605724632786007, 34.0688920391175 ], [ -118.605700315348003, 34.068866819683301 ], [ -118.605686768051996, 34.068832208865203 ], [ -118.605679964659004, 34.068797645416602 ], [ -118.605673442218006, 34.068769500008997 ], [ -118.605648737056001, 34.068757636944703 ], [ -118.605647899112, 34.068750917274699 ], [ -118.605611455206002, 34.068741457445697 ], [ -118.605605221963003, 34.068707373384598 ], [ -118.605568988192005, 34.068692402167301 ], [ -118.605556341563997, 34.068654224956099 ], [ -118.605526317691996, 34.068642725007003 ], [ -118.605485772888002, 34.068647114306302 ], [ -118.605456199225998, 34.0686307415031 ], [ -118.605443127401998, 34.068599152186401 ], [ -118.605355500094007, 34.068589543587102 ], [ -118.605326569650003, 34.0685750331332 ], [ -118.605360277385998, 34.068559380841997 ], [ -118.605345653230998, 34.068530473585497 ], [ -118.605348262346993, 34.068492779703902 ], [ -118.605314452486994, 34.068483997536902 ], [ -118.605268287737999, 34.068483115053503 ], [ -118.605243893432004, 34.068460665063498 ], [ -118.605221614932006, 34.068434797908097 ], [ -118.605188698679996, 34.068430016050499 ], [ -118.605154037294994, 34.0684450056904 ], [ -118.605114550069999, 34.0684488425266 ], [ -118.605099857344001, 34.068476513664301 ], [ -118.605065982235999, 34.068470994275202 ], [ -118.605010920032996, 34.068467286345999 ], [ -118.604984465525007, 34.068437639155 ], [ -118.604952128774997, 34.068431641807599 ], [ -118.604864821489002, 34.068409894519 ], [ -118.604832653795, 34.068394156035602 ], [ -118.604785716278002, 34.068380916110499 ], [ -118.604739401049002, 34.068367043678002 ], [ -118.604706627998993, 34.068363540946102 ], [ -118.604668797564003, 34.068401856489899 ], [ -118.604626761668001, 34.068441420564902 ], [ -118.604634080528996, 34.068468988885101 ], [ -118.604596876798993, 34.068474382557 ], [ -118.604611475192996, 34.068506567675499 ], [ -118.604617486888998, 34.068541084544499 ], [ -118.604582438901005, 34.068552868733903 ], [ -118.604593867394001, 34.068588523902697 ], [ -118.604602090686996, 34.068631482125397 ], [ -118.604634725281002, 34.068653476008002 ], [ -118.604659466890993, 34.068678336644702 ], [ -118.604689116881005, 34.068690753639601 ], [ -118.604718513079007, 34.068705513379797 ], [ -118.604679361766998, 34.068704990625001 ], [ -118.604622661443997, 34.068705187844998 ], [ -118.604581399718001, 34.068701467517897 ], [ -118.604549066496006, 34.068711435844499 ], [ -118.604497944632001, 34.068726172282602 ], [ -118.604488667398002, 34.068753448970803 ], [ -118.604436439436, 34.068753599002598 ], [ -118.604410410523002, 34.068779640005097 ], [ -118.604363147789996, 34.068809146143103 ], [ -118.604299349852994, 34.068825976606298 ], [ -118.604186019093007, 34.068851006648401 ], [ -118.604142525824003, 34.068898140212099 ], [ -118.604098832150001, 34.068949493311102 ], [ -118.604062042512993, 34.068962146741498 ], [ -118.604033936319993, 34.068977964649399 ], [ -118.604063001521993, 34.068993978175897 ], [ -118.604066760210003, 34.069013445649297 ], [ -118.604068359102996, 34.069021730747799 ], [ -118.604081787767996, 34.069049537129402 ], [ -118.604061124672995, 34.069080750228601 ], [ -118.604064796494001, 34.069115718970401 ], [ -118.604040328281997, 34.069146740291004 ], [ -118.604002013739006, 34.069168963113 ], [ -118.603968215706004, 34.069183932312299 ], [ -118.603927461428, 34.069181525233603 ], [ -118.603893727634997, 34.069183864334804 ], [ -118.603867000533995, 34.069205747667901 ], [ -118.603828387367997, 34.069215454013197 ], [ -118.603793648514994, 34.069211034391103 ], [ -118.603743763412993, 34.069220513318598 ], [ -118.603709292488006, 34.069218096615501 ], [ -118.603664507949006, 34.069224483457702 ], [ -118.603633184347999, 34.069250235796403 ], [ -118.603624317438005, 34.0692786119264 ], [ -118.603597687743999, 34.069300923728797 ], [ -118.603569915354996, 34.069318683063699 ], [ -118.603553579204004, 34.069350707311102 ], [ -118.603560269951004, 34.069386198103103 ], [ -118.603578237964996, 34.069409681293202 ], [ -118.603536673842001, 34.069423452568699 ], [ -118.603527947047994, 34.0694604971034 ], [ -118.603535927259998, 34.069494390806199 ], [ -118.603547022862003, 34.069521595249299 ], [ -118.603579798471003, 34.0695285891778 ], [ -118.603568459347997, 34.069566430226999 ], [ -118.603481632607, 34.069605251916798 ], [ -118.603449850917002, 34.069613475858397 ], [ -118.603417570876005, 34.0696215124687 ], [ -118.603383796651002, 34.069631080535899 ], [ -118.603332161997002, 34.069632568945799 ], [ -118.603294222266996, 34.0696555669521 ], [ -118.603261013565003, 34.069662995300803 ], [ -118.603217786825994, 34.069680823832499 ], [ -118.603180951065994, 34.069696299193701 ], [ -118.603142202952995, 34.069706754650397 ], [ -118.603097077173004, 34.069713792520602 ], [ -118.603049094072006, 34.069719062540301 ], [ -118.603001674065993, 34.069717926647002 ], [ -118.602967267398, 34.0697129717176 ], [ -118.602934593466998, 34.069707699038297 ], [ -118.602887602593, 34.069713595119502 ], [ -118.602840546352994, 34.069713148805498 ], [ -118.602793260452998, 34.069704319653702 ], [ -118.602751296037994, 34.0696854366319 ], [ -118.602709139840002, 34.069670592034903 ], [ -118.602663565149001, 34.069660093389501 ], [ -118.602616700498004, 34.069649384167199 ], [ -118.602569741343999, 34.069640218139 ], [ -118.602537454265999, 34.069648768304098 ], [ -118.602488692443998, 34.069645763933501 ], [ -118.602441970073997, 34.069644455150197 ], [ -118.602394912768005, 34.069639545915003 ], [ -118.602350369741998, 34.069644451236201 ], [ -118.602310252115004, 34.069660280942102 ], [ -118.602270817914999, 34.069679365536601 ], [ -118.602228258495998, 34.069696759216001 ], [ -118.602190480431005, 34.069716544778601 ], [ -118.602150140239004, 34.069735697552801 ], [ -118.602107528738998, 34.069751318981901 ], [ -118.602064552499002, 34.069765510553097 ], [ -118.602020603664002, 34.069769469185701 ], [ -118.601976451368998, 34.069779405353898 ], [ -118.601932085103996, 34.069775859652403 ], [ -118.601887412810996, 34.069766472575601 ], [ -118.601849268902001, 34.069743255421898 ], [ -118.601806072756006, 34.069725410858801 ], [ -118.601767266108993, 34.069702114319597 ], [ -118.601754226742003, 34.069674879535498 ], [ -118.601731455424002, 34.069654792790203 ], [ -118.601696338652999, 34.069627250983103 ], [ -118.601679245889002, 34.069606436939502 ], [ -118.601668452067997, 34.069593294045497 ], [ -118.601647338115001, 34.0695567903715 ], [ -118.601631443510996, 34.069518630574798 ], [ -118.601622344888995, 34.069491947207197 ], [ -118.601607413512994, 34.069453972326301 ], [ -118.601591510259993, 34.069419480863303 ], [ -118.601571725428997, 34.069384100597503 ], [ -118.601564858478, 34.0693460092169 ], [ -118.601568839706005, 34.069311574286999 ], [ -118.601564502122002, 34.069277795461403 ], [ -118.601567990061994, 34.069245149481802 ], [ -118.601568915502995, 34.0692120771647 ], [ -118.601559677091004, 34.069181180875901 ], [ -118.601555122698997, 34.069146369801203 ], [ -118.601546022709002, 34.069117689441597 ], [ -118.601529030330994, 34.069086698872503 ], [ -118.601527744153003, 34.069046366179002 ], [ -118.601510900559006, 34.069014990661103 ], [ -118.601496072011003, 34.068979963307797 ], [ -118.601162938369995, 34.0689063037658 ], [ -118.601125666323995, 34.068891450911302 ], [ -118.601091472494005, 34.068888450800003 ], [ -118.601061182351003, 34.068899999321701 ], [ -118.601029216198, 34.068930172442897 ], [ -118.600997680385007, 34.068957889576701 ], [ -118.600986410597997, 34.068984119150599 ], [ -118.600968025156007, 34.069012994879202 ], [ -118.600942238155, 34.069035466984197 ], [ -118.600924982175997, 34.069059489045799 ], [ -118.600909433816, 34.069084302908699 ], [ -118.600891281735997, 34.069122743444503 ], [ -118.600875610406007, 34.069148258107298 ], [ -118.600852586990996, 34.069184249676297 ], [ -118.600830424414994, 34.069205487849203 ], [ -118.600807749528997, 34.069226409588801 ], [ -118.600789768769005, 34.069251583033903 ], [ -118.600749558364996, 34.069278927597999 ], [ -118.600721533915006, 34.069304019152 ], [ -118.600696649954003, 34.069330363672201 ], [ -118.600665828719997, 34.069354735675503 ], [ -118.600638256403997, 34.069383837493902 ], [ -118.600611040296997, 34.069414235616698 ], [ -118.600588691124003, 34.0694388387763 ], [ -118.600566383767998, 34.069472260610397 ], [ -118.600569898792997, 34.0695026061425 ], [ -118.600568254064001, 34.069540531727803 ], [ -118.600561058780002, 34.069577345127001 ], [ -118.600556663874997, 34.069615650745099 ], [ -118.600546901944995, 34.069653247624998 ], [ -118.60053192705, 34.069684688626097 ], [ -118.600509127633998, 34.069711823224999 ], [ -118.600486942187004, 34.069741604228 ], [ -118.600468210548996, 34.069774949146897 ], [ -118.600449498779, 34.069801982481302 ], [ -118.600424629345994, 34.069833967271201 ], [ -118.600401460819, 34.069857901279299 ], [ -118.600373040272004, 34.069878246564002 ], [ -118.600354756854003, 34.069906782634398 ], [ -118.600343734046007, 34.069939041184902 ], [ -118.600332417673997, 34.069978867430102 ], [ -118.600327054985996, 34.0700089948024 ], [ -118.600313181066994, 34.070035229256398 ], [ -118.600300245623998, 34.070069087110099 ], [ -118.600274473387003, 34.070100466640298 ], [ -118.600268091196995, 34.070138220400104 ], [ -118.600241975567997, 34.070163426326602 ], [ -118.600209281809995, 34.070179113896998 ], [ -118.600185092342002, 34.070198108285197 ], [ -118.60014108176, 34.070215661863898 ], [ -118.600100109690004, 34.070244917143398 ], [ -118.600064302926, 34.070269580219303 ], [ -118.600032762595006, 34.070296586571502 ], [ -118.600006032411002, 34.070314531839699 ], [ -118.599976886243994, 34.070330020414502 ], [ -118.599943325899005, 34.070354235031402 ], [ -118.59992240919, 34.070375877791001 ], [ -118.599882549529994, 34.0703986121528 ], [ -118.599858713632997, 34.070417883986501 ], [ -118.599678890562998, 34.071167206826999 ], [ -118.599689226608007, 34.071207656095403 ], [ -118.599691598741003, 34.071237791013999 ], [ -118.599683410018002, 34.071267178566401 ], [ -118.599689925446995, 34.071301836138801 ], [ -118.599699043586995, 34.071335634957201 ], [ -118.599710890172005, 34.071361980760798 ], [ -118.599721255163999, 34.071392927941503 ], [ -118.599738671732993, 34.071424426086601 ], [ -118.599729531430995, 34.071458527011799 ], [ -118.599712197494995, 34.071488476530497 ], [ -118.599713452147, 34.071523943047403 ], [ -118.599707764182, 34.071558091806402 ], [ -118.599752906603996, 34.071555077334402 ], [ -118.599789004906, 34.071540032188601 ], [ -118.599823671275999, 34.071520136177099 ], [ -118.599859648093997, 34.071519502736699 ], [ -118.599883870032002, 34.071551631730301 ], [ -118.599880597475007, 34.071579850874599 ], [ -118.599866090521004, 34.071607723701597 ], [ -118.599835245088002, 34.071622101358102 ], [ -118.599789483026001, 34.071628524253903 ], [ -118.599777928766002, 34.071659625774899 ], [ -118.599801118982001, 34.071690973072101 ], [ -118.599816920799995, 34.071717121334999 ], [ -118.599845259058995, 34.071738937499397 ], [ -118.599872176844002, 34.071766856881403 ], [ -118.599899184600005, 34.071794897268902 ], [ -118.599919392481993, 34.071820414473102 ], [ -118.599960163423006, 34.071833247888897 ], [ -118.600002763633995, 34.071843136738003 ], [ -118.600035366322999, 34.071854477752098 ], [ -118.600084958953005, 34.071862270715897 ], [ -118.600124726306007, 34.071867549302901 ], [ -118.600169026366004, 34.071880261017803 ], [ -118.600205878501001, 34.071889721249697 ], [ -118.600253376115006, 34.071893517035903 ], [ -118.600290532445996, 34.071906413210101 ], [ -118.600311970039996, 34.071913198442097 ], [ -118.600356377856997, 34.071948601826797 ], [ -118.600481539217, 34.072048384800098 ], [ -118.600460670654002, 34.072054411422599 ], [ -118.600419184168004, 34.072052032886397 ], [ -118.600384742784001, 34.072048558033998 ], [ -118.600349943851, 34.072036411197999 ], [ -118.600314835722997, 34.072027034647398 ], [ -118.600287267732, 34.072048199945101 ], [ -118.600256776090006, 34.072064861195599 ], [ -118.600212920538993, 34.072073559775497 ], [ -118.600173829309995, 34.072069618425601 ], [ -118.600129520679999, 34.072068129208297 ], [ -118.600096599482995, 34.072064350188498 ], [ -118.600053865500001, 34.0720676080605 ], [ -118.600008381980004, 34.072078225810799 ], [ -118.599992236445004, 34.072108797604898 ], [ -118.599941919949998, 34.072095200493301 ], [ -118.599967090825999, 34.072117587148803 ], [ -118.599994322127998, 34.0721390849355 ], [ -118.600032436095006, 34.072161643235198 ], [ -118.600021930260993, 34.072377202897002 ], [ -118.600070667547996, 34.072382413203997 ], [ -118.600104518630999, 34.072395040724203 ], [ -118.600140797113994, 34.072405211560998 ], [ -118.600174178984005, 34.072424070272497 ], [ -118.600171262133003, 34.072460518680103 ], [ -118.600157444374005, 34.072499191632602 ], [ -118.600125936289999, 34.072527263091501 ], [ -118.600144720009993, 34.072559166499097 ], [ -118.600136006683996, 34.0725867336619 ], [ -118.600097700888, 34.072592188058699 ], [ -118.600068028261006, 34.0726110410844 ], [ -118.600042951744001, 34.072712450313198 ], [ -118.600016033890995, 34.072735306729697 ], [ -118.599985364372998, 34.072725037089299 ], [ -118.599941900545005, 34.072733620469798 ], [ -118.599902744703996, 34.072735804323599 ], [ -118.599874295842, 34.072720930639498 ], [ -118.599836640340996, 34.072714162409 ], [ -118.599805981581, 34.072702372825702 ], [ -118.599764977405002, 34.072702043815397 ], [ -118.599730585361002, 34.072697117869403 ], [ -118.599701633291005, 34.072715414377797 ], [ -118.599688347099004, 34.072742683685597 ], [ -118.599689851817004, 34.072771388840899 ], [ -118.599658373165994, 34.072789180967597 ], [ -118.599623885845006, 34.072801704368203 ], [ -118.599639524745996, 34.072832827217397 ], [ -118.599669905716993, 34.072856298516598 ], [ -118.599704433515996, 34.072858097743101 ], [ -118.599725567294996, 34.0728842673361 ], [ -118.599758881179, 34.072875954183203 ], [ -118.599720708600998, 34.072900506881602 ], [ -118.599681988007006, 34.072907526554303 ], [ -118.599646385797001, 34.0728933708927 ], [ -118.599600220886003, 34.072901141999502 ], [ -118.599562303745998, 34.072924547397101 ], [ -118.599553843837995, 34.072954610428503 ], [ -118.59952145826, 34.072966781877398 ], [ -118.599545202599003, 34.072986830459698 ], [ -118.599580567714, 34.073010985114699 ], [ -118.599602626160006, 34.072988245784401 ], [ -118.599635872839002, 34.072985796472601 ], [ -118.599649896748005, 34.073011701084603 ], [ -118.599680176354994, 34.073031547770803 ], [ -118.599714172028001, 34.073037751773299 ], [ -118.599700251691999, 34.073067535837403 ], [ -118.599673922866998, 34.073084239064997 ], [ -118.599640980646996, 34.073103349302698 ], [ -118.599632694411, 34.073133456841703 ], [ -118.599599827885001, 34.073151719631902 ], [ -118.599597206645996, 34.0731809609781 ], [ -118.599595843073004, 34.073214798593199 ], [ -118.599616817002996, 34.073239660776103 ], [ -118.599649110281007, 34.073249905386902 ], [ -118.599660864566999, 34.073278596756197 ], [ -118.599696752197005, 34.073268139797598 ], [ -118.599731125161995, 34.0732722622258 ], [ -118.599743048291998, 34.073299257126997 ], [ -118.599726416946993, 34.073330684765203 ], [ -118.599737357801999, 34.0733574683493 ], [ -118.599770994728999, 34.073353492047801 ], [ -118.599807548312995, 34.073361555810997 ], [ -118.599828608281001, 34.073390366924997 ], [ -118.599826693617004, 34.073418386325599 ], [ -118.599800993955, 34.0734858306215 ], [ -118.599776596900995, 34.0735127325771 ], [ -118.599740980524004, 34.073521576401397 ], [ -118.599708495873003, 34.073514963645103 ], [ -118.599677762355995, 34.073527388038798 ], [ -118.599646080274994, 34.073504376792897 ], [ -118.599637618583003, 34.073469660222003 ], [ -118.599617369743996, 34.073499895696699 ], [ -118.599609671699994, 34.073528606726903 ], [ -118.599590752091004, 34.073552571074899 ], [ -118.599604078067998, 34.073593440153097 ], [ -118.599590586798001, 34.073632006116298 ], [ -118.599586154193005, 34.073669832346198 ], [ -118.599588326543, 34.073698466342897 ], [ -118.599586844770002, 34.073730416429598 ], [ -118.599591151294007, 34.073767985838003 ], [ -118.599586037543006, 34.073797183006199 ], [ -118.599599634662994, 34.073823575505799 ], [ -118.599611989072997, 34.0738495948112 ], [ -118.599575309855993, 34.073856529546198 ], [ -118.599531608205993, 34.073861747940299 ], [ -118.599501177796, 34.073899627851901 ], [ -118.599501906504003, 34.073936029940697 ], [ -118.599521071292997, 34.073969849384802 ], [ -118.599533603726996, 34.074009032705 ], [ -118.599525860982993, 34.074041660427703 ], [ -118.599507792031005, 34.074067077696299 ], [ -118.599472458315006, 34.074089278761903 ], [ -118.599454178936, 34.074114035298301 ], [ -118.599407713792999, 34.074177178927897 ], [ -118.599378755597002, 34.0741998739501 ], [ -118.599352043077999, 34.074225894463098 ], [ -118.599325986476998, 34.0742529309723 ], [ -118.599319702873004, 34.074282281423201 ], [ -118.599294860464994, 34.074302448567401 ], [ -118.599261295925999, 34.074310683669097 ], [ -118.599225077144993, 34.074319378379599 ], [ -118.599201697376998, 34.074342360111899 ], [ -118.599201958513007, 34.074373233505497 ], [ -118.599171078425002, 34.074383820385798 ], [ -118.599094679988994, 34.074448023021503 ], [ -118.599084916446003, 34.074477279279499 ], [ -118.599074198047006, 34.074511550871897 ], [ -118.599061959639997, 34.074545259233403 ], [ -118.599042582416999, 34.074578676065698 ], [ -118.599021980754998, 34.074602697149203 ], [ -118.598996504894004, 34.074634420692099 ], [ -118.598969966289005, 34.074659419077598 ], [ -118.598955206203001, 34.074684045697097 ], [ -118.598972916560001, 34.074707263057199 ], [ -118.599004831925001, 34.0747291747223 ], [ -118.598991627790994, 34.0747589899971 ], [ -118.598966422049998, 34.074779589849101 ], [ -118.598930233752995, 34.074790641505999 ], [ -118.598919903980004, 34.0748204749857 ], [ -118.598883422520004, 34.074839976910503 ], [ -118.598850402105995, 34.074833486259102 ], [ -118.598814027732004, 34.074833539315797 ], [ -118.598800599757993, 34.074863445575197 ], [ -118.598776669737006, 34.0748844478397 ], [ -118.598764039117995, 34.074910031022704 ], [ -118.598738722017998, 34.074928170910702 ], [ -118.598703215045006, 34.0749356931696 ], [ -118.598693789937002, 34.074958452425903 ], [ -118.598691486025999, 34.074964015539102 ], [ -118.598660438261007, 34.074986462884198 ], [ -118.598624780614003, 34.0749945963233 ], [ -118.598664697019998, 34.075029749358499 ], [ -118.598653282770002, 34.075091462897497 ], [ -118.598610382912, 34.075103411897601 ], [ -118.598570582502006, 34.075089661397499 ], [ -118.598532308035004, 34.075073762312698 ], [ -118.598536400434995, 34.075040723757702 ], [ -118.598499486530997, 34.0750321674359 ], [ -118.598467358961003, 34.0750398231473 ], [ -118.598434764453003, 34.075028813610402 ], [ -118.598421310622996, 34.074997904170203 ], [ -118.598380743660002, 34.074988697027798 ], [ -118.598351494428002, 34.0750023086296 ], [ -118.598342597842006, 34.075029162011198 ], [ -118.598306079002001, 34.075034412400797 ], [ -118.598291409355994, 34.075030946666899 ], [ -118.598271053125004, 34.075026137977297 ], [ -118.598236490052003, 34.075020479240003 ], [ -118.598201805746996, 34.075033165657402 ], [ -118.598182417022002, 34.075005317880802 ], [ -118.598150588620001, 34.074997541649999 ], [ -118.598137594359997, 34.075024002010601 ], [ -118.598097275065001, 34.0750287836469 ], [ -118.598062699096999, 34.075029093898003 ], [ -118.598035591206994, 34.075045495033997 ], [ -118.598010952684007, 34.0750664126884 ], [ -118.597985367796994, 34.075087535065698 ], [ -118.597952993074003, 34.075095801550702 ], [ -118.597938760890003, 34.0750858914259 ], [ -118.597940953196002, 34.075070638838298 ], [ -118.597931494432004, 34.075080830833699 ], [ -118.597921505041995, 34.075073875022198 ], [ -118.597927973617999, 34.0750846254316 ], [ -118.597920496770996, 34.075092680785097 ], [ -118.597912479949997, 34.075121664515201 ], [ -118.597888867573005, 34.075148674859697 ], [ -118.597855859101998, 34.075174730224298 ], [ -118.597809999391998, 34.0751879831137 ], [ -118.597794271520996, 34.075223441573698 ], [ -118.597778787950006, 34.075248753325802 ], [ -118.597756083264002, 34.075270232047799 ], [ -118.597733711066994, 34.0752920853961 ], [ -118.597725161775003, 34.075320113217003 ], [ -118.597707508056004, 34.075345163844901 ], [ -118.597687362520006, 34.075376650658498 ], [ -118.597663341016002, 34.075395946716 ], [ -118.597634787866994, 34.075421281507801 ], [ -118.597644179705995, 34.075448195830297 ], [ -118.59764472338, 34.075476856652401 ], [ -118.597655101352004, 34.075506632023597 ], [ -118.597658764721004, 34.075539921958402 ], [ -118.597662141620006, 34.075554584941301 ], [ -118.597666515325002, 34.0755735804441 ], [ -118.597649562186007, 34.075599873908303 ], [ -118.597644751006996, 34.075632971186501 ], [ -118.597619585196, 34.075654031914901 ], [ -118.597587979487997, 34.075668578976398 ], [ -118.597553667067999, 34.075665386172297 ], [ -118.597516631101996, 34.075667218460197 ], [ -118.597512945827006, 34.075667401192497 ], [ -118.597510219037005, 34.0756721819332 ], [ -118.597498641919998, 34.075692479489 ], [ -118.597487385673006, 34.075689856251103 ], [ -118.597466391506998, 34.075684962938197 ], [ -118.597428230855002, 34.0756834996929 ], [ -118.597392459990004, 34.075693952856398 ], [ -118.597370261582, 34.075716501561097 ], [ -118.597335513868003, 34.0757333376894 ], [ -118.597300686623996, 34.075743860139603 ], [ -118.597270060233001, 34.075732093761701 ], [ -118.597283903811004, 34.075753742834301 ], [ -118.597254014891007, 34.0757577825783 ], [ -118.597246570509, 34.0757443857811 ], [ -118.597222833149999, 34.0757582939397 ], [ -118.597187199941004, 34.075741629056303 ], [ -118.597198730466999, 34.075730597141501 ], [ -118.597164527884004, 34.075713977811702 ], [ -118.597125671976002, 34.075707678077997 ], [ -118.597099428297, 34.075689539328899 ], [ -118.597091839339001, 34.075656918683102 ], [ -118.597075496509007, 34.075632133855699 ], [ -118.597086519163994, 34.075601222716699 ], [ -118.597086761398003, 34.075572494937703 ], [ -118.597078163733997, 34.075545291032697 ], [ -118.597064289160002, 34.075519845999601 ], [ -118.597055627391001, 34.0754901548123 ], [ -118.597055995939996, 34.075456884746103 ], [ -118.597070961634003, 34.075431340427798 ], [ -118.597064071595, 34.075403473262199 ], [ -118.59708351946, 34.075374672715597 ], [ -118.597043472533997, 34.075365711318099 ], [ -118.597060541965007, 34.075339711471301 ], [ -118.597063134928007, 34.075311812307703 ], [ -118.597066450189999, 34.075283938264697 ], [ -118.597089147315003, 34.075251381270597 ], [ -118.597115447375003, 34.075223938980002 ], [ -118.597070907228996, 34.075223367138904 ], [ -118.597023234223997, 34.075239439089501 ], [ -118.596979337410005, 34.075257037872397 ], [ -118.596958148987, 34.0752376712014 ], [ -118.596944309001003, 34.075244460788298 ], [ -118.596941799334999, 34.0752754722456 ], [ -118.596936210232002, 34.075310498274099 ], [ -118.596934476057001, 34.075344087809903 ], [ -118.596901361261999, 34.075354412149998 ], [ -118.596882949394001, 34.0753829603673 ], [ -118.596858470203003, 34.075403486653698 ], [ -118.596832207085995, 34.075432985784197 ], [ -118.596803264887001, 34.075453799688198 ], [ -118.596802840500004, 34.075483076078697 ], [ -118.596810488567002, 34.075522538481302 ], [ -118.596806120538005, 34.075575535808703 ], [ -118.596772706948002, 34.075593147307899 ], [ -118.596737537074006, 34.0755985039644 ], [ -118.596719146330997, 34.075622203845199 ], [ -118.596728672834999, 34.075655480371204 ], [ -118.596720538528004, 34.0756981048917 ], [ -118.596720488217997, 34.075740704555301 ], [ -118.596713941589996, 34.075766505772798 ], [ -118.596710785919996, 34.075778945332303 ], [ -118.596681090613004, 34.075792807950201 ], [ -118.596638143190006, 34.075795332567601 ], [ -118.596600577996, 34.0758038836411 ], [ -118.596569939169996, 34.075811943019303 ], [ -118.596568891854005, 34.075812218617102 ], [ -118.596535033758002, 34.0758099209379 ], [ -118.596521673547997, 34.075836995960003 ], [ -118.596488429890996, 34.075863681814397 ], [ -118.596440959849005, 34.075868380195097 ], [ -118.596408252966995, 34.075853756173899 ], [ -118.596375581741, 34.075834449905301 ], [ -118.596351429012003, 34.075812503330297 ], [ -118.596321821562, 34.075794572695102 ], [ -118.596288474828, 34.0757928897916 ], [ -118.596249941398, 34.075810726559702 ], [ -118.596208646441994, 34.075820312519099 ], [ -118.596239153884994, 34.075850141274898 ], [ -118.596228899972004, 34.075883866536699 ], [ -118.596223046654998, 34.075915330818702 ], [ -118.596231999105001, 34.075950471032101 ], [ -118.596232455869995, 34.075952265344498 ], [ -118.596256444988001, 34.075982735930701 ], [ -118.596295399512002, 34.075968702601301 ], [ -118.596279584054997, 34.0759955183496 ], [ -118.596285951076993, 34.0760271277694 ], [ -118.596244205343993, 34.0760266008554 ], [ -118.596195611799004, 34.076019714737498 ], [ -118.596168936983005, 34.075992563933298 ], [ -118.596150477896998, 34.075970105063199 ], [ -118.596149498946005, 34.075968913768001 ], [ -118.596114007484005, 34.075945814096499 ], [ -118.596083576541005, 34.075958503587003 ], [ -118.596049857066006, 34.075940318467197 ], [ -118.596001546338996, 34.075908903535499 ], [ -118.595972112092994, 34.075895428627099 ], [ -118.595939881098005, 34.075880067453603 ], [ -118.595894697844003, 34.075871287589301 ], [ -118.595860472542995, 34.075884990492497 ], [ -118.595838177667005, 34.075905808528702 ], [ -118.595798677725, 34.075919677209598 ], [ -118.595765872811995, 34.075932597909301 ], [ -118.595740602801996, 34.0759502869263 ], [ -118.595714004569004, 34.075968752034797 ], [ -118.595679507656001, 34.075999471091201 ], [ -118.595642011487996, 34.076018070530402 ], [ -118.595629020039993, 34.075990273239903 ], [ -118.595634437445995, 34.075962065441502 ], [ -118.595598635830996, 34.075956515061897 ], [ -118.595566672797005, 34.075973453493198 ], [ -118.595588206825994, 34.076004439402297 ], [ -118.595551852957001, 34.075995093867498 ], [ -118.595537985649003, 34.075965369063603 ], [ -118.595518210573005, 34.075939602289601 ], [ -118.595520337178002, 34.075904151407599 ], [ -118.595487961830003, 34.075912053857799 ], [ -118.595460270505001, 34.075929467744402 ], [ -118.595444648237006, 34.075960935983801 ], [ -118.595419154984, 34.075983246253998 ], [ -118.595420478549997, 34.076023500774198 ], [ -118.595393441775002, 34.076048209980897 ], [ -118.595374150219996, 34.076073725986703 ], [ -118.595343525800999, 34.076095079542696 ], [ -118.595316752225003, 34.076111395793298 ], [ -118.595305927004006, 34.0761447460903 ], [ -118.595287348743994, 34.076174866999601 ], [ -118.595279016505003, 34.076203430116799 ], [ -118.595244031434007, 34.076203682184897 ], [ -118.595213130923, 34.076187661949199 ], [ -118.595174839891001, 34.076184198499497 ], [ -118.595139185719006, 34.0761774840852 ], [ -118.595105165760003, 34.076182259390698 ], [ -118.595072240947999, 34.076189914232302 ], [ -118.595030281334999, 34.076188553905503 ], [ -118.595027013405002, 34.0762169522581 ], [ -118.595005890680994, 34.0762495706077 ], [ -118.594991341664993, 34.076277225812298 ], [ -118.594998483024995, 34.076306946174199 ], [ -118.595002989769995, 34.076345813678799 ], [ -118.594992090505002, 34.076380573959597 ], [ -118.594991521001006, 34.076415769042498 ], [ -118.594954566248006, 34.0764323013519 ], [ -118.594922256653007, 34.076453833252899 ], [ -118.594884479781001, 34.076482206337303 ], [ -118.594847588820997, 34.076489437157399 ], [ -118.594812050089999, 34.076480007683699 ], [ -118.594771499771994, 34.076475988829401 ], [ -118.594735590000994, 34.076478445360301 ], [ -118.594691830523999, 34.076484496933197 ], [ -118.594657797832994, 34.076493322633603 ], [ -118.594622147032993, 34.076514145188099 ], [ -118.594580673557005, 34.076524595650802 ], [ -118.594547654967002, 34.076535373972199 ], [ -118.594517836281, 34.076550284812498 ], [ -118.594503029720002, 34.076581616917501 ], [ -118.594473111490998, 34.076601869130201 ], [ -118.594433855958002, 34.076611353385097 ], [ -118.594416098931006, 34.076635376240901 ], [ -118.594428455707003, 34.0766613744361 ], [ -118.594443697941998, 34.076687443383499 ], [ -118.594405133257993, 34.076698715818701 ], [ -118.594388246742, 34.076674497308197 ], [ -118.594411557865001, 34.076648128608802 ], [ -118.594379426464997, 34.076631616950003 ], [ -118.594346060581998, 34.076628436666702 ], [ -118.594313732375994, 34.076614578540699 ], [ -118.594276614055005, 34.076604098937402 ], [ -118.594244494809999, 34.076613112203503 ], [ -118.594211680493999, 34.076623672066802 ], [ -118.594205294532003, 34.0766559726124 ], [ -118.594178073945002, 34.076672722132798 ], [ -118.594146346846003, 34.076694445817502 ], [ -118.594110659392996, 34.076710503042399 ], [ -118.594093122578997, 34.0767344447193 ], [ -118.594091258595995, 34.076762237381203 ], [ -118.594056868134999, 34.076769421264402 ], [ -118.594052906203999, 34.076797400805397 ], [ -118.594060435586002, 34.076827402778001 ], [ -118.594061075900001, 34.076857560461299 ], [ -118.594035195562995, 34.076879176844699 ], [ -118.594053835313005, 34.076909594486402 ], [ -118.594032857157998, 34.076931576982702 ], [ -118.594003450881004, 34.076951969716099 ], [ -118.593974083814999, 34.076969918811898 ], [ -118.593986436516005, 34.077006170373203 ], [ -118.594003257736006, 34.077037817837898 ], [ -118.593985293962007, 34.0770666785115 ], [ -118.593993834190002, 34.077097114880502 ], [ -118.593977128529005, 34.077126275966599 ], [ -118.593968464308006, 34.077158476245998 ], [ -118.593978426150997, 34.077195543054302 ], [ -118.594002461429, 34.077227469757702 ], [ -118.594017655903997, 34.077257553678599 ], [ -118.594054200816004, 34.077264654468301 ], [ -118.594063893729, 34.077291096738698 ], [ -118.594071194658, 34.077319024104099 ], [ -118.594086529449996, 34.077345311496998 ], [ -118.594113811189999, 34.077368612491199 ], [ -118.594140334607999, 34.077385215493798 ], [ -118.594172338394998, 34.0773957086585 ], [ -118.594205095733003, 34.077403563247302 ], [ -118.594211278559001, 34.0774315444216 ], [ -118.594185754600005, 34.077454679834702 ], [ -118.594150025914999, 34.077452057261098 ], [ -118.594125661443002, 34.077474034946398 ], [ -118.594110494364003, 34.077500649201802 ], [ -118.594085427932001, 34.077524983893603 ], [ -118.594077095176999, 34.0775519628518 ], [ -118.594066104204998, 34.077583324819699 ], [ -118.594096848464005, 34.077605332431403 ], [ -118.594132370918999, 34.077620015263598 ], [ -118.594149151075001, 34.0776506335039 ], [ -118.594172585302999, 34.0776723381354 ], [ -118.594214533366994, 34.077679253996898 ], [ -118.594229496406001, 34.077651320045703 ], [ -118.594264675038005, 34.077640487331799 ], [ -118.594299132290999, 34.0776292111589 ], [ -118.594329075841998, 34.077607744928699 ], [ -118.594366747349, 34.077599797254898 ], [ -118.594407400163007, 34.077583806621597 ], [ -118.594439947571004, 34.077573286690601 ], [ -118.594444058533995, 34.0775417424531 ], [ -118.594477182915995, 34.077543781058502 ], [ -118.594506159307002, 34.077568619268398 ], [ -118.594538121954002, 34.077554914119801 ], [ -118.594564653074002, 34.077580093592999 ], [ -118.594583625851001, 34.077606741324502 ], [ -118.594590448454994, 34.077638598025999 ], [ -118.594603004053994, 34.077672180688801 ], [ -118.594623979713006, 34.077707567529899 ], [ -118.594614809804, 34.077738299278899 ], [ -118.594630377518001, 34.077765455849097 ], [ -118.594648094901004, 34.077790983677097 ], [ -118.594657820245999, 34.077817870744397 ], [ -118.594675735882007, 34.077843463218798 ], [ -118.594702701358003, 34.0778704240672 ], [ -118.594742852940001, 34.077882691733997 ], [ -118.594774883750006, 34.077906281016404 ], [ -118.594809111765997, 34.0778991156524 ], [ -118.594844272136001, 34.077913274494897 ], [ -118.594866638889997, 34.077945888127402 ], [ -118.594901967100995, 34.077966259820499 ], [ -118.594867251729994, 34.077964771504099 ], [ -118.594863305307001, 34.077997306773298 ], [ -118.594882488506002, 34.078027299994403 ], [ -118.594881401391007, 34.078055476351601 ], [ -118.594838261334004, 34.078052987092697 ], [ -118.594802366880003, 34.0780882396351 ], [ -118.594763963223002, 34.078118659549098 ], [ -118.594714342586002, 34.078158102694204 ], [ -118.594678395326, 34.078193576325603 ], [ -118.594627686373002, 34.0782561443649 ], [ -118.594624296232993, 34.078258730579002 ], [ -118.594873938980996, 34.078581655885301 ], [ -118.594855645913, 34.0787254064387 ], [ -118.594838442777004, 34.078781212255997 ], [ -118.594743487119999, 34.079089232206201 ], [ -118.594779457499001, 34.079158373170202 ], [ -118.594689999669001, 34.079234000118397 ], [ -118.594782000110001, 34.080006999903901 ], [ -118.594946000278995, 34.080446000377798 ], [ -118.594990000145003, 34.080458999634502 ], [ -118.595441999588999, 34.080744000297202 ], [ -118.595479000390995, 34.080749999998503 ], [ -118.596189965728001, 34.081058550705798 ], [ -118.596191000215995, 34.081058999800298 ], [ -118.596191879662001, 34.081060366565701 ], [ -118.596487001127002, 34.081518999620201 ], [ -118.596492534164994, 34.081561879648298 ], [ -118.596788018317, 34.081855184625702 ], [ -118.597102038399996, 34.082767846316898 ], [ -118.597640037142995, 34.0832288638778 ], [ -118.598331000523004, 34.083660059990102 ], [ -118.599205524295002, 34.084484498023002 ], [ -118.599712145408006, 34.085283274232999 ], [ -118.599917538780005, 34.085877569328296 ], [ -118.600049550362996, 34.086312450880499 ], [ -118.600419112598004, 34.086961595934298 ], [ -118.600390962839001, 34.087012256845398 ], [ -118.600427000289997, 34.087053000234597 ], [ -118.600407813716004, 34.087210916953097 ], [ -118.600314049852997, 34.087212653008201 ], [ -118.600278536765998, 34.087381294055099 ], [ -118.600361739465995, 34.0874171876509 ], [ -118.600552853951996, 34.087499635011497 ], [ -118.600492646719005, 34.087555735230801 ], [ -118.600401577970004, 34.0876532699602 ], [ -118.600416368051, 34.087680680901997 ], [ -118.600435562548, 34.087749187768203 ], [ -118.600343369759997, 34.087815207824399 ], [ -118.600352601737995, 34.087853584487299 ], [ -118.600316006322004, 34.087853297303099 ], [ -118.600287161460997, 34.087870254448198 ], [ -118.600296680994006, 34.087901221259798 ], [ -118.600275331125005, 34.087931075066898 ], [ -118.600245110209997, 34.087964070872097 ], [ -118.600234304037002, 34.087991000649502 ], [ -118.600244125703995, 34.087963852326503 ], [ -118.600232939101005, 34.087992615676399 ], [ -118.600172272874005, 34.088041386835798 ], [ -118.600171464791003, 34.088042035937498 ], [ -118.600159463243003, 34.088051684679698 ], [ -118.600121538159001, 34.088046380244698 ], [ -118.600092965472996, 34.088062834014899 ], [ -118.600076547385996, 34.088037939984197 ], [ -118.600061416925996, 34.088065298948798 ], [ -118.600025003249996, 34.088158674256597 ], [ -118.600014443609993, 34.088185752185503 ], [ -118.600011504391006, 34.088216951819099 ], [ -118.599973043464999, 34.088239201807198 ], [ -118.599979922594002, 34.088266338899999 ], [ -118.599938234676003, 34.0882606032214 ], [ -118.599898713764006, 34.088224741162897 ], [ -118.599932599938001, 34.088242610432196 ], [ -118.599914137355995, 34.088218723531398 ], [ -118.599884176627, 34.088205856459197 ], [ -118.599869579466002, 34.0881870566622 ], [ -118.599754428441997, 34.088205588492897 ], [ -118.599697313220005, 34.088232631676398 ], [ -118.599666598938001, 34.088254147329003 ], [ -118.599641548955006, 34.0882778268588 ], [ -118.599602105084998, 34.088274251681199 ], [ -118.599570021240993, 34.088280917400397 ], [ -118.599532788836996, 34.088283594525002 ], [ -118.599497809851002, 34.088280030905601 ], [ -118.599462554759995, 34.088281579234 ], [ -118.599447822233998, 34.088309156669098 ], [ -118.599431342423003, 34.0883397995091 ], [ -118.599411814403993, 34.088311226739599 ], [ -118.599428025234999, 34.088339910200702 ], [ -118.599409032671005, 34.088316764084396 ], [ -118.599375384466001, 34.088334134369902 ], [ -118.599376065672999, 34.0883044441319 ], [ -118.599342513864997, 34.088315288425598 ], [ -118.599348651981998, 34.088288090404397 ], [ -118.599317959770005, 34.0883064652607 ], [ -118.599284248995005, 34.088301059084102 ], [ -118.599278620709001, 34.088282162093797 ], [ -118.599275017552998, 34.088270061479399 ], [ -118.599257876373997, 34.088243544685099 ], [ -118.599244394758003, 34.088217959986402 ], [ -118.599211981509001, 34.088206744869403 ], [ -118.599179016766001, 34.0881972917906 ], [ -118.599145343578002, 34.088204354367299 ], [ -118.599137187289998, 34.088239370091202 ], [ -118.599143901708999, 34.088266855913197 ], [ -118.59910611798, 34.0882718944736 ], [ -118.599068331709006, 34.088281041319497 ], [ -118.599036579794998, 34.088265176013103 ], [ -118.59902851503, 34.088237813323097 ], [ -118.598993023191994, 34.0882412806845 ], [ -118.598990139394999, 34.088239079727003 ], [ -118.598985012290001, 34.088211314096199 ], [ -118.598951630730994, 34.0882020821143 ], [ -118.598929572301003, 34.088179001898098 ], [ -118.598903770857007, 34.088161518414097 ], [ -118.598910264295, 34.088128968713796 ], [ -118.598896887913995, 34.088103385262997 ], [ -118.598872773561993, 34.088080126493999 ], [ -118.598883315297002, 34.088046818782601 ], [ -118.598880453275001, 34.088013503143799 ], [ -118.598853997687002, 34.087994961304801 ], [ -118.598818583005993, 34.087964020375303 ], [ -118.598793349912995, 34.087933402058702 ], [ -118.598787231662001, 34.087904637934201 ], [ -118.598744416369001, 34.087865691337797 ], [ -118.598707027583998, 34.087863760285998 ], [ -118.598672877279, 34.087852546188103 ], [ -118.598644377328995, 34.087851536706999 ], [ -118.598633675504999, 34.087851157184602 ], [ -118.598591429481999, 34.087862147683197 ], [ -118.598560639005996, 34.0878851974391 ], [ -118.598529640427003, 34.087869034720903 ], [ -118.598497460806996, 34.087877800459097 ], [ -118.598464730323997, 34.087873655628897 ], [ -118.598444999923998, 34.087875461282003 ], [ -118.598424625812996, 34.087877325729103 ], [ -118.598387582127998, 34.087865672970999 ], [ -118.598351495562, 34.087858097029901 ], [ -118.598303709074997, 34.087860383397803 ], [ -118.598272289527003, 34.087850226017899 ], [ -118.598224355550997, 34.087842701750198 ], [ -118.598185624053997, 34.087848328775699 ], [ -118.598149763299006, 34.087863412226099 ], [ -118.598113733321995, 34.087871248783699 ], [ -118.598087331439004, 34.087852198049902 ], [ -118.598054846471996, 34.087844790732802 ], [ -118.598030360161005, 34.0878180274089 ], [ -118.598002208126999, 34.087841889309999 ], [ -118.597981711678997, 34.0878183259533 ], [ -118.597946395980998, 34.0878210982628 ], [ -118.597918781502997, 34.087797045233202 ], [ -118.597922198253997, 34.087754088169298 ], [ -118.597914771017997, 34.087723259577501 ], [ -118.597857448596002, 34.0877276831947 ], [ -118.597749918573001, 34.087735981398602 ], [ -118.597780481309997, 34.087713986563799 ], [ -118.597746980131006, 34.087697665716497 ], [ -118.597709503101001, 34.087715879135402 ], [ -118.597692736317001, 34.087744284195203 ], [ -118.597667338055999, 34.087746873731398 ], [ -118.597661165898998, 34.087726345371003 ], [ -118.597662203677999, 34.087747397455601 ], [ -118.597659541498004, 34.087747668516499 ], [ -118.597662224461004, 34.0877478133227 ], [ -118.597662727029004, 34.087758007846901 ], [ -118.597658718868999, 34.087787043209801 ], [ -118.597656764473996, 34.087819671250301 ], [ -118.597668868064005, 34.087834711878997 ], [ -118.597679357537004, 34.0878569675275 ], [ -118.597685144587999, 34.087887878724203 ], [ -118.597660130885004, 34.087908820293997 ], [ -118.597670782760005, 34.0878722107839 ], [ -118.597639638634007, 34.087861561670799 ], [ -118.597622347149994, 34.0878913134759 ], [ -118.597569165405005, 34.087899770920203 ], [ -118.597563632581995, 34.087932876912298 ], [ -118.597589303177003, 34.087950445646499 ], [ -118.597627844626999, 34.087951367096103 ], [ -118.597600847481999, 34.087977862090803 ], [ -118.597601910329999, 34.087978672134 ], [ -118.597610733834003, 34.0880070963766 ], [ -118.597587048400996, 34.088036590082297 ], [ -118.597587023941003, 34.088055882800099 ], [ -118.597353444405002, 34.087947038062197 ], [ -118.597307629797001, 34.087931071300403 ], [ -118.597272821958995, 34.087931181986697 ], [ -118.597239359284998, 34.087924821716001 ], [ -118.597251614371004, 34.0878971608605 ], [ -118.597221656052, 34.087868104096302 ], [ -118.597210893034003, 34.0878949872533 ], [ -118.597203113863998, 34.0878664117486 ], [ -118.597176084639997, 34.087840114588403 ], [ -118.597153842363994, 34.087816011201802 ], [ -118.597114201436995, 34.087805194240801 ], [ -118.597111125918005, 34.087834366381003 ], [ -118.597074798880001, 34.087834832445097 ], [ -118.597047811286004, 34.087807355645303 ], [ -118.597020523973995, 34.087786858502398 ], [ -118.596988999375995, 34.087778535014401 ], [ -118.597023519380997, 34.087758779849999 ], [ -118.597031271819006, 34.0877584551708 ], [ -118.597037625441004, 34.087754823538901 ], [ -118.597009670692998, 34.087734988923501 ], [ -118.596981848634996, 34.087706721996199 ], [ -118.596938833088004, 34.087715696478099 ], [ -118.596976471245, 34.087705554107103 ], [ -118.596986641265005, 34.087669912383902 ], [ -118.596962258473994, 34.087649414919902 ], [ -118.596935901942999, 34.087622047730598 ], [ -118.596921220800994, 34.087593333128297 ], [ -118.596877537462007, 34.087599398198698 ], [ -118.596852142130999, 34.0876272848989 ], [ -118.596853718637007, 34.087594290689601 ], [ -118.596843555394003, 34.087567176046598 ], [ -118.596841792942001, 34.0875393552517 ], [ -118.596814892165, 34.087519922124798 ], [ -118.596849329115997, 34.087521216126497 ], [ -118.596823392378994, 34.087482076309598 ], [ -118.596844434586998, 34.087506554462699 ], [ -118.596828330422994, 34.087480709065602 ], [ -118.596813101845001, 34.087455538884001 ], [ -118.596830595379004, 34.087428391527801 ], [ -118.596829384252999, 34.0874159984212 ], [ -118.596839767904001, 34.087404532420599 ], [ -118.596823498969002, 34.087376497845803 ], [ -118.596809170707999, 34.087403300118602 ], [ -118.596812177079997, 34.087370588561299 ], [ -118.596775326781994, 34.087364904064401 ], [ -118.596753171315001, 34.087341357003801 ], [ -118.596749880081006, 34.087312724918696 ], [ -118.596773221863003, 34.0872897597175 ], [ -118.596706027511004, 34.087312716844004 ], [ -118.596603999921996, 34.0873712066523 ], [ -118.596523872739994, 34.087417141623497 ], [ -118.596484478093004, 34.087420087729903 ], [ -118.596447745519001, 34.087417044297197 ], [ -118.596465401214004, 34.087450516085703 ], [ -118.596429273934007, 34.087453955890197 ], [ -118.596397269918, 34.087435679597 ], [ -118.596354249165998, 34.087424796394103 ], [ -118.596330460125998, 34.087448586321003 ], [ -118.596297167386993, 34.087443105963501 ], [ -118.596284161791999, 34.087470174190102 ], [ -118.596260978789999, 34.087498089817998 ], [ -118.596258535236998, 34.087525897583603 ], [ -118.596231015119002, 34.087547355214703 ], [ -118.596197834444993, 34.087560173938797 ], [ -118.596182767098, 34.087590309048302 ], [ -118.596170329282998, 34.087616709897901 ], [ -118.596138270839006, 34.087603925969702 ], [ -118.596095388932, 34.087600216161398 ], [ -118.596061493462003, 34.087603021610903 ], [ -118.596032834430005, 34.087587882327099 ], [ -118.595994189034997, 34.087586174711703 ], [ -118.595953508072995, 34.087584300461998 ], [ -118.595911133783005, 34.087590550781101 ], [ -118.595901611138004, 34.087587674730898 ], [ -118.595894606496003, 34.0875668168622 ], [ -118.595902089193999, 34.087537815340397 ], [ -118.595877421400004, 34.0875187953623 ], [ -118.595851930513007, 34.087500779473402 ], [ -118.595830652790994, 34.087479320205802 ], [ -118.595801326379998, 34.087451879186801 ], [ -118.595777602423993, 34.087417651853499 ], [ -118.595739323073005, 34.087407017066198 ], [ -118.595700126403003, 34.087421544770201 ], [ -118.595673136800997, 34.087438460519301 ], [ -118.595640738580002, 34.087453042228098 ], [ -118.595610340313002, 34.0874649818074 ], [ -118.595571183103004, 34.0874805160759 ], [ -118.595530492831003, 34.087487809358002 ], [ -118.595498063956001, 34.087493399552201 ], [ -118.595385642324004, 34.087486584868401 ], [ -118.595387687080006, 34.087456176656602 ], [ -118.595414486904005, 34.087057688242901 ], [ -118.595743488626994, 34.086983856583501 ], [ -118.595743999774001, 34.086977000327302 ], [ -118.595740000006998, 34.086730000009403 ], [ -118.595945999641003, 34.086486000057398 ], [ -118.596187999473997, 34.086380999782698 ], [ -118.596364000516999, 34.086238000079497 ], [ -118.596367274838002, 34.0861840306574 ], [ -118.596400009988997, 34.086174654794199 ], [ -118.596416828372995, 34.086148229401402 ], [ -118.596422939201005, 34.086121089727797 ], [ -118.596422295137003, 34.086092123268301 ], [ -118.596409215297001, 34.086063399419601 ], [ -118.596370203120003, 34.0860548798357 ], [ -118.596350216006996, 34.086025890592502 ], [ -118.596316753891003, 34.086026428656702 ], [ -118.596283975404006, 34.086021376536898 ], [ -118.596286648719996, 34.085986562944399 ], [ -118.596308457443001, 34.085964473257398 ], [ -118.596341547015996, 34.085947600919702 ], [ -118.596374422596, 34.085939767533098 ], [ -118.596351146296001, 34.085914132992301 ], [ -118.596309194167006, 34.085900309444497 ], [ -118.596290505490003, 34.0858757609628 ], [ -118.596325915387993, 34.085874835793902 ], [ -118.596418457922994, 34.085849329571701 ], [ -118.596398037574005, 34.085834698413301 ], [ -118.596392556848002, 34.085779914321201 ], [ -118.596400677063002, 34.085751729253197 ], [ -118.596373356013004, 34.085734881840402 ], [ -118.596355591231998, 34.085710241968201 ], [ -118.596320318631001, 34.085718131471801 ], [ -118.596281424257995, 34.085711832006297 ], [ -118.596275832938005, 34.0857119145928 ], [ -118.596281423937, 34.085663323449197 ], [ -118.596281423655, 34.085635087943402 ], [ -118.596236371653006, 34.085613443136403 ], [ -118.596210350714003, 34.085570014299599 ], [ -118.596177910196005, 34.085549943853799 ], [ -118.596157018672997, 34.085522581525503 ], [ -118.596115796633995, 34.0855322900197 ], [ -118.596085830193999, 34.085543881654701 ], [ -118.596065502754996, 34.085518316727899 ], [ -118.596023996995996, 34.085533613079498 ], [ -118.595987089269002, 34.085549650338997 ], [ -118.595948390877993, 34.085528392022503 ], [ -118.595910264894997, 34.085511140902803 ], [ -118.595712522251006, 34.085618394471098 ], [ -118.595674954691006, 34.085630461205596 ], [ -118.595635967863004, 34.085627289643497 ], [ -118.595593234974999, 34.085618255129802 ], [ -118.595563628920999, 34.085626947190804 ], [ -118.595547681842007, 34.085620197320303 ], [ -118.595510879624996, 34.085625129585999 ], [ -118.595493112251006, 34.0856531064466 ], [ -118.595457964393006, 34.085674920691503 ], [ -118.595424604529995, 34.085665769940903 ], [ -118.595397551437003, 34.085643869724699 ], [ -118.595400137024996, 34.085608039912302 ], [ -118.595364963910995, 34.085616060170501 ], [ -118.595349360960995, 34.085571006035799 ], [ -118.595323274294003, 34.085604796270196 ], [ -118.595288433616005, 34.085595794913097 ], [ -118.595270462052, 34.0855709206173 ], [ -118.595287782116998, 34.085546035084 ], [ -118.595263300124003, 34.085519243183697 ], [ -118.595223721, 34.085509598292099 ], [ -118.595190981032005, 34.085501182659101 ], [ -118.595153214575006, 34.085502025231499 ], [ -118.595119441500998, 34.085501658464302 ], [ -118.595105522791002, 34.085475829780897 ], [ -118.595119533542004, 34.085443929113701 ], [ -118.595142088881005, 34.085423495963298 ], [ -118.595163534853, 34.085401034177202 ], [ -118.595176203337004, 34.085375493587797 ], [ -118.595190545725004, 34.085345049387698 ], [ -118.595206398016003, 34.085314832055197 ], [ -118.595243466856999, 34.0853024077214 ], [ -118.595276157437993, 34.085293939482298 ], [ -118.595301001086995, 34.085267688881402 ], [ -118.595327056550005, 34.085243554715603 ], [ -118.595367185927003, 34.085242925127602 ], [ -118.595401862876002, 34.085247785450299 ], [ -118.595447412837004, 34.085259214109101 ], [ -118.595455064326003, 34.085230346250803 ], [ -118.595367312818993, 34.085196128339597 ], [ -118.595391660096993, 34.085176934310503 ], [ -118.595427951321994, 34.085170135895702 ], [ -118.595392276889996, 34.085174491510799 ], [ -118.595406742788995, 34.085133333023897 ], [ -118.595395755346004, 34.085117674775503 ], [ -118.595398631967996, 34.085066294154402 ], [ -118.595401802287, 34.085034871072402 ], [ -118.595443828978006, 34.085031634132498 ], [ -118.595441438579996, 34.085003931709501 ], [ -118.595466954261994, 34.084978943399904 ], [ -118.595464343879996, 34.084950144688797 ], [ -118.595472957715998, 34.084923221596497 ], [ -118.595485804812995, 34.084896343465303 ], [ -118.595478062858007, 34.084854107065397 ], [ -118.595464946671996, 34.0848178402778 ], [ -118.595460996705, 34.084789291908699 ], [ -118.595456960722998, 34.084758393048403 ], [ -118.595447792046002, 34.084731523945699 ], [ -118.595430776604999, 34.084694593332998 ], [ -118.595434861612006, 34.0846811781838 ], [ -118.595395521561997, 34.084299553597297 ], [ -118.595423894288004, 34.084278486163598 ], [ -118.595391124060001, 34.084284818604203 ], [ -118.595349093102996, 34.084274140092802 ], [ -118.595314395108005, 34.0842808292021 ], [ -118.595282382272003, 34.084303838747203 ], [ -118.595261030155996, 34.084280467991199 ], [ -118.595289598422994, 34.084242217712202 ], [ -118.595268799270997, 34.084198815086701 ], [ -118.595274316740003, 34.084171477873497 ], [ -118.595235456612002, 34.084164215599898 ], [ -118.595224329700997, 34.084130113549897 ], [ -118.595213082445994, 34.084156612010197 ], [ -118.595173026816994, 34.084162075640897 ], [ -118.595185014451005, 34.084136113716802 ], [ -118.595159537032004, 34.084109563712303 ], [ -118.595119989001006, 34.084106791638199 ], [ -118.595070130715001, 34.084116303136099 ], [ -118.595033292466994, 34.084108878198002 ], [ -118.595006916331002, 34.084127547698401 ], [ -118.594969296135005, 34.084121190447703 ], [ -118.594934619585999, 34.084125035325101 ], [ -118.594903478036002, 34.084134721628999 ], [ -118.594873484239997, 34.084104012930297 ], [ -118.594845476456001, 34.084087135906699 ], [ -118.594841474762006, 34.084051043606799 ], [ -118.594844337794996, 34.084016440563303 ], [ -118.594842027425003, 34.083986388747199 ], [ -118.594817450929, 34.083965970373796 ], [ -118.594785207775999, 34.083944732610902 ], [ -118.594745985873004, 34.083929379727302 ], [ -118.594747255808002, 34.083899282803699 ], [ -118.594724630252998, 34.083860119150103 ], [ -118.594701819983001, 34.083828099778898 ], [ -118.594709966969006, 34.083800381196902 ], [ -118.594701234455002, 34.083769976101898 ], [ -118.594688218290003, 34.083727213857301 ], [ -118.594664951159004, 34.083706726845499 ], [ -118.594646111556997, 34.0836630345025 ], [ -118.594645084820002, 34.083632896625303 ], [ -118.594650135153003, 34.083605268773297 ], [ -118.594653881477996, 34.083575165416399 ], [ -118.594637704506994, 34.083539685645 ], [ -118.594667162617995, 34.083518580380598 ], [ -118.594708975114003, 34.0835192321546 ], [ -118.594714320717003, 34.083491878402299 ], [ -118.594733851570993, 34.083466183527399 ], [ -118.594733725550995, 34.083437189998101 ], [ -118.594752058474995, 34.083407687534297 ], [ -118.594712880315001, 34.083397375720601 ], [ -118.594672608313005, 34.083399250149803 ], [ -118.594633702826002, 34.0833920033281 ], [ -118.594604854905995, 34.083409822757197 ], [ -118.594568124947003, 34.083426991417497 ], [ -118.594533008286007, 34.083441623173698 ], [ -118.594488252530994, 34.0834556257551 ], [ -118.594458267025999, 34.083471966100497 ], [ -118.594430735138999, 34.083497236782101 ], [ -118.594399748263001, 34.083508895644101 ], [ -118.594356522930994, 34.083512605146801 ], [ -118.594319696073995, 34.083516720823297 ], [ -118.594279706739002, 34.083536476294398 ], [ -118.594275440027005, 34.083567738923897 ], [ -118.594231610593994, 34.083567035063297 ], [ -118.594196566969998, 34.083568868342297 ], [ -118.594157593204997, 34.083565571100003 ], [ -118.594112645647002, 34.0835772550912 ], [ -118.594079640347005, 34.083551190742597 ], [ -118.594044788478996, 34.083540079212099 ], [ -118.594005261500996, 34.083517603676697 ], [ -118.594032839091994, 34.083499078140299 ], [ -118.594054699607, 34.083474749117997 ], [ -118.594067710649, 34.083434554556298 ], [ -118.594065638548003, 34.083401245643799 ], [ -118.594039519228005, 34.083383260260597 ], [ -118.594058318726994, 34.083356656727702 ], [ -118.594085915915997, 34.083340553877498 ], [ -118.594119832320999, 34.083310942653 ], [ -118.594157074072996, 34.083313579345401 ], [ -118.594133862478998, 34.083292423047801 ], [ -118.594110888112994, 34.083268354966499 ], [ -118.594085778690996, 34.083248310292802 ], [ -118.594052832786005, 34.083234423868902 ], [ -118.594046650614004, 34.0832037697853 ], [ -118.594023382992006, 34.083223509700503 ], [ -118.593999844937997, 34.083199089346699 ], [ -118.593997180084003, 34.083170096935604 ], [ -118.593991395120995, 34.0831342449125 ], [ -118.593978219597005, 34.083100205769298 ], [ -118.593947915951006, 34.083075005026501 ], [ -118.593930243474006, 34.083049518371801 ], [ -118.593940129665, 34.083020358065902 ], [ -118.593949059915005, 34.082993271244703 ], [ -118.593950847651996, 34.0829611350714 ], [ -118.593943957754007, 34.082929577002297 ], [ -118.593915992337998, 34.0829075010138 ], [ -118.593887695125005, 34.082884099253398 ], [ -118.593844654595998, 34.082883235482299 ], [ -118.593804552796001, 34.082880196460401 ], [ -118.593771680588006, 34.082875802359801 ], [ -118.593729519872994, 34.082873184170197 ], [ -118.593694388282998, 34.082876320747602 ], [ -118.593669154148998, 34.082903758091803 ], [ -118.593634060157996, 34.082917182684902 ], [ -118.593602185308995, 34.082933794303003 ], [ -118.593571790607996, 34.082953513786997 ], [ -118.593531400819998, 34.082956413221297 ], [ -118.593498017993994, 34.082956647600803 ], [ -118.593464808039002, 34.082959341725399 ], [ -118.593422143021996, 34.082958140743301 ], [ -118.593411318804996, 34.0829873263934 ], [ -118.593415756336995, 34.083022942746801 ], [ -118.593400524016999, 34.083052959303302 ], [ -118.593390105471997, 34.083084735596898 ], [ -118.593366910834007, 34.0831091255681 ], [ -118.593335789118996, 34.083140799559303 ], [ -118.593303645299002, 34.0831585689658 ], [ -118.593275718319006, 34.083183799342699 ], [ -118.593233943325004, 34.0831973982772 ], [ -118.593197211451994, 34.083210652857296 ], [ -118.593163933042007, 34.083229875035897 ], [ -118.593154880045006, 34.083258662400098 ], [ -118.593151840103005, 34.083295184453497 ], [ -118.593126079178006, 34.083392898056204 ], [ -118.593118677776005, 34.083422227799602 ], [ -118.593115483099993, 34.083450959461899 ], [ -118.593095292502994, 34.083475275567899 ], [ -118.593086094670994, 34.083497356318802 ], [ -118.593082510201, 34.083505960613998 ], [ -118.593059299378993, 34.083537806116198 ], [ -118.593038254660996, 34.083568568551499 ], [ -118.593028818467005, 34.083606256655301 ], [ -118.593000485581001, 34.083626404425999 ], [ -118.592975321734002, 34.083653398004898 ], [ -118.592984059070005, 34.083682705218699 ], [ -118.592965345403996, 34.0837157710234 ], [ -118.592927679246998, 34.083738006916199 ], [ -118.592908108315001, 34.083763238493198 ], [ -118.592897550016005, 34.083793841884599 ], [ -118.592886346830994, 34.083820926684297 ], [ -118.592880422861001, 34.083852841349703 ], [ -118.592839165710004, 34.083872013586202 ], [ -118.592814338983004, 34.083893649782901 ], [ -118.592791295617999, 34.083917919779701 ], [ -118.592757556718993, 34.083935232074701 ], [ -118.592732892946998, 34.083971419440402 ], [ -118.592690921224005, 34.084032999709301 ], [ -118.592685351666006, 34.084068975699097 ], [ -118.592656116043003, 34.0840826724748 ], [ -118.592629845583005, 34.084106926922601 ], [ -118.592647930656995, 34.084139768262403 ], [ -118.592670308349994, 34.084161735856199 ], [ -118.592699980923996, 34.084180216193502 ], [ -118.592732218592005, 34.084199731621901 ], [ -118.592760986995003, 34.084214650482799 ], [ -118.592790806585995, 34.084230784981202 ], [ -118.592815275709, 34.084253431090303 ], [ -118.592847906247002, 34.084274071958298 ], [ -118.592864631954001, 34.084302448236102 ], [ -118.592866333323997, 34.084340898597603 ], [ -118.592860270661006, 34.0843707442842 ], [ -118.592855562744006, 34.0844013730133 ], [ -118.592852483909994, 34.084433687015 ], [ -118.592839895463996, 34.084463575628 ], [ -118.592826668827996, 34.084496251154199 ], [ -118.592808515171001, 34.0845255517495 ], [ -118.592812029170005, 34.084558800922601 ], [ -118.592831603703004, 34.084581909475197 ], [ -118.592807220642001, 34.0846024764909 ], [ -118.592792537568997, 34.084628161459698 ], [ -118.592803613903001, 34.084659637811598 ], [ -118.592805681580998, 34.084692194763001 ], [ -118.592768257209002, 34.084687004007499 ], [ -118.592745993034995, 34.084655870920301 ], [ -118.592712571567006, 34.084635273457103 ], [ -118.592677385697996, 34.084638004260299 ], [ -118.592645035071996, 34.084625902656697 ], [ -118.592616155729999, 34.084610756116298 ], [ -118.592572109057002, 34.084620432059097 ], [ -118.592540738734996, 34.084637990807202 ], [ -118.592516484045007, 34.0846683014626 ], [ -118.592494588546003, 34.084694423814497 ], [ -118.592487041557007, 34.084722418293701 ], [ -118.592454257837005, 34.084747152100498 ], [ -118.592428052559001, 34.084771624565697 ], [ -118.592398341486998, 34.084787230281499 ], [ -118.592388687313999, 34.084819436895501 ], [ -118.592376814326002, 34.084851304164999 ], [ -118.592355828728003, 34.084889405758901 ], [ -118.592318211820995, 34.084945513149897 ], [ -118.592284375041999, 34.0849569856668 ], [ -118.592252102535994, 34.084979662987301 ], [ -118.592223865925007, 34.0849980816648 ], [ -118.592202387409003, 34.085024389414002 ], [ -118.592174333643001, 34.0850543582482 ], [ -118.592151988579005, 34.085078212090202 ], [ -118.59212553799, 34.085096563553698 ], [ -118.592118625365998, 34.085128229720901 ], [ -118.592122520638, 34.085158500389703 ], [ -118.592112464091997, 34.085195754264703 ], [ -118.592129467811006, 34.085220148320602 ], [ -118.592135965710995, 34.085249595572101 ], [ -118.592146435109001, 34.085279668876701 ], [ -118.592162853828, 34.085310730747302 ], [ -118.592164786889001, 34.085345593985899 ], [ -118.592174951513002, 34.085375136114699 ], [ -118.592194164426004, 34.085404358181698 ], [ -118.592202751561999, 34.085431328540501 ], [ -118.592221131171996, 34.085455204955998 ], [ -118.592243259941995, 34.085485060757897 ], [ -118.59224842335, 34.085514171459401 ], [ -118.592254936290999, 34.085546422688097 ], [ -118.592266459826007, 34.085576154685299 ], [ -118.59224885706, 34.085602434576202 ], [ -118.592244414597005, 34.085635416852703 ], [ -118.592172038057996, 34.085724295988499 ], [ -118.592155404631001, 34.085759104741101 ], [ -118.592142229538993, 34.085786254308402 ], [ -118.592118101881994, 34.085816341030402 ], [ -118.592097632914999, 34.085844239818897 ], [ -118.592086434986996, 34.085882775085103 ], [ -118.59211923686, 34.085901251821397 ], [ -118.592093719611, 34.0859295290945 ], [ -118.592069904542001, 34.085949508828499 ], [ -118.592061840005996, 34.085977704206201 ], [ -118.592078451302001, 34.086012857854499 ], [ -118.592101265004004, 34.086039804724997 ], [ -118.592105592142005, 34.086044914954101 ], [ -118.592101974955, 34.086074643810797 ], [ -118.592060922567995, 34.086090465417598 ], [ -118.592027550466, 34.086098461822303 ], [ -118.591985265803004, 34.086083935674097 ], [ -118.591948056282007, 34.086072322003197 ], [ -118.591908884641001, 34.086071362884198 ], [ -118.591875473992999, 34.086067921759998 ], [ -118.591829916969999, 34.086067450785102 ], [ -118.591813130675007, 34.086068444216899 ], [ -118.591779324813004, 34.086070446221299 ], [ -118.591748042668002, 34.086092431510203 ], [ -118.591746561631993, 34.086127304827997 ], [ -118.591743099029003, 34.086160203614 ], [ -118.591775144501, 34.086189725847902 ], [ -118.591790829591005, 34.086218480635502 ], [ -118.591820315890004, 34.086231159209497 ], [ -118.591840653288997, 34.086256464464803 ], [ -118.591810976567999, 34.0862939608608 ], [ -118.591754910860999, 34.0862910394235 ], [ -118.591720908425003, 34.086295426274603 ], [ -118.591711885202997, 34.086322011331497 ], [ -118.591700864543995, 34.086362014646603 ], [ -118.59170491754, 34.086392914714999 ], [ -118.591717588029994, 34.086424442369001 ], [ -118.591718951619995, 34.086456654305302 ], [ -118.591696050238994, 34.086483047117198 ], [ -118.591702964915001, 34.086514155642803 ], [ -118.591733549479997, 34.086535493625 ], [ -118.591742831998999, 34.086503188767203 ], [ -118.591789466970994, 34.086486700602698 ], [ -118.591823237178005, 34.086471531986099 ], [ -118.591870423268006, 34.086472004157599 ], [ -118.591880252392002, 34.086503525529999 ], [ -118.591880975034002, 34.086532671499697 ], [ -118.591898838963004, 34.086563648445399 ], [ -118.591933951307993, 34.086572005073002 ], [ -118.591935590543997, 34.086572394960697 ], [ -118.591942894173997, 34.086607642759397 ], [ -118.591964685554998, 34.086642386190398 ], [ -118.591967528075998, 34.086678448855899 ], [ -118.591981562032998, 34.086705182670897 ], [ -118.591960864531998, 34.086733725897098 ], [ -118.591954359206994, 34.086765937058303 ], [ -118.591969948414004, 34.086795034105101 ], [ -118.591886356995005, 34.086914384551299 ], [ -118.591864668572001, 34.0869369959672 ], [ -118.591828260230997, 34.086953445542903 ], [ -118.591793609351996, 34.086976955184198 ], [ -118.591759869599997, 34.086988888518498 ], [ -118.591719978914995, 34.086983684998202 ], [ -118.591685020758007, 34.086991384925703 ], [ -118.591646820996004, 34.086997513958799 ], [ -118.591608120182002, 34.087001721004 ], [ -118.591578809929004, 34.087016187373997 ], [ -118.591545650344003, 34.087019966130299 ], [ -118.591511381979004, 34.087025753337997 ], [ -118.591474784750005, 34.087039604918701 ], [ -118.591443089265994, 34.0870577047491 ], [ -118.591419355823007, 34.0870784255061 ], [ -118.591392301626996, 34.0871004286793 ], [ -118.591360952022001, 34.087125737005302 ], [ -118.591324708868996, 34.087146154356098 ], [ -118.591297253709996, 34.087172036403899 ], [ -118.591271487794003, 34.087191079473001 ], [ -118.591234916196001, 34.087220476626698 ], [ -118.591204746938004, 34.087235275768599 ], [ -118.591176277670002, 34.087264414249702 ], [ -118.591138264118001, 34.087280432654197 ], [ -118.591098267266005, 34.087279588378003 ], [ -118.591072371313004, 34.087281701490397 ], [ -118.591059801032998, 34.087282727103002 ], [ -118.591027661498998, 34.087292186331403 ], [ -118.590995668505997, 34.087305089459797 ], [ -118.590975948348003, 34.087328458894298 ], [ -118.590959429818, 34.087354483291598 ], [ -118.590940404151993, 34.087379196493302 ], [ -118.590915630065993, 34.0874031327049 ], [ -118.590889710255993, 34.087424835141398 ], [ -118.590870218996002, 34.087449947366501 ], [ -118.590842905962006, 34.087473016435098 ], [ -118.590829158649001, 34.087499214816503 ], [ -118.590815271645994, 34.0875253456555 ], [ -118.590793505082004, 34.087552727766699 ], [ -118.590787899553007, 34.087582830435302 ], [ -118.590762308690003, 34.087609590063501 ], [ -118.590753402120001, 34.087641446882898 ], [ -118.590733396025996, 34.087672803119801 ], [ -118.590720689227993, 34.087699597649703 ], [ -118.590709327176995, 34.0877293739861 ], [ -118.590694714679998, 34.087764865581804 ], [ -118.590676732161, 34.087789839555597 ], [ -118.590664072915999, 34.087819550257997 ], [ -118.590662242240001, 34.087852006646699 ], [ -118.590659681915994, 34.087881446459797 ], [ -118.590624074605998, 34.087894211021101 ], [ -118.590596940411004, 34.087912111879 ], [ -118.590593733903006, 34.087941625737997 ], [ -118.590609933327002, 34.087972523654798 ], [ -118.590639935724994, 34.087992856684401 ], [ -118.590673634069006, 34.088021237516003 ], [ -118.590707615170999, 34.088038345322097 ], [ -118.590740136465996, 34.088055877723399 ], [ -118.590769057174001, 34.088075310221001 ], [ -118.590768266281998, 34.0881027091771 ], [ -118.590768088982003, 34.088108870839903 ], [ -118.590731106175994, 34.088111878143799 ], [ -118.590727776658994, 34.088141182221896 ], [ -118.590735016626994, 34.0881732386921 ], [ -118.590737913552999, 34.088204469733 ], [ -118.590736689273001, 34.088237259065103 ], [ -118.590713282183998, 34.088261519545298 ], [ -118.590652501308995, 34.088294892225498 ], [ -118.590633736247, 34.088321560419701 ], [ -118.590631228868006, 34.0883515535185 ], [ -118.590601085445002, 34.088339043249299 ], [ -118.590567072888007, 34.088318595711698 ], [ -118.590535515097997, 34.088338106990697 ], [ -118.590499753187004, 34.088356295087102 ], [ -118.590470655540997, 34.088375319289099 ], [ -118.590437501089994, 34.0883805339476 ], [ -118.590403630864998, 34.088367161633599 ], [ -118.590373224836995, 34.088348366099702 ], [ -118.590345456693996, 34.088314595188699 ], [ -118.590321014476999, 34.088333095443197 ], [ -118.590307665289998, 34.0883598603276 ], [ -118.590284001149001, 34.088385213815897 ], [ -118.590271051808998, 34.088418104220402 ], [ -118.590231141256993, 34.088424040323403 ], [ -118.590196948297006, 34.088410050004903 ], [ -118.590171372750007, 34.088389429046501 ], [ -118.590154193538993, 34.0883658142507 ], [ -118.590150463550998, 34.088337425375897 ], [ -118.590142138112995, 34.088303779544397 ], [ -118.590128263430998, 34.088276521014002 ], [ -118.590097961042005, 34.0882522371856 ], [ -118.590063632912006, 34.088235871386097 ], [ -118.590062228033005, 34.088234495378401 ], [ -118.589982885349002, 34.088253925576403 ], [ -118.589992063181001, 34.088289294000298 ], [ -118.589967820813996, 34.088318312259297 ], [ -118.589941453752999, 34.088341782268401 ], [ -118.589904440688997, 34.088330229900897 ], [ -118.589892879515006, 34.0883248741237 ], [ -118.589869138075997, 34.088313874525099 ], [ -118.589838651785001, 34.088301939502102 ], [ -118.589817812449994, 34.088259618306203 ], [ -118.589785030276005, 34.088267408585097 ], [ -118.589747759605999, 34.088276325234503 ], [ -118.589707861272004, 34.088281034304799 ], [ -118.589664237959994, 34.088293080906702 ], [ -118.589649059538004, 34.088320612832497 ], [ -118.589645122964995, 34.088348750881003 ], [ -118.589649539722004, 34.088377390788601 ], [ -118.589636924529998, 34.088409822768 ], [ -118.589651000629004, 34.088447020662997 ], [ -118.589678220579998, 34.088467798221401 ], [ -118.589711727733999, 34.088486742304703 ], [ -118.589751884150999, 34.088489970010301 ], [ -118.589782575680005, 34.088511158331698 ], [ -118.589820442700997, 34.088524717319999 ], [ -118.589862271646993, 34.088534294517899 ], [ -118.589905246366996, 34.088555860178403 ], [ -118.589952805386005, 34.0885667000829 ], [ -118.589916290279007, 34.088571417729497 ], [ -118.589876532556005, 34.088586801972298 ], [ -118.589848006951996, 34.088623642181403 ], [ -118.589818607810997, 34.088645572666103 ], [ -118.589812868842998, 34.088680930505198 ], [ -118.589823314406999, 34.088718191626903 ], [ -118.589804104094995, 34.088746586032102 ], [ -118.589821841545998, 34.0887742548069 ], [ -118.589836545064998, 34.088805889790201 ], [ -118.589858453427993, 34.088833831045598 ], [ -118.589844689068002, 34.088867981578403 ], [ -118.589835972643996, 34.088901540050699 ], [ -118.589841426511001, 34.088932431297202 ], [ -118.589860831691993, 34.088956537963398 ], [ -118.589901477688002, 34.088966341214203 ], [ -118.589943033281003, 34.088970732922903 ], [ -118.589968709127007, 34.089026423381 ], [ -118.589999077870999, 34.089092289908997 ], [ -118.589967912389994, 34.089106139676197 ], [ -118.589955197747997, 34.0891317087912 ], [ -118.589959636323997, 34.089173744956703 ], [ -118.589939504648001, 34.089197841135203 ], [ -118.589920413689995, 34.0892264660149 ], [ -118.589899630103005, 34.0892568351682 ], [ -118.589862645094001, 34.089288540978998 ], [ -118.589837308113999, 34.0893234182887 ], [ -118.589806932851999, 34.0893507684738 ], [ -118.589795008029, 34.089358528346203 ], [ -118.589654727869004, 34.0894776397041 ], [ -118.589633327466004, 34.089500735637202 ], [ -118.589602829827001, 34.089519528610602 ], [ -118.589569668345007, 34.089536195225598 ], [ -118.589542265939997, 34.0895578365975 ], [ -118.589506894793999, 34.089578915943498 ], [ -118.589468272605004, 34.0896028255518 ], [ -118.589447778364004, 34.089626636768301 ], [ -118.589430764764998, 34.089650230516 ], [ -118.589417364683001, 34.089675933518897 ], [ -118.589394327926996, 34.0897033762216 ], [ -118.589365247746002, 34.089718594026998 ], [ -118.589327109928007, 34.089742380660098 ], [ -118.589289475963, 34.089770655084401 ], [ -118.589266589486002, 34.089801991578099 ], [ -118.589247958778003, 34.089830432704602 ], [ -118.589227893211003, 34.089853780381802 ], [ -118.589193488014004, 34.089873982663299 ], [ -118.589162367086004, 34.089887739896803 ], [ -118.589142471065998, 34.089910573974699 ], [ -118.589118211642997, 34.089938803852903 ], [ -118.589081195811005, 34.0899572951081 ], [ -118.589049727480997, 34.089981258876797 ], [ -118.589024854331001, 34.090002779070502 ], [ -118.589000379544999, 34.090024082411198 ], [ -118.588975619782005, 34.090046532585703 ], [ -118.588962912317996, 34.090067918503102 ], [ -118.588960848401996, 34.090071392735702 ], [ -118.588909671354997, 34.090093417542299 ], [ -118.588884286761001, 34.090114564443397 ], [ -118.588883139051006, 34.090142060790299 ], [ -118.588848521472002, 34.090162188210897 ], [ -118.588813940391006, 34.090190449785403 ], [ -118.588771361466996, 34.090205721161901 ], [ -118.588739252997001, 34.090226079761202 ], [ -118.588710818105994, 34.0902474322654 ], [ -118.588668669623004, 34.090263054224202 ], [ -118.588631100057, 34.090263117264399 ], [ -118.588587684185001, 34.0902642294065 ], [ -118.588543270637004, 34.090265677171203 ], [ -118.588501648345002, 34.090268731778501 ], [ -118.588470634215994, 34.0902574335854 ], [ -118.588425277238997, 34.090258850686602 ], [ -118.588392339951994, 34.090243949529501 ], [ -118.588355984884998, 34.090247003512502 ], [ -118.588319408616002, 34.090243524874502 ], [ -118.588285247504999, 34.090258484730001 ], [ -118.588251907257998, 34.090262643450998 ], [ -118.588210880540004, 34.090258158521202 ], [ -118.588175635257997, 34.090271503774503 ], [ -118.588133560524, 34.0902732535205 ], [ -118.588126150468995, 34.090274172348899 ], [ -118.588017373507995, 34.090244108778201 ], [ -118.588013125489994, 34.090242934628399 ], [ -118.587989813332996, 34.090236148382601 ], [ -118.587856409509996, 34.090197312245401 ], [ -118.587709824157002, 34.0901546388152 ], [ -118.587627351476002, 34.089794328649603 ], [ -118.587663363952998, 34.089708729013601 ], [ -118.587706960486003, 34.089605104137398 ], [ -118.587527099970998, 34.089307082440897 ], [ -118.587411083275001, 34.089301132239697 ], [ -118.587310999699, 34.089295999689298 ], [ -118.587145000025004, 34.089440999752 ], [ -118.587013000021997, 34.089556000345503 ], [ -118.586981869276002, 34.089613295983497 ], [ -118.587016671065996, 34.089760551840797 ], [ -118.587046639681006, 34.0899029479272 ], [ -118.586865981781997, 34.089951262857703 ], [ -118.586700643770996, 34.0899954806533 ], [ -118.586697999658, 34.090012999995103 ], [ -118.586754000295002, 34.090101999643601 ], [ -118.586716000482994, 34.090104000441798 ], [ -118.586456999831995, 34.090157000341897 ], [ -118.586245999694, 34.0903449997572 ], [ -118.586149999772005, 34.090415000011497 ], [ -118.586047000229996, 34.090526000221097 ], [ -118.585776000398994, 34.090531000350097 ], [ -118.585665999580996, 34.090638999545298 ], [ -118.585617999866002, 34.090651000196402 ], [ -118.585472999941999, 34.090703999902502 ], [ -118.585414999831997, 34.090709000283098 ], [ -118.585222999775993, 34.090659000197597 ], [ -118.585111999982004, 34.090663999694797 ], [ -118.585062999488997, 34.0907810002114 ], [ -118.585015999714997, 34.090796999642798 ], [ -118.584870858537997, 34.090840136664298 ], [ -118.584914821241995, 34.090904483768803 ], [ -118.584724225046998, 34.0911050090251 ], [ -118.584643608993005, 34.091123712875898 ], [ -118.584574000168999, 34.091194999664303 ], [ -118.584509000457999, 34.091232000325 ], [ -118.584377999812006, 34.091277000025499 ], [ -118.584215535504995, 34.0913981613134 ], [ -118.584302025406004, 34.091525839193601 ], [ -118.584038269093995, 34.091725454390399 ], [ -118.583292131633002, 34.092074622789497 ], [ -118.583013817205995, 34.092179371150401 ], [ -118.58282637053, 34.0921831528849 ], [ -118.582819000452005, 34.0921910002088 ], [ -118.582724180387999, 34.092254213654599 ], [ -118.582669001068993, 34.092290999995001 ], [ -118.582632413195995, 34.092280347646202 ], [ -118.582551752246999, 34.092306156303103 ], [ -118.582538784310998, 34.092276614700602 ], [ -118.582503101504997, 34.092270963595602 ], [ -118.582478400569002, 34.092239351263103 ], [ -118.582447179745003, 34.092206514674899 ], [ -118.582414775971003, 34.092174792993497 ], [ -118.582394277985998, 34.092147107740402 ], [ -118.582366743495996, 34.092122941121097 ], [ -118.582330042075995, 34.092106312746402 ], [ -118.582297529192999, 34.092096278946698 ], [ -118.582261332539005, 34.092083164724798 ], [ -118.582231784328997, 34.092069068478096 ], [ -118.582185874873005, 34.0920477384648 ], [ -118.582153886735995, 34.092035165198801 ], [ -118.582073938766001, 34.0919727440439 ], [ -118.581935000531999, 34.091838999955598 ], [ -118.581929557135993, 34.091734157777502 ], [ -118.581923763486003, 34.0916138975712 ], [ -118.581880797458993, 34.091612968068198 ], [ -118.581847063298994, 34.091627648222797 ], [ -118.581810400899997, 34.091639784741602 ], [ -118.581772123790998, 34.0916656514678 ], [ -118.581748095638005, 34.091695969709797 ], [ -118.581712391275005, 34.091712324711999 ], [ -118.581678581332, 34.091727839602001 ], [ -118.581639603591995, 34.091732337338499 ], [ -118.581597622277997, 34.091741975233603 ], [ -118.581559350408, 34.091744406379 ], [ -118.581523365381997, 34.0917677447759 ], [ -118.581486168767995, 34.091787701724698 ], [ -118.581449398602999, 34.091792928272604 ], [ -118.581413026262993, 34.0917974881121 ], [ -118.581378617393995, 34.091800985121402 ], [ -118.581344682885003, 34.091814743060198 ], [ -118.581306453959996, 34.091818519755698 ], [ -118.581272434783997, 34.091831922313297 ], [ -118.581240990856003, 34.091840920433498 ], [ -118.581206263217993, 34.091839362986903 ], [ -118.581169240810993, 34.091850534675601 ], [ -118.581137387862, 34.091868530469 ], [ -118.581090946209997, 34.091879872456701 ], [ -118.581084682093007, 34.091849376456203 ], [ -118.581046029671995, 34.091862713147698 ], [ -118.581011142517994, 34.0918561068261 ], [ -118.580998750774, 34.091883360302603 ], [ -118.580967041208993, 34.0918729673893 ], [ -118.580955814079999, 34.0918817564649 ], [ -118.580945584003999, 34.091889765499097 ], [ -118.580936124537004, 34.091897171079303 ], [ -118.580907771922, 34.091887720588502 ], [ -118.580885468280997, 34.0918850636996 ], [ -118.580873435566005, 34.091888027793203 ], [ -118.580849212776002, 34.0918669267027 ], [ -118.580849420126, 34.091845407684197 ], [ -118.580849512856005, 34.091835798405597 ], [ -118.580849582344001, 34.091828624802801 ], [ -118.580824528882005, 34.091821764030101 ], [ -118.580814407202993, 34.091818991965198 ], [ -118.580781034477994, 34.0918303144568 ], [ -118.580753005304999, 34.091850589076302 ], [ -118.580762193929004, 34.0918190296413 ], [ -118.580779525576006, 34.091796483347899 ], [ -118.580783681742005, 34.091791077170797 ], [ -118.580797717305003, 34.091764386912402 ], [ -118.580814444973996, 34.091736194849702 ], [ -118.580844977778995, 34.091715011982799 ], [ -118.580865037745994, 34.091690756066598 ], [ -118.580862617864994, 34.091667374199503 ], [ -118.580804271431006, 34.091668555308402 ], [ -118.580785403975995, 34.0916599116767 ], [ -118.580767781302001, 34.091651838892702 ], [ -118.580761447721997, 34.091648937293201 ], [ -118.580762790959, 34.091647409679403 ], [ -118.580761276676, 34.091646638034703 ], [ -118.580768406152998, 34.091638377639498 ], [ -118.580771542188003, 34.091635394724399 ], [ -118.580782607702005, 34.091624865479503 ], [ -118.580784180853996, 34.091598759289198 ], [ -118.580784613489001, 34.091591582092903 ], [ -118.580759897126001, 34.091571716252098 ], [ -118.580736210552999, 34.091541483777803 ], [ -118.580716183939998, 34.091534740572598 ], [ -118.580699923490002, 34.091529265855499 ], [ -118.580694250020002, 34.091529070787402 ], [ -118.580687041738997, 34.091528823247899 ], [ -118.580684501543999, 34.091524654437102 ], [ -118.580652948424998, 34.091526414360601 ], [ -118.580626064710003, 34.091525865881799 ], [ -118.580623637125996, 34.091526339609999 ], [ -118.580619602937006, 34.091528280873199 ], [ -118.580605496397993, 34.091535068695002 ], [ -118.580599326997998, 34.091524792714601 ], [ -118.580581784749995, 34.091523875538599 ], [ -118.580557020105005, 34.091502842454801 ], [ -118.580541929576995, 34.091465549739901 ], [ -118.580559126988007, 34.091438538265102 ], [ -118.580589493128002, 34.0914126428274 ], [ -118.580610672128998, 34.091380890138097 ], [ -118.580583531564002, 34.091347527726597 ], [ -118.580566786275, 34.091315944601 ], [ -118.580536227234006, 34.091291203419203 ], [ -118.580505061585001, 34.0912719847326 ], [ -118.580486757835999, 34.0912410637468 ], [ -118.580477986695001, 34.091207764219497 ], [ -118.580456085820003, 34.091183346323497 ], [ -118.580427027520997, 34.091157122732803 ], [ -118.580383879978001, 34.0911412455334 ], [ -118.580343512365005, 34.091132654953 ], [ -118.58031787182, 34.091107127524701 ], [ -118.580332075580003, 34.091071818850097 ], [ -118.580326421202997, 34.091036972316097 ], [ -118.580302316685007, 34.091008662021402 ], [ -118.580263743942993, 34.091016263835598 ], [ -118.580234934654001, 34.0910330432623 ], [ -118.580205901534001, 34.091007113825803 ], [ -118.580170584637003, 34.090990630892499 ], [ -118.580135128375005, 34.090983574543301 ], [ -118.580134464858006, 34.090986536859397 ], [ -118.580109411628996, 34.091006226349499 ], [ -118.580096093719007, 34.091032419722197 ], [ -118.580062788432997, 34.091018521297599 ], [ -118.580027668943004, 34.090996012164602 ], [ -118.579990433307998, 34.091013921654401 ], [ -118.579953678324998, 34.090995508563303 ], [ -118.579916761077996, 34.0909836395384 ], [ -118.579891111386004, 34.090963083901102 ], [ -118.579916775517006, 34.090938301141698 ], [ -118.579894026405995, 34.090914297184597 ], [ -118.579857377091002, 34.090907533307302 ], [ -118.579846771600998, 34.090880540588699 ], [ -118.579829442342003, 34.090850232050599 ], [ -118.579860568556001, 34.090835332461502 ], [ -118.579860588049002, 34.090798200863901 ], [ -118.579825459453005, 34.0907753633862 ], [ -118.579800957866993, 34.090755093394201 ], [ -118.579767635270002, 34.090761904001198 ], [ -118.579731672519003, 34.090751625407997 ], [ -118.579714357067999, 34.090724826725598 ], [ -118.579697854078006, 34.090697869576502 ], [ -118.579673566539995, 34.090678114298697 ], [ -118.579650778548, 34.090647130955901 ], [ -118.579622570248006, 34.090629881774198 ], [ -118.579586968315994, 34.090629420023298 ], [ -118.579545023136006, 34.0906243741899 ], [ -118.579521611908007, 34.0906030845549 ], [ -118.579521546489005, 34.090567847832602 ], [ -118.579506506125995, 34.090526302981097 ], [ -118.579496588089995, 34.090497195651302 ], [ -118.579459852024996, 34.0904959218581 ], [ -118.579455044659994, 34.090465278888601 ], [ -118.579421674046998, 34.0904469041892 ], [ -118.579408934236, 34.0904296881899 ], [ -118.579402296130993, 34.090420717130698 ], [ -118.579385982771996, 34.090404540238303 ], [ -118.579376885374003, 34.090395518687401 ], [ -118.579345516809994, 34.090379958294797 ], [ -118.579326613006998, 34.090352723227198 ], [ -118.579333909314997, 34.090324676114498 ], [ -118.579320116605004, 34.090292392105503 ], [ -118.579320834946003, 34.090259977955697 ], [ -118.579327513143994, 34.0902325515111 ], [ -118.579326406090999, 34.090200394082402 ], [ -118.579339937341999, 34.090172712281202 ], [ -118.579312775844002, 34.090154521325601 ], [ -118.579330174869, 34.090127455712199 ], [ -118.579358679150005, 34.090111416470798 ], [ -118.579381812161998, 34.090091707699301 ], [ -118.579392748691006, 34.0900550069587 ], [ -118.579390162482994, 34.0900306573864 ], [ -118.579389039494998, 34.090020079100299 ], [ -118.579357290592995, 34.089988159059203 ], [ -118.579334355295998, 34.0900127764926 ], [ -118.579333210073003, 34.090012516996502 ], [ -118.579298882589995, 34.090004736080303 ], [ -118.579265842194005, 34.089988919512798 ], [ -118.579236305839999, 34.089972733712301 ], [ -118.579215260576007, 34.089948087293699 ], [ -118.579221097328002, 34.089934159987898 ], [ -118.579229095949003, 34.089915074855398 ], [ -118.579227488501999, 34.089891504690698 ], [ -118.579227172966995, 34.089886881246997 ], [ -118.579236036707002, 34.089857193925297 ], [ -118.579220718664999, 34.089831317976099 ], [ -118.579206611575998, 34.089804399610102 ], [ -118.579196963995997, 34.089777255557003 ], [ -118.579180700828005, 34.0897474749504 ], [ -118.579174649964003, 34.0897154190462 ], [ -118.579163941445998, 34.089687790252803 ], [ -118.579164683504004, 34.089656469048897 ], [ -118.579165539540995, 34.089617618668001 ], [ -118.579146904583993, 34.089592799428601 ], [ -118.579137616501995, 34.089576322407197 ], [ -118.579130297595, 34.089563337274299 ], [ -118.579129026268006, 34.089550828727603 ], [ -118.579127505507998, 34.089535863067802 ], [ -118.57909934301, 34.089510806928402 ], [ -118.579070674758995, 34.089469370630297 ], [ -118.579064893856, 34.0894616128884 ], [ -118.579054641008995, 34.089447855507402 ], [ -118.579051961909002, 34.089442321782101 ], [ -118.579051603509001, 34.089441581653404 ], [ -118.579036599998005, 34.089410587914998 ], [ -118.579016353089997, 34.089386395857602 ], [ -118.578992056371007, 34.089362069455397 ], [ -118.578971597316993, 34.0893331722881 ], [ -118.578945428208996, 34.089316224206001 ], [ -118.578927601212996, 34.089289277433899 ], [ -118.578902887034005, 34.089261838180299 ], [ -118.578876657552001, 34.089259669246701 ], [ -118.578871692589999, 34.089259258435902 ], [ -118.578868419046003, 34.089258987720797 ], [ -118.578868021906999, 34.089258773610197 ], [ -118.578844408408997, 34.089246034226797 ], [ -118.578840120402006, 34.089243721483797 ], [ -118.578832736218999, 34.089229371475398 ], [ -118.578826827406004, 34.089217888745203 ], [ -118.578811954130003, 34.089213653530301 ], [ -118.578799174791996, 34.089210015104001 ], [ -118.578790477696003, 34.089207538287603 ], [ -118.578760671534994, 34.089192273063603 ], [ -118.578748481397994, 34.089183243530996 ], [ -118.578735691247999, 34.089173771067998 ], [ -118.578727949156004, 34.089168036254897 ], [ -118.578699520545001, 34.089151205081599 ], [ -118.578689295095998, 34.089147117970299 ], [ -118.578665714189, 34.089137684917802 ], [ -118.578651586714003, 34.089129473254403 ], [ -118.578635216565999, 34.089119957932702 ], [ -118.578601277426003, 34.0891056887125 ], [ -118.578597016873999, 34.0891026352325 ], [ -118.578580173719999, 34.089090561730103 ], [ -118.578573511155, 34.089085785189098 ], [ -118.578535958719996, 34.089070374602699 ], [ -118.578504203593994, 34.089053029476901 ], [ -118.578501808653996, 34.0890500722886 ], [ -118.578499723280999, 34.089047497610302 ], [ -118.578482211199002, 34.089025879208997 ], [ -118.578464042055003, 34.089029589620502 ], [ -118.578449053561997, 34.089032650923698 ], [ -118.578426165642, 34.089032274366403 ], [ -118.578409906285003, 34.089032006635101 ], [ -118.578403306523995, 34.0890299995107 ], [ -118.578356705190998, 34.0890158210903 ], [ -118.578326255514, 34.088989849990199 ], [ -118.578297541617999, 34.088970155452699 ], [ -118.578291702743002, 34.088970248496103 ], [ -118.578263183730996, 34.088970704103097 ], [ -118.578257461926, 34.0889707959006 ], [ -118.578224085356993, 34.088969152504703 ], [ -118.578220534547, 34.088969173116801 ], [ -118.578195943357997, 34.088969315288701 ], [ -118.578183488435997, 34.088969387089499 ], [ -118.578161942085998, 34.088969440124004 ], [ -118.578140815159003, 34.088969492978102 ], [ -118.578139735671996, 34.0889694957377 ], [ -118.578115453047999, 34.088988168487198 ], [ -118.578086814610003, 34.0889989136937 ], [ -118.578084994559006, 34.088999596894503 ], [ -118.578062040953995, 34.089007311710198 ], [ -118.578051265813002, 34.089010933101797 ], [ -118.578048783015007, 34.089011767606102 ], [ -118.578022509869001, 34.089029095637599 ], [ -118.578006156480001, 34.089031818902299 ], [ -118.577984691854994, 34.089035392554003 ], [ -118.577955648732001, 34.089047482290198 ], [ -118.577950122274999, 34.089049782589903 ], [ -118.577919331237993, 34.089064263941403 ], [ -118.577897941277001, 34.089087315480398 ], [ -118.577883376572998, 34.0891124292732 ], [ -118.577834380165996, 34.089110569210099 ], [ -118.577797879596005, 34.089118929913198 ], [ -118.577772420859006, 34.089138629195098 ], [ -118.577738167766995, 34.089148806591403 ], [ -118.577704150745006, 34.089159354754003 ], [ -118.577686550615994, 34.0891599347678 ], [ -118.577659052968997, 34.089160842023901 ], [ -118.577621117012995, 34.089152942527001 ], [ -118.577578873537007, 34.089147119603602 ], [ -118.577545663896004, 34.0891706465166 ], [ -118.577525188137002, 34.089148655601903 ], [ -118.577510810807993, 34.089121496517897 ], [ -118.577489937549998, 34.089093725338103 ], [ -118.577464551115995, 34.089075286505597 ], [ -118.577424151581994, 34.089069682175797 ], [ -118.577389790281998, 34.089050771577803 ], [ -118.577391198455999, 34.089023116237698 ], [ -118.577414425724001, 34.089002457886899 ], [ -118.577419661155005, 34.088970991708202 ], [ -118.577420837841998, 34.088963918450602 ], [ -118.577422214162993, 34.088938568861998 ], [ -118.577422462263996, 34.088934007436997 ], [ -118.577387253422998, 34.088925795707397 ], [ -118.577373278772001, 34.0888972866031 ], [ -118.577346608664996, 34.088875455428798 ], [ -118.577330716104001, 34.088846867380902 ], [ -118.577312822484004, 34.088809592304102 ], [ -118.577301503173999, 34.088776093827697 ], [ -118.577283370250001, 34.0887449363454 ], [ -118.577265405537005, 34.088721396311001 ], [ -118.577260894763, 34.088716537466297 ], [ -118.577260631927999, 34.088715787705603 ], [ -118.577256484957005, 34.088711788969 ], [ -118.577253982719995, 34.088709375847898 ], [ -118.577252971391999, 34.088708003691998 ], [ -118.577240614836001, 34.088694695883902 ], [ -118.577219415868996, 34.088673455874002 ], [ -118.577190585192, 34.088654969461601 ], [ -118.577154922009001, 34.0886365077249 ], [ -118.577122923485007, 34.0886188634543 ], [ -118.577121658091997, 34.088617397068901 ], [ -118.577102711235, 34.088595436871003 ], [ -118.577101595331996, 34.088590490583798 ], [ -118.577100620145998, 34.088589337953202 ], [ -118.577100774517007, 34.0885868489109 ], [ -118.577096588971997, 34.088568290630697 ], [ -118.577092643737998, 34.0885416394731 ], [ -118.577088943869001, 34.088539471039603 ], [ -118.577047924799999, 34.088538126749803 ], [ -118.577018676413999, 34.088519430423702 ], [ -118.577008408219996, 34.088489612517002 ], [ -118.577029471675999, 34.088487784840602 ], [ -118.577035537260002, 34.088487258344998 ], [ -118.577042281247998, 34.088486673605402 ], [ -118.577049545625997, 34.088482354851202 ], [ -118.577054110134995, 34.088477747248298 ], [ -118.577061040692001, 34.088474510687398 ], [ -118.577088623720996, 34.088468317981601 ], [ -118.577101009342002, 34.088463673699302 ], [ -118.577103303480001, 34.0884633840977 ], [ -118.577105100053998, 34.088462139857803 ], [ -118.577125815494, 34.088454372043302 ], [ -118.577143697725006, 34.0884439147016 ], [ -118.577147051162001, 34.088441497154399 ], [ -118.577148912539002, 34.088440865872201 ], [ -118.577153811917, 34.0884380006258 ], [ -118.577184322898006, 34.088418973088601 ], [ -118.577186180815005, 34.088417512340797 ], [ -118.577209587406003, 34.088399102008303 ], [ -118.577233826964004, 34.088367560241302 ], [ -118.577253168772003, 34.088342277157203 ], [ -118.577245112116003, 34.088312539166303 ], [ -118.577215018697999, 34.088294849279201 ], [ -118.577191523387, 34.088274688583802 ], [ -118.577168522307005, 34.088249781104899 ], [ -118.577140845561999, 34.088226513755103 ], [ -118.577115277009, 34.088204973936499 ], [ -118.577103371660996, 34.088190810762399 ], [ -118.577095721899994, 34.088181712413899 ], [ -118.577091970254003, 34.0881772488991 ], [ -118.577068458208004, 34.088153394332998 ], [ -118.577058775265002, 34.088125078489099 ], [ -118.577028174437004, 34.088104703719502 ], [ -118.577000733779002, 34.088084934571803 ], [ -118.576970452444002, 34.088071780649301 ], [ -118.576949834531007, 34.088067842181502 ], [ -118.576933868327004, 34.088064793022198 ], [ -118.576904481707004, 34.088050525124899 ], [ -118.576900420529995, 34.088028562338501 ], [ -118.576898105024, 34.088016043406697 ], [ -118.576913359977993, 34.088000130490101 ], [ -118.576920901853995, 34.087992263116597 ], [ -118.576935600834005, 34.087967641532799 ], [ -118.576952110809998, 34.0879427171025 ], [ -118.576960357871002, 34.087915288673301 ], [ -118.576960416234002, 34.087878600987501 ], [ -118.576960917175001, 34.087846455406499 ], [ -118.576960317087995, 34.087843434946201 ], [ -118.576958269431998, 34.087833129047297 ], [ -118.576957546147, 34.087829488588 ], [ -118.576954010270995, 34.087811687583603 ], [ -118.576968321926998, 34.0877731530028 ], [ -118.576947664602997, 34.087746538351702 ], [ -118.576945762188998, 34.087704640480801 ], [ -118.576943292460001, 34.087696464170797 ], [ -118.576937376250996, 34.087676884439801 ], [ -118.576936399342998, 34.087673125414803 ], [ -118.576929185012006, 34.087645365971397 ], [ -118.576929001598998, 34.087644659573499 ], [ -118.576917600925, 34.087607820669099 ], [ -118.576917512330994, 34.087607084802499 ], [ -118.576913472030995, 34.087573576162697 ], [ -118.576906358189007, 34.0875424110259 ], [ -118.576900354852995, 34.087530783643501 ], [ -118.576892041552, 34.087514679184501 ], [ -118.576890992293997, 34.087512647519397 ], [ -118.576885907888993, 34.087494959696102 ], [ -118.576881945226006, 34.087481172446999 ], [ -118.576864317081998, 34.087454378326001 ], [ -118.576830309949997, 34.087447777146402 ], [ -118.576803867866005, 34.087452140378502 ], [ -118.576796818743006, 34.087453303691902 ], [ -118.576792900157002, 34.087453949846697 ], [ -118.576759153867002, 34.087462861207101 ], [ -118.576715835781002, 34.087458806877699 ], [ -118.576688406344005, 34.087482147926401 ], [ -118.576646668552002, 34.087481625732998 ], [ -118.576613954392997, 34.087474121060602 ], [ -118.576581219107993, 34.087484479356398 ], [ -118.576542421998994, 34.087482250264401 ], [ -118.576510362058002, 34.087493138970999 ], [ -118.576470243380996, 34.087481629956599 ], [ -118.576434740587004, 34.087477135822503 ], [ -118.576414794841, 34.087451520751401 ], [ -118.576383891930007, 34.087439678759203 ], [ -118.576410785899, 34.087411904499199 ], [ -118.576383803414998, 34.087391510725602 ], [ -118.576377451861006, 34.087356072723097 ], [ -118.576346376719997, 34.087346389574599 ], [ -118.576314861412001, 34.087331853302302 ], [ -118.576283736072995, 34.087317387705703 ], [ -118.576279698106006, 34.087312400389401 ], [ -118.576264015823, 34.087293033979002 ], [ -118.576226073952, 34.087284978848899 ], [ -118.576193852312997, 34.087276312703104 ], [ -118.576158786704994, 34.087285246170403 ], [ -118.576124618318005, 34.087283441695803 ], [ -118.576112578399005, 34.087293796085 ], [ -118.576098707769006, 34.087305725139402 ], [ -118.576057208666995, 34.087330762756899 ], [ -118.576021597858002, 34.087351102049098 ], [ -118.575984918499998, 34.087361715615501 ], [ -118.575982204707998, 34.087362500309098 ], [ -118.575940673470001, 34.087375930068802 ], [ -118.575911750792997, 34.087392828755704 ], [ -118.575890102871, 34.0874153340067 ], [ -118.575866008012994, 34.087437048670701 ], [ -118.575818712279997, 34.087453296706599 ], [ -118.575785762015997, 34.0874623511571 ], [ -118.575749790691006, 34.087463219663498 ], [ -118.575711975738002, 34.087464997315998 ], [ -118.575673909510002, 34.087466346285503 ], [ -118.575639918918, 34.0874917165035 ], [ -118.575601870593999, 34.087491713352897 ], [ -118.575562210691999, 34.087501072441299 ], [ -118.575516425703, 34.087498775489401 ], [ -118.575459757871002, 34.087496047675202 ], [ -118.575415808976004, 34.087508497693698 ], [ -118.575376061225001, 34.087493141522003 ], [ -118.575342297923001, 34.0874849868759 ], [ -118.575301262714007, 34.0874893665681 ], [ -118.575263031739993, 34.087479917319797 ], [ -118.575226249424006, 34.087473605521602 ], [ -118.575187992012999, 34.087463221013302 ], [ -118.575148578107999, 34.087444566569097 ], [ -118.575133072298001, 34.087417246059402 ], [ -118.575105078918995, 34.087400335538 ], [ -118.57508852126, 34.0873750294475 ], [ -118.575074742813001, 34.0873486780512 ], [ -118.575047428402002, 34.087320103676703 ], [ -118.575010544682002, 34.087314310731102 ], [ -118.574991362356002, 34.087339258284402 ], [ -118.574961945530006, 34.087362921170801 ], [ -118.574942992424994, 34.087388016730401 ], [ -118.574901607312995, 34.087387171947398 ], [ -118.574860972528001, 34.087395302415501 ], [ -118.574821723244, 34.087391892366099 ], [ -118.57477358061, 34.087401380400898 ], [ -118.574738413038006, 34.087392856408201 ], [ -118.574706000180001, 34.087387460966298 ], [ -118.574665911598004, 34.087394931051797 ], [ -118.574662328071994, 34.087366904020897 ], [ -118.574631722470002, 34.087386118147101 ], [ -118.574609464492994, 34.087363087413898 ], [ -118.574576636198003, 34.087360051495999 ], [ -118.574537529527007, 34.087345635244603 ], [ -118.574517027324006, 34.087369787273197 ], [ -118.574558516441996, 34.087376809093001 ], [ -118.574533699235005, 34.0873958972549 ], [ -118.574522163013995, 34.087428077014202 ], [ -118.574521279053997, 34.087461811755198 ], [ -118.574528343416006, 34.087492604097797 ], [ -118.574529152165994, 34.087496126640097 ], [ -118.574499227131, 34.0875192349082 ], [ -118.574480232490004, 34.087545778654899 ], [ -118.574443473192005, 34.087555042012902 ], [ -118.574410640910997, 34.087569728603803 ], [ -118.574404938412997, 34.087606947041699 ], [ -118.574379796253993, 34.087630216081202 ], [ -118.574350700798007, 34.0876463368811 ], [ -118.574340424053005, 34.087675804290697 ], [ -118.574313824845007, 34.087707670265701 ], [ -118.574281483505004, 34.087698073492298 ], [ -118.574278389743995, 34.087704647631597 ], [ -118.574279151431995, 34.087720424308699 ], [ -118.574271007831001, 34.087741360015798 ], [ -118.574248285785004, 34.087750712376398 ], [ -118.574230260945001, 34.087769104705799 ], [ -118.574209816586006, 34.087777098074703 ], [ -118.574183435270001, 34.087783060804298 ], [ -118.574157299361005, 34.087774251152403 ], [ -118.574145159010996, 34.087781869685202 ], [ -118.574138729821996, 34.087785904804399 ], [ -118.574136846810006, 34.087787971930801 ], [ -118.574127876605004, 34.087791865267803 ], [ -118.574123001453998, 34.087793986012798 ], [ -118.574120066297994, 34.087795263742997 ], [ -118.574105581593003, 34.087801573644498 ], [ -118.574092154678993, 34.087804104874799 ], [ -118.574072783676996, 34.087807757179597 ], [ -118.574036377210007, 34.087804390547802 ], [ -118.574032517093997, 34.087806655615502 ], [ -118.574009349793997, 34.087820251345697 ], [ -118.574003241607997, 34.087828769356904 ], [ -118.573989406452, 34.087848063329901 ], [ -118.573982968004003, 34.087875324865699 ], [ -118.573977485148006, 34.087913749585503 ], [ -118.573974023294994, 34.087943015539999 ], [ -118.574016805843002, 34.0879357588151 ], [ -118.573997124174994, 34.087966059635001 ], [ -118.573993610353, 34.0879979601579 ], [ -118.573960171397999, 34.087995238278403 ], [ -118.573953591470001, 34.088026187165497 ], [ -118.573930883431004, 34.088051179661903 ], [ -118.573915572950995, 34.088024700784501 ], [ -118.57388855984, 34.088045158714799 ], [ -118.573854973303995, 34.088047420509 ], [ -118.573852543314004, 34.088077815483402 ], [ -118.573827382760001, 34.088084285651497 ], [ -118.573827344156996, 34.088084742252299 ], [ -118.573826377768995, 34.088084544439901 ], [ -118.573815788955002, 34.088087267122603 ], [ -118.573783639436002, 34.088098339660299 ], [ -118.573743144125999, 34.088107899524303 ], [ -118.573733012819005, 34.088139616242998 ], [ -118.573714669359006, 34.088143854730198 ], [ -118.573659209813997, 34.0881692125947 ], [ -118.573639467765005, 34.088191755688499 ], [ -118.573619361648994, 34.088187270374902 ], [ -118.573593787329003, 34.088169278167001 ], [ -118.573575970088996, 34.088142086301403 ], [ -118.573579251216998, 34.088102808232897 ], [ -118.573577104536, 34.088083740705898 ], [ -118.573591432680999, 34.088058829110601 ], [ -118.573562461305002, 34.0880414092276 ], [ -118.573529368170995, 34.088036883949997 ], [ -118.573512799558998, 34.088042880097802 ], [ -118.573487588478002, 34.088031532298203 ], [ -118.573477472150998, 34.0880270070219 ], [ -118.573472527936005, 34.088024795845499 ], [ -118.573462130997996, 34.088020146247999 ], [ -118.573460275444006, 34.088019316136702 ], [ -118.573459949804999, 34.088013832461499 ], [ -118.573452149014997, 34.088014185586097 ], [ -118.573457647363995, 34.088010866402001 ], [ -118.573448335403995, 34.0879994994391 ], [ -118.573430719377001, 34.087982098152999 ], [ -118.573408905164001, 34.087977441761701 ], [ -118.573386563083005, 34.087968775891902 ], [ -118.573371830238003, 34.087968787996601 ], [ -118.573359906530996, 34.087968798302498 ], [ -118.573359184756995, 34.087968737878697 ], [ -118.573355860513999, 34.087966660571801 ], [ -118.573338657026, 34.087967014081599 ], [ -118.573333932501995, 34.087966617757601 ], [ -118.573333438942001, 34.087967121854099 ], [ -118.573321772268997, 34.087967361661903 ], [ -118.573281097426005, 34.087969473243298 ], [ -118.573238522661001, 34.087986146242301 ], [ -118.573236554356001, 34.087986097257897 ], [ -118.573197447100995, 34.087985127115502 ], [ -118.573160147655997, 34.087979958553603 ], [ -118.573125282796994, 34.087975423596703 ], [ -118.573119101046004, 34.087975961952999 ], [ -118.573100141726002, 34.087984409163901 ], [ -118.573087831250007, 34.087980159299299 ], [ -118.573063925913004, 34.088000750612402 ], [ -118.573041326581006, 34.088023732946603 ], [ -118.573004874391998, 34.088024686526403 ], [ -118.572970186153, 34.088020032926799 ], [ -118.572956072788003, 34.088011563773499 ], [ -118.572955698873002, 34.088011804311897 ], [ -118.572940974519994, 34.088003441100497 ], [ -118.572907373676003, 34.0880142184444 ], [ -118.572864863990006, 34.088033757233902 ], [ -118.572867913199005, 34.088043186828401 ], [ -118.572865650124996, 34.088045352851999 ], [ -118.572866897401994, 34.088063745594098 ], [ -118.572863959410995, 34.088097277882298 ], [ -118.572838764587004, 34.088120728029999 ], [ -118.572804292396995, 34.088116231250801 ], [ -118.572763268917996, 34.088111552342397 ], [ -118.572724273814998, 34.088132765991901 ], [ -118.572697996762003, 34.088140739230901 ], [ -118.572692237458, 34.0881424864195 ], [ -118.572665066051997, 34.088162448933303 ], [ -118.572660646966995, 34.088170026076902 ], [ -118.572648778781002, 34.088190379495899 ], [ -118.572621745917999, 34.088200530402098 ], [ -118.572607107756994, 34.088206026799 ], [ -118.572569340445995, 34.088222990557199 ], [ -118.572537353982, 34.088230310748102 ], [ -118.572517749946002, 34.088253173624899 ], [ -118.572500441179002, 34.088281132840301 ], [ -118.572497838448996, 34.088297691393898 ], [ -118.572495726987, 34.08831111872 ], [ -118.572482381472994, 34.0883187246829 ], [ -118.572464604226994, 34.088328857158899 ], [ -118.572464327175993, 34.088329015065199 ], [ -118.572427425816997, 34.088339506603702 ], [ -118.572406701071003, 34.088363269588399 ], [ -118.572389728274004, 34.088388231745903 ], [ -118.572376930524001, 34.0884182010996 ], [ -118.572366586670995, 34.088449054054202 ], [ -118.572350447351994, 34.0884744900399 ], [ -118.572337834739997, 34.088502971450403 ], [ -118.572333573218003, 34.088532493282401 ], [ -118.572325964149002, 34.088568648223401 ], [ -118.572320330957993, 34.088598567580398 ], [ -118.57232715296, 34.088628218342201 ], [ -118.572325658675993, 34.088661310699898 ], [ -118.572333085737995, 34.0886737630357 ], [ -118.572340973500005, 34.0886869883578 ], [ -118.572365897493995, 34.0887082705461 ], [ -118.572404141416001, 34.0888448974695 ], [ -118.572414993205001, 34.088878304952303 ], [ -118.572432617098997, 34.088932988094797 ], [ -118.572476401437996, 34.089080455123998 ], [ -118.572479551721997, 34.089091066107301 ], [ -118.572504559671003, 34.089086524535801 ], [ -118.572521009173997, 34.089080060045198 ], [ -118.572561341102002, 34.089088543905198 ], [ -118.572595587788996, 34.089089594921397 ], [ -118.572640038659998, 34.089101938471501 ], [ -118.572677863468996, 34.089110083461598 ], [ -118.572708401100996, 34.089133910611999 ], [ -118.572741301627005, 34.089141376349403 ], [ -118.572764378087996, 34.0891210965951 ], [ -118.572797617191995, 34.089105482486602 ], [ -118.572830532449998, 34.089108241414401 ], [ -118.572867986583006, 34.089119742660401 ], [ -118.572898234869001, 34.089131234797897 ], [ -118.572915770738007, 34.089156846414198 ], [ -118.572919171462004, 34.0891930887488 ], [ -118.572931374402998, 34.089225689975102 ], [ -118.572965689002004, 34.089237784757501 ], [ -118.573009975109002, 34.089237619860697 ], [ -118.573042800986002, 34.0892436448068 ], [ -118.573078106010001, 34.0892349650276 ], [ -118.573120351979, 34.089232909246398 ], [ -118.573152813676998, 34.089226536960297 ], [ -118.573184177111003, 34.089214316113797 ], [ -118.573204321290007, 34.089183405502702 ], [ -118.573235059894998, 34.089199189633902 ], [ -118.573269738435002, 34.0892233984368 ], [ -118.573251145181004, 34.089250953089298 ], [ -118.573223988367999, 34.0892328364314 ], [ -118.573185582329003, 34.089257469040298 ], [ -118.573156767857, 34.089282512022002 ], [ -118.573182861590993, 34.089307092085697 ], [ -118.573225331016999, 34.089316768165403 ], [ -118.573260505971007, 34.089318752882399 ], [ -118.573236753214005, 34.089343230874597 ], [ -118.573213737603993, 34.089369195722497 ], [ -118.573188469742007, 34.089400559668697 ], [ -118.573157293622003, 34.089411169094397 ], [ -118.573128447366997, 34.089425446318202 ], [ -118.573105416811003, 34.089445165953101 ], [ -118.573071126144995, 34.089455760700702 ], [ -118.573039816435994, 34.0894751882363 ], [ -118.573023808254007, 34.089501223655198 ], [ -118.573015550818994, 34.089534650521898 ], [ -118.573047608666997, 34.089547609545598 ], [ -118.573029230699007, 34.089572661456401 ], [ -118.573057969247003, 34.089590634778403 ], [ -118.573097167227999, 34.089597056833497 ], [ -118.573133215550001, 34.089596721127698 ], [ -118.573167427792995, 34.089597771537399 ], [ -118.573198965263998, 34.089606788758502 ], [ -118.573209353828005, 34.089634554776303 ], [ -118.573171100421007, 34.089639838524597 ], [ -118.573141316841998, 34.089655061454501 ], [ -118.573114935980001, 34.089675335061699 ], [ -118.573083586270002, 34.0896917581575 ], [ -118.573051949668994, 34.089703491422704 ], [ -118.573018850577, 34.089722916377703 ], [ -118.573005768182, 34.089750050442099 ], [ -118.572974829076003, 34.089728926604799 ], [ -118.572964771694004, 34.0897365855079 ], [ -118.572932234652001, 34.089761362734201 ], [ -118.572912914393001, 34.089776075627199 ], [ -118.572876246112997, 34.089788086619201 ], [ -118.572844720597999, 34.089803139803699 ], [ -118.572810610229993, 34.089805258602297 ], [ -118.572774018115993, 34.089820544925701 ], [ -118.572742946345997, 34.0898328017634 ], [ -118.572703760964004, 34.089843882336098 ], [ -118.572677822152997, 34.089863255323998 ], [ -118.572662832481001, 34.089891449116102 ], [ -118.572656180378004, 34.089857368552202 ], [ -118.572664409382995, 34.089828516704401 ], [ -118.572676658453005, 34.089800366119 ], [ -118.572683437414995, 34.089773127001898 ], [ -118.572686784130994, 34.089732828393402 ], [ -118.572686700038005, 34.089703941843801 ], [ -118.572674415677, 34.089677337566201 ], [ -118.572665610288993, 34.089642528624303 ], [ -118.572652675312995, 34.089612471390602 ], [ -118.5726321458, 34.089583099772902 ], [ -118.572605568464994, 34.089554645002799 ], [ -118.572589604952995, 34.089527488862998 ], [ -118.572569535393995, 34.0895040236041 ], [ -118.572543248581994, 34.089477064512401 ], [ -118.572516001221004, 34.089454195412301 ], [ -118.572491695229004, 34.089432106021697 ], [ -118.572456813578995, 34.089426549214103 ], [ -118.572438087687004, 34.089401962108298 ], [ -118.572410143956006, 34.089379727058997 ], [ -118.572378164788006, 34.089366322572197 ], [ -118.572362317094999, 34.089339120963999 ], [ -118.572333719346005, 34.089318053315999 ], [ -118.572302197645996, 34.089297341201998 ], [ -118.572283589508004, 34.089274216044998 ], [ -118.572248477635, 34.089285091458699 ], [ -118.572215159310005, 34.089288908595002 ], [ -118.572178361590005, 34.089287483818701 ], [ -118.572160522941999, 34.089252807765597 ], [ -118.572144814423993, 34.089283109331198 ], [ -118.572110915872997, 34.089285631760603 ], [ -118.572074276430001, 34.089281870325301 ], [ -118.572042755053999, 34.089268027917399 ], [ -118.572006587358999, 34.089263711609803 ], [ -118.57204096161, 34.089248145302498 ], [ -118.572053716298001, 34.089217875256097 ], [ -118.572021656748007, 34.089204487689102 ], [ -118.572001349573, 34.089179016107401 ], [ -118.572007709459001, 34.089147338859497 ], [ -118.571988695916005, 34.0891221296054 ], [ -118.571956605262997, 34.089111300214498 ], [ -118.571924426647996, 34.0891028750356 ], [ -118.571907122373005, 34.089129546789401 ], [ -118.571859220750994, 34.0891222958142 ], [ -118.571823957302996, 34.089134539548397 ], [ -118.571790023486002, 34.089119563342898 ], [ -118.571789945527996, 34.089148642618603 ], [ -118.571785660661007, 34.089177944142797 ], [ -118.571752862899004, 34.089167620616003 ], [ -118.571722691445004, 34.089148722939399 ], [ -118.571691342381001, 34.089135665131998 ], [ -118.571650744139006, 34.089150085898297 ], [ -118.571603144359997, 34.0891636273372 ], [ -118.571531999792001, 34.089172427214798 ], [ -118.571497109443996, 34.089222284397103 ], [ -118.571464671380994, 34.089236198839103 ], [ -118.571419912994003, 34.089232819550801 ], [ -118.571382798247996, 34.0892328636684 ], [ -118.571347696347999, 34.089215902812498 ], [ -118.571322412827996, 34.089201430687297 ], [ -118.571308657226993, 34.089155444401598 ], [ -118.571266520308995, 34.089140712296597 ], [ -118.571224757804004, 34.089115305160199 ], [ -118.571159546757002, 34.089124831012597 ], [ -118.571164205193995, 34.089095859648999 ], [ -118.571149576959996, 34.089068672246 ], [ -118.571112053261004, 34.089057316511003 ], [ -118.571079063677999, 34.089053639281801 ], [ -118.571033598845005, 34.089071669003303 ], [ -118.571046606175997, 34.089077358574698 ], [ -118.570974567806999, 34.089064431366403 ], [ -118.570951456680007, 34.089087616012101 ], [ -118.570951009208997, 34.089117751777799 ], [ -118.570923244862996, 34.089086303901396 ], [ -118.570757000186006, 34.088898000304802 ], [ -118.570352999747001, 34.0885959996629 ], [ -118.570086380264001, 34.088623103457799 ], [ -118.570027805126003, 34.088629057959501 ], [ -118.569780356438997, 34.088688836519403 ], [ -118.569747264274, 34.088666625427898 ], [ -118.569711442325001, 34.088660775586803 ], [ -118.569705957508006, 34.088633579221003 ], [ -118.569668167692001, 34.088623473711003 ], [ -118.569640749466998, 34.088603513738398 ], [ -118.569605593600002, 34.0886094608436 ], [ -118.569590652054998, 34.088638717808003 ], [ -118.569563998876006, 34.088615477677003 ], [ -118.569539455455001, 34.088595244533103 ], [ -118.569508179679005, 34.088611397132802 ], [ -118.569501544459996, 34.088570671232397 ], [ -118.569506311660007, 34.088537289108899 ], [ -118.569552744356002, 34.088541664744703 ], [ -118.569601696606, 34.0885289633393 ], [ -118.569571566457, 34.088515656980199 ], [ -118.569567686930995, 34.0884871365461 ], [ -118.569549045817993, 34.088460506184703 ], [ -118.569552263180995, 34.088428858110198 ], [ -118.569550015176006, 34.0883976246622 ], [ -118.569559200113005, 34.088372349694602 ], [ -118.569559643852998, 34.088371128259503 ], [ -118.569533009089, 34.088350224251698 ], [ -118.569546517603001, 34.088321220664199 ], [ -118.569569184887996, 34.088288877307299 ], [ -118.569585691499995, 34.088249214493501 ] ], [ [ -118.543326999591002, 34.063597999634098 ], [ -118.543192000239003, 34.063367000198497 ], [ -118.543230999463006, 34.063069000010799 ], [ -118.543362000247996, 34.062815000050698 ], [ -118.543442999937, 34.062526999587597 ], [ -118.543586000019999, 34.062349000439198 ], [ -118.543842999469007, 34.062216999767799 ], [ -118.543867000060999, 34.062222000150399 ], [ -118.544124000497007, 34.062275000439698 ], [ -118.544150999983003, 34.0622810001666 ], [ -118.544445999917002, 34.062248999711798 ], [ -118.544693000375005, 34.062172999689103 ], [ -118.545006000071993, 34.0621149999848 ], [ -118.545305000160994, 34.062026000283097 ], [ -118.545402000509995, 34.061833999576599 ], [ -118.545664999504993, 34.061630000281603 ], [ -118.546030000475, 34.061673999692502 ], [ -118.546326999903002, 34.0617099996485 ], [ -118.546497000141997, 34.061515000404 ], [ -118.546624999559, 34.0613029995475 ], [ -118.546889999987002, 34.061118000190099 ], [ -118.547111000384007, 34.060899000456402 ], [ -118.547452000096996, 34.060687000274399 ], [ -118.547514001541003, 34.060383002764603 ], [ -118.547385999249997, 34.060062997485197 ], [ -118.546675000110994, 34.0598550003388 ], [ -118.546654000377998, 34.059996999607101 ], [ -118.546540999849995, 34.0601250001179 ], [ -118.546404999621004, 34.0602799995835 ], [ -118.546315000063998, 34.060606000221199 ], [ -118.546283000255002, 34.060463000212302 ], [ -118.546241000180999, 34.060843000131896 ], [ -118.545884000043998, 34.060910999965799 ], [ -118.545371999731003, 34.060328000232197 ], [ -118.545018000187994, 34.060128000227699 ], [ -118.544433999560994, 34.060039000106102 ], [ -118.543624000061996, 34.060065999919303 ], [ -118.543309999718005, 34.059571999806799 ], [ -118.542777999633998, 34.059577999913003 ], [ -118.542663000485007, 34.059322000440297 ], [ -118.542799000114002, 34.0587179997394 ], [ -118.542977000201006, 34.058181000206901 ], [ -118.542792000323004, 34.0579500002763 ], [ -118.541945999711004, 34.057728000419999 ], [ -118.541247999724007, 34.057090000326703 ], [ -118.540983000357997, 34.056921000359701 ], [ -118.541199000115, 34.056678999920301 ], [ -118.541487000084999, 34.056218999657901 ], [ -118.541457000299999, 34.0561760004489 ], [ -118.541360999663993, 34.0560000003494 ], [ -118.541224999803006, 34.0559290001083 ], [ -118.541117000330004, 34.055835999959299 ], [ -118.540796999953002, 34.055734000109297 ], [ -118.540462999675, 34.055552000108797 ], [ -118.540473999937007, 34.055392000056202 ], [ -118.540720999873002, 34.0552389995581 ], [ -118.540758000392998, 34.055034999849703 ], [ -118.540895000139997, 34.054926999635001 ], [ -118.541082000149999, 34.054797999837703 ], [ -118.541281999918994, 34.054853999876201 ], [ -118.541507000530004, 34.054988999960301 ], [ -118.541780999940997, 34.055013000005601 ], [ -118.542115999586002, 34.054812000192697 ], [ -118.542300000401994, 34.054163000359402 ], [ -118.542749999986995, 34.053542000163098 ], [ -118.542732000032998, 34.053280999992602 ], [ -118.542674000296003, 34.052993000316597 ], [ -118.542407999809001, 34.052751000304198 ], [ -118.542253000440994, 34.0525210003278 ], [ -118.542050999785005, 34.052308000142801 ], [ -118.541754999486002, 34.052418000217997 ], [ -118.541728999824002, 34.051995000157298 ], [ -118.541568999711004, 34.051931000022101 ], [ -118.541208999941006, 34.051855999552501 ], [ -118.541026000358997, 34.052167000274103 ], [ -118.540722000293997, 34.052017000331503 ], [ -118.540690999725001, 34.0520109998062 ], [ -118.540649999991999, 34.052038999818897 ], [ -118.540617999581002, 34.052045999963397 ], [ -118.540383000112001, 34.0522390000352 ], [ -118.540448999671, 34.0524350004073 ], [ -118.540480999699994, 34.052461000161301 ], [ -118.541017000229004, 34.052785999597603 ], [ -118.540940999482999, 34.0531229998711 ], [ -118.540519000283993, 34.052959000177303 ], [ -118.540247000522996, 34.0527319998831 ], [ -118.540114000372995, 34.052636000278497 ], [ -118.540002000075006, 34.0527459998777 ], [ -118.539621000428994, 34.052743999912501 ], [ -118.539096999978, 34.052720999684603 ], [ -118.538627999886003, 34.052924999882997 ], [ -118.538316999776995, 34.052836999656797 ], [ -118.538154999838, 34.052763000271398 ], [ -118.537955000151996, 34.052667000153399 ], [ -118.537904000113997, 34.052453000436103 ], [ -118.537891999566995, 34.052237000253399 ], [ -118.537929999938996, 34.051962000057202 ], [ -118.538122999820004, 34.051807999587801 ], [ -118.538164000416003, 34.051546999684803 ], [ -118.538050000295996, 34.051197999806099 ], [ -118.537572000341996, 34.050911000096498 ], [ -118.537120000282002, 34.050965999855499 ], [ -118.536833999926998, 34.051300999729399 ], [ -118.536847000533001, 34.051576000396501 ], [ -118.536488000462995, 34.051432000138597 ], [ -118.536607999617999, 34.051122999893799 ], [ -118.536784999662999, 34.050856999948898 ], [ -118.536882999705, 34.050603000241303 ], [ -118.537011000079005, 34.050346000258102 ], [ -118.536956999885007, 34.049990000389997 ], [ -118.536490999497005, 34.049815999888096 ], [ -118.536194999548997, 34.049956999567399 ], [ -118.535835999710997, 34.050269999821403 ], [ -118.535767999871993, 34.050689000077902 ], [ -118.535522000032998, 34.050952999745398 ], [ -118.535327000164003, 34.0509490002867 ], [ -118.535208999822999, 34.0507749999758 ], [ -118.535362999762, 34.050634999948898 ], [ -118.535323000345997, 34.050299999752703 ], [ -118.535167999592005, 34.049937000242998 ], [ -118.535210999504997, 34.049643000337198 ], [ -118.535560999824, 34.049380000107 ], [ -118.535875999507994, 34.049264000285604 ], [ -118.536294000523, 34.049357000007497 ], [ -118.536623999884995, 34.049305000003898 ], [ -118.536578000044003, 34.049266000367098 ], [ -118.536584999734004, 34.048872999756 ], [ -118.536986999600003, 34.048731000188901 ], [ -118.536882000469006, 34.048501000002702 ], [ -118.536453999681996, 34.0483600002445 ], [ -118.536278000154994, 34.048199000004601 ], [ -118.536165999746004, 34.048023999839202 ], [ -118.535873999461998, 34.047843999978703 ], [ -118.535795000167994, 34.047679000283701 ], [ -118.535830999487999, 34.0474350001017 ], [ -118.536092000232998, 34.047181000129001 ], [ -118.536319000033998, 34.047020999837002 ], [ -118.536482999553002, 34.046766000225098 ], [ -118.536374000161999, 34.046373000078901 ], [ -118.536279000001002, 34.046115000175703 ], [ -118.536347000061994, 34.045725000057899 ], [ -118.536348999859996, 34.045457999910496 ], [ -118.536343000081004, 34.045393999817001 ], [ -118.536295999895003, 34.045377000324997 ], [ -118.535965000106003, 34.045123000002803 ], [ -118.535970000096, 34.044851000126201 ], [ -118.536171000435004, 34.044771000355396 ], [ -118.536382000035005, 34.044660000279102 ], [ -118.536527000272997, 34.044632000046803 ], [ -118.536551000022001, 34.044525999623602 ], [ -118.536729999597, 34.0443640001304 ], [ -118.537055000006006, 34.044136000146302 ], [ -118.537043000131007, 34.043745000055999 ], [ -118.537047999690003, 34.043558000379598 ], [ -118.536661000004997, 34.043317999810299 ], [ -118.536776999988007, 34.042926000391098 ], [ -118.536937999554993, 34.042581000183297 ], [ -118.537162000185006, 34.042273999726198 ], [ -118.537364999822998, 34.042237999681703 ], [ -118.537495000354994, 34.041956999629498 ], [ -118.537676999525004, 34.041513999949302 ], [ -118.537648000494002, 34.041078000003701 ], [ -118.537650999801997, 34.040810999643298 ], [ -118.537475999456007, 34.0404770003599 ], [ -118.537021000422996, 34.040669000416301 ], [ -118.536730000507006, 34.040611999963502 ], [ -118.536357999667999, 34.040817000002299 ], [ -118.536151999935001, 34.040796000335199 ], [ -118.536125000346999, 34.0408799996097 ], [ -118.535983000501005, 34.041001999781599 ], [ -118.535969999895997, 34.041009000363303 ], [ -118.535853999704997, 34.041002000348001 ], [ -118.535756000042994, 34.040917999847203 ], [ -118.535609000101999, 34.040933000318603 ], [ -118.535382999564007, 34.040918000080602 ], [ -118.535158000265, 34.040943999830802 ], [ -118.535191999462, 34.041182999999599 ], [ -118.534990999735001, 34.041504999747701 ], [ -118.534873000082001, 34.041747999573602 ], [ -118.534950999797005, 34.041896000326801 ], [ -118.535293999684001, 34.042153999846199 ], [ -118.535247999592002, 34.042272999670303 ], [ -118.534994000007003, 34.042475000110798 ], [ -118.534750000429, 34.042568000253503 ], [ -118.534409999765998, 34.042812999881697 ], [ -118.534197999542002, 34.042929000106298 ], [ -118.534127999513004, 34.043185000020799 ], [ -118.534157999984998, 34.043768999998697 ], [ -118.534024000406006, 34.043926000274702 ], [ -118.533922999701005, 34.0442220003495 ], [ -118.533755999820997, 34.044503999936701 ], [ -118.533635999571004, 34.0446399996151 ], [ -118.533622000376994, 34.044808000155903 ], [ -118.533468000401001, 34.044850999659303 ], [ -118.533358000099994, 34.045218999820598 ], [ -118.533545999683, 34.045334999820298 ], [ -118.533488999574999, 34.0457460004178 ], [ -118.533476000004001, 34.045912000356097 ], [ -118.533430999531006, 34.046040999743099 ], [ -118.533337000437001, 34.046421999972701 ], [ -118.533358999680999, 34.046775999807799 ], [ -118.533169000314004, 34.046871999744603 ], [ -118.533219999720004, 34.047126000439697 ], [ -118.533169000103001, 34.047399000355298 ], [ -118.532954999872999, 34.047541000169602 ], [ -118.532902999881003, 34.0477680003792 ], [ -118.532969000169999, 34.048030000142802 ], [ -118.533225999861003, 34.048105999971 ], [ -118.533262999808002, 34.048309000013298 ], [ -118.533263999593004, 34.048496000191797 ], [ -118.532986999732003, 34.048697000180503 ], [ -118.532763000163001, 34.048902000077298 ], [ -118.532556999511996, 34.049024000155597 ], [ -118.532422999573001, 34.049211000022197 ], [ -118.532127999978002, 34.049752999749003 ], [ -118.531975000086007, 34.050154999642899 ], [ -118.531907999655004, 34.050457999692298 ], [ -118.531767999498996, 34.050838000116201 ], [ -118.532444000224999, 34.051302999624397 ], [ -118.532714999830006, 34.051508000409299 ], [ -118.533187000344, 34.051508000240297 ], [ -118.533936000498997, 34.0515209997575 ], [ -118.534442000227003, 34.051372000090701 ], [ -118.534836000159999, 34.051113999882602 ], [ -118.535126999607996, 34.051098999591701 ], [ -118.535291000075006, 34.051300999733101 ], [ -118.535154999799005, 34.051611000046897 ], [ -118.535228999875002, 34.051742000299001 ], [ -118.535391999826999, 34.051753000389397 ], [ -118.535506999671995, 34.051775000062101 ], [ -118.535218999912999, 34.051794999552101 ], [ -118.535109000112996, 34.051797000140901 ], [ -118.535215000421005, 34.051896999708099 ], [ -118.535505000041994, 34.051953000001397 ], [ -118.535639000065004, 34.0518369998235 ], [ -118.535767999498006, 34.051833999674102 ], [ -118.535888999757006, 34.051886999635897 ], [ -118.536054999696006, 34.051842999933399 ], [ -118.536144000288004, 34.051990999716097 ], [ -118.536200999521995, 34.052144000380402 ], [ -118.536334000224002, 34.052131000113299 ], [ -118.536413000189995, 34.052178999632098 ], [ -118.536494000248993, 34.052289999733098 ], [ -118.536534999764001, 34.052423000259701 ], [ -118.536593999527, 34.052422000185103 ], [ -118.536715999859993, 34.052575999679704 ], [ -118.536803000351, 34.052641999968898 ], [ -118.536900000236002, 34.052729000350602 ], [ -118.537016999779993, 34.052620000194104 ], [ -118.537123999870005, 34.052584000070198 ], [ -118.537143999856994, 34.052692999968599 ], [ -118.537056000042995, 34.052920999813502 ], [ -118.537220999894004, 34.052952000268498 ], [ -118.537313999773005, 34.052952999790698 ], [ -118.537327999780004, 34.052894000355799 ], [ -118.537446999555996, 34.0527959995743 ], [ -118.537560000214, 34.052757999741502 ], [ -118.537634000495004, 34.052811000184498 ], [ -118.537793000034, 34.052907000165803 ], [ -118.537782999821999, 34.052956999976303 ], [ -118.537699000380996, 34.053062000442502 ], [ -118.537737000525993, 34.053148999945101 ], [ -118.537951000397996, 34.052867999825303 ], [ -118.538039000184995, 34.053094000182199 ], [ -118.538401999982995, 34.053241000074102 ], [ -118.538394999721007, 34.053470000426699 ], [ -118.538620999814, 34.053464999548602 ], [ -118.538808000345, 34.053407000430397 ], [ -118.538936999629996, 34.053343999760401 ], [ -118.539217000104003, 34.053208000262202 ], [ -118.539436000025006, 34.053419999853404 ], [ -118.539717999855, 34.053410999550501 ], [ -118.539947000002996, 34.053433999875999 ], [ -118.540234000276996, 34.053488000248002 ], [ -118.540393000359003, 34.053604999802097 ], [ -118.540623000001005, 34.053869999629399 ], [ -118.540556999735003, 34.054074000350397 ], [ -118.540436999695004, 34.054265999604503 ], [ -118.540347000195993, 34.054431000224 ], [ -118.540285000327998, 34.054827999907701 ], [ -118.540120999929997, 34.0552039998026 ], [ -118.539932000530001, 34.055456999576499 ], [ -118.539708999675, 34.055700000009601 ], [ -118.539662000210001, 34.055928000142103 ], [ -118.539886999730996, 34.056103000159098 ], [ -118.540088999838005, 34.056194000205899 ], [ -118.540207000202003, 34.056334000027199 ], [ -118.540253000527002, 34.056474000280701 ], [ -118.540220999829003, 34.0566269998005 ], [ -118.540169000467998, 34.056743999783002 ], [ -118.540239000368999, 34.056932000312003 ], [ -118.540260000139995, 34.057054999926102 ], [ -118.540213999700001, 34.057164000383601 ], [ -118.540141000096, 34.057285000158501 ], [ -118.540220999602994, 34.057385999921003 ], [ -118.540270000535003, 34.057561999816699 ], [ -118.540320000433994, 34.057751999581697 ], [ -118.540401000284007, 34.057921000180798 ], [ -118.540484000340996, 34.058064000388001 ], [ -118.540600999871998, 34.058217999911399 ], [ -118.540661999714999, 34.058348000388101 ], [ -118.540648000207995, 34.058486999781202 ], [ -118.540584000341994, 34.058637999638997 ], [ -118.540587000095996, 34.058772000225403 ], [ -118.540731000017004, 34.058836999738901 ], [ -118.540989000533997, 34.058945000406297 ], [ -118.541165999813998, 34.059047999829403 ], [ -118.541220999876998, 34.059170999806 ], [ -118.541216000356002, 34.059226999593399 ], [ -118.541449999953002, 34.0593609998731 ], [ -118.541554000383996, 34.059424000330601 ], [ -118.541623999972003, 34.059509000298803 ], [ -118.541693999985995, 34.059606000234702 ], [ -118.541748000363995, 34.059743000307101 ], [ -118.541857999696006, 34.060013000340597 ], [ -118.541938999690004, 34.060267000154198 ], [ -118.542249000452998, 34.0604990000394 ], [ -118.542555000514994, 34.060623999963902 ], [ -118.542861999999005, 34.060756999798002 ], [ -118.543030999750997, 34.060896999935899 ], [ -118.543127999906005, 34.061057999985202 ], [ -118.542993000319001, 34.061056000259597 ], [ -118.542833999923999, 34.0609790003992 ], [ -118.542581999980996, 34.0609079997325 ], [ -118.542351000463, 34.060845000041901 ], [ -118.542134000505001, 34.060840999760899 ], [ -118.541848999961999, 34.060925999740398 ], [ -118.541751000169995, 34.060850000015201 ], [ -118.541547999526998, 34.060709000061003 ], [ -118.541241000137006, 34.060591999658797 ], [ -118.541049999687004, 34.060434999749397 ], [ -118.540805999783004, 34.060291000262403 ], [ -118.54071700035, 34.060187999887901 ], [ -118.540648000342003, 34.060045000152698 ], [ -118.540647000231999, 34.059899000115998 ], [ -118.540553000504005, 34.059810000133602 ], [ -118.540526000178005, 34.059709000143897 ], [ -118.540419999763998, 34.059548000341998 ], [ -118.540382000197994, 34.0593310001058 ], [ -118.540306999847999, 34.0591860000605 ], [ -118.540182000228995, 34.059078000164 ], [ -118.540039000272003, 34.058927000278203 ], [ -118.540011999965003, 34.058751000327497 ], [ -118.540085000375001, 34.058576999630198 ], [ -118.539976000471, 34.0584879997119 ], [ -118.539867999839004, 34.058409000192803 ], [ -118.539775999564995, 34.0583180000692 ], [ -118.539634999735995, 34.058164000359099 ], [ -118.539617999494993, 34.058015999820498 ], [ -118.539650999760994, 34.057874000159302 ], [ -118.539717999630994, 34.057756999895702 ], [ -118.539722999781006, 34.057646000028001 ], [ -118.539408000265993, 34.057687000040303 ], [ -118.539129000222999, 34.057499000326899 ], [ -118.539033999891998, 34.057215000028201 ], [ -118.539046000119995, 34.0569030001774 ], [ -118.539107000176003, 34.056518999880197 ], [ -118.539136999990006, 34.056224000064198 ], [ -118.539156000473994, 34.0559409998028 ], [ -118.539100999967005, 34.055617000286396 ], [ -118.538995999834995, 34.055193000321502 ], [ -118.538947000519997, 34.054968999965702 ], [ -118.538988000453003, 34.054607999665201 ], [ -118.539005999723003, 34.054563999705202 ], [ -118.538833999911006, 34.054479999969701 ], [ -118.538739999849994, 34.054475000273399 ], [ -118.538509999716993, 34.054488000344101 ], [ -118.538240999750997, 34.054537000127098 ], [ -118.538126999743, 34.0546950003558 ], [ -118.538109000297993, 34.054860999836201 ], [ -118.538137000150002, 34.055009999726899 ], [ -118.538377999602005, 34.0550669998591 ], [ -118.538522999850997, 34.055230000391397 ], [ -118.538543000521997, 34.055457999708501 ], [ -118.538603000348004, 34.055741000214702 ], [ -118.538562000233995, 34.056031000309602 ], [ -118.538615999810006, 34.056427999978503 ], [ -118.538496000259997, 34.056980000346897 ], [ -118.538030999618002, 34.056997000303802 ], [ -118.537509000468006, 34.056955000045598 ], [ -118.537371000142002, 34.056494999881899 ], [ -118.537284999928005, 34.0562469998819 ], [ -118.537231000264001, 34.056071999834103 ], [ -118.536834999833999, 34.055960999588201 ], [ -118.536553999551998, 34.0559249995583 ], [ -118.536376000104994, 34.055815000442699 ], [ -118.536086000515994, 34.055652000154403 ], [ -118.535881999515993, 34.0554719997766 ], [ -118.535543999694994, 34.055448000335602 ], [ -118.535275000349998, 34.0554939998786 ], [ -118.535307999647003, 34.055842999897202 ], [ -118.535491000245003, 34.056014000309098 ], [ -118.535822000451006, 34.056071999654499 ], [ -118.536110999802005, 34.056174000087502 ], [ -118.536354999853998, 34.056321000202303 ], [ -118.536444999810996, 34.056523000369303 ], [ -118.536684999911998, 34.056825999603703 ], [ -118.536656000194, 34.056989999943802 ], [ -118.536479000488995, 34.057162999905898 ], [ -118.536361000176996, 34.0573029997229 ], [ -118.536390000485994, 34.0575829997318 ], [ -118.53670299993, 34.057844000432702 ], [ -118.537100000135993, 34.057918000114697 ], [ -118.537262999714997, 34.057686000384898 ], [ -118.537496000204001, 34.057648999705897 ], [ -118.537873, 34.057539000350097 ], [ -118.538229999692007, 34.057521000130997 ], [ -118.538575000102, 34.057603999576898 ], [ -118.538849999738005, 34.057778999916103 ], [ -118.538906999703002, 34.057931999948998 ], [ -118.538984000544005, 34.058161999903703 ], [ -118.538782999774995, 34.058217000324298 ], [ -118.538524000340004, 34.058168999923197 ], [ -118.538259999974997, 34.058173999998999 ], [ -118.538049000209995, 34.058172999861902 ], [ -118.537881999988002, 34.0582459996482 ], [ -118.538098999957995, 34.058426000283902 ], [ -118.538492000179005, 34.058419999638197 ], [ -118.538824999940999, 34.0584830004398 ], [ -118.539009000460993, 34.058820999830601 ], [ -118.539365000261995, 34.058981999992803 ], [ -118.539644999610999, 34.059296999940301 ], [ -118.539708999778, 34.059460999936398 ], [ -118.539814999661999, 34.0595750002052 ], [ -118.539869000303995, 34.059696999844697 ], [ -118.539952000324007, 34.059802000401397 ], [ -118.540048000170003, 34.059917999958003 ], [ -118.540110000170003, 34.060038000368699 ], [ -118.540338999861007, 34.060179999742701 ], [ -118.540442999931997, 34.060328000158499 ], [ -118.540573999933997, 34.060444000434501 ], [ -118.540802999747001, 34.060595999993801 ], [ -118.541014000410996, 34.060683999933303 ], [ -118.541223999520994, 34.060799999565504 ], [ -118.541436999781993, 34.0609069997994 ], [ -118.541503000294, 34.061105999841601 ], [ -118.541479000185006, 34.061379000315199 ], [ -118.541468000186001, 34.061613999790701 ], [ -118.541512000124996, 34.061804999588603 ], [ -118.5413680005, 34.0619090001112 ], [ -118.541284999902004, 34.0620990003518 ], [ -118.541401999792001, 34.062307999844499 ], [ -118.541328000164995, 34.062493999587403 ], [ -118.541196999557002, 34.062530999763197 ], [ -118.541074999909, 34.062667999762802 ], [ -118.541046000262995, 34.0628660003105 ], [ -118.541122999530003, 34.063133999726901 ], [ -118.541378000383006, 34.063335000272097 ], [ -118.541499999509995, 34.063553999622002 ], [ -118.541835000014999, 34.063706000214403 ], [ -118.542034000358001, 34.063843999746297 ], [ -118.542132000229998, 34.064123000140903 ], [ -118.542257000351, 34.064236999854003 ], [ -118.542418999513004, 34.064494999774098 ], [ -118.542646000404005, 34.064569000180697 ], [ -118.542958999998007, 34.064602999997298 ], [ -118.543164999972007, 34.064504000044302 ], [ -118.543220999721996, 34.064394000163901 ], [ -118.543443999985001, 34.064083000059803 ], [ -118.543396999932995, 34.063811999857798 ], [ -118.543326999591002, 34.063597999634098 ] ], [ [ -118.564478999911003, 34.073730999685203 ], [ -118.563504999917996, 34.072645000252997 ], [ -118.563295999844001, 34.072196000224501 ], [ -118.562698000086002, 34.071295000135997 ], [ -118.561946, 34.070599000172002 ], [ -118.560920999635997, 34.069751999937601 ], [ -118.560254999866999, 34.068796000434602 ], [ -118.559695999499993, 34.068548000132203 ], [ -118.559425999983006, 34.068670999776899 ], [ -118.558996999955994, 34.068519000432303 ], [ -118.558245000116003, 34.068569999827403 ], [ -118.558245999901999, 34.0691009996075 ], [ -118.55820300005, 34.070010999941402 ], [ -118.558113000085996, 34.070235000073097 ], [ -118.557955000335994, 34.070274000010102 ], [ -118.557872000236998, 34.070609999852799 ], [ -118.557043999835003, 34.070987000257396 ], [ -118.557147999593994, 34.071547999976701 ], [ -118.557833000046003, 34.072177000348397 ], [ -118.558688000445997, 34.072388999818102 ], [ -118.559100000045007, 34.072990999951102 ], [ -118.559400000324004, 34.073664000104102 ], [ -118.559494000298002, 34.0740659997088 ], [ -118.559487999926006, 34.074500999567498 ], [ -118.560018997653003, 34.074774998400997 ], [ -118.560578001948997, 34.075219001461903 ], [ -118.560759999886997, 34.075522999642402 ], [ -118.560568999772002, 34.076078999759503 ], [ -118.560688999500996, 34.076334999831502 ], [ -118.561212999706996, 34.076718999667001 ], [ -118.561796999657005, 34.077430000307203 ], [ -118.561446999842005, 34.077790000076 ], [ -118.562351000220005, 34.0779069999124 ], [ -118.562851000262995, 34.078058999943899 ], [ -118.562963000202998, 34.077961000434399 ], [ -118.563393000036001, 34.077917000122198 ], [ -118.563768000373997, 34.0781449999835 ], [ -118.563958000309, 34.078453999883898 ], [ -118.563995000259993, 34.078678000026898 ], [ -118.564103999828006, 34.078899000075197 ], [ -118.564008999953003, 34.078946000119501 ], [ -118.563863000077006, 34.078801999929198 ], [ -118.563726999650996, 34.0784849995663 ], [ -118.563474000541007, 34.078476999569197 ], [ -118.563473000011001, 34.078620999882702 ], [ -118.563471000440998, 34.079041000078497 ], [ -118.563474999603002, 34.079132000423797 ], [ -118.563482000400001, 34.079284999867703 ], [ -118.563406000341999, 34.079488999725001 ], [ -118.563308000240994, 34.079638000364703 ], [ -118.563177000278998, 34.079717000002901 ], [ -118.563058999777994, 34.079616000068199 ], [ -118.563042999779, 34.0794560001696 ], [ -118.563039999696002, 34.079308999637597 ], [ -118.563067000049003, 34.079252000236998 ], [ -118.563054999939993, 34.079242000306401 ], [ -118.563174999636004, 34.078699000295103 ], [ -118.562891000063004, 34.078365999730998 ], [ -118.562254999863995, 34.078154000114502 ], [ -118.562107000503005, 34.078223000433397 ], [ -118.562311000099001, 34.078419999917102 ], [ -118.562365000279001, 34.078590999836599 ], [ -118.562341999496994, 34.078821999606099 ], [ -118.562142999803996, 34.078812000337699 ], [ -118.561992000098996, 34.078815000195299 ], [ -118.561776999857003, 34.079004000080801 ], [ -118.561666000377002, 34.079025999819699 ], [ -118.561519999878001, 34.078886000395002 ], [ -118.561299999813997, 34.078993000065701 ], [ -118.561249999669997, 34.078992999841297 ], [ -118.560719999868994, 34.0787310000117 ], [ -118.560243999530996, 34.078544999643299 ], [ -118.559999000182998, 34.0785919996692 ], [ -118.562241999991997, 34.0795220002029 ], [ -118.563074000452005, 34.079892000447799 ], [ -118.563702000286, 34.080075000091902 ], [ -118.564448999462002, 34.079911000081701 ], [ -118.564683000393003, 34.079894999845202 ], [ -118.564757000276003, 34.079845000355697 ], [ -118.564830000276004, 34.0798159998796 ], [ -118.564825999982006, 34.079804000277399 ], [ -118.565031000188, 34.079699000319401 ], [ -118.565115000087005, 34.079655999984503 ], [ -118.565382999524999, 34.079519000392203 ], [ -118.566280000519995, 34.078862000046598 ], [ -118.566198000320995, 34.0780440000322 ], [ -118.565768000489001, 34.076952000334899 ], [ -118.565616000098004, 34.076394000208701 ], [ -118.566012000035997, 34.0757270002659 ], [ -118.564629000460997, 34.074543999768999 ], [ -118.564478999911003, 34.073730999685203 ] ] ], [ [ [ -118.518286000451994, 34.037091000457004 ], [ -118.518128000372997, 34.037247000376098 ], [ -118.518023000187995, 34.0373580000742 ], [ -118.517836000467994, 34.037550000097397 ], [ -118.517948999658003, 34.037713000305999 ], [ -118.517865000331, 34.037860000070197 ], [ -118.517682000147005, 34.037996000004497 ], [ -118.517684999618993, 34.038134999618102 ], [ -118.517884000129996, 34.038335000263999 ], [ -118.518039000228995, 34.038499000340501 ], [ -118.517951999732006, 34.038696999844198 ], [ -118.517781000152993, 34.038802000216201 ], [ -118.517599000060997, 34.038758999659898 ], [ -118.517401000546002, 34.0385689996059 ], [ -118.517217999836006, 34.0383579995503 ], [ -118.517205999555998, 34.0380900003112 ], [ -118.517212000501999, 34.037846999732203 ], [ -118.517427999608003, 34.037744999550704 ], [ -118.517481999495004, 34.037681999699402 ], [ -118.516909000401, 34.037441999852099 ], [ -118.516775000105994, 34.036941000084603 ], [ -118.517031999563002, 34.0366889998852 ], [ -118.517544999571001, 34.035974999731501 ], [ -118.518405999522997, 34.035958999743499 ], [ -118.518540999796002, 34.036416999952998 ], [ -118.518261000246, 34.036849000034799 ], [ -118.518267000406993, 34.036858000386097 ], [ -118.518286000451994, 34.037091000457004 ] ] ], [ [ [ -118.518192999698996, 34.034975000421703 ], [ -118.518905999710995, 34.035037999973099 ], [ -118.518954999593007, 34.035538999879499 ], [ -118.518407999814002, 34.035662999723698 ], [ -118.518192999698996, 34.034975000421703 ] ] ], [ [ [ -118.518904000445005, 34.039177000255101 ], [ -118.518912000344002, 34.039264999707797 ], [ -118.518884000022993, 34.0393319996722 ], [ -118.518804000496004, 34.039364000234002 ], [ -118.518689000465997, 34.039393000265399 ], [ -118.518551000295005, 34.039395999916202 ], [ -118.518404999634001, 34.0393440003592 ], [ -118.518392000383997, 34.0392329999667 ], [ -118.518464000172003, 34.039188999876899 ], [ -118.518556999777005, 34.039215000144999 ], [ -118.518645999775998, 34.039167999658197 ], [ -118.518779999483002, 34.0391200002774 ], [ -118.518904000445005, 34.039177000255101 ] ] ], [ [ [ -118.518645999968996, 34.0344020002455 ], [ -118.518658000287999, 34.0342229997717 ], [ -118.518893999756997, 34.034188000017501 ], [ -118.519049999543995, 34.034297999963599 ], [ -118.519090000242002, 34.034481999916999 ], [ -118.518847999483995, 34.034566999978701 ], [ -118.518645999968996, 34.0344020002455 ] ] ], [ [ [ -118.520250729454006, 34.0299998499531 ], [ -118.520317338661997, 34.0300748342842 ], [ -118.520326108747994, 34.030107866973701 ], [ -118.520288257101001, 34.030105300499997 ], [ -118.520249057276999, 34.030052994437497 ], [ -118.520190325498007, 34.029994597497598 ], [ -118.520087602109996, 34.029959434037899 ], [ -118.519977623298004, 34.0299489091853 ], [ -118.519873851794003, 34.0299806720463 ], [ -118.519775901550005, 34.030062074765603 ], [ -118.519701807093995, 34.0301505099347 ], [ -118.519649900904, 34.030244234743201 ], [ -118.519603240224001, 34.030336879063 ], [ -118.519567455217995, 34.030447451732599 ], [ -118.51952173718, 34.030547046152201 ], [ -118.519475176474998, 34.030606978547603 ], [ -118.519431849822993, 34.030716829175901 ], [ -118.519407452701998, 34.030800519533798 ], [ -118.519390304715998, 34.030900736890601 ], [ -118.519371534678001, 34.031017159426497 ], [ -118.519370946983003, 34.031089934284502 ], [ -118.519466222432996, 34.031160272490503 ], [ -118.519482890746005, 34.031260031484301 ], [ -118.519497576015993, 34.031364877712399 ], [ -118.519516660880001, 34.031456421971498 ], [ -118.519532747935997, 34.031574068519397 ], [ -118.519173223809005, 34.031562885914397 ], [ -118.519157911639994, 34.031444257613103 ], [ -118.519141339580003, 34.031352952433998 ], [ -118.519142049346001, 34.031270162293502 ], [ -118.519171498144999, 34.031195927995299 ], [ -118.519208802742995, 34.031115582844599 ], [ -118.519238134073007, 34.0310101990544 ], [ -118.519270197284001, 34.030889771332802 ], [ -118.519311301179002, 34.030777596379103 ], [ -118.519358205038003, 34.030664921586499 ], [ -118.519415527508997, 34.030550605153998 ], [ -118.519470046088998, 34.030438130280402 ], [ -118.519514846465995, 34.030326836354 ], [ -118.519586334466993, 34.030202264215603 ], [ -118.519659997909997, 34.030075788146398 ], [ -118.519750410553996, 34.029966220378299 ], [ -118.519885026227001, 34.029914187309899 ], [ -118.520019276457006, 34.029892201845598 ], [ -118.520142304933998, 34.029932475420303 ], [ -118.520250729454006, 34.0299998499531 ] ] ], [ [ [ -118.519213000223004, 34.033996000276602 ], [ -118.519234999605004, 34.033830000151703 ], [ -118.519329000412, 34.033695000329601 ], [ -118.519517999559994, 34.033801999954903 ], [ -118.519515999505003, 34.0339599996137 ], [ -118.519336999697003, 34.034062999912997 ], [ -118.519213000223004, 34.033996000276602 ] ] ], [ [ [ -118.519819999687002, 34.033698999653197 ], [ -118.519450999822993, 34.033116999548497 ], [ -118.519841999511996, 34.032869000103503 ], [ -118.520274000488996, 34.033441000257397 ], [ -118.520358999829, 34.033696000180299 ], [ -118.520083000371997, 34.0339810001906 ], [ -118.519819999687002, 34.033698999653197 ] ] ], [ [ [ -118.540035000111004, 34.037365999844098 ], [ -118.540113000518005, 34.037430000059601 ], [ -118.540181999677998, 34.037481000052303 ], [ -118.540300999913001, 34.037508000154197 ], [ -118.540449000340004, 34.037551000159802 ], [ -118.54052699991, 34.037605000407098 ], [ -118.540534999884997, 34.037679999807402 ], [ -118.540468999661002, 34.037691000089097 ], [ -118.540424000067006, 34.037678000202 ], [ -118.540345999650995, 34.037646999713601 ], [ -118.540289000493999, 34.037623999587701 ], [ -118.540198999975999, 34.037589999728198 ], [ -118.540129999971001, 34.037559999830599 ], [ -118.540064000262007, 34.037516000426002 ], [ -118.539962000130998, 34.037463000373997 ], [ -118.539875999619994, 34.037406000297302 ], [ -118.539831000486998, 34.037330999769601 ], [ -118.539745000481005, 34.037270999961798 ], [ -118.539643999990005, 34.037223999956097 ], [ -118.539622000256998, 34.037158999995903 ], [ -118.539715000520005, 34.0371299997379 ], [ -118.539850000230004, 34.037192999962102 ], [ -118.539952000233001, 34.037267000229399 ], [ -118.540035000111004, 34.037365999844098 ] ] ], [ [ [ -118.555655000201, 34.039675000059603 ], [ -118.555801999861998, 34.039775000349103 ], [ -118.555846000051005, 34.039979999782602 ], [ -118.555921000168993, 34.039976000148002 ], [ -118.555977000259006, 34.040027000350598 ], [ -118.556059999740995, 34.0400939999627 ], [ -118.556019999778997, 34.040124000109202 ], [ -118.555961999481994, 34.040124000402002 ], [ -118.555902999731998, 34.040107000118901 ], [ -118.555841999501993, 34.040060999843 ], [ -118.555695000168996, 34.040136000363603 ], [ -118.555602000541995, 34.040166999768701 ], [ -118.555569000291001, 34.040234999743603 ], [ -118.555475000417999, 34.040313000078399 ], [ -118.555313999625, 34.040241000307503 ], [ -118.555315999578994, 34.040163999621498 ], [ -118.555336000243997, 34.040011000017898 ], [ -118.555259999520999, 34.039904000069001 ], [ -118.555245999486004, 34.039739999686503 ], [ -118.555432000387, 34.039649999596101 ], [ -118.555655000201, 34.039675000059603 ] ] ], [ [ [ -118.556503000185003, 34.040261999553898 ], [ -118.556431999873993, 34.040230999833 ], [ -118.55644299958, 34.040146999624397 ], [ -118.556548000117004, 34.040092999559697 ], [ -118.556643999867006, 34.0401890001487 ], [ -118.556604999677006, 34.040217999772302 ], [ -118.556565999813998, 34.040249999897199 ], [ -118.556503000185003, 34.040261999553898 ] ] ], [ [ [ -118.560970999774995, 34.044239000439802 ], [ -118.560953000259005, 34.044266000169003 ], [ -118.560895999658996, 34.044257999596297 ], [ -118.560855999680001, 34.044239999688202 ], [ -118.560839000433006, 34.044189999915503 ], [ -118.560834999506, 34.0441359999366 ], [ -118.560874000297005, 34.044095999576903 ], [ -118.560927000231999, 34.044077000145101 ], [ -118.560966000453007, 34.044076999750402 ], [ -118.560980000312995, 34.044120000425799 ], [ -118.560982999974996, 34.0441709998749 ], [ -118.560975999728001, 34.044215000143303 ], [ -118.560970999774995, 34.044239000439802 ] ] ], [ [ [ -118.561828999922994, 34.042427000173703 ], [ -118.561980000117998, 34.042770000128797 ], [ -118.561907000435994, 34.0430030001529 ], [ -118.561833999946998, 34.0432569999493 ], [ -118.561551999504999, 34.043310999870897 ], [ -118.561473000055997, 34.043128000369499 ], [ -118.561503000122002, 34.042870000038299 ], [ -118.561228000271001, 34.0426849996473 ], [ -118.561200999465001, 34.042478999804302 ], [ -118.561264000283998, 34.042468000151203 ], [ -118.561536999584007, 34.0425919996201 ], [ -118.561746999890005, 34.0424319999319 ], [ -118.561828999922994, 34.042427000173703 ] ] ], [ [ [ -118.568587000061001, 34.047480000061199 ], [ -118.568586999816006, 34.047582000189998 ], [ -118.568556999910001, 34.0476950004062 ], [ -118.568206999652006, 34.047583000369897 ], [ -118.568189000526999, 34.0474760000629 ], [ -118.568212000206003, 34.047475999780502 ], [ -118.568202999552994, 34.0473579996181 ], [ -118.568125999656999, 34.0472309996604 ], [ -118.568202000219003, 34.047117999859097 ], [ -118.568333000438003, 34.0471070000171 ], [ -118.568464999721996, 34.047180999806997 ], [ -118.568523999679002, 34.047285000123097 ], [ -118.568568000376004, 34.0473760003376 ], [ -118.568587000061001, 34.047480000061199 ] ] ] ] } }
]
}
