{
"type": "FeatureCollection",
"name": "la_2025_eaton",
"crs": { "type": "name", "properties": { "name": "urn:ogc:def:crs:OGC:1.3:CRS84" } },
"features": [
{ "type": "Feature", "properties": { "OBJECTID": 53438, "poly_SourceOID": 33627, "poly_IncidentName": "Eaton", "poly_FeatureCategory": "Wildfire Final Fire Perimeter", "poly_MapMethod": "Mixed Methods", "poly_GISAcres": 14021.11, "poly_DeleteThis": "No", "poly_FeatureAccess": "Public", "poly_FeatureStatus": "Approved", "poly_IsVisible": "Yes", "poly_CreateDate": null, "poly_DateCurrent": null, "poly_PolygonDateTime": 1778604836894, "poly_IRWINID": "{72660ADC-B5EF-4D96-A33F-B4EA3740A4E3}", "poly_FORID": "{FC53F804-CEFD-4ECE-8689-2131EFD7936E}", "poly_Acres_AutoCalc": 14021.054469219829, "poly_SourceGlobalID": null, "poly_Source": "FFP", "attr_SourceOID": 9167538, "attr_ABCDMisc": null, "attr_ADSPermissionState": "CERTIFIED", "attr_CalculatedAcres": 14021.14, "attr_ContainmentDateTime": 1738364400000, "attr_ControlDateTime": 1739833200000, "attr_CreatedBySystem": "lacocad", "attr_IncidentSize": 14021.14, "attr_DiscoveryAcres": null, "attr_DispatchCenterID": "CALACC", "attr_EstimatedCostToDate": null, "attr_FinalAcres": null, "attr_FFReportApprovedByTitle": null, "attr_FFReportApprovedByUnit": null, "attr_FFReportApprovedDate": 1778604824650, "attr_FireBehaviorGeneral": null, "attr_FireBehaviorGeneral1": null, "attr_FireBehaviorGeneral2": null, "attr_FireBehaviorGeneral3": null, "attr_FireCause": "Human", "attr_FireCauseGeneral": "Power generation / transmission / distribution", "attr_FireCauseSpecific": "Other", "attr_FireCode": "SD94", "attr_FireDepartmentID": null, "attr_FireDiscoveryDateTime": 1736302727000, "attr_FireMgmtComplexity": null, "attr_FireOutDateTime": 1739847600000, "attr_FireStrategyConfinePercent": null, "attr_FireStrategyFullSuppPrcnt": null, "attr_FireStrategyMonitorPercent": null, "attr_FireStrategyPointZonePrcnt": null, "attr_FSJobCode": null, "attr_FSOverrideCode": null, "attr_GACC": "OSCC", "attr_ICS209ReportDateTime": null, "attr_ICS209RptForTimePeriodFrom": null, "attr_ICS209RptForTimePeriodTo": null, "attr_ICS209ReportStatus": null, "attr_IncidentManagementOrg": null, "attr_IncidentName": "EATON", "attr_IncidentShortDescription": null, "attr_IncidentTypeCategory": "WF", "attr_IncidentTypeKind": "FI", "attr_InitialLatitude": 34.19163, "attr_InitialLongitude": -118.10544, "attr_InitialResponseAcres": null, "attr_InitialResponseDateTime": null, "attr_IrwinID": null, "attr_IsFireCauseInvestigated": null, "attr_IsFireCodeRequested": null, "attr_IsFSAssisted": 1, "attr_IsMultiJurisdictional": null, "attr_IsQuarantined": 0, "attr_IsReimbursable": null, "attr_IsTrespass": 0, "attr_IsUnifiedCommand": null, "attr_IsValid": 1, "attr_LocalIncidentIdentifier": "009087", "attr_ModifiedBySystem": "wfdss", "attr_PercentContained": null, "attr_PercentPerimToBeContained": null, "attr_POOCity": "Altadena", "attr_POOCounty": "Los Angeles", "attr_POODispatchCenterID": "CALACC", "attr_POOFips": "06037", "attr_POOJurisdictionalAgency": null, "attr_POOJurisdictionalUnit": null, "attr_POOJurisdictUnitParentUnit": null, "attr_POOLandownerCategory": "Private", "attr_POOLandownerKind": "Private", "attr_POOLegalDescPrincipalMerid": null, "attr_POOLegalDescQtr": null, "attr_POOLegalDescQtrQtr": null, "attr_POOLegalDescRange": null, "attr_POOLegalDescSection": null, "attr_POOLegalDescTownship": null, "attr_POOPredictiveServiceAreaID": null, "attr_POOProtectingAgency": "C&L", "attr_POOProtectingUnit": "CALAC", "attr_POOState": "US-CA", "attr_PredominantFuelGroup": "Grass-Shrub", "attr_PredominantFuelModel": "GS2", "attr_PrimaryFuelModel": null, "attr_SecondaryFuelModel": null, "attr_TotalIncidentPersonnel": null, "attr_UniqueFireIdentifier": "2025-CALAC-009087", "attr_FORID": "{FC53F804-CEFD-4ECE-8689-2131EFD7936E}", "attr_WFDSSDecisionStatus": null, "attr_EstimatedFinalCost": null, "attr_OrganizationalAssessment": null, "attr_StratDecisionPublishDate": null, "attr_CreatedOnDateTime_dt": 1736302968000, "attr_ModifiedOnDateTime_dt": 1741196651133, "attr_Source": "FODR", "attr_IsCpxChild": 0, "attr_CpxName": null, "attr_CpxID": null, "attr_SourceGlobalID": "{51F90046-B8FC-4B4A-A36F-3926BFF5E76D}", "GlobalID": "1084b2dc-3a83-4686-a25f-89d424bb0e1d", "Shape__Area": 0.0055499815682651388, "Shape__Length": 0.91922699044831835, "attr_IncidentComplexityLevel": null }, "geometry": { "type": "MultiPolygon", "coordinates": [ [ [ [ -118.159812446, 34.2101671570001 ], [ -118.159861957, 34.209953477000099 ], [ -118.159605722, 34.2095975760001 ], [ -118.159223726, 34.209329991000097 ], [ -118.159211875, 34.209007019000097 ], [ -118.159563373, 34.208909727 ], [ -118.159563373, 34.2086006440001 ], [ -118.159892133, 34.208419281 ], [ -118.159757406, 34.20827251 ], [ -118.159811064, 34.20794649 ], [ -118.160265826, 34.208069046 ], [ -118.160290876, 34.208075797 ], [ -118.160521371, 34.208015868000103 ], [ -118.160584709, 34.207920862 ], [ -118.160605822, 34.207873358 ], [ -118.160737776, 34.207831133000099 ], [ -118.160811669, 34.2077941860001 ], [ -118.160880285, 34.207704458 ], [ -118.160876795, 34.207691661000098 ], [ -118.160859322, 34.207627593 ], [ -118.160848616, 34.207588339 ], [ -118.160769444, 34.207514445000101 ], [ -118.160732497, 34.207472220000099 ], [ -118.160801113, 34.207440551 ], [ -118.160848616, 34.207477498000102 ], [ -118.160890841, 34.207482776000099 ], [ -118.160933066, 34.207498610000101 ], [ -118.160991126, 34.207493332000098 ], [ -118.16100696, 34.2074563850001 ], [ -118.16107901, 34.207466678000102 ], [ -118.161087266, 34.207468054000103 ], [ -118.161103585, 34.207466941000099 ], [ -118.161140239, 34.207466941000099 ], [ -118.161172408, 34.207470959 ], [ -118.161185121, 34.207472547000101 ], [ -118.161227817, 34.207477121000103 ], [ -118.161286757, 34.2074884560001 ], [ -118.161379702, 34.207524727000099 ], [ -118.161437043, 34.2075820680001 ], [ -118.161443607, 34.207584242000102 ], [ -118.161451521, 34.207615762 ], [ -118.161454577, 34.207629133000097 ], [ -118.161486261, 34.207639593000103 ], [ -118.161503832, 34.207666229 ], [ -118.161516551, 34.207693950000099 ], [ -118.161493344, 34.207728270000104 ], [ -118.161509177, 34.207756794 ], [ -118.161519757, 34.2077881640001 ], [ -118.161534636, 34.207819764000099 ], [ -118.161530765, 34.207859269 ], [ -118.161542284, 34.207887966 ], [ -118.161533684, 34.207916502 ], [ -118.161575718, 34.207951195000099 ], [ -118.161531878, 34.207949537 ], [ -118.161551684, 34.207955592000097 ], [ -118.161563336, 34.207955754000103 ], [ -118.161584054, 34.20796024 ], [ -118.161574977, 34.20798411 ], [ -118.161551074, 34.2080034210001 ], [ -118.161529736, 34.208035239 ], [ -118.161512383, 34.208065261000101 ], [ -118.161501383, 34.208096693000101 ], [ -118.16150367, 34.208128163 ], [ -118.161495766, 34.2081625880001 ], [ -118.161487511, 34.208189412 ], [ -118.161486342, 34.208220801 ], [ -118.161479329, 34.208256834000103 ], [ -118.161492867, 34.20829021 ], [ -118.1615289, 34.2082902490001 ], [ -118.161535946, 34.208317213 ], [ -118.161552213, 34.208345839000103 ], [ -118.161586503, 34.208365739 ], [ -118.161605508, 34.208388508 ], [ -118.161625571, 34.208415590000101 ], [ -118.161611443, 34.2084456750001 ], [ -118.161596822, 34.208477015 ], [ -118.16158426, 34.208506841 ], [ -118.16156278, 34.208528713000099 ], [ -118.161539852, 34.208553053000102 ], [ -118.161541957, 34.2085864700001 ], [ -118.161524885, 34.208610918 ], [ -118.161508273, 34.2086385120001 ], [ -118.161491766, 34.208672017 ], [ -118.16148834, 34.208706832000097 ], [ -118.161463049, 34.208740261000102 ], [ -118.161443953, 34.208767597000097 ], [ -118.161426133, 34.208796886000101 ], [ -118.161433939, 34.208834350000103 ], [ -118.161463055, 34.208857187 ], [ -118.161496653, 34.208865784000103 ], [ -118.161530243, 34.208878096 ], [ -118.161569609, 34.208885116 ], [ -118.161607902, 34.208885872000103 ], [ -118.161604891, 34.208919232 ], [ -118.161619686, 34.208948655 ], [ -118.161655575, 34.208940393 ], [ -118.161692348, 34.208932513 ], [ -118.161708581, 34.208966323 ], [ -118.161710473, 34.208995888000103 ], [ -118.161686522, 34.209017568 ], [ -118.161664894, 34.209049183 ], [ -118.161690173, 34.209088269000098 ], [ -118.161765435, 34.209109815 ], [ -118.161770109, 34.209168505 ], [ -118.161728624, 34.209153161000103 ], [ -118.161646827, 34.209136421 ], [ -118.161613383, 34.209134398000103 ], [ -118.161584682, 34.209120097 ], [ -118.161556325, 34.209134816000102 ], [ -118.161528024, 34.209160892000099 ], [ -118.161505009, 34.209181017 ], [ -118.161473859, 34.2091934090001 ], [ -118.161438948, 34.209191928000102 ], [ -118.161405223, 34.209197131000103 ], [ -118.161402458, 34.209229824 ], [ -118.161425351, 34.209255861 ], [ -118.16139801, 34.209278479 ], [ -118.161401501, 34.209310805 ], [ -118.161373951, 34.209342013 ], [ -118.161336908, 34.209352591 ], [ -118.161304637, 34.209377778 ], [ -118.161307813, 34.2094104540001 ], [ -118.16133324, 34.209431174 ], [ -118.161353387, 34.209457863000097 ], [ -118.16137979, 34.209485021 ], [ -118.161411022, 34.209498860000103 ], [ -118.161442271, 34.209469273 ], [ -118.161478264, 34.209474834 ], [ -118.161517932, 34.209481097 ], [ -118.161527165, 34.209508544000101 ], [ -118.161563551, 34.209507301 ], [ -118.161556539, 34.209534257 ], [ -118.161555399, 34.209537403000098 ], [ -118.161542994, 34.209571621000102 ], [ -118.161490311, 34.209703569000098 ], [ -118.161477272, 34.209731981000097 ], [ -118.16145724, 34.209763912 ], [ -118.161458516, 34.209791482000099 ], [ -118.161445989, 34.209825551000101 ], [ -118.161416439, 34.20983848 ], [ -118.161400338, 34.209863489 ], [ -118.161386819, 34.209889167 ], [ -118.16135414, 34.2099019730001 ], [ -118.161323868, 34.209919570000103 ], [ -118.161283684, 34.209912678000101 ], [ -118.16125512, 34.209933208000102 ], [ -118.161236521, 34.209959057 ], [ -118.161209579, 34.209981955 ], [ -118.161179611, 34.209998982000101 ], [ -118.161144417, 34.21000158 ], [ -118.161109085, 34.210005073 ], [ -118.161087209, 34.210027526 ], [ -118.161071007, 34.210051668000098 ], [ -118.161076482, 34.210084175000098 ], [ -118.161051966, 34.210116849 ], [ -118.161017724, 34.210117012000097 ], [ -118.161013086, 34.210087739000102 ], [ -118.16101087, 34.210054490000097 ], [ -118.161000135, 34.210023736 ], [ -118.160976113, 34.21000394 ], [ -118.160940292, 34.210031033000099 ], [ -118.1609068, 34.210052695000101 ], [ -118.160867541, 34.210047385000102 ], [ -118.160832269, 34.210049175000101 ], [ -118.160794999, 34.210052267 ], [ -118.160780088, 34.210078816000099 ], [ -118.16078484, 34.210108406000103 ], [ -118.160781883, 34.210137913 ], [ -118.160787599, 34.210173089000101 ], [ -118.160783755, 34.210203202000102 ], [ -118.160791781, 34.2102393770001 ], [ -118.160791939, 34.210239728 ], [ -118.160801405, 34.2102605050001 ], [ -118.160807236, 34.2102787950001 ], [ -118.160806717, 34.210292877 ], [ -118.160805928, 34.210314296 ], [ -118.160805536, 34.210318862000101 ], [ -118.160832438, 34.2103389500001 ], [ -118.16083224, 34.210354164000101 ], [ -118.160832041, 34.210369455 ], [ -118.160808953, 34.210380711 ], [ -118.160754247, 34.210406812 ], [ -118.160723645, 34.210421413000098 ], [ -118.160622931, 34.210469465000102 ], [ -118.160554537, 34.210502096 ], [ -118.16044425, 34.2105547150001 ], [ -118.160399237, 34.210576192000097 ], [ -118.160234402, 34.210944111000103 ], [ -118.159716052, 34.211016119000099 ], [ -118.159816908, 34.2110577340001 ], [ -118.159855135, 34.211067395 ], [ -118.159891299, 34.211078684 ], [ -118.15992459, 34.211095676000099 ], [ -118.159948677, 34.211119528 ], [ -118.159980363, 34.211144293000103 ], [ -118.159994349, 34.211146631000098 ], [ -118.160019064, 34.211165468 ], [ -118.160016832, 34.211182267 ], [ -118.159985658, 34.211207526000102 ], [ -118.159962768, 34.211231522 ], [ -118.159923095, 34.211236190000101 ], [ -118.159881131, 34.211246092000103 ], [ -118.159858034, 34.211272395 ], [ -118.159840594, 34.21129856 ], [ -118.159811589, 34.211315911 ], [ -118.159836386, 34.211338803 ], [ -118.159842568, 34.211368994000097 ], [ -118.1598687, 34.211389126 ], [ -118.159902371, 34.211391092 ], [ -118.159932943, 34.211404951000098 ], [ -118.159943988, 34.211377754000097 ], [ -118.159970079, 34.211358418 ], [ -118.159972098, 34.211389636 ], [ -118.159978601, 34.211418718000097 ], [ -118.159974392, 34.211456533 ], [ -118.159938662, 34.211473214000101 ], [ -118.159892614, 34.211462729000097 ], [ -118.159860046, 34.2114570090001 ], [ -118.159890837, 34.211482182000097 ], [ -118.159887482, 34.211514605 ], [ -118.159890695, 34.211548459 ], [ -118.159888725, 34.211578094000103 ], [ -118.159849032, 34.211563734 ], [ -118.159837109, 34.2115367110001 ], [ -118.159807496, 34.211549697000102 ], [ -118.159768871, 34.211563891 ], [ -118.159751304, 34.211539726000098 ], [ -118.159750822, 34.211509445 ], [ -118.159733619, 34.211485409 ], [ -118.159694773, 34.211482512 ], [ -118.15965844, 34.211474432 ], [ -118.159617149, 34.211480821000102 ], [ -118.159595472, 34.211513545000102 ], [ -118.159568246, 34.211537478 ], [ -118.159580848, 34.211567089 ], [ -118.15961388, 34.211574355 ], [ -118.159650843, 34.211580270000098 ], [ -118.159667878, 34.2115955350001 ], [ -118.15960409, 34.2118018030001 ], [ -118.15960294, 34.211806891 ], [ -118.159402383, 34.211897060000098 ], [ -118.159130157, 34.212019452 ], [ -118.159037074, 34.212040337000097 ], [ -118.15902348, 34.212045669000098 ], [ -118.158753349, 34.212402338000103 ], [ -118.158453709, 34.212265302 ], [ -118.158291484, 34.212234488 ], [ -118.158210801, 34.212219162000103 ], [ -118.157953628, 34.212170313000101 ], [ -118.157933742, 34.212166536 ], [ -118.157921773, 34.212164263 ], [ -118.157639101, 34.212129387000097 ], [ -118.157593719, 34.2122122150001 ], [ -118.157380032, 34.212602219000097 ], [ -118.15736383, 34.212628488000099 ], [ -118.157327785, 34.2126951810001 ], [ -118.157116012, 34.213032169 ], [ -118.157029161, 34.213176074 ], [ -118.157099622, 34.21345942 ], [ -118.157351701, 34.2133268360001 ], [ -118.157413313, 34.213294431000101 ], [ -118.157456222, 34.213271862000099 ], [ -118.157458142, 34.213259334 ], [ -118.15749155, 34.213253281 ], [ -118.15749202, 34.213253034 ], [ -118.157543238, 34.213226095 ], [ -118.157814042, 34.2131941210001 ], [ -118.157825543, 34.213192763000102 ], [ -118.157865872, 34.213559417000099 ], [ -118.157806692, 34.213877343 ], [ -118.158006794, 34.214180800000101 ], [ -118.157982419, 34.214210613 ], [ -118.157976483, 34.214240033000102 ], [ -118.157966108, 34.214284588000098 ], [ -118.15793353, 34.214304272 ], [ -118.157889145, 34.214308072000101 ], [ -118.157857586, 34.214315083 ], [ -118.157823876, 34.214312685 ], [ -118.157783047, 34.2143051460001 ], [ -118.157781713, 34.214332856000098 ], [ -118.157747914, 34.214344371 ], [ -118.157713027, 34.214313852 ], [ -118.157691066, 34.214287684000098 ], [ -118.157646005, 34.214288797000101 ], [ -118.157606292, 34.2142862090001 ], [ -118.15758702, 34.214254345 ], [ -118.157566225, 34.21422734 ], [ -118.157544364, 34.214175836 ], [ -118.157466359, 34.214165849 ], [ -118.157483033, 34.214194330000097 ], [ -118.157442659, 34.214198009 ], [ -118.157401894, 34.214219974000102 ], [ -118.157368065, 34.214222916 ], [ -118.157329351, 34.214230456000102 ], [ -118.157297577, 34.214243614000097 ], [ -118.157271378, 34.214268519 ], [ -118.157245962, 34.214290957000102 ], [ -118.157225694, 34.2143189660001 ], [ -118.157203957, 34.214347678 ], [ -118.157193346, 34.214374565000099 ], [ -118.157168342, 34.214394025 ], [ -118.157127867, 34.214406459 ], [ -118.157080489, 34.214420067 ], [ -118.157046199, 34.214429116000098 ], [ -118.157027784, 34.21445218 ], [ -118.156997754, 34.214473059000099 ], [ -118.156962912, 34.214463609000099 ], [ -118.156923563, 34.214472498000099 ], [ -118.156885772, 34.214455268000101 ], [ -118.156866105, 34.214479061000098 ], [ -118.156851521, 34.214506251 ], [ -118.156825444, 34.214529427000102 ], [ -118.156783623, 34.214532182 ], [ -118.156742032, 34.214519081 ], [ -118.156704412, 34.214509824000103 ], [ -118.156666864, 34.214513206 ], [ -118.156623409, 34.214497561 ], [ -118.156579091, 34.214477736 ], [ -118.156540873, 34.214469507 ], [ -118.156535851, 34.214496788000098 ], [ -118.156528987, 34.214532662000103 ], [ -118.15651181, 34.214557348 ], [ -118.156489612, 34.214578377000102 ], [ -118.156465964, 34.214604007 ], [ -118.156433276, 34.214619208 ], [ -118.156430006, 34.2146507 ], [ -118.15643782, 34.2146800800001 ], [ -118.156418516, 34.214713694000103 ], [ -118.156418271, 34.214750647000102 ], [ -118.156408656, 34.214787436000101 ], [ -118.15640147, 34.214819382 ], [ -118.156396872, 34.214853031000096 ], [ -118.156411256, 34.2148849330001 ], [ -118.156392344, 34.214916430000102 ], [ -118.156386063, 34.214947784000103 ], [ -118.156399926, 34.21498201 ], [ -118.156406238, 34.215009956000102 ], [ -118.156427599, 34.215036014000098 ], [ -118.156438177, 34.215064486000102 ], [ -118.15646471, 34.21508536 ], [ -118.156474208, 34.21512152 ], [ -118.156469336, 34.215155847000098 ], [ -118.156450028, 34.215180366 ], [ -118.1564177, 34.215200552000098 ], [ -118.156400733, 34.215231045000102 ], [ -118.156420546, 34.215260640000103 ], [ -118.156449757, 34.215284791 ], [ -118.15647389, 34.215305855000103 ], [ -118.156482856, 34.215336001 ], [ -118.156501795, 34.215360593000099 ], [ -118.156540025, 34.215379384000101 ], [ -118.156531244, 34.215410414000097 ], [ -118.156513027, 34.2154475560001 ], [ -118.156536284, 34.215474423 ], [ -118.156525601, 34.21550015 ], [ -118.156728161, 34.215529179 ], [ -118.156728783, 34.215546446000097 ], [ -118.156741639, 34.215569099 ], [ -118.156744194, 34.215599229000098 ], [ -118.156744078, 34.2156349380001 ], [ -118.156740537, 34.215664566 ], [ -118.156741294, 34.215694599000102 ], [ -118.15673886, 34.215725512000098 ], [ -118.156738539, 34.215727429 ], [ -118.156733227, 34.215759128000101 ], [ -118.156732095, 34.215765881 ], [ -118.156714315, 34.215806175000097 ], [ -118.156706108, 34.215833969000101 ], [ -118.156705513, 34.215835985000098 ], [ -118.156704266, 34.215840207 ], [ -118.156672676, 34.215862580000099 ], [ -118.156642606, 34.215885984000103 ], [ -118.156627894, 34.215912243 ], [ -118.156606439, 34.21593669 ], [ -118.156592524, 34.215960947 ], [ -118.156588598, 34.21596779 ], [ -118.15657451, 34.215999006000096 ], [ -118.156543129, 34.2160149790001 ], [ -118.15652256, 34.21602999 ], [ -118.156512433, 34.216039983 ], [ -118.156495349, 34.216061634 ], [ -118.156487808, 34.216064284 ], [ -118.156458298, 34.216093404 ], [ -118.156441767, 34.216095950000103 ], [ -118.156088388, 34.21615037 ], [ -118.156079097, 34.216151801 ], [ -118.156077395, 34.216152063 ], [ -118.15597618, 34.216202523 ], [ -118.155809093, 34.216292653 ], [ -118.155749914, 34.216512692 ], [ -118.155743456, 34.216515052 ], [ -118.155742227, 34.216519215000098 ], [ -118.155718917, 34.216526016 ], [ -118.1556812, 34.216539734 ], [ -118.155643917, 34.216553183 ], [ -118.155642008, 34.216554368000097 ], [ -118.15563836, 34.216556633 ], [ -118.155609484, 34.216571406000099 ], [ -118.155592084, 34.216572815000099 ], [ -118.15557545, 34.2165738160001 ], [ -118.155571047, 34.216574518000101 ], [ -118.155556289, 34.21657687 ], [ -118.15548999, 34.216592016 ], [ -118.155453942, 34.216582330000101 ], [ -118.155410433, 34.216589600000098 ], [ -118.155389512, 34.21659973 ], [ -118.155376633, 34.216605967000099 ], [ -118.155344583, 34.216613467000101 ], [ -118.155341632, 34.216616863000098 ], [ -118.155340853, 34.216617044 ], [ -118.155313004, 34.216648439 ], [ -118.15529805, 34.2166627 ], [ -118.155285115, 34.216694500000102 ], [ -118.155276883, 34.216723317000103 ], [ -118.155245367, 34.216735333 ], [ -118.15520635, 34.216737767 ], [ -118.155163484, 34.216733783000102 ], [ -118.155123833, 34.216740333000097 ], [ -118.15508685, 34.216739667000098 ], [ -118.155050733, 34.2167468170001 ], [ -118.1550054, 34.216758016 ], [ -118.154975283, 34.216769867 ], [ -118.15493345, 34.216791300000096 ], [ -118.154891, 34.216800416000098 ], [ -118.1548494, 34.216808833000101 ], [ -118.15481985, 34.216828867000103 ], [ -118.154788884, 34.216838933000098 ], [ -118.154768749, 34.216862950000099 ], [ -118.154731266, 34.216873067000101 ], [ -118.154695, 34.216874916000101 ], [ -118.154653017, 34.216889783000099 ], [ -118.154614217, 34.216912816 ], [ -118.154590933, 34.216932634 ], [ -118.154562083, 34.21695585 ], [ -118.154539783, 34.2169841830001 ], [ -118.154511583, 34.2170092160001 ], [ -118.154497667, 34.217034167000101 ], [ -118.154469317, 34.217050466 ], [ -118.154442365, 34.217071367000102 ], [ -118.154418783, 34.217093600000098 ], [ -118.154391524, 34.217106161000103 ], [ -118.154397417, 34.217121184000099 ], [ -118.154407917, 34.217156083000098 ], [ -118.154422984, 34.217182967 ], [ -118.154450251, 34.217207633 ], [ -118.154484134, 34.217227917000102 ], [ -118.154521433, 34.217236017000097 ], [ -118.154569384, 34.217243567 ], [ -118.154611267, 34.21725595 ], [ -118.154646917, 34.2172725 ], [ -118.154687316, 34.21726905 ], [ -118.154720833, 34.21728505 ], [ -118.154746267, 34.217266216 ], [ -118.154779917, 34.2172528830001 ], [ -118.154816234, 34.217251834 ], [ -118.1548378, 34.2172247170001 ], [ -118.154854417, 34.217197967000097 ], [ -118.154883183, 34.217217133000098 ], [ -118.154888817, 34.217246250000102 ], [ -118.154918683, 34.217232317 ], [ -118.154951017, 34.217246883 ], [ -118.154978416, 34.217267617000097 ], [ -118.155003183, 34.217286517 ], [ -118.155014817, 34.217314366 ], [ -118.155043617, 34.217340533 ], [ -118.155075933, 34.2173271670001 ], [ -118.15509595, 34.217305166000102 ], [ -118.155075716, 34.217278766 ], [ -118.155073984, 34.217248316000102 ], [ -118.155101767, 34.2172697 ], [ -118.155127566, 34.217287217 ], [ -118.155163, 34.217281567 ], [ -118.1551922, 34.217305516000103 ], [ -118.155232717, 34.217305783 ], [ -118.155258417, 34.217287483000099 ], [ -118.155289019, 34.217283261 ], [ -118.155295017, 34.217282434 ], [ -118.155296667, 34.217280776000102 ], [ -118.155628989, 34.2175400530001 ], [ -118.155644467, 34.217552129000097 ], [ -118.15567242, 34.217573938 ], [ -118.155808005, 34.217687496000103 ], [ -118.155817132, 34.21769514 ], [ -118.156206656, 34.218139103000098 ], [ -118.156211959, 34.218155775000099 ], [ -118.156218853, 34.218177452000099 ], [ -118.156220559, 34.218179585 ], [ -118.156265302, 34.218291442000101 ], [ -118.156316572, 34.218461364000099 ], [ -118.156310347, 34.218465114 ], [ -118.156414383, 34.2187922090001 ], [ -118.156423505, 34.218820890000103 ], [ -118.156446724, 34.2188938910001 ], [ -118.156485163, 34.219014745 ], [ -118.15649851, 34.219056710000103 ], [ -118.156237468, 34.219322614000099 ], [ -118.156214497, 34.219346013000099 ], [ -118.155869355, 34.219697586000102 ], [ -118.155794862, 34.219773467 ], [ -118.155826223, 34.219790019000101 ], [ -118.155195751, 34.220296717000103 ], [ -118.153831773, 34.220660274000103 ], [ -118.153196296, 34.2211024960001 ], [ -118.152225505, 34.220866842000099 ], [ -118.15058153, 34.221615263 ], [ -118.148790258, 34.2215725900001 ], [ -118.146906557, 34.220599767000103 ], [ -118.146544186, 34.220412624000097 ], [ -118.146355963, 34.220315418 ], [ -118.146315916, 34.220294736 ], [ -118.146251872, 34.220261661000102 ], [ -118.146205912, 34.220237925 ], [ -118.145771296, 34.220013471000101 ], [ -118.145555111, 34.219901824 ], [ -118.145554574, 34.219901826000097 ], [ -118.145102943, 34.219903223000102 ], [ -118.144974751, 34.219903619 ], [ -118.144967969, 34.21990364 ], [ -118.144909473, 34.219904005 ], [ -118.144892214, 34.219904113 ], [ -118.144887842, 34.21990414 ], [ -118.144785986, 34.219904203000098 ], [ -118.144696954, 34.219904478 ], [ -118.144634657, 34.21979873 ], [ -118.144617789, 34.219770096 ], [ -118.144607676, 34.219752932000098 ], [ -118.144596614, 34.219734153 ], [ -118.144580859, 34.219707408 ], [ -118.144170316, 34.219010519000101 ], [ -118.143785862, 34.218357915000098 ], [ -118.143785051, 34.218356539000098 ], [ -118.14371506, 34.218335217000103 ], [ -118.143662777, 34.218319290000103 ], [ -118.143660048, 34.218315932000102 ], [ -118.143574715, 34.218289936000097 ], [ -118.143539495, 34.218279206 ], [ -118.143463834, 34.218256157 ], [ -118.143432418, 34.218246586000099 ], [ -118.143278862, 34.218199806 ], [ -118.142071454, 34.2172677020001 ], [ -118.141492287, 34.217099607000101 ], [ -118.139642255, 34.217396739 ], [ -118.137968808, 34.217498213000098 ], [ -118.137622488, 34.217597781000102 ], [ -118.137549665, 34.217618718 ], [ -118.137477501, 34.217639465 ], [ -118.136946674, 34.217792079 ], [ -118.136528166, 34.217912401 ], [ -118.136515386, 34.217916076000101 ], [ -118.136307908, 34.217975726000098 ], [ -118.136186262, 34.2180107 ], [ -118.136105722, 34.218033855 ], [ -118.135940243, 34.218081431 ], [ -118.134525071, 34.217316655 ], [ -118.133998124, 34.217180148000097 ], [ -118.133705436, 34.217200521000102 ], [ -118.133109899, 34.217390469000101 ], [ -118.13277453, 34.217650306000102 ], [ -118.132752299, 34.217667531000103 ], [ -118.132787975, 34.217698065 ], [ -118.133145658, 34.218004202 ], [ -118.133725461, 34.218383988 ], [ -118.133789578, 34.218434366000103 ], [ -118.133793145, 34.218436054000101 ], [ -118.134097404, 34.218580051000103 ], [ -118.134222443, 34.21864264 ], [ -118.134366153, 34.218704138000099 ], [ -118.134502952, 34.218685856 ], [ -118.134746717, 34.218653279000101 ], [ -118.134972275, 34.218623136000097 ], [ -118.135174947, 34.218598719000099 ], [ -118.135200978, 34.218592572 ], [ -118.13513559, 34.218811658 ], [ -118.135121008, 34.218860515000102 ], [ -118.135052105, 34.219091375000097 ], [ -118.135000638, 34.219263817000098 ], [ -118.134945762, 34.219447682000101 ], [ -118.134898558, 34.219605836 ], [ -118.134894782, 34.219618487 ], [ -118.134547389, 34.219645295000099 ], [ -118.134517743, 34.219647583 ], [ -118.134425592, 34.219616293000101 ], [ -118.134182294, 34.21953368 ], [ -118.133935167, 34.2194497670001 ], [ -118.133770764, 34.219396072000102 ], [ -118.133658619, 34.219368377 ], [ -118.133589839, 34.219432329 ], [ -118.133345844, 34.219659201000098 ], [ -118.133334639, 34.219653412000099 ], [ -118.133065706, 34.219514491 ], [ -118.133064818, 34.219515444 ], [ -118.133038955, 34.219543189 ], [ -118.132892173, 34.219700652 ], [ -118.132787636, 34.2197685 ], [ -118.132786187, 34.219769441 ], [ -118.132231408, 34.219629584000103 ], [ -118.132201055, 34.219618747 ], [ -118.132098207, 34.219582026000097 ], [ -118.131980786, 34.219532643 ], [ -118.131865544, 34.219498956000102 ], [ -118.13139928, 34.219712069 ], [ -118.130945019, 34.219878654000098 ], [ -118.130322245, 34.220154627000099 ], [ -118.130230559, 34.220525395 ], [ -118.130119123, 34.220843648 ], [ -118.130112991, 34.220846794000103 ], [ -118.130041224, 34.220883624000102 ], [ -118.129399708, 34.221212834 ], [ -118.128860611, 34.221452413000101 ], [ -118.12881866, 34.221471056 ], [ -118.128782428, 34.221468193000099 ], [ -118.128765706, 34.221448622 ], [ -118.128744245, 34.221418314000097 ], [ -118.12869383, 34.221418834000097 ], [ -118.128663137, 34.221431067 ], [ -118.128629141, 34.221440679000096 ], [ -118.128622767, 34.2214103210001 ], [ -118.128599084, 34.221390117000098 ], [ -118.128564878, 34.221374147000098 ], [ -118.12853651, 34.221354446000099 ], [ -118.128500056, 34.221342398 ], [ -118.128469523, 34.221369305000103 ], [ -118.128474414, 34.221400089 ], [ -118.128492491, 34.221425272 ], [ -118.128497269, 34.221431929000097 ], [ -118.128494874, 34.221437909 ], [ -118.128491939, 34.221445239 ], [ -118.128490605, 34.221448570000099 ], [ -118.128486209, 34.221459548 ], [ -118.128446275, 34.221478274 ], [ -118.128438023, 34.221483241 ], [ -118.128406696, 34.221502096000101 ], [ -118.128368954, 34.221500997000099 ], [ -118.128335772, 34.221517466000101 ], [ -118.128311293, 34.221546391000103 ], [ -118.128269292, 34.221545263000102 ], [ -118.128234244, 34.221536159 ], [ -118.12819696, 34.221528770000099 ], [ -118.128183988, 34.221502973 ], [ -118.128167957, 34.221476884 ], [ -118.128135581, 34.221466868 ], [ -118.128133596, 34.221466254000099 ], [ -118.128132145, 34.22146501 ], [ -118.128107716, 34.2214440710001 ], [ -118.128111655, 34.221415189 ], [ -118.128100517, 34.221400961 ], [ -118.128087824, 34.221389693 ], [ -118.127979423, 34.221362492 ], [ -118.12797281, 34.221326935 ], [ -118.127966528, 34.221286040000102 ], [ -118.127957103, 34.221243594 ], [ -118.127947181, 34.221204879 ], [ -118.127945413, 34.221199522000099 ], [ -118.127932514, 34.221159546 ], [ -118.127898672, 34.221054667 ], [ -118.127739431, 34.220939390000098 ], [ -118.1277298, 34.220967376 ], [ -118.127606311, 34.220902807000101 ], [ -118.127626707, 34.220871312 ], [ -118.127593712, 34.220877835000103 ], [ -118.127557473, 34.220895481000099 ], [ -118.127525027, 34.220878335000101 ], [ -118.127485977, 34.220880133 ], [ -118.127462244, 34.220911137 ], [ -118.127459756, 34.220938709000102 ], [ -118.127422015, 34.22094581 ], [ -118.127384865, 34.220963313 ], [ -118.127348978, 34.220975543000101 ], [ -118.127311259, 34.220979375000098 ], [ -118.127286887, 34.2210034020001 ], [ -118.127258155, 34.2210264080001 ], [ -118.127220425, 34.221031822 ], [ -118.12722719, 34.220998249 ], [ -118.127194065, 34.221005869000102 ], [ -118.127210566, 34.221030639 ], [ -118.127188449, 34.221009856000101 ], [ -118.127161343, 34.221034965000101 ], [ -118.127167309, 34.221064873 ], [ -118.127197065, 34.221083607 ], [ -118.127231896, 34.221094076 ], [ -118.127213818, 34.221123523000102 ], [ -118.127214607, 34.2211516570001 ], [ -118.127223589, 34.221183606000103 ], [ -118.127261797, 34.221181568000098 ], [ -118.127302358, 34.221187011 ], [ -118.127322882, 34.221211852000103 ], [ -118.127323263, 34.221242912 ], [ -118.127295805, 34.221261328 ], [ -118.127267071, 34.221275274 ], [ -118.127230503, 34.221271093 ], [ -118.127198321, 34.22128093 ], [ -118.127182024, 34.221305535000099 ], [ -118.127158139, 34.221327709 ], [ -118.127161846, 34.221363513 ], [ -118.127195139, 34.221370719 ], [ -118.127224572, 34.221387851 ], [ -118.127265676, 34.221398294 ], [ -118.127288327, 34.221419162000103 ], [ -118.127307302, 34.221445261 ], [ -118.12729577, 34.221470010000097 ], [ -118.127292488, 34.221477055 ], [ -118.12728228, 34.221476063000097 ], [ -118.127257969, 34.221473702 ], [ -118.127232332, 34.221492433 ], [ -118.127198072, 34.221506781000102 ], [ -118.127185643, 34.221512868 ], [ -118.127164514, 34.221523215 ], [ -118.127159761, 34.221554547 ], [ -118.127135263, 34.221575797000099 ], [ -118.127136299, 34.221577253000099 ], [ -118.127155361, 34.221604039000098 ], [ -118.127154866, 34.221606714000103 ], [ -118.127147597, 34.221646319000101 ], [ -118.127147549, 34.22164659 ], [ -118.127143956, 34.2216670010001 ], [ -118.127132261, 34.2216930230001 ], [ -118.127123915, 34.22172176 ], [ -118.127124279, 34.221722545 ], [ -118.127129024, 34.221732782000103 ], [ -118.127138655, 34.221753559 ], [ -118.12716697, 34.221735907 ], [ -118.127200211, 34.221726039 ], [ -118.127224686, 34.221756177 ], [ -118.127212537, 34.2217867620001 ], [ -118.127176153, 34.221791145000097 ], [ -118.127154635, 34.221814992000098 ], [ -118.127139176, 34.221845451 ], [ -118.127119038, 34.221867473 ], [ -118.127151915, 34.2218635300001 ], [ -118.127166253, 34.221889128 ], [ -118.127154666, 34.221931864000098 ], [ -118.127088987, 34.221961446000101 ], [ -118.127055523, 34.221963894000098 ], [ -118.127021769, 34.221962754000103 ], [ -118.126980663, 34.221969384 ], [ -118.126979552, 34.221969563000101 ], [ -118.126978527, 34.221969613000098 ], [ -118.126941067, 34.221973638000101 ], [ -118.126900885, 34.222028707 ], [ -118.126905571, 34.222052621 ], [ -118.126905404, 34.222052661000099 ], [ -118.126905418, 34.222052733000098 ], [ -118.126878755, 34.222059036000097 ], [ -118.126876617, 34.222061967000101 ], [ -118.1268276, 34.2220777570001 ], [ -118.126806158, 34.222103802 ], [ -118.126785692, 34.222127052000097 ], [ -118.126747059, 34.222115544000097 ], [ -118.12671146, 34.222109049 ], [ -118.126679673, 34.2221199620001 ], [ -118.126614679, 34.222142275000103 ], [ -118.126214157, 34.222514848000102 ], [ -118.126179663, 34.222480048000101 ], [ -118.12620605, 34.222522389000098 ], [ -118.126122395, 34.222393725000103 ], [ -118.125985745, 34.2221835490001 ], [ -118.125931834, 34.222206746 ], [ -118.124932287, 34.222636827 ], [ -118.124798625, 34.223018454000098 ], [ -118.124061466, 34.2233392320001 ], [ -118.1238747, 34.2236352480001 ], [ -118.123793123, 34.2240146070001 ], [ -118.123590331, 34.224248326000101 ], [ -118.123218035, 34.224364277000099 ], [ -118.122888909, 34.224355363 ], [ -118.122449615, 34.224522392 ], [ -118.122258786, 34.224827263000101 ], [ -118.121785738, 34.225189139000101 ], [ -118.120604565, 34.225056174 ], [ -118.121353608, 34.224538202000097 ], [ -118.121356394, 34.224536275 ], [ -118.121455896, 34.224332671000099 ], [ -118.121378973, 34.224075713 ], [ -118.120811076, 34.223568403000101 ], [ -118.12080145, 34.223565804 ], [ -118.120449237, 34.2234707100001 ], [ -118.120108954, 34.223572322000102 ], [ -118.119828581, 34.223825012000098 ], [ -118.119605934, 34.22407235 ], [ -118.119328535, 34.224212585 ], [ -118.118807818, 34.224291674 ], [ -118.118375264, 34.22425573 ], [ -118.118363142, 34.224250852000097 ], [ -118.118011496, 34.224109388 ], [ -118.118000386, 34.224361642000098 ], [ -118.11821313, 34.224598691 ], [ -118.118309206, 34.2248027690001 ], [ -118.118266316, 34.225224703 ], [ -118.117971165, 34.225295559000102 ], [ -118.117965648, 34.225289077000099 ], [ -118.117744537, 34.225029287 ], [ -118.117736816, 34.225029645000099 ], [ -118.117671266, 34.225032682000098 ], [ -118.117507627, 34.225296114000102 ], [ -118.117625948, 34.225548673 ], [ -118.117634266, 34.225601234000102 ], [ -118.117612428, 34.225806892 ], [ -118.1171035, 34.2257734 ], [ -118.116792401, 34.225802800000103 ], [ -118.116875715, 34.2261002380001 ], [ -118.117180956, 34.226544162 ], [ -118.117427561, 34.226741592000103 ], [ -118.117573712, 34.227102800000097 ], [ -118.117708541, 34.227274538000103 ], [ -118.11750122, 34.227568330000103 ], [ -118.11767763, 34.227881285 ], [ -118.117273386, 34.2281300880001 ], [ -118.117052426, 34.228519792 ], [ -118.11682591, 34.228870564 ], [ -118.116758364, 34.229107062 ], [ -118.117331402, 34.229347175 ], [ -118.11745223, 34.229510876000099 ], [ -118.117254273, 34.2297101710001 ], [ -118.11726905, 34.230181146000099 ], [ -118.116630858, 34.230279375000102 ], [ -118.116046497, 34.230530436 ], [ -118.115933111, 34.230712335000099 ], [ -118.115898805, 34.231197116 ], [ -118.115898603, 34.231199975 ], [ -118.116167648, 34.231243936000098 ], [ -118.116421471, 34.231319713000097 ], [ -118.116705567, 34.231049137000099 ], [ -118.117203476, 34.230995408000098 ], [ -118.117209286, 34.230994781 ], [ -118.117530138, 34.2312722570001 ], [ -118.117539185, 34.231280081000101 ], [ -118.117785688, 34.231048632000103 ], [ -118.117786991, 34.231047409 ], [ -118.117911998, 34.231117582 ], [ -118.11792216, 34.231123286000098 ], [ -118.118463373, 34.230903332 ], [ -118.119479306, 34.230789088000101 ], [ -118.119777362, 34.230744403000102 ], [ -118.120126156, 34.230559299 ], [ -118.120126207, 34.2305592720001 ], [ -118.120538587, 34.230726204000099 ], [ -118.120411595, 34.230805585 ], [ -118.120294339, 34.231043007 ], [ -118.120140249, 34.2312004670001 ], [ -118.120080102, 34.231230808000099 ], [ -118.120019575, 34.231344035000099 ], [ -118.120063962, 34.231715131 ], [ -118.119675524, 34.231774062000099 ], [ -118.119778589, 34.232085041000097 ], [ -118.119983231, 34.232624566 ], [ -118.119985058, 34.232629381 ], [ -118.120060796, 34.232629874000096 ], [ -118.120072747, 34.232629952 ], [ -118.120091143, 34.233013598000099 ], [ -118.119843434, 34.233497635 ], [ -118.11959166, 34.233778389000101 ], [ -118.119439691, 34.234050039000103 ], [ -118.11934377, 34.234526436000102 ], [ -118.119396013, 34.234770002000097 ], [ -118.118810779, 34.234658521 ], [ -118.11880503, 34.234654863000102 ], [ -118.118371695, 34.234379176000097 ], [ -118.118367672, 34.234379484 ], [ -118.118283116, 34.234385948000103 ], [ -118.117918873, 34.234561521 ], [ -118.117884245, 34.234578212 ], [ -118.117680194, 34.234632317 ], [ -118.117617723, 34.234648882 ], [ -118.117617245, 34.234648881000098 ], [ -118.117541348, 34.234648651 ], [ -118.117384415, 34.234596912 ], [ -118.1172764, 34.234561300000102 ], [ -118.117208682, 34.234535315000102 ], [ -118.116964814, 34.234502554000102 ], [ -118.116933496, 34.234496254000099 ], [ -118.116901844, 34.234477677 ], [ -118.116839182, 34.234458679000099 ], [ -118.116798846, 34.234443735000099 ], [ -118.116766334, 34.234431639 ], [ -118.116707287, 34.234407858000097 ], [ -118.116670461, 34.234397790000102 ], [ -118.116637839, 34.234381846000097 ], [ -118.116605793, 34.23436488 ], [ -118.116573432, 34.234352799000099 ], [ -118.116538851, 34.234340693 ], [ -118.116507085, 34.234326463000102 ], [ -118.1164798, 34.234314525000102 ], [ -118.116412348, 34.234287019000099 ], [ -118.116382557, 34.23427487 ], [ -118.116367037, 34.234267851 ], [ -118.116332373, 34.234257994000103 ], [ -118.116319652, 34.234253162000101 ], [ -118.116288538, 34.234241345 ], [ -118.116248797, 34.234232011000103 ], [ -118.116202585, 34.234221897000097 ], [ -118.116158978, 34.234218291 ], [ -118.116113049, 34.2342191380001 ], [ -118.116069126, 34.234220999000101 ], [ -118.116022037, 34.234220898 ], [ -118.115988447, 34.234222238 ], [ -118.115976033, 34.234222733 ], [ -118.115933195, 34.234231237000103 ], [ -118.115885117, 34.234238453 ], [ -118.115881998, 34.234239224000099 ], [ -118.115785443, 34.234263094 ], [ -118.115762754, 34.234268574000097 ], [ -118.115724749, 34.234277088000098 ], [ -118.115697374, 34.234286736000101 ], [ -118.115690109, 34.234289296 ], [ -118.115656567, 34.234299811 ], [ -118.115624815, 34.234310617000098 ], [ -118.115593275, 34.234319496000097 ], [ -118.115559628, 34.2343283270001 ], [ -118.115533866, 34.234335434000101 ], [ -118.115412744, 34.234247211 ], [ -118.115409821, 34.234239857 ], [ -118.115411752, 34.234237290000102 ], [ -118.115404934, 34.23422757 ], [ -118.115394908, 34.234213275000101 ], [ -118.11536129, 34.234215182000099 ], [ -118.115352535, 34.234181914 ], [ -118.115324161, 34.234159284 ], [ -118.115301747, 34.234184353 ], [ -118.115276988, 34.234209587000102 ], [ -118.115244401, 34.234216369 ], [ -118.11521841, 34.234197947 ], [ -118.115212078, 34.234169230000099 ], [ -118.115166158, 34.234173142 ], [ -118.115141432, 34.234153402000103 ], [ -118.115100512, 34.234161773 ], [ -118.115061514, 34.234163893000101 ], [ -118.115028428, 34.234154942 ], [ -118.114991787, 34.234147746000097 ], [ -118.114963092, 34.234130754 ], [ -118.114931234, 34.234155522 ], [ -118.114897697, 34.234163483 ], [ -118.114861436, 34.234159774 ], [ -118.1148251, 34.234164640000103 ], [ -118.11478857, 34.234159394000102 ], [ -118.114748853, 34.234154926 ], [ -118.114708947, 34.234159549 ], [ -118.114675115, 34.23415906 ], [ -118.114655802, 34.234189265000097 ], [ -118.114640045, 34.234214831 ], [ -118.114614128, 34.234231997000101 ], [ -118.11458088, 34.234239935000097 ], [ -118.114552424, 34.234223040000103 ], [ -118.114518031, 34.23421992 ], [ -118.114488988, 34.234206519000097 ], [ -118.114452233, 34.234216323000098 ], [ -118.114405741, 34.234209281000098 ], [ -118.114377617, 34.234224449000102 ], [ -118.114346966, 34.234211593000097 ], [ -118.114317338, 34.234227846000103 ], [ -118.11428169, 34.234219885000101 ], [ -118.114249082, 34.234231576000099 ], [ -118.114223672, 34.234212544000101 ], [ -118.114190503, 34.234211798 ], [ -118.114169374, 34.234220264 ], [ -118.114043111, 34.23421983 ], [ -118.114043342, 34.234222461000101 ], [ -118.113965064, 34.234207405000099 ], [ -118.11395248, 34.234179400000102 ], [ -118.11390667, 34.234183167 ], [ -118.113892923, 34.234196757000099 ], [ -118.113783574, 34.234180726 ], [ -118.113701607, 34.234159095000102 ], [ -118.113661916, 34.234142122 ], [ -118.113621778, 34.234141804 ], [ -118.113594403, 34.234122266 ], [ -118.113562804, 34.234112885000101 ], [ -118.113527223, 34.234095147000097 ], [ -118.11350978, 34.234122522000099 ], [ -118.113480128, 34.234102672000098 ], [ -118.113442903, 34.23409887 ], [ -118.11340302, 34.234089880000099 ], [ -118.113370637, 34.234074480000103 ], [ -118.113338473, 34.234064364000098 ], [ -118.113317963, 34.234039008 ], [ -118.113283459, 34.234035187000103 ], [ -118.11325605, 34.234057421 ], [ -118.113216029, 34.2340588100001 ], [ -118.113182683, 34.234058089 ], [ -118.113145054, 34.234060894 ], [ -118.11310702, 34.234056481 ], [ -118.113098192, 34.234028304 ], [ -118.113063009, 34.2340281150001 ], [ -118.113021173, 34.234027281000103 ], [ -118.11298518, 34.233991889 ], [ -118.112999064, 34.234018290000101 ], [ -118.112971933, 34.234038823 ], [ -118.112935349, 34.234050364 ], [ -118.112904749, 34.234037155000102 ], [ -118.112878143, 34.234016893 ], [ -118.112841155, 34.234005422000102 ], [ -118.112809938, 34.233993378 ], [ -118.112793214, 34.233992918000098 ], [ -118.112775441, 34.233992429000097 ], [ -118.112742797, 34.233983849 ], [ -118.112707735, 34.233980418 ], [ -118.112674522, 34.233968247000099 ], [ -118.11264223, 34.233956203 ], [ -118.112613868, 34.23393989 ], [ -118.112611553, 34.2339330840001 ], [ -118.112608648, 34.233924544 ], [ -118.112604145, 34.233911305 ], [ -118.112593039, 34.2339020040001 ], [ -118.112587548, 34.233897406 ], [ -118.112583451, 34.233893974000097 ], [ -118.112579658, 34.233889373000103 ], [ -118.112577924, 34.233884268000097 ], [ -118.112570212, 34.233861566 ], [ -118.112553679, 34.233835871000103 ], [ -118.112538496, 34.233827535 ], [ -118.112529223, 34.233822443000101 ], [ -118.112528221, 34.233821892 ], [ -118.112528154, 34.233821856000098 ], [ -118.112521427, 34.2338181370001 ], [ -118.112520693, 34.233817299000101 ], [ -118.112519823, 34.2338162980001 ], [ -118.112517648, 34.233813670000103 ], [ -118.112513386, 34.233808621 ], [ -118.112512736, 34.233807851000101 ], [ -118.112512429, 34.233807475 ], [ -118.112512133, 34.233807103000103 ], [ -118.112506514, 34.233800408 ], [ -118.112500922, 34.233793746000103 ], [ -118.11250053, 34.233793271 ], [ -118.112500204, 34.233792984 ], [ -118.112499999, 34.233792786 ], [ -118.112499209, 34.233792038 ], [ -118.112497991, 34.233790894 ], [ -118.112497403, 34.233790342000098 ], [ -118.112472928, 34.23376734 ], [ -118.112443169, 34.233753019000098 ], [ -118.112413841, 34.233737487 ], [ -118.112385607, 34.233721222 ], [ -118.1123826, 34.233719489000102 ], [ -118.112346418, 34.233710059 ], [ -118.112309368, 34.233717867000102 ], [ -118.112273303, 34.233695395 ], [ -118.112241321, 34.233682843000103 ], [ -118.112203772, 34.233691514 ], [ -118.112187532, 34.233683819000099 ], [ -118.112174784, 34.233677775 ], [ -118.112144008, 34.233666633 ], [ -118.112117777, 34.233646836 ], [ -118.11209094, 34.233619957 ], [ -118.112078944, 34.233590708000101 ], [ -118.112041854, 34.233578195000099 ], [ -118.112008684, 34.233558654 ], [ -118.111962604, 34.23355093 ], [ -118.111927813, 34.233551518000098 ], [ -118.111894454, 34.233541248000101 ], [ -118.111878589, 34.2335168500001 ], [ -118.111842128, 34.233515869 ], [ -118.111808752, 34.2335162890001 ], [ -118.111770303, 34.233519757000103 ], [ -118.111733188, 34.233532832 ], [ -118.111706808, 34.2335510670001 ], [ -118.111670264, 34.233554866000098 ], [ -118.111639373, 34.233544239 ], [ -118.111611918, 34.233548876 ], [ -118.11160311, 34.233550363000099 ], [ -118.111563223, 34.233553226 ], [ -118.111532518, 34.233567435000097 ], [ -118.111495807, 34.233573627000098 ], [ -118.111458319, 34.233588321000099 ], [ -118.111426598, 34.2335724550001 ], [ -118.11139379, 34.233563153 ], [ -118.111360848, 34.233558962000103 ], [ -118.111328034, 34.23356647 ], [ -118.111294305, 34.233578657000102 ], [ -118.111268547, 34.233561084 ], [ -118.111252074, 34.233585909000098 ], [ -118.111218589, 34.23356377 ], [ -118.111191914, 34.23354626 ], [ -118.111157251, 34.233526615000102 ], [ -118.111121847, 34.233545214000102 ], [ -118.111085532, 34.233555328000101 ], [ -118.111072537, 34.233585703000102 ], [ -118.111034327, 34.23356655 ], [ -118.111012542, 34.2335410150001 ], [ -118.110974266, 34.23352486 ], [ -118.110941493, 34.233520944000098 ], [ -118.11091964, 34.233497553000099 ], [ -118.110903351, 34.233464609000102 ], [ -118.110872208, 34.233470866000097 ], [ -118.110800891, 34.233406683000098 ], [ -118.11079244, 34.233380002 ], [ -118.110791816, 34.233378033000101 ], [ -118.110765945, 34.233360755 ], [ -118.110614305, 34.233300231 ], [ -118.1105796, 34.233308458000103 ], [ -118.110546079, 34.2333032230001 ], [ -118.110509527, 34.233300299000099 ], [ -118.110473209, 34.233293193000101 ], [ -118.110443211, 34.233281396000102 ], [ -118.110403661, 34.233277991000101 ], [ -118.110387337, 34.233252447 ], [ -118.1103621, 34.233234184 ], [ -118.110393291, 34.233224574000097 ], [ -118.110354191, 34.233224278000101 ], [ -118.110332351, 34.233246481 ], [ -118.110350215, 34.233276682000103 ], [ -118.110330457, 34.233253139000098 ], [ -118.11029139, 34.233228805000103 ], [ -118.110241648, 34.233230670000097 ], [ -118.110203995, 34.233239776000097 ], [ -118.110174704, 34.233256315000098 ], [ -118.110165612, 34.233256824000101 ], [ -118.110137247, 34.233258412000097 ], [ -118.110091516, 34.233262584 ], [ -118.110050735, 34.2332543690001 ], [ -118.110014009, 34.233263614000101 ], [ -118.109976353, 34.233276411000098 ], [ -118.109944494, 34.233286838 ], [ -118.109910241, 34.233289293 ], [ -118.10988083, 34.233273689 ], [ -118.109847463, 34.233269159 ], [ -118.109813666, 34.233257894000097 ], [ -118.10979112, 34.233282768 ], [ -118.109756162, 34.233289761 ], [ -118.10973754, 34.233261406000103 ], [ -118.109732596, 34.233231596000103 ], [ -118.109696869, 34.2332212600001 ], [ -118.109663373, 34.233220221000103 ], [ -118.109656074, 34.233215114000103 ], [ -118.109548839, 34.233152719 ], [ -118.109523962, 34.233155193000101 ], [ -118.109489556, 34.233153594 ], [ -118.109460094, 34.233140707000103 ], [ -118.109454879, 34.233138612000097 ], [ -118.109425483, 34.2331268020001 ], [ -118.109397867, 34.233145446 ], [ -118.109360007, 34.233133405 ], [ -118.109328776, 34.233124015 ], [ -118.109291495, 34.23312394 ], [ -118.10925991, 34.23311117 ], [ -118.109225229, 34.233094535000099 ], [ -118.109191071, 34.233091194000103 ], [ -118.109158577, 34.233084790000099 ], [ -118.109126826, 34.23309261 ], [ -118.109102355, 34.233073377 ], [ -118.109078638, 34.233050994000102 ], [ -118.10904647, 34.2330577970001 ], [ -118.109019298, 34.233039879 ], [ -118.108983598, 34.233031998000101 ], [ -118.108964696, 34.233008342000097 ], [ -118.108950254, 34.232983272000098 ], [ -118.10891667, 34.232975773000099 ], [ -118.108888049, 34.23295969 ], [ -118.108859036, 34.232941526 ], [ -118.108833313, 34.232918903 ], [ -118.108789291, 34.23291025 ], [ -118.108745501, 34.2329014170001 ], [ -118.108714147, 34.232884427 ], [ -118.108695048, 34.232908635000101 ], [ -118.10867851, 34.232908553000101 ], [ -118.108664979, 34.2328972070001 ], [ -118.108620766, 34.232890835 ], [ -118.108582634, 34.232885408000101 ], [ -118.108550359, 34.232878152000097 ], [ -118.108517624, 34.2328607950001 ], [ -118.108488214, 34.232845977000103 ], [ -118.108461487, 34.232828684 ], [ -118.108434612, 34.232800283000103 ], [ -118.108421711, 34.232828690000098 ], [ -118.108420193, 34.232810612 ], [ -118.108426685, 34.232799102000101 ], [ -118.108384929, 34.232785894000102 ], [ -118.108354921, 34.232760030000101 ], [ -118.108317062, 34.232757466000102 ], [ -118.108280306, 34.232758854000103 ], [ -118.108243161, 34.232771886000101 ], [ -118.108215427, 34.2327871540001 ], [ -118.108179637, 34.232779365000098 ], [ -118.108144658, 34.232799882000101 ], [ -118.10813887, 34.232827596 ], [ -118.108138425, 34.2328565810001 ], [ -118.108113652, 34.232834867000101 ], [ -118.108078889, 34.232824915 ], [ -118.108046015, 34.232830824000096 ], [ -118.108003625, 34.232818605 ], [ -118.107962999, 34.232819959 ], [ -118.107923559, 34.232815185 ], [ -118.107921631, 34.232815234 ], [ -118.107787665, 34.232768994 ], [ -118.107792372, 34.2327577880001 ], [ -118.107775781, 34.23273119 ], [ -118.10773199, 34.232719897 ], [ -118.10769868, 34.232735565 ], [ -118.107693729, 34.232736571 ], [ -118.107559868, 34.232690367 ], [ -118.107556846, 34.232687148 ], [ -118.1075526, 34.232687858000098 ], [ -118.107104525, 34.2325332 ], [ -118.107067403, 34.2325193550001 ], [ -118.107050911, 34.232493476000101 ], [ -118.107034124, 34.232467308 ], [ -118.107001487, 34.232461492 ], [ -118.106956014, 34.2324622 ], [ -118.10691571, 34.232457759000098 ], [ -118.106916217, 34.232428613 ], [ -118.106916578, 34.232397650000102 ], [ -118.106939169, 34.232365437000098 ], [ -118.106914624, 34.232343988 ], [ -118.106886275, 34.232326360000101 ], [ -118.10687764, 34.232312096 ], [ -118.106878755, 34.232296496000103 ], [ -118.106870883, 34.232300936000101 ], [ -118.106869166, 34.232298101 ], [ -118.106869906, 34.232301487 ], [ -118.106849952, 34.232312742 ], [ -118.106815829, 34.232298118000102 ], [ -118.106790554, 34.232278487 ], [ -118.106785989, 34.232274941000099 ], [ -118.106748193, 34.232260283000102 ], [ -118.106713847, 34.232246493 ], [ -118.106672037, 34.2322329510001 ], [ -118.106638814, 34.232219953 ], [ -118.106594852, 34.232204985000102 ], [ -118.106546061, 34.232195827000098 ], [ -118.106508089, 34.232201975000102 ], [ -118.106505478, 34.232206076000097 ], [ -118.106334905, 34.23216275 ], [ -118.106302409, 34.232147192000099 ], [ -118.106286197, 34.23212131 ], [ -118.106262979, 34.232101613000097 ], [ -118.10623706, 34.232077787 ], [ -118.106239083, 34.232045324000097 ], [ -118.106248022, 34.232015886000099 ], [ -118.106245213, 34.232000075 ], [ -118.105927113, 34.231584875000102 ], [ -118.105923963, 34.231580186 ], [ -118.105908134, 34.231556626 ], [ -118.105907951, 34.231550437000102 ], [ -118.105923204, 34.231553702 ], [ -118.105907305, 34.231528585 ], [ -118.105907897, 34.231548613 ], [ -118.105878729, 34.231543329 ], [ -118.105874669, 34.231541366 ], [ -118.105844963, 34.231520039 ], [ -118.105816613, 34.231502643000098 ], [ -118.105817737, 34.231473664000099 ], [ -118.105810903, 34.231501557000101 ], [ -118.105776966, 34.231502377 ], [ -118.105782189, 34.231465873 ], [ -118.105789379, 34.231438839000099 ], [ -118.105748475, 34.2314331850001 ], [ -118.105737442, 34.231405103 ], [ -118.105701848, 34.231405734000099 ], [ -118.10568671, 34.231380299000101 ], [ -118.10565744, 34.231366015 ], [ -118.105623641, 34.231369885 ], [ -118.10560682, 34.231345774 ], [ -118.105586472, 34.231316181000103 ], [ -118.105577714, 34.231284303000102 ], [ -118.105546386, 34.231269263000101 ], [ -118.105517578, 34.231254433000103 ], [ -118.10548132, 34.231255893 ], [ -118.105456225, 34.231235488 ], [ -118.105451865, 34.231237842 ], [ -118.105439786, 34.231244366000098 ], [ -118.105439089, 34.231244743 ], [ -118.105418631, 34.231255791 ], [ -118.105387832, 34.23122922 ], [ -118.105381675, 34.23119731 ], [ -118.105360053, 34.231175798 ], [ -118.10536592, 34.231169074 ], [ -118.105370708, 34.231163588000101 ], [ -118.105379567, 34.231153436000099 ], [ -118.105379934, 34.231153015000103 ], [ -118.105380443, 34.231152472000097 ], [ -118.105375459, 34.2311363600001 ], [ -118.105371272, 34.231122826 ], [ -118.105361712, 34.231093045000101 ], [ -118.105322523, 34.23108726 ], [ -118.10529332, 34.231071745000101 ], [ -118.105292464, 34.231070729000102 ], [ -118.105278452, 34.231056648 ], [ -118.10526759, 34.231042268000103 ], [ -118.105265649, 34.231039698000103 ], [ -118.105258887, 34.231036986 ], [ -118.105222118, 34.231022240000101 ], [ -118.105185484, 34.231010975000103 ], [ -118.105159007, 34.230981409 ], [ -118.105142949, 34.23095607 ], [ -118.105109378, 34.230952196 ], [ -118.10506891, 34.2309432280001 ], [ -118.105041251, 34.2309210700001 ], [ -118.105017152, 34.230891787000097 ], [ -118.104994683, 34.230867663 ], [ -118.104968223, 34.230845978 ], [ -118.104941087, 34.230817355000099 ], [ -118.104919694, 34.230787694000099 ], [ -118.104910258, 34.230758348000101 ], [ -118.104895988, 34.230730582 ], [ -118.104888426, 34.230699487 ], [ -118.104865772, 34.230662841 ], [ -118.104857539, 34.230643942 ], [ -118.104859578, 34.230635702 ], [ -118.104862551, 34.230623687 ], [ -118.10487123, 34.230588611 ], [ -118.104871359, 34.2305828880001 ], [ -118.104885304, 34.230560528000098 ], [ -118.104889158, 34.230554349 ], [ -118.104884607, 34.230523655000098 ], [ -118.104888422, 34.230493173000099 ], [ -118.104868356, 34.230463465000099 ], [ -118.104847277, 34.230436053000098 ], [ -118.104845835, 34.2303972240001 ], [ -118.104836485, 34.230365327000101 ], [ -118.104832908, 34.23032778 ], [ -118.104862965, 34.230304325000098 ], [ -118.104883573, 34.230277571 ], [ -118.104858555, 34.230255642 ], [ -118.104847947, 34.230226992 ], [ -118.104846437, 34.2301869140001 ], [ -118.104863394, 34.230160099 ], [ -118.104834444, 34.230132285 ], [ -118.104830847, 34.23010363 ], [ -118.104811013, 34.230076460000099 ], [ -118.104769518, 34.230071419000097 ], [ -118.104744411, 34.230051020000097 ], [ -118.104716203, 34.23002846 ], [ -118.10468511, 34.230013966000101 ], [ -118.104660909, 34.229994107 ], [ -118.104638471, 34.229971396000103 ], [ -118.10462204, 34.229944463 ], [ -118.104607159, 34.229907118 ], [ -118.104588201, 34.229876651 ], [ -118.104557388, 34.229850046 ], [ -118.104532563, 34.229817235 ], [ -118.104512855, 34.229789158000102 ], [ -118.104488371, 34.229756302000098 ], [ -118.104472253, 34.229726166 ], [ -118.104450859, 34.229687234 ], [ -118.10444146, 34.229659199 ], [ -118.104399359, 34.229648695 ], [ -118.10437901, 34.229622872 ], [ -118.104348287, 34.229601241000097 ], [ -118.104335644, 34.2295718190001 ], [ -118.104307469, 34.229551659 ], [ -118.104291921, 34.229521906000102 ], [ -118.104259271, 34.229526962000101 ], [ -118.104231151, 34.229512252000099 ], [ -118.104200282, 34.229493493000099 ], [ -118.104175175, 34.229469419000097 ], [ -118.104140526, 34.22945392 ], [ -118.104121693, 34.229422196 ], [ -118.10409102, 34.229404518 ], [ -118.104094374, 34.229373756 ], [ -118.104064208, 34.229348462000097 ], [ -118.104048134, 34.229323681 ], [ -118.104018736, 34.229337113 ], [ -118.104006899, 34.229306006000101 ], [ -118.103992609, 34.229280922 ], [ -118.103963892, 34.229254448000098 ], [ -118.103958418, 34.229225714000101 ], [ -118.103984102, 34.229205076 ], [ -118.103959861, 34.229184696000097 ], [ -118.103950668, 34.229154566 ], [ -118.103922957, 34.229136718000099 ], [ -118.10390152, 34.229109539 ], [ -118.10387843, 34.229131034 ], [ -118.103856393, 34.229098664 ], [ -118.103843766, 34.229065797 ], [ -118.103829762, 34.229035554000099 ], [ -118.103803092, 34.229005274 ], [ -118.103783965, 34.228971116 ], [ -118.103757898, 34.22894002 ], [ -118.103740973, 34.228914991000103 ], [ -118.103733019, 34.228887559 ], [ -118.103714077, 34.2288627390001 ], [ -118.103707698, 34.228831458000101 ], [ -118.103685512, 34.228810092000103 ], [ -118.103657804, 34.2287876 ], [ -118.103626887, 34.228774701000098 ], [ -118.103598187, 34.22875586 ], [ -118.103589515, 34.228725713000102 ], [ -118.10358544, 34.228696803 ], [ -118.103562779, 34.228671837 ], [ -118.10354026, 34.228648852 ], [ -118.103500969, 34.228633904 ], [ -118.103486521, 34.228605681 ], [ -118.103450998, 34.228616705 ], [ -118.103442276, 34.2286187 ], [ -118.103384373, 34.2285733780001 ], [ -118.103383426, 34.228439755000103 ], [ -118.103392315, 34.228417366 ], [ -118.103399615, 34.228387973000103 ], [ -118.103431502, 34.228368424000102 ], [ -118.103445024, 34.2283336180001 ], [ -118.103449706, 34.228298005000099 ], [ -118.103440346, 34.228270174 ], [ -118.103429417, 34.228242374 ], [ -118.103409534, 34.228209921 ], [ -118.103398856, 34.228183803 ], [ -118.103398789, 34.228148775000101 ], [ -118.103384151, 34.228118442 ], [ -118.103356099, 34.228103622 ], [ -118.103364662, 34.228072281 ], [ -118.103357378, 34.228039439 ], [ -118.103313256, 34.228035656 ], [ -118.103276153, 34.228041616 ], [ -118.103259033, 34.228013960000098 ], [ -118.103279119, 34.227985380000099 ], [ -118.103280418, 34.2279551990001 ], [ -118.103264406, 34.227928312000103 ], [ -118.10325984, 34.227893015000099 ], [ -118.103275441, 34.227855337000101 ], [ -118.103289491, 34.227829299000099 ], [ -118.103274008, 34.227800170000101 ], [ -118.103251185, 34.227775069000103 ], [ -118.103222964, 34.227754646000101 ], [ -118.103204015, 34.227722373000098 ], [ -118.10317696, 34.227702983 ], [ -118.103160339, 34.2276788940001 ], [ -118.103145253, 34.227650107 ], [ -118.103122993, 34.227626745000101 ], [ -118.103114579, 34.227597247000098 ], [ -118.103111521, 34.227564924 ], [ -118.103096728, 34.227535688 ], [ -118.10308286, 34.227510085000098 ], [ -118.103060203, 34.2274870890001 ], [ -118.103075635, 34.227462659 ], [ -118.10304521, 34.227444785 ], [ -118.103042092, 34.227408439 ], [ -118.103070026, 34.227389011000099 ], [ -118.10306626, 34.22735686 ], [ -118.103070242, 34.227328083 ], [ -118.103051658, 34.227290363000101 ], [ -118.103069358, 34.227264078000097 ], [ -118.103069189, 34.227254116 ], [ -118.10293782, 34.2271818500001 ], [ -118.10273154, 34.227068439 ], [ -118.102617844, 34.226829564000099 ], [ -118.102455363, 34.226488448000097 ], [ -118.102083964, 34.225708722 ], [ -118.101868769, 34.225928456000098 ], [ -118.101650919, 34.2260205870001 ], [ -118.101408567, 34.22606848 ], [ -118.101344223, 34.226274795000101 ], [ -118.10116206, 34.226374756 ], [ -118.100995363, 34.226288338000103 ], [ -118.100920528, 34.226482725 ], [ -118.100760431, 34.226577472 ], [ -118.100595792, 34.226608111000097 ], [ -118.100349967, 34.226820389000103 ], [ -118.100014041, 34.227031685 ], [ -118.099951406, 34.226975604000103 ], [ -118.099859098, 34.226971331000101 ], [ -118.099618372, 34.226994732 ], [ -118.099526475, 34.227003666 ], [ -118.099309486, 34.226621900000097 ], [ -118.099295469, 34.226625486 ], [ -118.098745257, 34.226766233 ], [ -118.098723672, 34.226893886 ], [ -118.098748952, 34.227132779 ], [ -118.098899941, 34.227309314 ], [ -118.099192161, 34.227423747 ], [ -118.099250814, 34.227566518000103 ], [ -118.098971405, 34.227748344000098 ], [ -118.098983077, 34.227751026000099 ], [ -118.099229752, 34.227968235 ], [ -118.099018837, 34.228253608 ], [ -118.098194481, 34.228330316 ], [ -118.098343513, 34.2287957610001 ], [ -118.097819058, 34.228820122000101 ], [ -118.097083269, 34.228620087 ], [ -118.096991416, 34.22862503 ], [ -118.09651891, 34.228984747 ], [ -118.096602468, 34.229064081 ], [ -118.097043148, 34.229360144000097 ], [ -118.097016042, 34.229642459 ], [ -118.096315539, 34.229730809 ], [ -118.095219362, 34.2293469520001 ], [ -118.095041171, 34.229320443000098 ], [ -118.094391883, 34.229548869 ], [ -118.094516577, 34.2298683550001 ], [ -118.094821816, 34.229946303000098 ], [ -118.095197684, 34.229952574 ], [ -118.095563375, 34.229878109 ], [ -118.095861622, 34.230084496000103 ], [ -118.096024794, 34.230359122 ], [ -118.096089751, 34.230682464 ], [ -118.095701025, 34.230706193000103 ], [ -118.09546992, 34.230732551000102 ], [ -118.09501746, 34.230382603000102 ], [ -118.094655702, 34.230224807000099 ], [ -118.094781877, 34.230548081000101 ], [ -118.095088456, 34.23107938 ], [ -118.095217339, 34.231388731 ], [ -118.094854884, 34.231300413 ], [ -118.094907821, 34.231539791 ], [ -118.095136002, 34.23215916 ], [ -118.095065499, 34.232170609 ], [ -118.094807134, 34.232232295000102 ], [ -118.094530797, 34.232791372000101 ], [ -118.094386506, 34.2328474890001 ], [ -118.094403521, 34.232880521 ], [ -118.094565118, 34.233181723 ], [ -118.094688581, 34.233368885000097 ], [ -118.094688581, 34.233554656 ], [ -118.094504721, 34.233576374000101 ], [ -118.094498462, 34.233575978 ], [ -118.09432227, 34.2338236000001 ], [ -118.094171051, 34.233859318 ], [ -118.094063037, 34.233877179 ], [ -118.093911818, 34.233716444 ], [ -118.093774251, 34.233667702 ], [ -118.093599137, 34.233777367000101 ], [ -118.093595011, 34.23377723 ], [ -118.093592464, 34.2337821 ], [ -118.093449406, 34.233785846 ], [ -118.093375986, 34.23378718 ], [ -118.093371748, 34.233787881000097 ], [ -118.093350146, 34.234020053000101 ], [ -118.093242132, 34.234162928 ], [ -118.092939694, 34.234234366000102 ], [ -118.092810077, 34.234305804 ], [ -118.092550844, 34.234270084000102 ], [ -118.092270008, 34.2340914910001 ], [ -118.09218948, 34.233925055 ], [ -118.091838871, 34.233826226000097 ], [ -118.091747799, 34.233602685000101 ], [ -118.091816351, 34.23358705 ], [ -118.091816351, 34.233466412 ], [ -118.092161995, 34.23321638 ], [ -118.092164018, 34.233207460000102 ], [ -118.092151868, 34.232989238000101 ], [ -118.092222405, 34.232927399000097 ], [ -118.092032378, 34.2327877560001 ], [ -118.091621926, 34.232698459000098 ], [ -118.091297885, 34.232716319000097 ], [ -118.090865829, 34.232644881000098 ], [ -118.090818949, 34.232622734000103 ], [ -118.090711723, 34.232561629 ], [ -118.090698839, 34.232519690000103 ], [ -118.09053758, 34.232499018000098 ], [ -118.089911763, 34.232886192 ], [ -118.089921926, 34.232908824 ], [ -118.08995893, 34.232999428 ], [ -118.089875857, 34.23322362 ], [ -118.089718777, 34.2332983330001 ], [ -118.089424204, 34.2332805140001 ], [ -118.08934416, 34.233060039000101 ], [ -118.089404395, 34.232932678000097 ], [ -118.089441933, 34.232882758000102 ], [ -118.089465078, 34.232854251 ], [ -118.089045851, 34.232284356 ], [ -118.089031495, 34.232295568 ], [ -118.088699681, 34.233180574000102 ], [ -118.088697015, 34.233181829 ], [ -118.088691824, 34.233184274000102 ], [ -118.088774743, 34.233350081 ], [ -118.088860535, 34.2335000140001 ], [ -118.088829495, 34.2337552380001 ], [ -118.088702527, 34.233868611 ], [ -118.088494333, 34.233848626000103 ], [ -118.08832401, 34.233701403000097 ], [ -118.088322949, 34.233540514 ], [ -118.08831819, 34.233499161000097 ], [ -118.08830792, 34.233398365 ], [ -118.088303963, 34.233366947 ], [ -118.088200834, 34.233415517 ], [ -118.087807976, 34.233251016000096 ], [ -118.087759302, 34.233282616000103 ], [ -118.086787116, 34.234252561000098 ], [ -118.086458802, 34.234224486000102 ], [ -118.086456989, 34.234228174000101 ], [ -118.085915106, 34.235330873000102 ], [ -118.085914085, 34.235332953000103 ], [ -118.086078908, 34.235435863000099 ], [ -118.085823262, 34.235607402 ], [ -118.08614695, 34.235785507000102 ], [ -118.086300529, 34.236019039 ], [ -118.085770164, 34.236110677000099 ], [ -118.085407391, 34.236386325000097 ], [ -118.085264644, 34.236506703 ], [ -118.084546749, 34.236421032000102 ], [ -118.084502308, 34.236432698 ], [ -118.084232494, 34.2364611 ], [ -118.083983495, 34.236101726000101 ], [ -118.083943308, 34.236108491 ], [ -118.083670463, 34.23618248 ], [ -118.083588704, 34.236183372 ], [ -118.083257693, 34.236180727 ], [ -118.083143494, 34.236274409 ], [ -118.082980524, 34.236564615000098 ], [ -118.082268125, 34.236628514000103 ], [ -118.081529925, 34.236472415 ], [ -118.081501416, 34.236446055 ], [ -118.081458543, 34.236406413000097 ], [ -118.081405137, 34.2363615370001 ], [ -118.081357333, 34.236311967000098 ], [ -118.08128385, 34.2362408830001 ], [ -118.081187483, 34.236172633 ], [ -118.081080584, 34.236111483000101 ], [ -118.081051109, 34.236098210000101 ], [ -118.08095745, 34.236056033000096 ], [ -118.08082615, 34.236015466 ], [ -118.080689267, 34.235990617 ], [ -118.080666607, 34.235988825 ], [ -118.080641352, 34.235986828000101 ], [ -118.080631069, 34.235986015 ], [ -118.080630718, 34.235986555000103 ], [ -118.080579233, 34.2359852330001 ], [ -118.080547524, 34.235984786000103 ], [ -118.080498364, 34.235984092 ], [ -118.080485193, 34.235984855 ], [ -118.080402834, 34.236002267000103 ], [ -118.080316216, 34.236017850000103 ], [ -118.080294711, 34.236022681000101 ], [ -118.080232384, 34.236041450000101 ], [ -118.080133416, 34.236068967000101 ], [ -118.0800345, 34.23607615 ], [ -118.079929084, 34.236057183000099 ], [ -118.07982815, 34.236028717000103 ], [ -118.079723917, 34.236006717000102 ], [ -118.079615517, 34.235995934000101 ], [ -118.079513817, 34.235989016000097 ], [ -118.079428066, 34.235973650000098 ], [ -118.079350283, 34.235923433 ], [ -118.079278433, 34.235858317000101 ], [ -118.079204667, 34.2357957830001 ], [ -118.0791159, 34.235722917 ], [ -118.07902295, 34.235647483 ], [ -118.0789291, 34.235580133 ], [ -118.078924606, 34.235577760000098 ], [ -118.078915047, 34.2355754660001 ], [ -118.078903589, 34.235590906 ], [ -118.078850484, 34.235561433 ], [ -118.07882095, 34.235541983000097 ], [ -118.078793783, 34.235522234 ], [ -118.078747433, 34.235509316 ], [ -118.078687067, 34.2354839670001 ], [ -118.07863476, 34.235452377000101 ], [ -118.078629334, 34.2354491 ], [ -118.078575783, 34.235415683 ], [ -118.078520666, 34.235374267000097 ], [ -118.0784692, 34.235326467 ], [ -118.078444034, 34.235297693000099 ], [ -118.078427467, 34.235278750000099 ], [ -118.078414562, 34.235268908000101 ], [ -118.078377533, 34.235240667 ], [ -118.078337666, 34.235212328 ], [ -118.078337184, 34.2352119500001 ], [ -118.078336737, 34.235211668 ], [ -118.0783252, 34.235203467000098 ], [ -118.078314122, 34.235197394000103 ], [ -118.078261417, 34.2351685 ], [ -118.078201867, 34.235135033000098 ], [ -118.078139417, 34.235103950000102 ], [ -118.078077786, 34.2350778590001 ], [ -118.078077613, 34.235077799000102 ], [ -118.078070883, 34.23507514 ], [ -118.078021167, 34.2350555 ], [ -118.077982062, 34.2350409800001 ], [ -118.07796645, 34.235035183 ], [ -118.077921317, 34.235013267000099 ], [ -118.077880316, 34.23499695 ], [ -118.077848134, 34.234987117000102 ], [ -118.077808484, 34.234971434 ], [ -118.077807197, 34.234971053 ], [ -118.077758217, 34.234956533000101 ], [ -118.077726535, 34.234942008000097 ], [ -118.07770805, 34.234933534 ], [ -118.0776591, 34.234924434 ], [ -118.077617434, 34.234915666000099 ], [ -118.077580684, 34.234906134 ], [ -118.077538916, 34.234896017 ], [ -118.077512525, 34.234890953 ], [ -118.07745872, 34.234881487000102 ], [ -118.077449484, 34.234879934 ], [ -118.077433882, 34.234876809000099 ], [ -118.077408617, 34.23487175 ], [ -118.077365583, 34.234866684000103 ], [ -118.077319017, 34.2348673830001 ], [ -118.077273734, 34.234875784000103 ], [ -118.077271282, 34.234876589000102 ], [ -118.077259334, 34.234876767000102 ], [ -118.077238471, 34.234881831000102 ], [ -118.077169099, 34.2349009120001 ], [ -118.077161368, 34.234903038 ], [ -118.077176093, 34.234908068 ], [ -118.077156867, 34.234913583 ], [ -118.077115266, 34.234920134 ], [ -118.077069483, 34.234940983000101 ], [ -118.077010534, 34.234959667000098 ], [ -118.076945567, 34.234976333000098 ], [ -118.076867366, 34.234988583000103 ], [ -118.076781316, 34.234989600000098 ], [ -118.076702667, 34.234977367000099 ], [ -118.076632583, 34.234956966 ], [ -118.076580366, 34.2349237 ], [ -118.076538668, 34.234880017000101 ], [ -118.076511, 34.234833716 ], [ -118.076475566, 34.234778817000098 ], [ -118.076442917, 34.234717300000099 ], [ -118.076419634, 34.234652867000101 ], [ -118.076391134, 34.234590383000103 ], [ -118.076356283, 34.234534867 ], [ -118.0763144, 34.234480666 ], [ -118.076279083, 34.234449066 ], [ -118.076242549, 34.234421450000099 ], [ -118.076181533, 34.234387966 ], [ -118.076150717, 34.234372617000098 ], [ -118.076119867, 34.2343566340001 ], [ -118.076077834, 34.23433235 ], [ -118.076048333, 34.234317016 ], [ -118.076011366, 34.234304634000097 ], [ -118.075968734, 34.234294833 ], [ -118.075929783, 34.234290383 ], [ -118.075896281, 34.234284899 ], [ -118.075803704, 34.234259352 ], [ -118.075794766, 34.234258767 ], [ -118.075746944, 34.234256684000101 ], [ -118.075730483, 34.234255967 ], [ -118.075663169, 34.234247775 ], [ -118.07561925, 34.234238009000101 ], [ -118.075613434, 34.234236654 ], [ -118.075577934, 34.234228383000101 ], [ -118.075572407, 34.234226458000101 ], [ -118.075496234, 34.234199933000099 ], [ -118.075465384, 34.234133167 ], [ -118.075452783, 34.2340614330001 ], [ -118.075452584, 34.233979667 ], [ -118.075441634, 34.233892233000098 ], [ -118.075411574, 34.2338140620001 ], [ -118.07540925, 34.233808017000101 ], [ -118.0753633, 34.233723833000099 ], [ -118.075297366, 34.23364395 ], [ -118.075221134, 34.233572583000097 ], [ -118.075134317, 34.233518283 ], [ -118.075113928, 34.233511343 ], [ -118.075027997, 34.233485833 ], [ -118.075027067, 34.233482158000101 ], [ -118.074983466, 34.233309939 ], [ -118.074979959, 34.233296085000099 ], [ -118.074970642, 34.233297017 ], [ -118.074959354, 34.233298146 ], [ -118.074950834, 34.23329721 ], [ -118.074948678, 34.233296671000097 ], [ -118.074930923, 34.233292232000103 ], [ -118.074917511, 34.233288879 ], [ -118.07491106, 34.233279561000103 ], [ -118.074895894, 34.233257655 ], [ -118.074891133, 34.233244167000102 ], [ -118.074881737, 34.233217545000102 ], [ -118.074895239, 34.233212591 ], [ -118.074898969, 34.233211443000101 ], [ -118.074912707, 34.233207216 ], [ -118.074919834, 34.2331929630001 ], [ -118.074925452, 34.233181727 ], [ -118.074925475, 34.233181705 ], [ -118.074929705, 34.233177746 ], [ -118.074934921, 34.233176442000101 ], [ -118.074935788, 34.233176225000101 ], [ -118.074970679, 34.233167503000097 ], [ -118.074984763, 34.2331639820001 ], [ -118.07498638, 34.233161287 ], [ -118.074991233, 34.233153611 ], [ -118.074991387, 34.233152942000103 ], [ -118.074993248, 34.2331448690001 ], [ -118.074994282, 34.233140383 ], [ -118.074995284, 34.2331360330001 ], [ -118.075012191, 34.233114026000102 ], [ -118.075034003, 34.233078649 ], [ -118.075043586, 34.233068085000099 ], [ -118.075056811, 34.233053507000101 ], [ -118.075039041, 34.233037966 ], [ -118.075028833, 34.233029417000097 ], [ -118.075028128, 34.233028737 ], [ -118.075004916, 34.233006333 ], [ -118.07500925, 34.2329712330001 ], [ -118.075026933, 34.232939517 ], [ -118.075038784, 34.232912083 ], [ -118.075040766, 34.2328803 ], [ -118.075028667, 34.232852333 ], [ -118.075000567, 34.232823950000103 ], [ -118.074973783, 34.232805467 ], [ -118.074949833, 34.232783833 ], [ -118.074946081, 34.232781552000098 ], [ -118.074878535, 34.232752364000099 ], [ -118.07485775, 34.2327329 ], [ -118.074869716, 34.232704567 ], [ -118.074866467, 34.232702816 ], [ -118.074705179, 34.232639252000098 ], [ -118.074630943, 34.232589015 ], [ -118.074566399, 34.23255577 ], [ -118.074546479, 34.232549196 ], [ -118.074474844, 34.232518718000101 ], [ -118.074471984, 34.232482016000098 ], [ -118.074485, 34.232443133000103 ], [ -118.074476, 34.232402767000103 ], [ -118.074456834, 34.2323638330001 ], [ -118.074426933, 34.232325817000103 ], [ -118.07438895, 34.232291400000101 ], [ -118.074369584, 34.23224685 ], [ -118.074374633, 34.2321941330001 ], [ -118.074377233, 34.232166517000103 ], [ -118.074376133, 34.2321378500001 ], [ -118.074356283, 34.232088133 ], [ -118.07433745, 34.2320640840001 ], [ -118.074296783, 34.2320310160001 ], [ -118.0742353, 34.232014566 ], [ -118.074168684, 34.232012716 ], [ -118.074129734, 34.232012684 ], [ -118.074091084, 34.232014983000099 ], [ -118.074049667, 34.232018916000101 ], [ -118.074007634, 34.232024133 ], [ -118.074005009, 34.232024528000103 ], [ -118.073992819, 34.232026360000098 ], [ -118.073992989, 34.232025976 ], [ -118.07398023, 34.232028252000099 ], [ -118.073962834, 34.232030866000102 ], [ -118.073937323, 34.232035486 ], [ -118.073876582, 34.2320505120001 ], [ -118.073864738, 34.232049500000102 ], [ -118.073839333, 34.23205255 ], [ -118.073824448, 34.232050391 ], [ -118.073802566, 34.232047217000101 ], [ -118.073790233, 34.232043408 ], [ -118.073783097, 34.232039808 ], [ -118.073715824, 34.232005877000098 ], [ -118.073708234, 34.232002048 ], [ -118.073592217, 34.231920407000104 ], [ -118.073580533, 34.231913350000099 ], [ -118.073537317, 34.231883333 ], [ -118.073484784, 34.231855583 ], [ -118.07343225, 34.231825650000097 ], [ -118.073378567, 34.231792316000103 ], [ -118.073332149, 34.2317578830001 ], [ -118.073285333, 34.231729783 ], [ -118.073241617, 34.231697383 ], [ -118.073191216, 34.2316777670001 ], [ -118.073137933, 34.231666717000103 ], [ -118.0730821, 34.231657267000102 ], [ -118.073029, 34.231653067 ], [ -118.072971383, 34.231642734 ], [ -118.072906215, 34.231642367000099 ], [ -118.072858484, 34.2316385660001 ], [ -118.07280565, 34.2316385660001 ], [ -118.07275315, 34.231634117000098 ], [ -118.072700984, 34.231624284000098 ], [ -118.072649834, 34.231611933000103 ], [ -118.072608417, 34.2315955830001 ], [ -118.072564, 34.231581433 ], [ -118.072524617, 34.231570617 ], [ -118.072502313, 34.2315636800001 ], [ -118.07235215, 34.231505786000099 ], [ -118.07235095, 34.231505517000102 ], [ -118.072297299, 34.231491567 ], [ -118.072249417, 34.231482766000099 ], [ -118.072207016, 34.231480566000101 ], [ -118.072154534, 34.231481733000102 ], [ -118.072123266, 34.231492733 ], [ -118.072077266, 34.231498916000099 ], [ -118.07200785, 34.231498933000097 ], [ -118.071940367, 34.231499834 ], [ -118.071872566, 34.2315020670001 ], [ -118.0718048, 34.231505383000098 ], [ -118.071751117, 34.231507067000102 ], [ -118.071698733, 34.231496716 ], [ -118.071650417, 34.231471367 ], [ -118.071603183, 34.231445067 ], [ -118.071563516, 34.231420367000098 ], [ -118.07152625, 34.231395483 ], [ -118.071488317, 34.231348817 ], [ -118.071459766, 34.231310167000103 ], [ -118.071433817, 34.231272183 ], [ -118.07140385, 34.231238817000097 ], [ -118.071373317, 34.231207250000097 ], [ -118.071344067, 34.231172883000099 ], [ -118.071322383, 34.231137867 ], [ -118.071303817, 34.2311027330001 ], [ -118.071287633, 34.231066734 ], [ -118.071271683, 34.231031517000098 ], [ -118.0712542, 34.230993717 ], [ -118.071233217, 34.230957933000099 ], [ -118.071213283, 34.230924617 ], [ -118.071194017, 34.230895466 ], [ -118.071165567, 34.230860567 ], [ -118.071131516, 34.230828933000097 ], [ -118.071096183, 34.230791800000098 ], [ -118.071079539, 34.230778163 ], [ -118.070933758, 34.230677553000099 ], [ -118.070931192, 34.2306668350001 ], [ -118.070914449, 34.230653061000098 ], [ -118.0709085, 34.230648167 ], [ -118.070870717, 34.230605333 ], [ -118.070837634, 34.230558767 ], [ -118.070814917, 34.230505217 ], [ -118.070791583, 34.230457067 ], [ -118.070783056, 34.230435634000102 ], [ -118.070667067, 34.230239467 ], [ -118.070627183, 34.230251733 ], [ -118.070586282, 34.230263334 ], [ -118.070544566, 34.2302554830001 ], [ -118.070525684, 34.230229767 ], [ -118.070498316, 34.230210267000103 ], [ -118.070465516, 34.230205733 ], [ -118.070436467, 34.230220217000102 ], [ -118.070402783, 34.230230717 ], [ -118.070360567, 34.230235284000102 ], [ -118.070356567, 34.230206883000101 ], [ -118.070372417, 34.230177316 ], [ -118.0703875, 34.2301420840001 ], [ -118.070350483, 34.230122916 ], [ -118.0703137, 34.230114517000104 ], [ -118.070279933, 34.2301083 ], [ -118.0702821, 34.230080816000097 ], [ -118.07027395, 34.230053433000101 ], [ -118.0702364, 34.2300369330001 ], [ -118.0702086, 34.230019184000099 ], [ -118.070204333, 34.229989683 ], [ -118.070192317, 34.229948917000101 ], [ -118.070157199, 34.229933717000101 ], [ -118.070137683, 34.229909333000101 ], [ -118.070129417, 34.229879383 ], [ -118.070113366, 34.229847667000101 ], [ -118.070080717, 34.229865217000103 ], [ -118.070057384, 34.2298850170001 ], [ -118.070019683, 34.229900366 ], [ -118.069980433, 34.229899683 ], [ -118.069941216, 34.229914267 ], [ -118.069903466, 34.22991015 ], [ -118.069861433, 34.2299038 ], [ -118.069821117, 34.229895133000099 ], [ -118.069789833, 34.229882283000101 ], [ -118.06975515, 34.229885767 ], [ -118.069719933, 34.2298734 ], [ -118.069692917, 34.2298451 ], [ -118.069667683, 34.229826033000101 ], [ -118.069639216, 34.229842183000102 ], [ -118.069598066, 34.229858384000103 ], [ -118.069565883, 34.229851283000102 ], [ -118.069549016, 34.229826500000101 ], [ -118.06953405, 34.229796833000101 ], [ -118.069511333, 34.229761367 ], [ -118.069481884, 34.2297462330001 ], [ -118.069448517, 34.229739784000103 ], [ -118.06940835, 34.229736433 ], [ -118.0693702, 34.229729050000103 ], [ -118.069351033, 34.229705883000101 ], [ -118.069373416, 34.229675233000101 ], [ -118.069406616, 34.229659683000101 ], [ -118.069413267, 34.2296317670001 ], [ -118.069437367, 34.229609883000101 ], [ -118.069437633, 34.229579516000101 ], [ -118.069432633, 34.229551384 ], [ -118.069437933, 34.229518166 ], [ -118.069481083, 34.229505067 ], [ -118.069518016, 34.229509200000102 ], [ -118.06953332, 34.229499826000101 ], [ -118.06945302, 34.229314392 ], [ -118.069451832, 34.2293137 ], [ -118.069420566, 34.229301834000097 ], [ -118.069369733, 34.229286567 ], [ -118.069314016, 34.2292657 ], [ -118.0692612, 34.229241834 ], [ -118.069209317, 34.229217733 ], [ -118.069148617, 34.229191783 ], [ -118.069087983, 34.2291666 ], [ -118.069026968, 34.229136383 ], [ -118.068971783, 34.229110033 ], [ -118.068932933, 34.229078000000101 ], [ -118.06889235, 34.2290514170001 ], [ -118.068863817, 34.2290289170001 ], [ -118.068825067, 34.229003083000102 ], [ -118.068778933, 34.228965484000099 ], [ -118.068730684, 34.228926450000102 ], [ -118.068694932, 34.228890367000098 ], [ -118.068657085, 34.228848117 ], [ -118.068614334, 34.228809067 ], [ -118.068571816, 34.228766850000099 ], [ -118.068518733, 34.228729883 ], [ -118.068483867, 34.2286860500001 ], [ -118.06844865, 34.228644167 ], [ -118.06841255, 34.2286025000001 ], [ -118.068371496, 34.228564866000099 ], [ -118.068327627, 34.2284881530001 ], [ -118.068327644, 34.228486487000097 ], [ -118.068266429, 34.228381135000099 ], [ -118.068115869, 34.228122021 ], [ -118.068118009, 34.2281157950001 ], [ -118.067998762, 34.228059809000101 ], [ -118.067985483, 34.228045283 ], [ -118.067944534, 34.227991100000096 ], [ -118.067906383, 34.227952167000097 ], [ -118.067878717, 34.227903016 ], [ -118.067850317, 34.227851867 ], [ -118.067831667, 34.2278018330001 ], [ -118.067815717, 34.227748717000097 ], [ -118.067814509, 34.227713818 ], [ -118.067854484, 34.227549433 ], [ -118.067854567, 34.227549516000103 ], [ -118.0678741, 34.227522850000099 ], [ -118.067896116, 34.227494416000098 ], [ -118.067923267, 34.227460150000098 ], [ -118.067963583, 34.227421783000104 ], [ -118.068001667, 34.227379017 ], [ -118.068037783, 34.22733515 ], [ -118.068083933, 34.227296417 ], [ -118.068127917, 34.227252200000102 ], [ -118.068166833, 34.227207083000103 ], [ -118.068210667, 34.227149166000103 ], [ -118.06825265, 34.227097034000103 ], [ -118.068282567, 34.227048016 ], [ -118.068314733, 34.2269882840001 ], [ -118.068328682, 34.226950610000102 ], [ -118.068323379, 34.22674405 ], [ -118.068308685, 34.2267407840001 ], [ -118.068291481, 34.226743029 ], [ -118.06827217, 34.2267421110001 ], [ -118.06825098, 34.226742314 ], [ -118.068230871, 34.226744457000102 ], [ -118.06820837, 34.226745886000103 ], [ -118.068186439, 34.2267473140001 ], [ -118.068153457, 34.226746294000101 ], [ -118.068135342, 34.226738844000103 ], [ -118.068104567, 34.226742450000103 ], [ -118.068091533, 34.226714283 ], [ -118.068075417, 34.226687217000098 ], [ -118.0680581, 34.226655334 ], [ -118.0680291, 34.226608867 ], [ -118.06799465, 34.226572683 ], [ -118.067959867, 34.226546483 ], [ -118.067922833, 34.2265192 ], [ -118.067882283, 34.226495650000103 ], [ -118.067844633, 34.226480933000097 ], [ -118.0678117, 34.226465267 ], [ -118.067764567, 34.226458884000103 ], [ -118.067756241, 34.2264572710001 ], [ -118.067763817, 34.226445383000097 ], [ -118.067753931, 34.226456824 ], [ -118.06771595, 34.226449466000098 ], [ -118.067742628, 34.226469903000101 ], [ -118.0677423, 34.226470283 ], [ -118.067710333, 34.226460717000101 ], [ -118.067655016, 34.226440316 ], [ -118.067612482, 34.226427716 ], [ -118.067561867, 34.226414750000103 ], [ -118.067503717, 34.226405234 ], [ -118.0674349, 34.226403983000097 ], [ -118.067370033, 34.226403034 ], [ -118.067324084, 34.226395316 ], [ -118.0672774, 34.226385733 ], [ -118.067222933, 34.226374167000102 ], [ -118.0671713, 34.22637215 ], [ -118.067134333, 34.226367233000097 ], [ -118.0670701, 34.226357300000103 ], [ -118.067035683, 34.2263501830001 ], [ -118.066998983, 34.226344383 ], [ -118.066945734, 34.226337117000099 ], [ -118.066904933, 34.226332200000101 ], [ -118.066869517, 34.226331617 ], [ -118.066834067, 34.226331217000102 ], [ -118.066829753, 34.226331021000099 ], [ -118.066796177, 34.226329497000101 ], [ -118.066762467, 34.226327966 ], [ -118.06672045, 34.226325183 ], [ -118.066678434, 34.2263212330001 ], [ -118.066632816, 34.226314317000103 ], [ -118.066588083, 34.2263047000001 ], [ -118.066546233, 34.226293583 ], [ -118.066508583, 34.226280667 ], [ -118.066471316, 34.226264334000099 ], [ -118.066426066, 34.2262426 ], [ -118.066374567, 34.2262156 ], [ -118.066344074, 34.22618866 ], [ -118.066335003, 34.226179087 ], [ -118.066317049, 34.2261601390001 ], [ -118.066302298, 34.226142876 ], [ -118.066300283, 34.226140517 ], [ -118.066269167, 34.226105617 ], [ -118.066231333, 34.2260735670001 ], [ -118.066198283, 34.22603875 ], [ -118.066173069, 34.226013126000097 ], [ -118.06617357, 34.226005581 ], [ -118.066173665, 34.226004154000101 ], [ -118.066150334, 34.22599196 ], [ -118.066119966, 34.225966384000102 ], [ -118.066073267, 34.225932967000098 ], [ -118.066025117, 34.225900384000099 ], [ -118.065979267, 34.225866083 ], [ -118.065930233, 34.225841333000098 ], [ -118.065882834, 34.2258209170001 ], [ -118.06584185, 34.225798783000101 ], [ -118.065808634, 34.225779233 ], [ -118.065776584, 34.225763483 ], [ -118.065743916, 34.225757800000103 ], [ -118.0656866, 34.225745634000099 ], [ -118.065652734, 34.22573185 ], [ -118.065672269, 34.225682591000101 ], [ -118.065669445, 34.225662150000097 ], [ -118.065665328, 34.225621479 ], [ -118.065666387, 34.2256035670001 ], [ -118.065677445, 34.225571957000099 ], [ -118.065668857, 34.225560367000099 ], [ -118.065675327, 34.225529179 ], [ -118.065663329, 34.225504734 ], [ -118.065672386, 34.225477971 ], [ -118.065669798, 34.225453316 ], [ -118.065664622, 34.225422127000101 ], [ -118.06567202, 34.225370166000097 ], [ -118.065656433, 34.225361634 ], [ -118.06562015, 34.2253436660001 ], [ -118.0655849, 34.225326983000102 ], [ -118.065544216, 34.225308267000102 ], [ -118.065499983, 34.225288600000098 ], [ -118.065454233, 34.225266733000097 ], [ -118.06540845, 34.2252406160001 ], [ -118.065354817, 34.225220033 ], [ -118.065294633, 34.225196317 ], [ -118.065234683, 34.225172167 ], [ -118.065176, 34.22515515 ], [ -118.065120283, 34.2251342160001 ], [ -118.065061684, 34.225123867 ], [ -118.065003233, 34.225114233000099 ], [ -118.064952484, 34.2251029170001 ], [ -118.064895017, 34.225089117 ], [ -118.064838083, 34.225082533 ], [ -118.064784283, 34.225074917 ], [ -118.064725283, 34.225064750000101 ], [ -118.064672984, 34.2250574 ], [ -118.064626783, 34.2250455000001 ], [ -118.0645811, 34.22503865 ], [ -118.064547832, 34.22502195 ], [ -118.0645095, 34.225010566 ], [ -118.064502842, 34.225007787 ], [ -118.064479638, 34.224985064000101 ], [ -118.064490908, 34.224937997 ], [ -118.064489728, 34.22488236 ], [ -118.064486224, 34.224821482 ], [ -118.06447195, 34.224819616 ], [ -118.0644384, 34.22480725 ], [ -118.064421233, 34.22477975 ], [ -118.06438435, 34.224789283000099 ], [ -118.064410366, 34.224769233000103 ], [ -118.064411718, 34.224739516000099 ], [ -118.06442085, 34.224710783 ], [ -118.064450367, 34.224694017 ], [ -118.0644241, 34.2246707 ], [ -118.06439285, 34.224660383000099 ], [ -118.064377416, 34.224632867 ], [ -118.0643463, 34.2246200330001 ], [ -118.064318933, 34.2245970170001 ], [ -118.06429025, 34.224578567 ], [ -118.064258917, 34.224564917000102 ], [ -118.064226516, 34.2245513 ], [ -118.064206734, 34.224524684000102 ], [ -118.0641894, 34.224500667 ], [ -118.064165884, 34.224477566000097 ], [ -118.06412845, 34.224478383000097 ], [ -118.064082683, 34.224477617 ], [ -118.064080183, 34.224449317000101 ], [ -118.064083617, 34.224409017 ], [ -118.064047417, 34.224409617 ], [ -118.064011767, 34.224412400000098 ], [ -118.063974717, 34.224403583 ], [ -118.0639463, 34.224389 ], [ -118.063919083, 34.224370067000102 ], [ -118.063907016, 34.224340400000102 ], [ -118.063880166, 34.224322866000101 ], [ -118.063890166, 34.224295633000096 ], [ -118.063876235, 34.224264133000098 ], [ -118.063842067, 34.224261433 ], [ -118.063808634, 34.224266783000097 ], [ -118.0637826, 34.224247100000099 ], [ -118.063750884, 34.2242176170001 ], [ -118.063731016, 34.224195366000103 ], [ -118.063714917, 34.224170184000101 ], [ -118.0636802, 34.224154767000101 ], [ -118.063684217, 34.224126867000102 ], [ -118.06367365, 34.224097783 ], [ -118.063676834, 34.224062967000101 ], [ -118.063644583, 34.224041533 ], [ -118.063611533, 34.224017483000097 ], [ -118.063580816, 34.223993767 ], [ -118.063548433, 34.223968017000097 ], [ -118.063522367, 34.223944167000099 ], [ -118.063499533, 34.2239165330001 ], [ -118.063479683, 34.223891967 ], [ -118.063449166, 34.223866300000097 ], [ -118.06342265, 34.223845784 ], [ -118.063390315, 34.223823017 ], [ -118.063388466, 34.223821716 ], [ -118.063369533, 34.223794433000101 ], [ -118.063343783, 34.223781566000099 ], [ -118.063339383, 34.223779367000098 ], [ -118.063332576, 34.223776497000102 ], [ -118.063307617, 34.223765207 ], [ -118.063294236, 34.22375916 ], [ -118.063228238, 34.223728718000103 ], [ -118.063211633, 34.223714934 ], [ -118.063179934, 34.223697867000098 ], [ -118.063153574, 34.223688478 ], [ -118.06314105, 34.223684017 ], [ -118.063105583, 34.223672083000103 ], [ -118.063070834, 34.223653634000101 ], [ -118.0630455, 34.223634567 ], [ -118.0630148, 34.2236204330001 ], [ -118.062985417, 34.223605533000097 ], [ -118.0629525, 34.223579134 ], [ -118.062920883, 34.223561617 ], [ -118.062888861, 34.223569968 ], [ -118.062830929, 34.223544989000096 ], [ -118.062818784, 34.223516567 ], [ -118.062817484, 34.2234857 ], [ -118.0628079, 34.223454367 ], [ -118.062816018, 34.2234274670001 ], [ -118.062818883, 34.223399933000103 ], [ -118.06282135, 34.223366317000099 ], [ -118.062818084, 34.223326333 ], [ -118.062823133, 34.223290783 ], [ -118.062830434, 34.223258083000097 ], [ -118.062834417, 34.223229717 ], [ -118.062843334, 34.223194483 ], [ -118.062855417, 34.223161367 ], [ -118.0628613, 34.223131733000102 ], [ -118.062866868, 34.2230959830001 ], [ -118.062861533, 34.223066833000097 ], [ -118.062847266, 34.223031217 ], [ -118.062849, 34.222997900000102 ], [ -118.062854683, 34.222964233 ], [ -118.062878367, 34.222935466 ], [ -118.062898416, 34.222905584 ], [ -118.062905567, 34.2228737 ], [ -118.062907314, 34.222870755 ], [ -118.062910342, 34.2228686770001 ], [ -118.062912459, 34.22286208 ], [ -118.062922717, 34.222844784000102 ], [ -118.0629353, 34.222812983 ], [ -118.06294835, 34.222784 ], [ -118.062963066, 34.222755066 ], [ -118.0629556, 34.222716166000097 ], [ -118.062927617, 34.222687783 ], [ -118.062896017, 34.222668666000096 ], [ -118.062863583, 34.222650783000098 ], [ -118.06283522, 34.222640279000103 ], [ -118.062825332, 34.222632748 ], [ -118.062822142, 34.222631966000101 ], [ -118.062802716, 34.222618284000099 ], [ -118.0627627, 34.222604466000099 ], [ -118.062730533, 34.22259015 ], [ -118.062689533, 34.2225794 ], [ -118.06267114, 34.222581258 ], [ -118.062591202, 34.222589738000103 ], [ -118.062448533, 34.222412057 ], [ -118.062159083, 34.222395009 ], [ -118.062062497, 34.222411165 ], [ -118.061894399, 34.222443408000103 ], [ -118.061845175, 34.222452053 ], [ -118.061659977, 34.222502547 ], [ -118.061622074, 34.222422571 ], [ -118.061577372, 34.222332273000099 ], [ -118.061540983, 34.222258767 ], [ -118.061452816, 34.222166871000098 ], [ -118.060928106, 34.221619966 ], [ -118.060894962, 34.2215715930001 ], [ -118.060761338, 34.220918489 ], [ -118.060518077, 34.220406680000103 ], [ -118.060464906, 34.220352810000101 ], [ -118.060266309, 34.219926807 ], [ -118.059524778, 34.219658243 ], [ -118.059494137, 34.218627584 ], [ -118.059361056, 34.217964241000097 ], [ -118.059369102, 34.217956165 ], [ -118.059349855, 34.217931933 ], [ -118.059274329, 34.217714083 ], [ -118.059707183, 34.217605045 ], [ -118.059703751, 34.217603123000103 ], [ -118.059676806, 34.217506412 ], [ -118.059866778, 34.217129751000101 ], [ -118.060511853, 34.217098365 ], [ -118.06111553, 34.216847495 ], [ -118.061498762, 34.2167530890001 ], [ -118.061624077, 34.2167291640001 ], [ -118.061986287, 34.216664263 ], [ -118.062190389, 34.216748294000098 ], [ -118.062212253, 34.216777847000102 ], [ -118.062291662, 34.216664434000101 ], [ -118.062796615, 34.216936909 ], [ -118.063252167, 34.217090844 ], [ -118.063456242, 34.216921475 ], [ -118.063484647, 34.216897901 ], [ -118.063525327, 34.216864139000101 ], [ -118.063538729, 34.216853016000101 ], [ -118.063538574, 34.216852719 ], [ -118.06355727, 34.21686442 ], [ -118.063578816, 34.216885843000099 ], [ -118.063595769, 34.216906634000097 ], [ -118.063618599, 34.216919629000103 ], [ -118.063647309, 34.216928867 ], [ -118.063672942, 34.216931668 ], [ -118.063694826, 34.216925987 ], [ -118.063698373, 34.216910592 ], [ -118.063699871, 34.216895433 ], [ -118.063671572, 34.216857219000097 ], [ -118.063653338, 34.216838771 ], [ -118.063645658, 34.216831002 ], [ -118.063632644, 34.216823264 ], [ -118.063625867, 34.216818250000102 ], [ -118.06359815, 34.216802184000102 ], [ -118.063586665, 34.216795338000097 ], [ -118.063551505, 34.216772844 ], [ -118.063468945, 34.216720031000101 ], [ -118.063467664, 34.216719218 ], [ -118.063439817, 34.216701617000098 ], [ -118.063430041, 34.216694133 ], [ -118.0634064, 34.216676033000098 ], [ -118.063378367, 34.216636817000101 ], [ -118.063355833, 34.2165919 ], [ -118.0633434, 34.216543067 ], [ -118.063342133, 34.216513383000098 ], [ -118.06334371, 34.216481356 ], [ -118.063343767, 34.2164802 ], [ -118.063352283, 34.2164319500001 ], [ -118.0633526, 34.216381584 ], [ -118.063342433, 34.216332184000102 ], [ -118.063336466, 34.216303284 ], [ -118.06332795, 34.216275834 ], [ -118.063298333, 34.2162307830001 ], [ -118.063258184, 34.2161963 ], [ -118.063238683, 34.216166267000098 ], [ -118.06323865, 34.216196783 ], [ -118.063240267, 34.2162261 ], [ -118.0632139, 34.2161976 ], [ -118.063189933, 34.216177017000099 ], [ -118.063180414, 34.2161701530001 ], [ -118.063155866, 34.21615245 ], [ -118.06312165, 34.216136533000103 ], [ -118.063092833, 34.216119283000097 ], [ -118.0630581, 34.216085066000097 ], [ -118.063038166, 34.216041017000101 ], [ -118.0630238, 34.2160094830001 ], [ -118.063004267, 34.215974817000102 ], [ -118.06297665, 34.215937000000103 ], [ -118.0629442, 34.215904084 ], [ -118.062911117, 34.2158782670001 ], [ -118.06288475, 34.215856400000099 ], [ -118.062851617, 34.215819583 ], [ -118.062832317, 34.215791983 ], [ -118.062807935, 34.215747867000097 ], [ -118.062800383, 34.215720084000097 ], [ -118.062797083, 34.215690166000101 ], [ -118.062795833, 34.215658816 ], [ -118.062792733, 34.215626333 ], [ -118.062786833, 34.215593833000099 ], [ -118.062786583, 34.215563684000102 ], [ -118.062785767, 34.215535317 ], [ -118.062780683, 34.2155072830001 ], [ -118.062773467, 34.215471767000103 ], [ -118.062768183, 34.215444517 ], [ -118.062770534, 34.215412833000102 ], [ -118.062774366, 34.215382867000102 ], [ -118.062781317, 34.215332183 ], [ -118.062786817, 34.215301534 ], [ -118.0627918, 34.215268417000097 ], [ -118.0627935, 34.2152129830001 ], [ -118.062791967, 34.215181133 ], [ -118.062785233, 34.215150733 ], [ -118.062772316, 34.215124767000098 ], [ -118.062758134, 34.215099284000097 ], [ -118.0627456, 34.215071483 ], [ -118.062732483, 34.215046134 ], [ -118.0627173, 34.215017217 ], [ -118.06270085, 34.214989483000103 ], [ -118.0626872, 34.214964316000099 ], [ -118.062662333, 34.214920867 ], [ -118.062630966, 34.214881633000097 ], [ -118.062606217, 34.214860033 ], [ -118.062581167, 34.214839367 ], [ -118.06254425, 34.2148061 ], [ -118.062500534, 34.2147754000001 ], [ -118.062476267, 34.214751967 ], [ -118.062451833, 34.214724183 ], [ -118.062428316, 34.214696333000099 ], [ -118.062409066, 34.2146704 ], [ -118.062386283, 34.214630416 ], [ -118.062366634, 34.214597033000103 ], [ -118.062347617, 34.214556134000098 ], [ -118.062342583, 34.214502233000097 ], [ -118.062351033, 34.214474667 ], [ -118.062358633, 34.214446683000098 ], [ -118.06236425, 34.214418667000103 ], [ -118.062371166, 34.2143908830001 ], [ -118.062375734, 34.214362950000101 ], [ -118.062378817, 34.2143080170001 ], [ -118.062373017, 34.214260750000101 ], [ -118.062370133, 34.214233117 ], [ -118.062363284, 34.214205417000102 ], [ -118.062335283, 34.214163317 ], [ -118.06231525, 34.214140283000098 ], [ -118.062294217, 34.214116334 ], [ -118.062272083, 34.2140942340001 ], [ -118.062251718, 34.214071666000102 ], [ -118.062222433, 34.214031517 ], [ -118.062209192, 34.214012147000098 ], [ -118.062204783, 34.214026483000097 ], [ -118.062201751, 34.214025916 ], [ -118.062197067, 34.213985783000098 ], [ -118.062197054, 34.213985635 ], [ -118.06219305, 34.213974884 ], [ -118.062196435, 34.213978661000098 ], [ -118.062194435, 34.213956133000103 ], [ -118.062192784, 34.213927883000103 ], [ -118.062192766, 34.2138908330001 ], [ -118.062196017, 34.213852184000103 ], [ -118.062197784, 34.2138166330001 ], [ -118.062198367, 34.2137819000001 ], [ -118.062194917, 34.213749334000099 ], [ -118.062181517, 34.213718417000102 ], [ -118.062182483, 34.2136702170001 ], [ -118.062179483, 34.213623783000102 ], [ -118.062175067, 34.213595183000102 ], [ -118.062153783, 34.213543067 ], [ -118.062145766, 34.213526555 ], [ -118.062073421, 34.213363163000103 ], [ -118.062060216, 34.213327517 ], [ -118.06205259, 34.2133100880001 ], [ -118.061919175, 34.213302516000098 ], [ -118.061544387, 34.213281246000101 ], [ -118.061335212, 34.213745883000101 ], [ -118.060800725, 34.214120699 ], [ -118.060215682, 34.214096599000101 ], [ -118.060191957, 34.214079283 ], [ -118.060125961, 34.214023707 ], [ -118.06011581, 34.214023707 ], [ -118.060051091, 34.214023707 ], [ -118.059924749, 34.214028387 ], [ -118.059840521, 34.213990952000103 ], [ -118.059751614, 34.213953517 ], [ -118.059742255, 34.213785061000102 ], [ -118.059700427, 34.21375369 ], [ -118.059686103, 34.2137429470001 ], [ -118.059670342, 34.21373435 ], [ -118.059599024, 34.21369545 ], [ -118.059583158, 34.2136867950001 ], [ -118.059462082, 34.213647878000103 ], [ -118.059452136, 34.213644681000098 ], [ -118.059274322, 34.213836534000102 ], [ -118.058698763, 34.214023707 ], [ -118.058567742, 34.213995631 ], [ -118.058460117, 34.214093897000097 ], [ -118.058455191, 34.21409636 ], [ -118.058461572, 34.214198340000102 ], [ -118.058367534, 34.214229043 ], [ -118.058422683, 34.214369978 ], [ -118.058426669, 34.214389908 ], [ -118.058479276, 34.214416945 ], [ -118.058587374, 34.214469032000103 ], [ -118.05870488, 34.214513197 ], [ -118.0588921, 34.214791853000101 ], [ -118.0588921, 34.214977622 ], [ -118.058629992, 34.2150705070001 ], [ -118.058615121, 34.215061899 ], [ -118.058585898, 34.215081054000102 ], [ -118.058348331, 34.215151516 ], [ -118.058233815, 34.215091226 ], [ -118.05823269, 34.215016214000102 ], [ -118.058225262, 34.215016214000102 ], [ -118.058198162, 34.214960192 ], [ -118.058197592, 34.214959013000097 ], [ -118.0581825, 34.214924108 ], [ -118.058178208, 34.2149107810001 ], [ -118.058013972, 34.214970992000097 ], [ -118.058009, 34.214973 ], [ -118.058011339, 34.214978091 ], [ -118.058015618, 34.215017299000102 ], [ -118.057951682, 34.215062243 ], [ -118.057925, 34.215081 ], [ -118.057829169, 34.215100889 ], [ -118.057819, 34.215103 ], [ -118.057768, 34.215113 ], [ -118.057760966, 34.215122404000098 ], [ -118.057679, 34.2152320000001 ], [ -118.057664, 34.215246 ], [ -118.057661841, 34.215246725 ], [ -118.057532131, 34.215292307 ], [ -118.057504, 34.2153670000001 ], [ -118.057462034, 34.21539455 ], [ -118.057270777, 34.215526567 ], [ -118.057202769, 34.215584447 ], [ -118.057053807, 34.215711228 ], [ -118.057012605, 34.215750858 ], [ -118.056975, 34.215781 ], [ -118.05688571, 34.215801719000098 ], [ -118.056934393, 34.215812682 ], [ -118.056794, 34.215823003 ], [ -118.05648147, 34.21584598 ], [ -118.056228156, 34.215747764000099 ], [ -118.056205999, 34.215734 ], [ -118.056159176, 34.215600215000102 ], [ -118.056020873, 34.215646389 ], [ -118.056018, 34.215648 ], [ -118.05586, 34.215603 ], [ -118.055855124, 34.215584 ], [ -118.055757994, 34.215429162000099 ], [ -118.05563776, 34.215328967000097 ], [ -118.055375609, 34.215178865 ], [ -118.055361833, 34.215173643000099 ], [ -118.055002438, 34.215061553000098 ], [ -118.054822, 34.215008 ], [ -118.05479128, 34.214991324 ], [ -118.054604693, 34.214989933 ], [ -118.054602307, 34.214990196 ], [ -118.054595, 34.214991 ], [ -118.054568, 34.214858 ], [ -118.054574404, 34.214857163 ], [ -118.054684112, 34.214842816 ], [ -118.054698001, 34.214841 ], [ -118.054724217, 34.214745495 ], [ -118.054954546, 34.214683896000103 ], [ -118.054979, 34.214678 ], [ -118.05499605, 34.2146511400001 ], [ -118.055035484, 34.214584502 ], [ -118.055071883, 34.214409117000102 ], [ -118.055074551, 34.214388472000103 ], [ -118.055210581, 34.214240427 ], [ -118.055271, 34.214176000000101 ], [ -118.055358821, 34.214115441 ], [ -118.055470736, 34.214038268 ], [ -118.055590359, 34.213955779000102 ], [ -118.055602298, 34.213948833000103 ], [ -118.05573005, 34.213874512000103 ], [ -118.055965, 34.213808 ], [ -118.055993474, 34.213802089000097 ], [ -118.056187738, 34.213762121000102 ], [ -118.056192046, 34.213760865 ], [ -118.056307, 34.213737 ], [ -118.056317941, 34.213725008 ], [ -118.056329727, 34.213712155000103 ], [ -118.056475822, 34.213552839 ], [ -118.056470759, 34.213557513000097 ], [ -118.056484, 34.213543000000101 ], [ -118.056543923, 34.213314905000097 ], [ -118.056746649, 34.213240924 ], [ -118.057307354, 34.213224823000097 ], [ -118.057309586, 34.213224711000102 ], [ -118.057911202, 34.213133557 ], [ -118.058027829, 34.213115886 ], [ -118.058044405, 34.213111986000101 ], [ -118.058089327, 34.213094017000103 ], [ -118.058111676, 34.213080607000101 ], [ -118.058136393, 34.213064326000101 ], [ -118.05840618, 34.2128959610001 ], [ -118.058416268, 34.212900694 ], [ -118.058418752, 34.212899357 ], [ -118.058421035, 34.212900395000098 ], [ -118.058649101, 34.213004061 ], [ -118.058850887, 34.212799668000102 ], [ -118.058873296, 34.212778813000099 ], [ -118.058873852, 34.212778296000103 ], [ -118.059020831, 34.212641516000097 ], [ -118.058937794, 34.2124116970001 ], [ -118.0587958, 34.212365600000098 ], [ -118.058739764, 34.212363047000103 ], [ -118.058736136, 34.212359391000099 ], [ -118.058731939, 34.212355115 ], [ -118.058726785, 34.212349889000102 ], [ -118.058723804, 34.21234681 ], [ -118.058716439, 34.212339400000097 ], [ -118.058713443, 34.212336253 ], [ -118.058711572, 34.212334352 ], [ -118.058709769, 34.212332459 ], [ -118.058708758, 34.212331113000097 ], [ -118.058706432, 34.212327805 ], [ -118.058701772, 34.212321248 ], [ -118.058689558, 34.212304049000103 ], [ -118.058671619, 34.212279006000102 ], [ -118.058668692, 34.2122748990001 ], [ -118.058651022, 34.212257186 ], [ -118.058636898, 34.212243044 ], [ -118.058610159, 34.212217566 ], [ -118.058585405, 34.212182949000102 ], [ -118.058566081, 34.212155624 ], [ -118.058539001, 34.212128792 ], [ -118.058511985, 34.212102514 ], [ -118.058491645, 34.212073526 ], [ -118.058479267, 34.212073767 ], [ -118.058460017, 34.212039684 ], [ -118.058437284, 34.212012367000099 ], [ -118.058423417, 34.211987183000097 ], [ -118.058413366, 34.211953617000098 ], [ -118.058403066, 34.211924800000098 ], [ -118.058377683, 34.211899266 ], [ -118.058372951, 34.211886983000099 ], [ -118.058366017, 34.211868983 ], [ -118.058350616, 34.211841367 ], [ -118.058332083, 34.2118154 ], [ -118.058300933, 34.21179805 ], [ -118.058279765, 34.211770837000103 ], [ -118.058277067, 34.211766993 ], [ -118.058266133, 34.211735200000099 ], [ -118.058255663, 34.211736492000099 ], [ -118.058230067, 34.21173965 ], [ -118.0581944, 34.211740467 ], [ -118.058154267, 34.21173915 ], [ -118.058116434, 34.211741117 ], [ -118.058082383, 34.2117400160001 ], [ -118.058048967, 34.21173845 ], [ -118.058013584, 34.211748683000103 ], [ -118.057974784, 34.211740567 ], [ -118.057958784, 34.211713467 ], [ -118.057933083, 34.211689467 ], [ -118.057900717, 34.211681600000098 ], [ -118.057853617, 34.211677916 ], [ -118.057828734, 34.211652566000097 ], [ -118.057795466, 34.211646516 ], [ -118.057779726, 34.211634271 ], [ -118.057727192, 34.211592860000103 ], [ -118.057712934, 34.211585617 ], [ -118.057698936, 34.211577385000098 ], [ -118.057685584, 34.211569534 ], [ -118.057656034, 34.211551767000103 ], [ -118.057631784, 34.211530933000098 ], [ -118.057601483, 34.2115164000001 ], [ -118.057575667, 34.211497167000097 ], [ -118.057543367, 34.211479484000101 ], [ -118.057517433, 34.2114554 ], [ -118.057499834, 34.211432083 ], [ -118.05746665, 34.211426417 ], [ -118.057431667, 34.211407067 ], [ -118.057405917, 34.211386517000101 ], [ -118.057374967, 34.211372366 ], [ -118.057352333, 34.211351584000099 ], [ -118.057329683, 34.211326600000099 ], [ -118.057295017, 34.211319817000103 ], [ -118.057262484, 34.211309066000098 ], [ -118.057229633, 34.211297466000097 ], [ -118.057196084, 34.211294583 ], [ -118.057185783, 34.211262867000102 ], [ -118.057199866, 34.211237884000099 ], [ -118.057166117, 34.2112399170001 ], [ -118.057132367, 34.211232567 ], [ -118.057102367, 34.211213717000099 ], [ -118.05706865, 34.211196583000103 ], [ -118.057029833, 34.211186283000103 ], [ -118.056987366, 34.211183766 ], [ -118.056944367, 34.21117 ], [ -118.056915867, 34.21115545 ], [ -118.0568777, 34.211139716 ], [ -118.056844266, 34.211119584000102 ], [ -118.056826916, 34.211092116 ], [ -118.056808933, 34.211065916000102 ], [ -118.056771249, 34.211050117000099 ], [ -118.056737115, 34.211036867000097 ], [ -118.0567054, 34.211018833 ], [ -118.056666133, 34.211000067 ], [ -118.056631516, 34.210982567 ], [ -118.056592067, 34.210969683 ], [ -118.056559933, 34.210959684 ], [ -118.056520867, 34.21094085 ], [ -118.056486317, 34.210926833 ], [ -118.056477727, 34.210922048 ], [ -118.056457684, 34.210910884 ], [ -118.056439658, 34.210909475000101 ], [ -118.056424416, 34.210908283 ], [ -118.056395517, 34.210925067000097 ], [ -118.056360017, 34.2109324 ], [ -118.0563456, 34.210961867 ], [ -118.056322817, 34.210992884000099 ], [ -118.0563256, 34.211020384000101 ], [ -118.056299167, 34.211040633 ], [ -118.056263366, 34.211032950000103 ], [ -118.056233533, 34.211010300000098 ], [ -118.056216984, 34.210978334000103 ], [ -118.056207717, 34.210945967 ], [ -118.056203318, 34.210913834000102 ], [ -118.056191516, 34.210883617 ], [ -118.056173083, 34.210858083000097 ], [ -118.056137433, 34.210853683 ], [ -118.056106484, 34.210841050000099 ], [ -118.056080083, 34.210819816 ], [ -118.056053867, 34.210794067000101 ], [ -118.0560159, 34.210779534 ], [ -118.055984517, 34.210765517 ], [ -118.055951833, 34.210751817000101 ], [ -118.055918667, 34.210740417000103 ], [ -118.055915599, 34.210709817000101 ], [ -118.055932434, 34.210696773000102 ], [ -118.055835524, 34.210653015 ], [ -118.05579555, 34.210646883 ], [ -118.055756333, 34.210643667000099 ], [ -118.055718733, 34.210633967 ], [ -118.055685133, 34.2106219 ], [ -118.055650883, 34.210618567 ], [ -118.055615799, 34.210618984000099 ], [ -118.0555848, 34.210606317 ], [ -118.055549333, 34.210592850000097 ], [ -118.055512117, 34.210592234 ], [ -118.055476187, 34.210583973 ], [ -118.055441948, 34.210586946 ], [ -118.055403267, 34.210584347000101 ], [ -118.05538228, 34.210561165000101 ], [ -118.055334525, 34.210566167 ], [ -118.055317931, 34.210554016000103 ], [ -118.055303524, 34.210543703 ], [ -118.055275317, 34.210521183 ], [ -118.055276267, 34.210493383 ], [ -118.055270067, 34.2104636 ], [ -118.055243734, 34.210444183 ], [ -118.05522315, 34.210420017 ], [ -118.0552126, 34.210392367000097 ], [ -118.055201284, 34.2103638 ], [ -118.055163133, 34.210358334 ], [ -118.055128165, 34.2103551330001 ], [ -118.055096083, 34.2103377500001 ], [ -118.055061834, 34.210327984000102 ], [ -118.0550617, 34.2102996670001 ], [ -118.055038434, 34.210275717000101 ], [ -118.055006783, 34.210259783 ], [ -118.054984267, 34.210236267 ], [ -118.054974817, 34.2102093170001 ], [ -118.054941467, 34.210201883 ], [ -118.054906583, 34.210186317000101 ], [ -118.054882984, 34.2101620500001 ], [ -118.054841, 34.210155783000097 ], [ -118.05481725, 34.2101353830001 ], [ -118.054781501, 34.210119133 ], [ -118.054760517, 34.210090284 ], [ -118.054737634, 34.210061033 ], [ -118.054708433, 34.210047600000102 ], [ -118.05468025, 34.210024334 ], [ -118.054687916, 34.2099907 ], [ -118.0547064, 34.2099673170001 ], [ -118.05471985, 34.209937083000099 ], [ -118.054699017, 34.2099114170001 ], [ -118.054663633, 34.2098963 ], [ -118.054656384, 34.2098665830001 ], [ -118.054625367, 34.209854683000103 ], [ -118.0545965, 34.209840284000101 ], [ -118.054564567, 34.209850316 ], [ -118.054526317, 34.209838517 ], [ -118.054492749, 34.209842750000099 ], [ -118.054453867, 34.209850616 ], [ -118.054431267, 34.209828733000101 ], [ -118.054411617, 34.2098003 ], [ -118.0543911, 34.209768716 ], [ -118.054363333, 34.2097424500001 ], [ -118.054343084, 34.209714517000101 ], [ -118.054323883, 34.209681717 ], [ -118.054302883, 34.209657217 ], [ -118.054269784, 34.209658650000101 ], [ -118.054289383, 34.209634134000098 ], [ -118.054285233, 34.209597767 ], [ -118.054275034, 34.209569783000099 ], [ -118.0542574, 34.209544284000103 ], [ -118.054230667, 34.209524950000102 ], [ -118.054198034, 34.209518367 ], [ -118.054158616, 34.209518850000102 ], [ -118.054121217, 34.209508667000101 ], [ -118.0541084, 34.209481683 ], [ -118.054085267, 34.2094596170001 ], [ -118.054077066, 34.209430183000102 ], [ -118.05406685, 34.209400466 ], [ -118.054042734, 34.209374583000098 ], [ -118.054013517, 34.209354084 ], [ -118.053990216, 34.209331384000102 ], [ -118.05396125, 34.2093108830001 ], [ -118.0539561, 34.209277484 ], [ -118.053921617, 34.209280717000098 ], [ -118.053887632, 34.209289484000102 ], [ -118.053856933, 34.209276867 ], [ -118.053825616, 34.209263816 ], [ -118.053794684, 34.209245066000101 ], [ -118.05375805, 34.2092264 ], [ -118.053728984, 34.2092069340001 ], [ -118.053703166, 34.209189634 ], [ -118.053703134, 34.209159716 ], [ -118.053696217, 34.209132183000101 ], [ -118.053683533, 34.2091045170001 ], [ -118.053653833, 34.2090823670001 ], [ -118.053614916, 34.209079983 ], [ -118.05357835, 34.209098950000097 ], [ -118.053546067, 34.209107617 ], [ -118.053517333, 34.209091466000103 ], [ -118.053490917, 34.209070066 ], [ -118.053465934, 34.209049783000097 ], [ -118.053444334, 34.209026266 ], [ -118.053421483, 34.208995433 ], [ -118.053401167, 34.208972850000102 ], [ -118.053372583, 34.208955800000098 ], [ -118.0533406, 34.208964267000098 ], [ -118.053326383, 34.208989833 ], [ -118.0532981, 34.209005017 ], [ -118.053267366, 34.2089791000001 ], [ -118.053239533, 34.208954283 ], [ -118.053216267, 34.208933417 ], [ -118.05318395, 34.208912367 ], [ -118.053162634, 34.208889283000097 ], [ -118.053129116, 34.208889067 ], [ -118.053101817, 34.208873 ], [ -118.053074484, 34.208855667000101 ], [ -118.053058217, 34.208826767000097 ], [ -118.053039117, 34.208804283000099 ], [ -118.053019933, 34.208778650000099 ], [ -118.05300805, 34.208751283 ], [ -118.052975616, 34.208741683 ], [ -118.052940517, 34.2087471500001 ], [ -118.052906267, 34.208738283000102 ], [ -118.052877367, 34.208724167000099 ], [ -118.052850067, 34.208699633 ], [ -118.052817266, 34.208681433 ], [ -118.052786768, 34.208662233 ], [ -118.052762333, 34.208639216000101 ], [ -118.052751683, 34.2086129 ], [ -118.05272335, 34.2085916670001 ], [ -118.052689416, 34.208575450000097 ], [ -118.052662933, 34.208553566 ], [ -118.0526335, 34.208533683 ], [ -118.052595383, 34.208525066 ], [ -118.052556817, 34.208519917 ], [ -118.052525317, 34.208505233 ], [ -118.052487083, 34.2084985830001 ], [ -118.052454333, 34.208489250000099 ], [ -118.052415284, 34.208483366000102 ], [ -118.052380933, 34.208487117000097 ], [ -118.052359417, 34.208465133000097 ], [ -118.052348383, 34.2084346 ], [ -118.052334815, 34.208433253000102 ], [ -118.052273341, 34.208449242 ], [ -118.052185032, 34.2084722110001 ], [ -118.052116618, 34.208490004000097 ], [ -118.052093217, 34.208473533000102 ], [ -118.0520571, 34.2084808500001 ], [ -118.052017367, 34.208474267 ], [ -118.052011264, 34.208472028000102 ], [ -118.051981934, 34.208461266 ], [ -118.05194435, 34.208460383 ], [ -118.051916517, 34.208442367 ], [ -118.05191205, 34.2084076 ], [ -118.051909433, 34.208372934000103 ], [ -118.051904116, 34.208344633 ], [ -118.051880984, 34.208324383 ], [ -118.051870967, 34.208297483 ], [ -118.051873168, 34.208268483 ], [ -118.051879067, 34.208240767000099 ], [ -118.051884249, 34.2082352460001 ], [ -118.051903266, 34.208214984000101 ], [ -118.0519226, 34.208190850000101 ], [ -118.05190105, 34.208164167000099 ], [ -118.051873817, 34.208144667000099 ], [ -118.051878167, 34.2081168 ], [ -118.0519119, 34.208113017000102 ], [ -118.051936067, 34.208091517000099 ], [ -118.051936616, 34.208062517 ], [ -118.051911766, 34.208038834 ], [ -118.051885101, 34.2080145830001 ], [ -118.051872483, 34.20798095 ], [ -118.051843767, 34.207950216 ], [ -118.051810833, 34.207929983 ], [ -118.051786484, 34.207905083000099 ], [ -118.0517649, 34.207880867 ], [ -118.051740034, 34.207860033 ], [ -118.051711117, 34.207833283000099 ], [ -118.051682584, 34.207809 ], [ -118.051658083, 34.207782533000099 ], [ -118.051641167, 34.207756550000099 ], [ -118.0516271, 34.207725283000102 ], [ -118.051612634, 34.207697033 ], [ -118.051599383, 34.207662017000096 ], [ -118.05158055, 34.207633683 ], [ -118.051561784, 34.207607750000101 ], [ -118.051541117, 34.207579034 ], [ -118.051518933, 34.207556116 ], [ -118.05149435, 34.207534733 ], [ -118.05146975, 34.207515867 ], [ -118.0514385, 34.207495517 ], [ -118.051401083, 34.207479533 ], [ -118.051371067, 34.207465216000102 ], [ -118.051340217, 34.207452217 ], [ -118.051309917, 34.207430583000097 ], [ -118.051300517, 34.207402084000101 ], [ -118.051275867, 34.207381134000101 ], [ -118.05123415, 34.207377883 ], [ -118.051205966, 34.207362233 ], [ -118.051184816, 34.207333633000097 ], [ -118.051160533, 34.207311317000098 ], [ -118.05114165, 34.207287133000101 ], [ -118.051132967, 34.207259367000098 ], [ -118.051119083, 34.207229684 ], [ -118.051095733, 34.207203766000099 ], [ -118.051071183, 34.2071807660001 ], [ -118.0510472, 34.207152466 ], [ -118.051023733, 34.207132883 ], [ -118.051005584, 34.2071086 ], [ -118.050983516, 34.207086950000097 ], [ -118.050962417, 34.2070581 ], [ -118.050959295, 34.207054931000101 ], [ -118.050952526, 34.207045743 ], [ -118.050893219, 34.20698542 ], [ -118.050839113, 34.206933707000097 ], [ -118.050783637, 34.206893434000101 ], [ -118.050771836, 34.206855871000101 ], [ -118.050749403, 34.206809826 ], [ -118.050711647, 34.206775616000101 ], [ -118.050657286, 34.206721454 ], [ -118.05064618, 34.206689437000101 ], [ -118.050618808, 34.206671614000101 ], [ -118.050591175, 34.206624248 ], [ -118.050546444, 34.206566696 ], [ -118.050500982, 34.206488250000099 ], [ -118.050439844, 34.206322398000097 ], [ -118.050416477, 34.206289313000099 ], [ -118.050365645, 34.206202049000098 ], [ -118.050328707, 34.206196702000099 ], [ -118.050291783, 34.206206613000099 ], [ -118.050245132, 34.206222378000099 ], [ -118.050227967, 34.20624373 ], [ -118.050215863, 34.206277564000104 ], [ -118.050198289, 34.206294244 ], [ -118.050189303, 34.2063013100001 ], [ -118.050159934, 34.206316325 ], [ -118.050182766, 34.206339564000103 ], [ -118.050150181, 34.206362594 ], [ -118.050113683, 34.206362834000103 ], [ -118.0500871, 34.2063436 ], [ -118.050068969, 34.20633622 ], [ -118.050056183, 34.206331016 ], [ -118.0500448, 34.206302366 ], [ -118.050048067, 34.206272583 ], [ -118.050052617, 34.206240883000099 ], [ -118.050044516, 34.206213217 ], [ -118.050043818, 34.206205971 ], [ -118.050043583, 34.206185863 ], [ -118.050041757, 34.206184585000102 ], [ -118.05004145, 34.2061814 ], [ -118.050034066, 34.206149184 ], [ -118.05002125, 34.206122666000098 ], [ -118.050017784, 34.20612005 ], [ -118.049981667, 34.206106534000099 ], [ -118.04995795, 34.206085683 ], [ -118.049924866, 34.206072133000099 ], [ -118.049903893, 34.206088018000102 ], [ -118.04989395, 34.20609555 ], [ -118.049865333, 34.206109833 ], [ -118.04983095, 34.206094017000098 ], [ -118.049814033, 34.206070133 ], [ -118.0498083, 34.206038117 ], [ -118.049819851, 34.206029151000102 ], [ -118.04982131, 34.206028019 ], [ -118.04982622, 34.206025751 ], [ -118.049830173, 34.206021139 ], [ -118.04983585, 34.206016733000098 ], [ -118.049853967, 34.205989067000097 ], [ -118.049867416, 34.205961217 ], [ -118.049859267, 34.205928900000103 ], [ -118.049849033, 34.205899733 ], [ -118.049824617, 34.205876767000099 ], [ -118.049842416, 34.205847867 ], [ -118.049848084, 34.205813900000102 ], [ -118.049854466, 34.205783517 ], [ -118.049853983, 34.205755633 ], [ -118.04983475, 34.20573305 ], [ -118.049810866, 34.205712684 ], [ -118.049784334, 34.2056954500001 ], [ -118.049755784, 34.205677267000098 ], [ -118.049720984, 34.205675433000103 ], [ -118.049681767, 34.205669983000099 ], [ -118.049661033, 34.205648133000103 ], [ -118.049658534, 34.205617550000099 ], [ -118.049638567, 34.205590183 ], [ -118.049611416, 34.205572683000099 ], [ -118.049575067, 34.2055674160001 ], [ -118.049538266, 34.205560616000099 ], [ -118.049517267, 34.205535717 ], [ -118.04951555, 34.205507183000101 ], [ -118.049485417, 34.205484417 ], [ -118.0494521, 34.205462967000102 ], [ -118.049436433, 34.2054360670001 ], [ -118.049408767, 34.205410967 ], [ -118.049379734, 34.205390133 ], [ -118.049360184, 34.205366183 ], [ -118.049324417, 34.20535885 ], [ -118.049288783, 34.205346616 ], [ -118.049262133, 34.205326516000099 ], [ -118.0492431, 34.205302667000097 ], [ -118.049239017, 34.205271167 ], [ -118.049219317, 34.2052417 ], [ -118.049187583, 34.2052136840001 ], [ -118.049161966, 34.205192817000103 ], [ -118.0491405, 34.2051703160001 ], [ -118.04911545, 34.205151450000102 ], [ -118.049077934, 34.205138167 ], [ -118.049040467, 34.205142417 ], [ -118.0490012, 34.205140167 ], [ -118.048965316, 34.205135167 ], [ -118.04893355, 34.205147217 ], [ -118.0489453, 34.205180483 ], [ -118.04895445, 34.205211850000097 ], [ -118.048920583, 34.205223950000097 ], [ -118.048891867, 34.20524585 ], [ -118.048857166, 34.205251683 ], [ -118.048827751, 34.205265483000098 ], [ -118.048792384, 34.205253017000103 ], [ -118.048765833, 34.205234634000099 ], [ -118.048735483, 34.205211883000104 ], [ -118.048725133, 34.2051852660001 ], [ -118.048709783, 34.205156767000098 ], [ -118.0486899, 34.205131384 ], [ -118.048665849, 34.2051074 ], [ -118.048662883, 34.205075366000102 ], [ -118.048641817, 34.205046883000101 ], [ -118.048609966, 34.205035483000103 ], [ -118.0485762, 34.205029784 ], [ -118.048540717, 34.205035317000103 ], [ -118.048536802, 34.205042520000099 ], [ -118.048545874, 34.20503482 ], [ -118.048555168, 34.205047243 ], [ -118.048532288, 34.205053112 ], [ -118.048513741, 34.205096616 ], [ -118.048511303, 34.205111611000099 ], [ -118.048469863, 34.205123163000103 ], [ -118.048452453, 34.205147082000103 ], [ -118.048401941, 34.205108843000097 ], [ -118.04835203, 34.205105004000103 ], [ -118.048322335, 34.205074825000104 ], [ -118.048313816, 34.2050457 ], [ -118.048284574, 34.20501685 ], [ -118.048266907, 34.205007337 ], [ -118.048258999, 34.204976039 ], [ -118.048262999, 34.204952243 ], [ -118.04826447, 34.204942993 ], [ -118.048259531, 34.204911136000099 ], [ -118.048240637, 34.204882832000102 ], [ -118.048217643, 34.204821246000101 ], [ -118.048209823, 34.204794718000102 ], [ -118.04817674, 34.204718927 ], [ -118.048158988, 34.204698944 ], [ -118.04801381, 34.204626381 ], [ -118.0479506, 34.204590236000101 ], [ -118.047914778, 34.2045837840001 ], [ -118.047888277, 34.204559063 ], [ -118.047860133, 34.204534771000098 ], [ -118.047733449, 34.204466898000099 ], [ -118.047693416, 34.2044413610001 ], [ -118.047616697, 34.204366246000099 ], [ -118.047575604, 34.204326426000101 ], [ -118.04753688, 34.204285518000098 ], [ -118.047478842, 34.204219771000098 ], [ -118.047420538, 34.204169943000103 ], [ -118.047382049, 34.204167362000099 ], [ -118.047361104, 34.204162413000098 ], [ -118.047327275, 34.204152143 ], [ -118.047282547, 34.204147907 ], [ -118.04716915, 34.204129319000103 ], [ -118.047108969, 34.204131393000097 ], [ -118.047081563, 34.204110979000099 ], [ -118.047047172, 34.204120686000103 ], [ -118.04699817, 34.204092504000101 ], [ -118.046880628, 34.204033774 ], [ -118.046834233, 34.204019065000097 ], [ -118.046699956, 34.203973488 ], [ -118.046551851, 34.203950764000098 ], [ -118.046432332, 34.203901573000103 ], [ -118.046306395, 34.203842623000099 ], [ -118.046199605, 34.203813501000099 ], [ -118.046112897, 34.203786624 ], [ -118.046061882, 34.203834757 ], [ -118.046021608, 34.203897096 ], [ -118.046006554, 34.203947801 ], [ -118.045994248, 34.203977995000102 ], [ -118.046003928, 34.204065167000103 ], [ -118.046020551, 34.204091631 ], [ -118.046043989, 34.204128944 ], [ -118.046020551, 34.204138285000099 ], [ -118.046002376, 34.204147953000103 ], [ -118.045968231, 34.204159138000101 ], [ -118.045887674, 34.204191245000104 ], [ -118.045860006, 34.204184759 ], [ -118.045780875, 34.204181083 ], [ -118.045697788, 34.204165338000102 ], [ -118.045618333, 34.204101767000097 ], [ -118.045632324, 34.204063282 ], [ -118.045657791, 34.2039908040001 ], [ -118.045510556, 34.203956319 ], [ -118.045521794, 34.20390174 ], [ -118.04550274, 34.203767938000098 ], [ -118.045501575, 34.203763211000101 ], [ -118.045501169, 34.2037615630001 ], [ -118.045456405, 34.203579927000099 ], [ -118.045336063, 34.203555667 ], [ -118.045149887, 34.203522671 ], [ -118.045129197, 34.203519004 ], [ -118.044842425, 34.203448238000099 ], [ -118.044567284, 34.203338253 ], [ -118.044055344, 34.203223937000097 ], [ -118.043949531, 34.203228076000102 ], [ -118.043664706, 34.203256181 ], [ -118.043514695, 34.203022702000098 ], [ -118.043484695, 34.202877552000103 ], [ -118.043491162, 34.202827251 ], [ -118.043339607, 34.202755907 ], [ -118.043157763, 34.202756038000103 ], [ -118.043010391, 34.20286394 ], [ -118.042872714, 34.202817732 ], [ -118.042818422, 34.2025634620001 ], [ -118.042748811, 34.202453463 ], [ -118.042721904, 34.202422346 ], [ -118.042719467, 34.202422644 ], [ -118.042428369, 34.202372225 ], [ -118.042211897, 34.202400441000101 ], [ -118.041465815, 34.202129186 ], [ -118.040866411, 34.201941876 ], [ -118.040384787, 34.201752860000099 ], [ -118.040119339, 34.201756242 ], [ -118.03941717, 34.201385753000103 ], [ -118.039238497, 34.201357111 ], [ -118.03905939, 34.201310244000098 ], [ -118.038980323, 34.201256300000097 ], [ -118.039057032, 34.201314620000097 ], [ -118.038657433, 34.201289991000102 ], [ -118.038287402, 34.201182134000099 ], [ -118.037958798, 34.201128273000101 ], [ -118.037787959, 34.200995926000097 ], [ -118.037508531, 34.2009302230001 ], [ -118.037372376, 34.200877132000102 ], [ -118.037487894, 34.200777620000103 ], [ -118.037745483, 34.200738912000098 ], [ -118.037955368, 34.200775507000102 ], [ -118.038080465, 34.200904531 ], [ -118.038233468, 34.200894474000101 ], [ -118.038372832, 34.200965572 ], [ -118.038599939, 34.201022571000102 ], [ -118.038610342, 34.200850202 ], [ -118.038620429, 34.200690516000101 ], [ -118.038755279, 34.200550736 ], [ -118.038839877, 34.200465916 ], [ -118.038727963, 34.2004208560001 ], [ -118.038766315, 34.200353003 ], [ -118.038781183, 34.200246686000099 ], [ -118.038814626, 34.200130537000099 ], [ -118.038978896, 34.200158734000098 ], [ -118.03907615, 34.20005637 ], [ -118.039205417, 34.200017991 ], [ -118.039194001, 34.199863011 ], [ -118.039219546, 34.199695977 ], [ -118.039395204, 34.199389425 ], [ -118.039506376, 34.199218787000099 ], [ -118.039725778, 34.199118520000098 ], [ -118.039769982, 34.199060918 ], [ -118.039773248, 34.199155526 ], [ -118.039774125, 34.198982326000099 ], [ -118.03980607, 34.198773468000098 ], [ -118.039922964, 34.198576034 ], [ -118.03994335, 34.198458858 ], [ -118.039954181, 34.198393515000099 ], [ -118.039927181, 34.1983326020001 ], [ -118.039859404, 34.198247852000101 ], [ -118.03978523, 34.198163135000101 ], [ -118.039795958, 34.198087565 ], [ -118.039845495, 34.198028421000103 ], [ -118.039897324, 34.1978820510001 ], [ -118.039880522, 34.197632405 ], [ -118.039821585, 34.197490339000097 ], [ -118.03973019, 34.1973820380001 ], [ -118.039698183, 34.197344111000099 ], [ -118.039664868, 34.197241401 ], [ -118.039662734, 34.197135731000103 ], [ -118.039659798, 34.196990303000099 ], [ -118.039656515, 34.196827746000103 ], [ -118.03960691, 34.196569359000101 ], [ -118.03960436, 34.1965560780001 ], [ -118.039344226, 34.196219771000102 ], [ -118.039291432, 34.1961515180001 ], [ -118.039272796, 34.196104261000102 ], [ -118.039169886, 34.196015136 ], [ -118.039070244, 34.195961396 ], [ -118.039004889, 34.195943117000098 ], [ -118.038863558, 34.1959150120001 ], [ -118.03877731, 34.19588994 ], [ -118.03868344, 34.19586295 ], [ -118.03860369, 34.195819426000099 ], [ -118.038529823, 34.195805850000099 ], [ -118.038443532, 34.195779537000099 ], [ -118.038377713, 34.195771483 ], [ -118.038236285, 34.195750228000101 ], [ -118.038097902, 34.195691342 ], [ -118.037617342, 34.195422475 ], [ -118.03758972, 34.195367373000103 ], [ -118.037562948, 34.195343002000101 ], [ -118.037498976, 34.1952805560001 ], [ -118.037466321, 34.1952395100001 ], [ -118.037446173, 34.195177231000102 ], [ -118.037435557, 34.195130144000103 ], [ -118.037444829, 34.195059583 ], [ -118.037437563, 34.195022722 ], [ -118.037440262, 34.194966241 ], [ -118.03743728, 34.194854427000102 ], [ -118.037399511, 34.194791097000099 ], [ -118.03736999, 34.194746916 ], [ -118.037327784, 34.194729940000101 ], [ -118.03725175, 34.194694337 ], [ -118.037195223, 34.194674669000101 ], [ -118.037053939, 34.194580579 ], [ -118.037048411, 34.194575617000098 ], [ -118.036951434, 34.194481901000103 ], [ -118.036945825, 34.194453629000101 ], [ -118.036915008, 34.194431834000099 ], [ -118.036887088, 34.194393097 ], [ -118.036737666, 34.194208233 ], [ -118.036695019, 34.194151603000101 ], [ -118.036612914, 34.194054654000098 ], [ -118.036532267, 34.193966498000101 ], [ -118.0363817, 34.1938608 ], [ -118.036297242, 34.193824591000102 ], [ -118.03615063, 34.193761735000102 ], [ -118.036048797, 34.1937070990001 ], [ -118.035854689, 34.193567954000102 ], [ -118.03579908, 34.193420706 ], [ -118.035687724, 34.193125843000097 ], [ -118.035216304, 34.192646661 ], [ -118.034896718, 34.192278625 ], [ -118.03467476, 34.1920178680001 ], [ -118.034334785, 34.191640300000103 ], [ -118.034148358, 34.191406831000101 ], [ -118.034014898, 34.191269708 ], [ -118.03398039, 34.191239997 ], [ -118.033809874, 34.191109415 ], [ -118.033569096, 34.190982736 ], [ -118.033546599, 34.1909709 ], [ -118.033500231, 34.190946505000099 ], [ -118.03326094, 34.190813117000097 ], [ -118.033073801, 34.1907088 ], [ -118.032662849, 34.190481867000102 ], [ -118.032728163, 34.190051286 ], [ -118.032696362, 34.189601131000103 ], [ -118.03231821, 34.189243403 ], [ -118.031763521, 34.188820007000103 ], [ -118.031756061, 34.188818712000099 ], [ -118.030999087, 34.188687346000101 ], [ -118.030523873, 34.188813914 ], [ -118.030372233, 34.188850311000103 ], [ -118.030179822, 34.188896494000097 ], [ -118.029938584, 34.188966435000097 ], [ -118.029910369, 34.188974677 ], [ -118.029616049, 34.189017807 ], [ -118.029509953, 34.189107325000101 ], [ -118.029349589, 34.189046193 ], [ -118.029376427, 34.188950232 ], [ -118.029367, 34.188897500000103 ], [ -118.029165055, 34.188842329000103 ], [ -118.029165055, 34.188790521 ], [ -118.02913908, 34.18843464 ], [ -118.028820227, 34.188167845000102 ], [ -118.028814052, 34.188167971 ], [ -118.028094967, 34.188182626000099 ], [ -118.027299127, 34.1881500900001 ], [ -118.026430446, 34.188093979 ], [ -118.025682559, 34.1880602680001 ], [ -118.025090359, 34.188143342 ], [ -118.024523535, 34.1881593620001 ], [ -118.02403979, 34.188082384 ], [ -118.024038835, 34.188079284 ], [ -118.023936332, 34.187746749 ], [ -118.024175397, 34.187350617 ], [ -118.024480539, 34.1869857780001 ], [ -118.02423849, 34.186580125 ], [ -118.023604536, 34.186149202 ], [ -118.023715639, 34.1854615 ], [ -118.023614588, 34.185211826000099 ], [ -118.023603409, 34.185209370000102 ], [ -118.0209473, 34.184625624 ], [ -118.020940471, 34.1846219130001 ], [ -118.019246803, 34.183701419 ], [ -118.019245056, 34.183702194 ], [ -118.018344762, 34.1841017 ], [ -118.018334836, 34.184095826 ], [ -118.017041551, 34.183330341 ], [ -118.016356776, 34.182983264 ], [ -118.016354904, 34.182983595000103 ], [ -118.015779094, 34.183085684 ], [ -118.015183239, 34.183182282000097 ], [ -118.014657701, 34.183378317000098 ], [ -118.014139294, 34.183634310000102 ], [ -118.013124671, 34.18343796 ], [ -118.013127392, 34.183435957 ], [ -118.013803188, 34.182938166 ], [ -118.014543614, 34.182803396000097 ], [ -118.015331497, 34.182408399000103 ], [ -118.015755723, 34.181175207 ], [ -118.016364537, 34.180605819 ], [ -118.017144391, 34.179937067 ], [ -118.017554721, 34.179585195000101 ], [ -118.017814126, 34.179237719000099 ], [ -118.017749669, 34.179159593000101 ], [ -118.017620448, 34.178954346000097 ], [ -118.017659341, 34.178622606 ], [ -118.01796383, 34.17829548 ], [ -118.018331512, 34.178248579000098 ], [ -118.018720393, 34.177966053 ], [ -118.019092973, 34.177580158000097 ], [ -118.019511581, 34.177064059 ], [ -118.020030253, 34.17655366 ], [ -118.020094442, 34.176657862000098 ], [ -118.020116686, 34.176912001000098 ], [ -118.019905, 34.177170010000097 ], [ -118.019873876, 34.177458907000101 ], [ -118.020231472, 34.177710057000098 ], [ -118.020257428, 34.177692400000097 ], [ -118.020368686, 34.177713858000097 ], [ -118.020609181, 34.177697282000103 ], [ -118.021163393, 34.177378532 ], [ -118.021518196, 34.177136404000102 ], [ -118.021601457, 34.177153833 ], [ -118.021751103, 34.177007755 ], [ -118.021962775, 34.176940057 ], [ -118.022098718, 34.177037571 ], [ -118.022196069, 34.177278305000101 ], [ -118.022620214, 34.177367093 ], [ -118.022492134, 34.177333827 ], [ -118.0227051, 34.177214606000099 ], [ -118.02297242, 34.177211309 ], [ -118.023653836, 34.177250869 ], [ -118.024201994, 34.177085908 ], [ -118.024652136, 34.177186759000101 ], [ -118.025028692, 34.176928931000099 ], [ -118.025602093, 34.17652495 ], [ -118.025836385, 34.176406499000102 ], [ -118.026044215, 34.176304576000099 ], [ -118.026358517, 34.176104574000099 ], [ -118.026361205, 34.176117083000101 ], [ -118.026537772, 34.175974913000097 ], [ -118.026755996, 34.175806851000097 ], [ -118.026955233, 34.175490201000102 ], [ -118.027065156, 34.175168226 ], [ -118.027344761, 34.175076516 ], [ -118.027524666, 34.175061854 ], [ -118.027557171, 34.174991922000103 ], [ -118.028171263, 34.174543554 ], [ -118.028315755, 34.173616925 ], [ -118.028243509, 34.172869643000098 ], [ -118.028243509, 34.172809861000097 ], [ -118.028315756, 34.172451166 ], [ -118.028388001, 34.171823449 ], [ -118.028459913, 34.171555665 ], [ -118.028460246, 34.171554428 ], [ -118.028743249, 34.171700793000099 ], [ -118.028749231, 34.171703884000102 ], [ -118.029471692, 34.171913123 ], [ -118.029760676, 34.171195733 ], [ -118.029869045, 34.170866929000098 ], [ -118.030266399, 34.17065769 ], [ -118.031061106, 34.170956602 ], [ -118.031849549, 34.170956602 ], [ -118.031855812, 34.170956602 ], [ -118.032253165, 34.171285406 ], [ -118.032542151, 34.171793558 ], [ -118.032628948, 34.172320263000103 ], [ -118.032764794, 34.172425165 ], [ -118.032726499, 34.1723955000001 ], [ -118.032963158, 34.172225043 ], [ -118.033114085, 34.172286111000098 ], [ -118.033354436, 34.172366583 ], [ -118.033502309, 34.172393492 ], [ -118.033686117, 34.172390164 ], [ -118.033798999, 34.172370981 ], [ -118.033799214, 34.171890140000102 ], [ -118.033799214, 34.171701980000101 ], [ -118.034129521, 34.171223665000099 ], [ -118.03462498, 34.171291995 ], [ -118.035615899, 34.171291995 ], [ -118.036085625, 34.171347522000097 ], [ -118.036190319, 34.171145522000103 ], [ -118.036214857, 34.17093168 ], [ -118.036540447, 34.170853705000098 ], [ -118.036866397, 34.170869288000098 ], [ -118.036877336, 34.170869810000099 ], [ -118.036961481, 34.1711693660001 ], [ -118.03681082, 34.171384273000101 ], [ -118.036558997, 34.1715353600001 ], [ -118.03633395, 34.171772819000097 ], [ -118.036334029, 34.171772970000099 ], [ -118.036360058, 34.171745437 ], [ -118.036403062, 34.171699948 ], [ -118.036500669, 34.171883934 ], [ -118.03699915, 34.171978788 ], [ -118.03696898, 34.172271988 ], [ -118.03694569, 34.172264035000097 ], [ -118.037333812, 34.172403964000097 ], [ -118.03771102, 34.1723466010001 ], [ -118.037832975, 34.172291987000101 ], [ -118.037928044, 34.171701980000101 ], [ -118.038433944, 34.171190328000101 ], [ -118.038668416, 34.170953192000098 ], [ -118.038671234, 34.170950341 ], [ -118.039326844, 34.171492848000099 ], [ -118.039331847, 34.171496988000101 ], [ -118.039609086, 34.1715256640001 ], [ -118.040493209, 34.171617114000099 ], [ -118.040644868, 34.171632801 ], [ -118.040653072, 34.17163365 ], [ -118.041726568, 34.172726944 ], [ -118.041974298, 34.173341921 ], [ -118.042091186, 34.173680451000102 ], [ -118.042091959, 34.173682690000099 ], [ -118.042236477, 34.173716217 ], [ -118.042241218, 34.173717317000097 ], [ -118.042631784, 34.173916290000101 ], [ -118.042976951, 34.174280081000099 ], [ -118.042923771, 34.174778930000102 ], [ -118.042891946, 34.175115686 ], [ -118.042826672, 34.175527613 ], [ -118.042735789, 34.175883535 ], [ -118.042677361, 34.176167038000102 ], [ -118.042810459, 34.176190526 ], [ -118.04312627, 34.1762430530001 ], [ -118.043194566, 34.176198549 ], [ -118.04343527, 34.176027866 ], [ -118.0433781, 34.175460178 ], [ -118.043609656, 34.175013089000103 ], [ -118.043873559, 34.174503546 ], [ -118.044366743, 34.174231478 ], [ -118.044369019, 34.174230223000102 ], [ -118.045029632, 34.174640207 ], [ -118.045125717, 34.174703815 ], [ -118.045135199, 34.174710092000097 ], [ -118.045163607, 34.174695316000097 ], [ -118.045711086, 34.174367770000103 ], [ -118.046199122, 34.173925194 ], [ -118.04612232, 34.173488026 ], [ -118.046099344, 34.173452002 ], [ -118.046021425, 34.173329835000096 ], [ -118.045903725, 34.173274389 ], [ -118.045720297, 34.173198241000101 ], [ -118.045622443, 34.172911093 ], [ -118.045808463, 34.172529685 ], [ -118.046101235, 34.172269052 ], [ -118.046559425, 34.172265003000099 ], [ -118.046955806, 34.172251966 ], [ -118.04749239, 34.171941064000102 ], [ -118.047504904, 34.171816418 ], [ -118.047492255, 34.171816369000098 ], [ -118.047160136, 34.17181507 ], [ -118.046862035, 34.171901132000102 ], [ -118.04685471, 34.171894855000097 ], [ -118.046788444, 34.171838058 ], [ -118.046784436, 34.171840169000099 ], [ -118.046268281, 34.172111966 ], [ -118.046266226, 34.1721017630001 ], [ -118.046185704, 34.171701980000101 ], [ -118.046103128, 34.170882010000099 ], [ -118.046185704, 34.170198701000103 ], [ -118.046598588, 34.169993709 ], [ -118.046977306, 34.169889248000104 ], [ -118.047341776, 34.169788717000102 ], [ -118.048910732, 34.170062040000097 ], [ -118.050303881, 34.170536727000098 ], [ -118.050314534, 34.170540356000103 ], [ -118.050892569, 34.171018672000102 ], [ -118.050618422, 34.1713967600001 ], [ -118.050605655, 34.171444397000101 ], [ -118.050450726, 34.171732911 ], [ -118.05044741, 34.172013977000098 ], [ -118.05044741, 34.172014038 ], [ -118.050904538, 34.172195110000096 ], [ -118.051322688, 34.1723346960001 ], [ -118.05163365, 34.172107477000097 ], [ -118.05159017, 34.172127412000101 ], [ -118.051392338, 34.171976857000097 ], [ -118.051370615, 34.171867372000101 ], [ -118.051457513, 34.1715643530001 ], [ -118.051621958, 34.171336246000102 ], [ -118.051841454, 34.171228344 ], [ -118.052068474, 34.171186545000097 ], [ -118.052279857, 34.171159704 ], [ -118.05249471, 34.171239497 ], [ -118.052667474, 34.171168858 ], [ -118.052860854, 34.171129021000098 ], [ -118.052969034, 34.171323719 ], [ -118.053077487, 34.171383933000101 ], [ -118.05319593, 34.171286991 ], [ -118.053311196, 34.171195069000099 ], [ -118.053593565, 34.1713851270001 ], [ -118.053914258, 34.1715073230001 ], [ -118.054088454, 34.1718731610001 ], [ -118.054051831, 34.172243015 ], [ -118.054123913, 34.172349841 ], [ -118.05421914, 34.172476893000102 ], [ -118.054250232, 34.172518377000102 ], [ -118.054253625, 34.172826254 ], [ -118.054215878, 34.173226798 ], [ -118.053929601, 34.173709272000103 ], [ -118.054153359, 34.174071466 ], [ -118.054605186, 34.17430739 ], [ -118.055054555, 34.174507898000101 ], [ -118.055059007, 34.174509881000098 ], [ -118.055466468, 34.1746628450001 ], [ -118.055952897, 34.174785254 ], [ -118.056539847, 34.174895634000102 ], [ -118.056978807, 34.17491548 ], [ -118.057461278, 34.174993954000101 ], [ -118.058228521, 34.174836145 ], [ -118.058560954, 34.174607629 ], [ -118.058639117, 34.174352662 ], [ -118.058687754, 34.174036790000102 ], [ -118.058958468, 34.173852660000101 ], [ -118.059078204, 34.173557001000098 ], [ -118.059130526, 34.173236681 ], [ -118.059160814, 34.173007733000098 ], [ -118.059517218, 34.173149780000102 ], [ -118.059529396, 34.173154633 ], [ -118.059376068, 34.173566563000101 ], [ -118.059423515, 34.173890498 ], [ -118.059423871, 34.173892925000096 ], [ -118.05996638, 34.174005618 ], [ -118.060631768, 34.173918945 ], [ -118.060819992, 34.173369355 ], [ -118.06091867, 34.172853914 ], [ -118.060931808, 34.172352839 ], [ -118.06108403, 34.171967611000099 ], [ -118.061405781, 34.171467162000098 ], [ -118.061618542, 34.1711904060001 ], [ -118.06197529, 34.170999915 ], [ -118.062492482, 34.171025093 ], [ -118.063054532, 34.171240886000099 ], [ -118.063066487, 34.171245476 ], [ -118.063270133, 34.17152464 ], [ -118.063454122, 34.171800552 ], [ -118.063642823, 34.172269536 ], [ -118.06413699, 34.172605055000098 ], [ -118.064141448, 34.1726080830001 ], [ -118.06462741, 34.17272489 ], [ -118.064637446, 34.172727302000098 ], [ -118.065088857, 34.173249987000098 ], [ -118.065092769, 34.173254517 ], [ -118.065851932, 34.173286716000099 ], [ -118.065862071, 34.173034834000099 ], [ -118.065843945, 34.173041860000097 ], [ -118.065816112, 34.173048059000102 ], [ -118.065787408, 34.173050146 ], [ -118.065758705, 34.173048058000099 ], [ -118.065730873, 34.173041860000097 ], [ -118.06570476, 34.173031739000102 ], [ -118.065681157, 34.173018003 ], [ -118.065660782, 34.173001068000097 ], [ -118.065644257, 34.172981450000101 ], [ -118.065632079, 34.172959746000103 ], [ -118.065624621, 34.172936613 ], [ -118.065622111, 34.172912755 ], [ -118.065624622, 34.172888899 ], [ -118.065632079, 34.172865766 ], [ -118.065644257, 34.172844061 ], [ -118.065660783, 34.172824444000099 ], [ -118.065681157, 34.17280751 ], [ -118.06570476, 34.172793773 ], [ -118.065715699, 34.172785549 ], [ -118.065731124, 34.172784109000098 ], [ -118.065750585, 34.172770788 ], [ -118.065734059, 34.17275117 ], [ -118.065721882, 34.172729465 ], [ -118.065714424, 34.1727063330001 ], [ -118.065711913, 34.172682475 ], [ -118.065714425, 34.172658618000099 ], [ -118.065721882, 34.172635486 ], [ -118.065734059, 34.172613781000102 ], [ -118.065750585, 34.172594163 ], [ -118.06577096, 34.172577229000098 ], [ -118.065794562, 34.172563492000101 ], [ -118.065820675, 34.172553372 ], [ -118.065848507, 34.172547173000098 ], [ -118.065877211, 34.172545086000099 ], [ -118.065905914, 34.172547173000098 ], [ -118.065933746, 34.172553372 ], [ -118.065959859, 34.172563493 ], [ -118.065983462, 34.172577229000098 ], [ -118.066003836, 34.172594163 ], [ -118.066020362, 34.172613781000102 ], [ -118.066032539, 34.172635486 ], [ -118.066044246, 34.172650121000103 ], [ -118.066054647, 34.172666695 ], [ -118.066064274, 34.172681448 ], [ -118.066077454, 34.172683944 ], [ -118.066090064, 34.172687195 ], [ -118.066101113, 34.172692123 ], [ -118.066121908, 34.172700443000103 ], [ -118.066554562, 34.1728651 ], [ -118.066565969, 34.172869442 ], [ -118.066951174, 34.17314242 ], [ -118.066955316, 34.173145356000099 ], [ -118.067388647, 34.173250347000099 ], [ -118.067395955, 34.1732521180001 ], [ -118.067795003, 34.173507343 ], [ -118.067802779, 34.173512317000103 ], [ -118.068236386, 34.173502947 ], [ -118.068068503, 34.173205259 ], [ -118.068481385, 34.172043635000101 ], [ -118.069141998, 34.1719753040001 ], [ -118.070374376, 34.1719753040001 ], [ -118.070380647, 34.1719753040001 ], [ -118.070521383, 34.1720917600001 ], [ -118.070531493, 34.172100126 ], [ -118.070626829, 34.171938613000101 ], [ -118.070495983, 34.171552288 ], [ -118.070363548, 34.171146843 ], [ -118.070454817, 34.170991462000103 ], [ -118.070478181, 34.170944066000096 ], [ -118.070050341, 34.170472025 ], [ -118.070050341, 34.169993709 ], [ -118.070872418, 34.169517529000103 ], [ -118.070876107, 34.169515393 ], [ -118.071371566, 34.169925379000098 ], [ -118.071405991, 34.1700962990001 ], [ -118.07140775, 34.170105030000101 ], [ -118.071629575, 34.170022927 ], [ -118.071633732, 34.170021388000102 ], [ -118.071930211, 34.170258919 ], [ -118.071616371, 34.1706641110001 ], [ -118.071266256, 34.170883204000098 ], [ -118.071065237, 34.171334755 ], [ -118.071085903, 34.171846702 ], [ -118.071124245, 34.172232821000101 ], [ -118.071071111, 34.17258758 ], [ -118.070889524, 34.172939609 ], [ -118.070563602, 34.1732163 ], [ -118.070474335, 34.173267823000103 ], [ -118.070380647, 34.173546913000102 ], [ -118.070132917, 34.174230223000102 ], [ -118.070033352, 34.174518587000101 ], [ -118.070031476, 34.174524019 ], [ -118.070088039, 34.174521794 ], [ -118.070518701, 34.174310447 ], [ -118.070825043, 34.17402329 ], [ -118.071205011, 34.173886364000097 ], [ -118.071545244, 34.173920342 ], [ -118.071541842, 34.173917514 ], [ -118.071525315, 34.173897897000103 ], [ -118.071513139, 34.173876193000098 ], [ -118.071510481, 34.173867948000101 ], [ -118.071502889, 34.173872366000097 ], [ -118.071476775, 34.1738824870001 ], [ -118.071448943, 34.173888687 ], [ -118.071420239, 34.173890773 ], [ -118.071391535, 34.173888686000097 ], [ -118.071363703, 34.173882488000103 ], [ -118.071337589, 34.173872367000101 ], [ -118.071313986, 34.17385863 ], [ -118.071293612, 34.173841696000103 ], [ -118.071283045, 34.173829153 ], [ -118.071264652, 34.173839857000097 ], [ -118.071238539, 34.173849978000099 ], [ -118.071210707, 34.173856177000097 ], [ -118.071182003, 34.173858264 ], [ -118.071153299, 34.173856177000097 ], [ -118.071125467, 34.173849979000103 ], [ -118.071099352, 34.173839857000097 ], [ -118.07107575, 34.173826121 ], [ -118.071055376, 34.173809187000103 ], [ -118.071038849, 34.1737895690001 ], [ -118.071026672, 34.173767864000098 ], [ -118.071019215, 34.173744732 ], [ -118.071016704, 34.1737208750001 ], [ -118.071019215, 34.173697017000102 ], [ -118.071026672, 34.173673884 ], [ -118.071038849, 34.17365218 ], [ -118.071055377, 34.173632562000101 ], [ -118.071075751, 34.1736156280001 ], [ -118.071099353, 34.1736018920001 ], [ -118.071125466, 34.173591771000098 ], [ -118.071153299, 34.173585573 ], [ -118.071182002, 34.173583485000101 ], [ -118.071210707, 34.173585572 ], [ -118.071238538, 34.17359177 ], [ -118.071264653, 34.1736018920001 ], [ -118.071288256, 34.1736156280001 ], [ -118.071308629, 34.173632562000101 ], [ -118.071319197, 34.173645106 ], [ -118.071337589, 34.173634401000101 ], [ -118.071363703, 34.173624280000098 ], [ -118.071391535, 34.173618082000097 ], [ -118.071420239, 34.173615994 ], [ -118.071448943, 34.173618081 ], [ -118.071476774, 34.173624279000101 ], [ -118.071502889, 34.173634401000101 ], [ -118.071526492, 34.173648137 ], [ -118.071546865, 34.173665071000102 ], [ -118.071563393, 34.173684689 ], [ -118.071575569, 34.173706394000099 ], [ -118.071578227, 34.173714638 ], [ -118.07158582, 34.173710219 ], [ -118.071611934, 34.173700098 ], [ -118.071639766, 34.1736939 ], [ -118.07166847, 34.173691813000097 ], [ -118.071697173, 34.1736939 ], [ -118.071725006, 34.173700099 ], [ -118.071751119, 34.173710219 ], [ -118.071774722, 34.173723956000103 ], [ -118.071795097, 34.17374089 ], [ -118.071811623, 34.173760508 ], [ -118.0718238, 34.173782212 ], [ -118.071831258, 34.173805344000101 ], [ -118.07183377, 34.173829202 ], [ -118.071831258, 34.173853060000098 ], [ -118.071823801, 34.173876192000101 ], [ -118.071811624, 34.173897897000103 ], [ -118.071795097, 34.173917514 ], [ -118.071774723, 34.1739344490001 ], [ -118.07175112, 34.173948185 ], [ -118.071725006, 34.173958306 ], [ -118.071697173, 34.1739645050001 ], [ -118.07166847, 34.173966592000099 ], [ -118.071667738, 34.173966539 ], [ -118.071679613, 34.174015657 ], [ -118.071681179, 34.1740221310001 ], [ -118.072114756, 34.173956899000103 ], [ -118.072608553, 34.173684492000099 ], [ -118.072610215, 34.173683575 ], [ -118.072895494, 34.173840953 ], [ -118.072905089, 34.173846245 ], [ -118.072945738, 34.17383971 ], [ -118.072951556, 34.173838774 ], [ -118.073042494, 34.173922045 ], [ -118.073285048, 34.174055851 ], [ -118.07330126, 34.174036606000101 ], [ -118.073321635, 34.174019672 ], [ -118.073345238, 34.1740059360001 ], [ -118.073371352, 34.173995815000097 ], [ -118.073399184, 34.173989617000103 ], [ -118.073427888, 34.173987529 ], [ -118.073456591, 34.173989617000103 ], [ -118.073484423, 34.173995814000101 ], [ -118.073510538, 34.1740059360001 ], [ -118.07353414, 34.174019672 ], [ -118.073554514, 34.174036607000097 ], [ -118.073571041, 34.174056224 ], [ -118.073583219, 34.174077929000099 ], [ -118.073590677, 34.174101061 ], [ -118.073593188, 34.1741249190001 ], [ -118.073590676, 34.174148776 ], [ -118.073583219, 34.174171909000101 ], [ -118.073571041, 34.174193613000099 ], [ -118.073554515, 34.174213231000103 ], [ -118.07353414, 34.174230166 ], [ -118.073510538, 34.174243901000096 ], [ -118.073484424, 34.174254023000103 ], [ -118.07345659, 34.174260221000097 ], [ -118.073427887, 34.174262308 ], [ -118.073399184, 34.174260221000097 ], [ -118.073387502, 34.17425762 ], [ -118.073591296, 34.174489126 ], [ -118.074037098, 34.174740898 ], [ -118.074047413, 34.174746724 ], [ -118.074497923, 34.174516477000097 ], [ -118.074573968, 34.174423506 ], [ -118.074838378, 34.174100243000098 ], [ -118.07485894, 34.173565209000103 ], [ -118.075270845, 34.172974195000101 ], [ -118.07549049, 34.1724148260001 ], [ -118.075517333, 34.172368860000098 ], [ -118.075286842, 34.1720112450001 ], [ -118.075279757, 34.172023872000103 ], [ -118.075263231, 34.1720434900001 ], [ -118.075242857, 34.172060424000101 ], [ -118.075219255, 34.172074161000097 ], [ -118.075193141, 34.1720842820001 ], [ -118.07516531, 34.172090480000101 ], [ -118.075136606, 34.172092568 ], [ -118.075120064, 34.172091365 ], [ -118.075124501, 34.172105125 ], [ -118.075127011, 34.172128982000103 ], [ -118.0751245, 34.17215284 ], [ -118.075117043, 34.172175972 ], [ -118.075104866, 34.172197677 ], [ -118.07508834, 34.172217294000099 ], [ -118.075067966, 34.172234229 ], [ -118.075044363, 34.172247965000103 ], [ -118.07501825, 34.172258086000099 ], [ -118.074990419, 34.1722642840001 ], [ -118.074961715, 34.172266372 ], [ -118.074933011, 34.172264285 ], [ -118.07490518, 34.172258087 ], [ -118.074879067, 34.172247965000103 ], [ -118.074855465, 34.172234228 ], [ -118.074835091, 34.172217294000099 ], [ -118.074818564, 34.172197677 ], [ -118.074806388, 34.172175973 ], [ -118.074798929, 34.172152839 ], [ -118.074796419, 34.172128982000103 ], [ -118.074798931, 34.172105125 ], [ -118.074806388, 34.172081992000102 ], [ -118.074818565, 34.172060288000097 ], [ -118.074835091, 34.172040670000101 ], [ -118.074855464, 34.172023736 ], [ -118.074879068, 34.1720100000001 ], [ -118.07490518, 34.171999879000097 ], [ -118.074933012, 34.171993680000099 ], [ -118.074961715, 34.171991592 ], [ -118.074978257, 34.171992795000101 ], [ -118.074973821, 34.171979035 ], [ -118.074971311, 34.171955178000097 ], [ -118.074973822, 34.171931321 ], [ -118.074981279, 34.171908188 ], [ -118.074993456, 34.171886484 ], [ -118.075009982, 34.171866866000101 ], [ -118.075030356, 34.171849932 ], [ -118.075053959, 34.1718361960001 ], [ -118.075080072, 34.171826075000098 ], [ -118.075107903, 34.171819876 ], [ -118.075136607, 34.171817788000098 ], [ -118.075163411, 34.171819738000103 ], [ -118.075087513, 34.171701980000101 ], [ -118.075004937, 34.171291995 ], [ -118.075327006, 34.171291995 ], [ -118.075335243, 34.171291995 ], [ -118.075800256, 34.171869183000098 ], [ -118.075808746, 34.17187972 ], [ -118.076117816, 34.171404362 ], [ -118.076300797, 34.170974186 ], [ -118.076569512, 34.170505925 ], [ -118.077013823, 34.170015121000098 ], [ -118.077436065, 34.169632721 ], [ -118.077572236, 34.169218624000102 ], [ -118.077884637, 34.168813733 ], [ -118.078314695, 34.168580946000098 ], [ -118.07879261, 34.168312305 ], [ -118.079225889, 34.168005825000101 ], [ -118.079682968, 34.167468518000099 ], [ -118.079889341, 34.166988191 ], [ -118.080279062, 34.166585283000103 ], [ -118.080565462, 34.1666427910001 ], [ -118.080576165, 34.166644941000101 ], [ -118.080711944, 34.166897602000098 ], [ -118.080594684, 34.167534165000099 ], [ -118.080251676, 34.167935672000098 ], [ -118.080228458, 34.168373072000101 ], [ -118.080227705, 34.168735260000098 ], [ -118.080136, 34.169153522 ], [ -118.080066867, 34.1695529570001 ], [ -118.079837896, 34.17008673 ], [ -118.079611396, 34.170444963000101 ], [ -118.079362728, 34.170745191 ], [ -118.078864954, 34.170820557000098 ], [ -118.078416409, 34.170936205 ], [ -118.077899447, 34.171123782000102 ], [ -118.077330063, 34.1713476 ], [ -118.07689728, 34.171610501 ], [ -118.076377255, 34.171948891000099 ], [ -118.076174191, 34.172475094 ], [ -118.07645264, 34.172904004 ], [ -118.076998057, 34.173238532 ], [ -118.077382812, 34.173479935 ], [ -118.077836435, 34.173754945 ], [ -118.077792168, 34.174238923000097 ], [ -118.077705058, 34.17466274 ], [ -118.077309413, 34.175207455000098 ], [ -118.07724054, 34.175321656000101 ], [ -118.076919263, 34.1758543770001 ], [ -118.076542558, 34.176990348000103 ], [ -118.076471281, 34.17742514 ], [ -118.076494589, 34.1779097780001 ], [ -118.076812711, 34.178302638 ], [ -118.07717978, 34.178819512000103 ], [ -118.077426715, 34.179138548 ], [ -118.077678135, 34.179549541 ], [ -118.07790205, 34.179815400000102 ], [ -118.078158437, 34.180094977000103 ], [ -118.078557425, 34.180319443 ], [ -118.078817041, 34.1806821710001 ], [ -118.078895529, 34.1810538840001 ], [ -118.079166705, 34.18136079 ], [ -118.079633375, 34.181745505 ], [ -118.079662976, 34.182157501000098 ], [ -118.079568036, 34.182654932 ], [ -118.079828883, 34.183072109000101 ], [ -118.08030651, 34.183286772 ], [ -118.080316911, 34.183291446000098 ], [ -118.080992262, 34.183370342 ], [ -118.08144113, 34.183247416 ], [ -118.081610493, 34.183069089000099 ], [ -118.081922449, 34.1829829160001 ], [ -118.08243749, 34.182948405 ], [ -118.082896221, 34.183106894 ], [ -118.083351953, 34.183245896000102 ], [ -118.083464509, 34.183280227000097 ], [ -118.083657374, 34.183327002000098 ], [ -118.083883878, 34.183392357000102 ], [ -118.084051, 34.1834640000001 ], [ -118.084046151, 34.183443840000102 ], [ -118.084007015, 34.183281130000097 ], [ -118.083999535, 34.183250038 ], [ -118.08412274, 34.183082096000099 ], [ -118.084303491, 34.1828085450001 ], [ -118.084420126, 34.182533918 ], [ -118.084513291, 34.182345171000101 ], [ -118.084640194, 34.182276252000101 ], [ -118.084817672, 34.182388343000099 ], [ -118.08486026, 34.182521007 ], [ -118.08508335, 34.182641475 ], [ -118.085455145, 34.182675626 ], [ -118.08563133, 34.18284098 ], [ -118.085792835, 34.1828563770001 ], [ -118.085945287, 34.1827912420001 ], [ -118.086420779, 34.1820519300001 ], [ -118.08702667, 34.181384404 ], [ -118.087296722, 34.181137151 ], [ -118.087300382, 34.180538384 ], [ -118.087300088, 34.180531946 ], [ -118.087568003, 34.180315676000099 ], [ -118.087913041, 34.180067710000102 ], [ -118.08862561, 34.180008119 ], [ -118.08883892, 34.179858993 ], [ -118.088946128, 34.179783892 ], [ -118.089265272, 34.179560325000097 ], [ -118.090179035, 34.179197441 ], [ -118.091235532, 34.178767790000101 ], [ -118.091574677, 34.17856871 ], [ -118.091931684, 34.178359145000101 ], [ -118.092389463, 34.178077180000102 ], [ -118.092445657, 34.178034987 ], [ -118.092151354, 34.177720535 ], [ -118.092489966, 34.177378662 ], [ -118.092557533, 34.177090721000098 ], [ -118.092645244, 34.176939532000098 ], [ -118.092790348, 34.176839646000097 ], [ -118.09323953, 34.176290124 ], [ -118.093487904, 34.176131062 ], [ -118.093488013, 34.176130761 ], [ -118.09331462, 34.175389267000099 ], [ -118.093302544, 34.175384802000103 ], [ -118.092682327, 34.175155483 ], [ -118.092688762, 34.1751754410001 ], [ -118.092691274, 34.175199299 ], [ -118.092688763, 34.175223156000101 ], [ -118.092681304, 34.175246288 ], [ -118.092669126, 34.175267993 ], [ -118.0926526, 34.175287611 ], [ -118.092632225, 34.175304545000103 ], [ -118.092608622, 34.175318281 ], [ -118.092582507, 34.175328402 ], [ -118.092554675, 34.1753346 ], [ -118.09252597, 34.175336688000101 ], [ -118.092497267, 34.175334601 ], [ -118.092469435, 34.175328402 ], [ -118.092443319, 34.175318281 ], [ -118.092419716, 34.175304545000103 ], [ -118.092399341, 34.175287610000098 ], [ -118.092382814, 34.175267993 ], [ -118.092370637, 34.175246288 ], [ -118.092363179, 34.175223156000101 ], [ -118.092360668, 34.175199298000102 ], [ -118.092363179, 34.1751754410001 ], [ -118.092370637, 34.175152308000101 ], [ -118.092382816, 34.175130604000103 ], [ -118.092399342, 34.175110986 ], [ -118.092419717, 34.175094052000098 ], [ -118.092443319, 34.175080316 ], [ -118.092469434, 34.175070194000099 ], [ -118.092497267, 34.175063996000098 ], [ -118.092525971, 34.1750619090001 ], [ -118.092554675, 34.175063996000098 ], [ -118.092582507, 34.175070194000099 ], [ -118.092604751, 34.175078815000099 ], [ -118.092508138, 34.174719169000099 ], [ -118.093008245, 34.1744003210001 ], [ -118.093193869, 34.174252286000097 ], [ -118.092859923, 34.17392604 ], [ -118.092637759, 34.173389450000101 ], [ -118.09253419, 34.1731263570001 ], [ -118.0921309, 34.172503 ], [ -118.091912663, 34.172309038 ], [ -118.09116733, 34.172019128 ], [ -118.090525176, 34.172659809 ], [ -118.089935762, 34.172842675 ], [ -118.089836352, 34.172873517 ], [ -118.089777513, 34.172890018 ], [ -118.089652949, 34.172920127000097 ], [ -118.089649884, 34.172920868000098 ], [ -118.089693297, 34.172913529 ], [ -118.089558856, 34.173033435 ], [ -118.089040956, 34.1732328370001 ], [ -118.088503608, 34.172975160000099 ], [ -118.088217148, 34.172950060000097 ], [ -118.08802548, 34.173045811000101 ], [ -118.087689155, 34.172936135 ], [ -118.087119939, 34.1729849560001 ], [ -118.08706601, 34.1730677890001 ], [ -118.086756147, 34.173126031 ], [ -118.08656133, 34.173099926000098 ], [ -118.086411842, 34.173219219 ], [ -118.086184061, 34.1731671860001 ], [ -118.085909594, 34.173025556 ], [ -118.085748202, 34.173131961 ], [ -118.085618356, 34.17307142 ], [ -118.085874253, 34.172720463000097 ], [ -118.086146431, 34.172453516000097 ], [ -118.086328909, 34.172233276 ], [ -118.086314475, 34.1720731710001 ], [ -118.086292424, 34.171849501000104 ], [ -118.086791485, 34.171796971 ], [ -118.08701031, 34.171463152000101 ], [ -118.087234658, 34.171279137000099 ], [ -118.087355556, 34.171233479000101 ], [ -118.08735566, 34.17123344 ], [ -118.087354756, 34.171231412000097 ], [ -118.087288445, 34.171081772 ], [ -118.087210725, 34.170929669 ], [ -118.087080165, 34.170674153 ], [ -118.08688423, 34.170229125 ], [ -118.086390915, 34.169585983 ], [ -118.086107128, 34.168946368 ], [ -118.085316528, 34.168220895 ], [ -118.084889666, 34.167882241 ], [ -118.08471312, 34.167596715000101 ], [ -118.084293655, 34.167353938000097 ], [ -118.084060644, 34.167086177 ], [ -118.083711764, 34.166627346 ], [ -118.083476871, 34.166179454 ], [ -118.083203053, 34.165741245 ], [ -118.082903034, 34.165281706 ], [ -118.082786041, 34.164782836 ], [ -118.08266647, 34.164486800000098 ], [ -118.082472056, 34.164172753000102 ], [ -118.082172967, 34.163947201 ], [ -118.08186597, 34.163789459 ], [ -118.081810423, 34.163497200000101 ], [ -118.081732142, 34.163075293000098 ], [ -118.081709398, 34.162781086000102 ], [ -118.081692404, 34.162367296000099 ], [ -118.081537993, 34.162127927 ], [ -118.081717377, 34.161945113000101 ], [ -118.085335575, 34.161892157000104 ], [ -118.085346584, 34.161891995000097 ], [ -118.08556456, 34.162837843 ], [ -118.085312624, 34.162908785000099 ], [ -118.084760205, 34.162886964000101 ], [ -118.08414369, 34.162811789 ], [ -118.083482237, 34.1627129230001 ], [ -118.083022357, 34.162542583000103 ], [ -118.082515348, 34.162470295 ], [ -118.082073398, 34.162504654 ], [ -118.082170982, 34.162750823000103 ], [ -118.082574388, 34.163097847000103 ], [ -118.082750363, 34.163381393000101 ], [ -118.082928325, 34.16359787 ], [ -118.083042651, 34.163803696000102 ], [ -118.082976965, 34.164082652 ], [ -118.083140031, 34.164440778 ], [ -118.083673823, 34.1649959000001 ], [ -118.08409039, 34.165412132 ], [ -118.084996862, 34.166165086 ], [ -118.08549053, 34.16660369 ], [ -118.086187042, 34.167126732 ], [ -118.086795093, 34.167511179 ], [ -118.087305537, 34.167939383 ], [ -118.087864472, 34.168255112000097 ], [ -118.088249925, 34.168681193000097 ], [ -118.088421715, 34.169065262000103 ], [ -118.08859863, 34.169820314 ], [ -118.088600985, 34.169830364000099 ], [ -118.089192197, 34.16951885 ], [ -118.089525649, 34.1696276690001 ], [ -118.090067905, 34.169514520000099 ], [ -118.09056156, 34.169186225 ], [ -118.091173047, 34.168884991 ], [ -118.091732728, 34.168652626 ], [ -118.092275163, 34.168529633 ], [ -118.093031272, 34.168474923000097 ], [ -118.093670172, 34.168502520000096 ], [ -118.09367123, 34.168502566 ], [ -118.094006332, 34.168648252 ], [ -118.094017327, 34.168653033000098 ], [ -118.094347597, 34.168680427 ], [ -118.094593272, 34.168310886 ], [ -118.094989242, 34.1679818550001 ], [ -118.095448854, 34.167955218 ], [ -118.095712015, 34.167914214000099 ], [ -118.095754014, 34.167917733 ], [ -118.095739021, 34.167899935 ], [ -118.095726845, 34.16787823 ], [ -118.095719388, 34.167855097 ], [ -118.095716877, 34.167831240000098 ], [ -118.095719388, 34.167807382 ], [ -118.095726844, 34.167784250000103 ], [ -118.095739021, 34.167762545000102 ], [ -118.095755547, 34.167742927000099 ], [ -118.09577592, 34.167725993 ], [ -118.095799521, 34.167712257000098 ], [ -118.095825633, 34.167702136000102 ], [ -118.095853462, 34.167695938000101 ], [ -118.095882165, 34.16769385 ], [ -118.095910867, 34.167695937000097 ], [ -118.095938697, 34.167702136000102 ], [ -118.095964809, 34.167712257000098 ], [ -118.09598841, 34.167725993 ], [ -118.096008783, 34.167742928000102 ], [ -118.096025309, 34.167762544 ], [ -118.096037485, 34.167784250000103 ], [ -118.096044942, 34.167807383 ], [ -118.096047453, 34.167831240000098 ], [ -118.096044942, 34.167855097 ], [ -118.096037485, 34.16787823 ], [ -118.096025309, 34.167899934 ], [ -118.096008783, 34.1679195520001 ], [ -118.095988411, 34.167936487000098 ], [ -118.095987085, 34.167937259 ], [ -118.096368847, 34.167969242 ], [ -118.096828195, 34.168010442 ], [ -118.097141371, 34.167791538000102 ], [ -118.097126335, 34.1673125390001 ], [ -118.097114267, 34.16731101 ], [ -118.096584098, 34.167243873000103 ], [ -118.096173662, 34.167284367 ], [ -118.095811662, 34.167407448000098 ], [ -118.095498967, 34.167284161000097 ], [ -118.095499007, 34.167284098 ], [ -118.095588211, 34.167144185 ], [ -118.095575296, 34.167147061 ], [ -118.095546594, 34.167149149000103 ], [ -118.095517891, 34.167147062 ], [ -118.095490063, 34.167140863 ], [ -118.095463951, 34.167130742 ], [ -118.095440349, 34.167117006000097 ], [ -118.095419977, 34.167100072 ], [ -118.095403452, 34.167080454 ], [ -118.095391275, 34.167058749 ], [ -118.095383818, 34.167035617000103 ], [ -118.095381307, 34.167011759 ], [ -118.095383818, 34.166987901 ], [ -118.095391275, 34.166964769000103 ], [ -118.095403451, 34.166943064000101 ], [ -118.095419976, 34.166923446000098 ], [ -118.09544035, 34.1669065130001 ], [ -118.095463951, 34.166892776000097 ], [ -118.095490063, 34.166882655000101 ], [ -118.095517891, 34.1668764570001 ], [ -118.095546593, 34.166874369 ], [ -118.095575295, 34.1668764570001 ], [ -118.095603123, 34.166882655000101 ], [ -118.095629236, 34.166892777 ], [ -118.095652838, 34.1669065130001 ], [ -118.09567321, 34.166923447 ], [ -118.095689736, 34.166943064000101 ], [ -118.095701912, 34.166964769000103 ], [ -118.095709369, 34.166987902000102 ], [ -118.09571188, 34.167011759 ], [ -118.095709927, 34.167030311000097 ], [ -118.095976759, 34.166941677000104 ], [ -118.096321823, 34.166914836 ], [ -118.096471016, 34.166612896000103 ], [ -118.09645056, 34.166576593000102 ], [ -118.096427126, 34.166585676000103 ], [ -118.096399296, 34.166591874000098 ], [ -118.096370595, 34.166593962 ], [ -118.096341893, 34.166591875000101 ], [ -118.096314063, 34.166585676000103 ], [ -118.096287952, 34.166575555000101 ], [ -118.096264351, 34.166561819 ], [ -118.096243978, 34.1665448850001 ], [ -118.096227454, 34.166525267000097 ], [ -118.096215277, 34.166503562000102 ], [ -118.096207821, 34.16648043 ], [ -118.096205309, 34.166456572000101 ], [ -118.09620782, 34.166432714000102 ], [ -118.096215278, 34.166409582 ], [ -118.096227453, 34.166387877 ], [ -118.096243979, 34.166368259 ], [ -118.096264352, 34.166351326 ], [ -118.096287953, 34.166337589000101 ], [ -118.096304195, 34.166331294 ], [ -118.096301228, 34.166330633 ], [ -118.096275116, 34.166320512 ], [ -118.096251516, 34.166306775000102 ], [ -118.096231143, 34.166289841 ], [ -118.096214617, 34.166270223 ], [ -118.096202442, 34.166248518 ], [ -118.096194985, 34.1662253860001 ], [ -118.096192474, 34.166201528 ], [ -118.096194985, 34.166177671000099 ], [ -118.096202442, 34.1661545380001 ], [ -118.096214618, 34.166132833000098 ], [ -118.096231143, 34.166113216 ], [ -118.096251516, 34.166096282000098 ], [ -118.096275117, 34.166082546 ], [ -118.096300457, 34.166072723000099 ], [ -118.096300748, 34.166069961000098 ], [ -118.096308205, 34.166046829 ], [ -118.096320381, 34.166025124 ], [ -118.096336906, 34.166005506 ], [ -118.096357279, 34.165988572000103 ], [ -118.096380878, 34.165974836 ], [ -118.096406991, 34.165964715 ], [ -118.096434819, 34.165958517 ], [ -118.096463522, 34.165956429000097 ], [ -118.096492223, 34.165958516 ], [ -118.096520052, 34.165964714 ], [ -118.096546164, 34.165974836 ], [ -118.096569764, 34.165988572000103 ], [ -118.096590137, 34.166005506 ], [ -118.096601757, 34.166019301000098 ], [ -118.096628072, 34.166018049000101 ], [ -118.096616903, 34.166004791 ], [ -118.096604727, 34.165983086 ], [ -118.096597271, 34.165959954000101 ], [ -118.09659476, 34.165936096000102 ], [ -118.096597271, 34.1659122390001 ], [ -118.096604727, 34.165889106000101 ], [ -118.096616904, 34.165867402000103 ], [ -118.09663343, 34.1658477840001 ], [ -118.096653801, 34.165830850000098 ], [ -118.096677402, 34.165817113000102 ], [ -118.096703513, 34.1658069920001 ], [ -118.096731343, 34.165800794000099 ], [ -118.096760044, 34.165798706 ], [ -118.096788745, 34.165800793000102 ], [ -118.096816575, 34.1658069920001 ], [ -118.096842686, 34.165817113000102 ], [ -118.096866286, 34.165830849 ], [ -118.096886659, 34.1658477840001 ], [ -118.096903185, 34.165867401000099 ], [ -118.096915361, 34.165889106000101 ], [ -118.096922817, 34.165912238 ], [ -118.096925328, 34.165936096000102 ], [ -118.096922818, 34.165959953 ], [ -118.096915361, 34.165983086 ], [ -118.096903184, 34.16600479 ], [ -118.096903035, 34.166004967 ], [ -118.097058239, 34.165997583 ], [ -118.097063156, 34.165997350000097 ], [ -118.097570857, 34.166354955 ], [ -118.097946026, 34.166862431 ], [ -118.098060506, 34.167272577000098 ], [ -118.097797995, 34.1676550500001 ], [ -118.097452045, 34.168010503000097 ], [ -118.097089942, 34.168365787 ], [ -118.096824798, 34.168679947 ], [ -118.096447517, 34.169048528000097 ], [ -118.096311369, 34.169174430000098 ], [ -118.096474852, 34.169242070000102 ], [ -118.096309699, 34.169652055 ], [ -118.0962755, 34.169765248 ], [ -118.09642969, 34.170027902000101 ], [ -118.096907012, 34.170297440000098 ], [ -118.096914119, 34.1703014550001 ], [ -118.097021473, 34.170319764000098 ], [ -118.096970311, 34.169515393 ], [ -118.097214902, 34.169312998000102 ], [ -118.097218041, 34.169310401000097 ], [ -118.097462567, 34.169512742000101 ], [ -118.097465771, 34.169515393 ], [ -118.098279037, 34.169717283000097 ], [ -118.098291538, 34.169720386000101 ], [ -118.098126384, 34.170608687 ], [ -118.097961842, 34.170958803000097 ], [ -118.098231094, 34.17149032 ], [ -118.09819938, 34.172116706000097 ], [ -118.098081707, 34.172646333 ], [ -118.097878118, 34.173175264000101 ], [ -118.09750292, 34.173822819000101 ], [ -118.097724757, 34.174452270000103 ], [ -118.098005272, 34.175199181 ], [ -118.098231267, 34.175608273000101 ], [ -118.098427602, 34.176280292000101 ], [ -118.09818311, 34.177039424 ], [ -118.098143342, 34.177832931000097 ], [ -118.098160774, 34.178409768000101 ], [ -118.098085371, 34.1785758400001 ], [ -118.098014888, 34.178731076000098 ], [ -118.09797348, 34.1788482440001 ], [ -118.098073738, 34.179043013000097 ], [ -118.098046316, 34.179585735 ], [ -118.097770567, 34.179937972000097 ], [ -118.097355521, 34.180327532 ], [ -118.097079034, 34.180482444000098 ], [ -118.096786431, 34.181019626000101 ], [ -118.097385495, 34.181300649 ], [ -118.098317598, 34.182264799000102 ], [ -118.099282797, 34.183306928 ], [ -118.099960887, 34.183874088 ], [ -118.09997947, 34.183889631000099 ], [ -118.099948608, 34.1838945390001 ], [ -118.100184095, 34.183989526000097 ], [ -118.100283882, 34.1840411330001 ], [ -118.100539679, 34.184173426 ], [ -118.100549866, 34.184178694 ], [ -118.100871583, 34.184115734 ], [ -118.10105166, 34.184008632 ], [ -118.101271694, 34.18388809 ], [ -118.101282813, 34.183885808000099 ], [ -118.101269602, 34.183878121000099 ], [ -118.101249226, 34.183861186000101 ], [ -118.101232697, 34.183841569 ], [ -118.101220518, 34.183819864 ], [ -118.10121306, 34.183796732000097 ], [ -118.101210548, 34.183772874000098 ], [ -118.10121306, 34.183749017 ], [ -118.101220518, 34.183725884000097 ], [ -118.101232697, 34.183704180000099 ], [ -118.101249225, 34.183684563 ], [ -118.101269602, 34.183667628 ], [ -118.101293208, 34.183653891000098 ], [ -118.101319324, 34.183643771 ], [ -118.10134716, 34.183637573000098 ], [ -118.101375867, 34.183635485 ], [ -118.101404574, 34.183637572000102 ], [ -118.101432409, 34.183643771 ], [ -118.101458526, 34.183653892000102 ], [ -118.101482132, 34.183667628 ], [ -118.101502509, 34.183684562000103 ], [ -118.101519037, 34.183704180000099 ], [ -118.101531216, 34.183725885000101 ], [ -118.101538674, 34.183749017 ], [ -118.101541187, 34.183772875 ], [ -118.101538674, 34.183796731 ], [ -118.101531216, 34.183819864 ], [ -118.101521724, 34.1838367820001 ], [ -118.101524506, 34.183836211 ], [ -118.101743401, 34.184077266 ], [ -118.102149916, 34.184353948000101 ], [ -118.10214546, 34.184348660000097 ], [ -118.102133281, 34.184326955000103 ], [ -118.102125823, 34.1843038230001 ], [ -118.102123311, 34.184279965 ], [ -118.102125823, 34.184256107000103 ], [ -118.102133281, 34.184232975 ], [ -118.10214546, 34.184211271 ], [ -118.102161989, 34.184191653 ], [ -118.102182366, 34.184174719000097 ], [ -118.102205971, 34.184160983 ], [ -118.102232089, 34.184150861 ], [ -118.102259923, 34.184144663 ], [ -118.102288631, 34.184142576000099 ], [ -118.102317339, 34.184144663 ], [ -118.102345174, 34.184150861 ], [ -118.102365031, 34.184158557 ], [ -118.102366217, 34.184147290000098 ], [ -118.102373676, 34.184124157 ], [ -118.102385854, 34.184102452 ], [ -118.102402383, 34.184082835 ], [ -118.102422761, 34.184065901000103 ], [ -118.102446364, 34.184052164 ], [ -118.102472483, 34.184042043 ], [ -118.102500318, 34.184035845 ], [ -118.102529026, 34.184033758000098 ], [ -118.102557733, 34.184035845 ], [ -118.102585568, 34.184042043 ], [ -118.102595774, 34.184045998 ], [ -118.102615262, 34.183983731000097 ], [ -118.102638976, 34.183927491000098 ], [ -118.102633214, 34.183928774 ], [ -118.102604506, 34.1839308610001 ], [ -118.102575799, 34.183928774 ], [ -118.102547964, 34.183922576 ], [ -118.102521847, 34.183912455 ], [ -118.102498241, 34.183898719000098 ], [ -118.102477865, 34.1838817840001 ], [ -118.102461336, 34.183862166 ], [ -118.102449157, 34.183840462 ], [ -118.102441698, 34.1838173290001 ], [ -118.102439187, 34.183793472 ], [ -118.102441699, 34.183769615000102 ], [ -118.102449157, 34.183746482000103 ], [ -118.102461335, 34.183724777000101 ], [ -118.102477863, 34.18370516 ], [ -118.102498242, 34.183688225 ], [ -118.102521847, 34.183674489000097 ], [ -118.102524461, 34.183673476 ], [ -118.102508731, 34.183660403 ], [ -118.102492202, 34.183640785000101 ], [ -118.102480023, 34.183619081000103 ], [ -118.102472564, 34.183595948000097 ], [ -118.102470053, 34.183572091 ], [ -118.102472565, 34.183548234000099 ], [ -118.102480023, 34.183525101 ], [ -118.102492201, 34.183503396 ], [ -118.10250873, 34.183483779 ], [ -118.102529107, 34.183466844000101 ], [ -118.102552713, 34.183453108 ], [ -118.102578829, 34.183442987 ], [ -118.102606665, 34.183436789 ], [ -118.102635372, 34.183434702000099 ], [ -118.102664079, 34.183436789 ], [ -118.102691914, 34.183442987 ], [ -118.102718031, 34.183453108 ], [ -118.102741636, 34.183466844000101 ], [ -118.102762013, 34.183483778 ], [ -118.102778541, 34.183503397 ], [ -118.10279072, 34.183525101 ], [ -118.102798179, 34.183548234000099 ], [ -118.102800691, 34.183572091 ], [ -118.102798179, 34.183595948000097 ], [ -118.102790721, 34.183619081000103 ], [ -118.102778543, 34.183640786000097 ], [ -118.102762014, 34.183660403 ], [ -118.102741636, 34.183677338000102 ], [ -118.102718031, 34.183691074 ], [ -118.102715419, 34.183692087000097 ], [ -118.102731148, 34.183705159000098 ], [ -118.102747676, 34.183724778000098 ], [ -118.102759855, 34.183746482000103 ], [ -118.102761671, 34.183752115000097 ], [ -118.102888186, 34.183771702000101 ], [ -118.102900222, 34.183773566000099 ], [ -118.102916382, 34.184126310000103 ], [ -118.102832434, 34.1844346930001 ], [ -118.102899169, 34.184672521 ], [ -118.103283259, 34.184924584 ], [ -118.103294203, 34.184946079 ], [ -118.103310106, 34.184927205000101 ], [ -118.103330484, 34.18491027 ], [ -118.10335409, 34.1848965350001 ], [ -118.103380206, 34.184886414000097 ], [ -118.103408042, 34.184880215000099 ], [ -118.103433196, 34.184878386 ], [ -118.103434654, 34.18487386 ], [ -118.103446834, 34.184852155 ], [ -118.103463363, 34.184832537 ], [ -118.103483739, 34.184815603000096 ], [ -118.103507346, 34.184801867 ], [ -118.103533464, 34.184791745 ], [ -118.103561298, 34.184785547 ], [ -118.103590006, 34.184783460000098 ], [ -118.103618715, 34.184785548 ], [ -118.10364655, 34.184791746 ], [ -118.103672668, 34.184801867 ], [ -118.103696273, 34.184815603000096 ], [ -118.10371665, 34.184832537 ], [ -118.103733179, 34.184852155 ], [ -118.103745357, 34.184873859 ], [ -118.103752817, 34.184896991000102 ], [ -118.103755328, 34.184920849 ], [ -118.103752817, 34.184944707000099 ], [ -118.103745358, 34.184967839 ], [ -118.10373318, 34.184989544000103 ], [ -118.103716651, 34.185009161 ], [ -118.103696272, 34.185026096000101 ], [ -118.103672667, 34.185039832 ], [ -118.103646549, 34.185049953 ], [ -118.103618715, 34.185056151 ], [ -118.103593562, 34.185057980000103 ], [ -118.103592102, 34.185062507000097 ], [ -118.103579923, 34.185084211000103 ], [ -118.103563394, 34.185103829000099 ], [ -118.103543017, 34.185120764 ], [ -118.103519411, 34.1851344990001 ], [ -118.103493294, 34.185144620000102 ], [ -118.103465458, 34.1851508190001 ], [ -118.10343675, 34.185152906 ], [ -118.103408042, 34.1851508190001 ], [ -118.103381333, 34.185144871 ], [ -118.10336547, 34.185372732000097 ], [ -118.103214993, 34.1855678310001 ], [ -118.103016755, 34.185741954 ], [ -118.102974038, 34.186011498 ], [ -118.103027464, 34.18637089 ], [ -118.103044252, 34.1868509070001 ], [ -118.102892261, 34.187244849 ], [ -118.102858533, 34.187583357000101 ], [ -118.103061533, 34.187978529000098 ], [ -118.103516671, 34.188343202000098 ], [ -118.10351838, 34.188344571000101 ], [ -118.103528387, 34.188348629000103 ], [ -118.103906647, 34.187896511000098 ], [ -118.103906746, 34.187896393000102 ], [ -118.104732512, 34.188238048000102 ], [ -118.10497465, 34.188972719 ], [ -118.104975039, 34.188972025000098 ], [ -118.104991568, 34.188952408 ], [ -118.105011946, 34.188935474000097 ], [ -118.105035553, 34.188921738 ], [ -118.105061672, 34.188911617 ], [ -118.105089509, 34.188905418 ], [ -118.105118218, 34.188903331000098 ], [ -118.105146927, 34.188905418 ], [ -118.105174764, 34.188911617 ], [ -118.105200882, 34.188921738 ], [ -118.10522449, 34.188935474000097 ], [ -118.105244867, 34.188952408 ], [ -118.105261398, 34.188972026 ], [ -118.105273577, 34.18899373 ], [ -118.105281036, 34.189016863000099 ], [ -118.105283547, 34.18904072 ], [ -118.105281036, 34.189064577000103 ], [ -118.105273577, 34.18908771 ], [ -118.105261398, 34.189109415000097 ], [ -118.105244868, 34.189129033 ], [ -118.10522449, 34.189145967000101 ], [ -118.105200883, 34.189159703 ], [ -118.105174764, 34.189169824 ], [ -118.105146927, 34.189176022 ], [ -118.105118217, 34.189178109000103 ], [ -118.105089509, 34.189176023000101 ], [ -118.105061671, 34.189169824 ], [ -118.105035553, 34.189159702 ], [ -118.105011946, 34.189145967000101 ], [ -118.104991568, 34.189129032 ], [ -118.104975038, 34.189109415000097 ], [ -118.104962859, 34.18908771 ], [ -118.1049554, 34.189064577000103 ], [ -118.104952888, 34.18904072 ], [ -118.104954402, 34.189026342 ], [ -118.104890572, 34.1891168880001 ], [ -118.104919724, 34.189212 ], [ -118.104920121, 34.189213298 ], [ -118.104916948, 34.18922474 ], [ -118.104831209, 34.1895339860001 ], [ -118.104831169, 34.189534131000102 ], [ -118.105181133, 34.189669773 ], [ -118.105187586, 34.189672274 ], [ -118.105186373, 34.189660748000101 ], [ -118.105188885, 34.18963689 ], [ -118.105196343, 34.1896137580001 ], [ -118.105208523, 34.189592054000101 ], [ -118.105225054, 34.189572436 ], [ -118.105245432, 34.189555502000097 ], [ -118.105269039, 34.189541765000101 ], [ -118.105295157, 34.189531645 ], [ -118.105322994, 34.189525446000097 ], [ -118.105351704, 34.189523359000098 ], [ -118.105380413, 34.189525446000097 ], [ -118.10540825, 34.189531644000098 ], [ -118.105434368, 34.189541766 ], [ -118.105457976, 34.189555502000097 ], [ -118.105478355, 34.189572436 ], [ -118.105494884, 34.189592053000098 ], [ -118.105507064, 34.1896137580001 ], [ -118.105514523, 34.189636891000099 ], [ -118.105517034, 34.189660748000101 ], [ -118.105514522, 34.1896846060001 ], [ -118.105507063, 34.189707738 ], [ -118.105494885, 34.189729442 ], [ -118.105478354, 34.189749060000103 ], [ -118.105457976, 34.189765994 ], [ -118.105434369, 34.189779731 ], [ -118.105430773, 34.189781125 ], [ -118.105535515, 34.189828088000098 ], [ -118.105465307, 34.190137258 ], [ -118.105460336, 34.190466693000097 ], [ -118.105460251, 34.190472332000098 ], [ -118.105465076, 34.1904747950001 ], [ -118.106053738, 34.190219643 ], [ -118.107044657, 34.189672996000098 ], [ -118.107060028, 34.1896507370001 ], [ -118.107055869, 34.189652349 ], [ -118.107028032, 34.189658548000097 ], [ -118.106999322, 34.189660635000102 ], [ -118.106970613, 34.189658548000097 ], [ -118.106942776, 34.189652349 ], [ -118.106916657, 34.189642228 ], [ -118.106893051, 34.189628492000097 ], [ -118.106872673, 34.189611558 ], [ -118.106856143, 34.189591941000103 ], [ -118.106843963, 34.189570235000097 ], [ -118.106836505, 34.189547103000102 ], [ -118.106833992, 34.1895232460001 ], [ -118.106836505, 34.189499389 ], [ -118.106843964, 34.189476256 ], [ -118.106856142, 34.189454552 ], [ -118.106872672, 34.189434934000097 ], [ -118.106893051, 34.189417999000099 ], [ -118.106916658, 34.189404263 ], [ -118.106942777, 34.189394142 ], [ -118.106970614, 34.189387944 ], [ -118.106984412, 34.189386941000102 ], [ -118.106986715, 34.1893650700001 ], [ -118.106994174, 34.189341938 ], [ -118.107006354, 34.1893202320001 ], [ -118.107022883, 34.189300615 ], [ -118.107043262, 34.189283681000099 ], [ -118.107066868, 34.189269945 ], [ -118.107092987, 34.189259824 ], [ -118.107120824, 34.189253625 ], [ -118.107149534, 34.1892515380001 ], [ -118.107178242, 34.189253626 ], [ -118.107206079, 34.189259824 ], [ -118.107232198, 34.189269945 ], [ -118.107255805, 34.189283681000099 ], [ -118.107276184, 34.189300615 ], [ -118.107290266, 34.189317329000097 ], [ -118.107370042, 34.189201806 ], [ -118.107374963, 34.189194680000099 ], [ -118.107787846, 34.189877988 ], [ -118.108200729, 34.1904929660001 ], [ -118.10951074, 34.191102724000103 ], [ -118.109521955, 34.191107944000102 ], [ -118.11009999, 34.190902952 ], [ -118.110512874, 34.1904929660001 ], [ -118.110265144, 34.189741327 ], [ -118.110924067, 34.189468703 ], [ -118.110925757, 34.189468004 ], [ -118.112073001, 34.190078288000102 ], [ -118.112081829, 34.190082982 ], [ -118.112930622, 34.190129806000101 ], [ -118.112669341, 34.189915370000101 ], [ -118.11234631, 34.189636218 ], [ -118.112298778, 34.189301503 ], [ -118.112251462, 34.188844448000097 ], [ -118.112187039, 34.188574717000101 ], [ -118.112302194, 34.188358352000101 ], [ -118.112318959, 34.188340247 ], [ -118.112081829, 34.188238048000102 ], [ -118.111916676, 34.187759732000103 ], [ -118.112412136, 34.187008092 ], [ -118.113485631, 34.187076424000097 ], [ -118.113720658, 34.186959735000102 ], [ -118.113708153, 34.18695502 ], [ -118.113567564, 34.186902 ], [ -118.113566696, 34.186901387 ], [ -118.113355087, 34.1867517640001 ], [ -118.113323907, 34.186437070000103 ], [ -118.113365251, 34.1864301640001 ], [ -118.113155325, 34.186256454 ], [ -118.113072748, 34.185709806 ], [ -118.113568207, 34.185436483 ], [ -118.1137564, 34.185422326 ], [ -118.113743474, 34.1854115840001 ], [ -118.113726944, 34.185391967 ], [ -118.113714766, 34.185370262 ], [ -118.113707307, 34.185347129 ], [ -118.113704796, 34.185323272000097 ], [ -118.113707308, 34.185299415 ], [ -118.113714767, 34.1852762830001 ], [ -118.113726945, 34.185254578000098 ], [ -118.113743474, 34.185234960000102 ], [ -118.113763851, 34.185218026 ], [ -118.113787457, 34.185204290000101 ], [ -118.113813575, 34.185194168000102 ], [ -118.113841411, 34.185187971000097 ], [ -118.113870118, 34.185185883 ], [ -118.113898826, 34.185187970000101 ], [ -118.113926661, 34.185194169000098 ], [ -118.113952779, 34.185204290000101 ], [ -118.113976385, 34.185218027000097 ], [ -118.113996762, 34.185234960000102 ], [ -118.114013292, 34.185254578000098 ], [ -118.11402547, 34.185276282000103 ], [ -118.114032929, 34.185299415 ], [ -118.11403544, 34.185323272000097 ], [ -118.114032929, 34.18534713 ], [ -118.11402547, 34.185370262 ], [ -118.114013292, 34.185391967 ], [ -118.114003365, 34.185403748000098 ], [ -118.114266885, 34.185383924000099 ], [ -118.114266044, 34.185381008 ], [ -118.114284966, 34.185050398 ], [ -118.114282136, 34.185003460000097 ], [ -118.114270145, 34.185001656000097 ], [ -118.113981092, 34.184958167 ], [ -118.113980674, 34.184955058000099 ], [ -118.113815938, 34.183728211000101 ], [ -118.114063668, 34.183044903000102 ], [ -118.114311397, 34.182498256 ], [ -118.114311397, 34.181883278 ], [ -118.11472428, 34.181199969 ], [ -118.115384893, 34.181268301 ], [ -118.116116162, 34.181537240000097 ], [ -118.116128082, 34.181541624 ], [ -118.116251973, 34.18178083 ], [ -118.116259053, 34.181794501000098 ], [ -118.11630203, 34.181720345 ], [ -118.116587555, 34.181371263000102 ], [ -118.116852069, 34.181096375 ], [ -118.117296459, 34.180832844000101 ], [ -118.117471601, 34.180723468000103 ], [ -118.117567724, 34.180577427000102 ], [ -118.117584351, 34.180429743 ], [ -118.117694184, 34.180224941000098 ], [ -118.117716788, 34.180136127 ], [ -118.117697201, 34.180131765000098 ], [ -118.117671085, 34.180121645 ], [ -118.117647481, 34.180107908 ], [ -118.117627104, 34.180090974000102 ], [ -118.117610577, 34.180071356 ], [ -118.117598399, 34.180049652 ], [ -118.11759094, 34.180026519000101 ], [ -118.117588429, 34.180002662 ], [ -118.11759094, 34.179978804 ], [ -118.117598399, 34.179955671000101 ], [ -118.117610578, 34.179933967000103 ], [ -118.117627105, 34.1799143490001 ], [ -118.117647481, 34.179897415 ], [ -118.117671085, 34.179883679000099 ], [ -118.117697202, 34.179873558000097 ], [ -118.117725034, 34.179867359000099 ], [ -118.117753741, 34.179865272 ], [ -118.117778635, 34.179867083 ], [ -118.11778838, 34.179857383000098 ], [ -118.117773865, 34.17984532 ], [ -118.117757336, 34.179825702000102 ], [ -118.117745158, 34.179803998000096 ], [ -118.117737701, 34.179780865000097 ], [ -118.117735189, 34.179757008 ], [ -118.117737701, 34.179733150000096 ], [ -118.117745159, 34.179710018 ], [ -118.117757337, 34.179688313 ], [ -118.117773865, 34.179668695 ], [ -118.117794241, 34.179651761000102 ], [ -118.117817845, 34.179638025 ], [ -118.11784396, 34.179627904 ], [ -118.117871795, 34.179621705 ], [ -118.1179005, 34.179619618000103 ], [ -118.117929207, 34.179621706 ], [ -118.117957041, 34.179627904 ], [ -118.117983157, 34.179638025 ], [ -118.11800676, 34.179651761000102 ], [ -118.118027136, 34.179668695 ], [ -118.118043665, 34.179688313 ], [ -118.118055842, 34.179710017 ], [ -118.118063301, 34.179733150000096 ], [ -118.118065812, 34.179757007 ], [ -118.118065269, 34.179762166 ], [ -118.118081003, 34.179763163000104 ], [ -118.118089185, 34.179763682 ], [ -118.118203135, 34.1798880220001 ], [ -118.118317031, 34.180011732 ], [ -118.118453477, 34.18007527 ], [ -118.118449537, 34.180091202 ], [ -118.118547576, 34.180186335 ], [ -118.118532116, 34.18021807 ], [ -118.118425223, 34.180350924 ], [ -118.118265095, 34.180376962 ], [ -118.118079868, 34.18043069 ], [ -118.117985703, 34.180562381000101 ], [ -118.11795191, 34.180700275 ], [ -118.117944493, 34.180847515 ], [ -118.11786922, 34.180982256 ], [ -118.117824049, 34.181054405000097 ], [ -118.117714627, 34.1811643140001 ], [ -118.117609413, 34.181583305000103 ], [ -118.117554774, 34.182069579 ], [ -118.11755158, 34.182347376000102 ], [ -118.117630509, 34.182638996 ], [ -118.117643763, 34.182929908000098 ], [ -118.117689021, 34.183207452 ], [ -118.117735047, 34.183484072000098 ], [ -118.117586218, 34.183676312 ], [ -118.117577363, 34.183667142 ], [ -118.117424973, 34.183509350000101 ], [ -118.117478408, 34.183232153000098 ], [ -118.117414653, 34.182997018 ], [ -118.117366005, 34.182762786000097 ], [ -118.117318182, 34.182500271 ], [ -118.117270778, 34.182182186 ], [ -118.117273279, 34.181918551 ], [ -118.117161046, 34.181708613000097 ], [ -118.117153202, 34.181711842 ], [ -118.116832172, 34.181843990000097 ], [ -118.116530658, 34.1820817810001 ], [ -118.11637901, 34.182428606 ], [ -118.116459148, 34.182706096000103 ], [ -118.116631125, 34.182883503 ], [ -118.116632558, 34.182879059000101 ], [ -118.116644736, 34.182857354000099 ], [ -118.116661265, 34.182837737000099 ], [ -118.116681642, 34.182820803 ], [ -118.116705247, 34.182807067000098 ], [ -118.116731363, 34.182796945000099 ], [ -118.116759198, 34.182790747000098 ], [ -118.116787905, 34.182788659 ], [ -118.116816613, 34.182790747000098 ], [ -118.116844447, 34.182796946000103 ], [ -118.116870564, 34.182807066000102 ], [ -118.116894169, 34.182820803 ], [ -118.116914545, 34.182837737000099 ], [ -118.116931074, 34.182857354000099 ], [ -118.116943253, 34.182879059000101 ], [ -118.116950711, 34.182902191 ], [ -118.116953223, 34.182926049000102 ], [ -118.116950712, 34.182949907000101 ], [ -118.116943253, 34.182973039 ], [ -118.116931075, 34.182994744 ], [ -118.116914547, 34.183014362000101 ], [ -118.116894169, 34.183031295 ], [ -118.116870563, 34.183045031000098 ], [ -118.116844448, 34.183055153000097 ], [ -118.116816613, 34.183061351 ], [ -118.116787906, 34.183063439000101 ], [ -118.116759198, 34.183061351 ], [ -118.116731362, 34.183055153000097 ], [ -118.116705247, 34.183045032000102 ], [ -118.116681641, 34.183031295 ], [ -118.116673658, 34.1830246600001 ], [ -118.116628931, 34.183284276000101 ], [ -118.116953849, 34.183591550000102 ], [ -118.117201578, 34.184001535 ], [ -118.117779614, 34.184274859 ], [ -118.118192498, 34.184821505000102 ], [ -118.118200147, 34.184954431000101 ], [ -118.118505619, 34.185245497 ], [ -118.118817999, 34.185432645 ], [ -118.118827895, 34.185438574 ], [ -118.119276549, 34.185232144000103 ], [ -118.119966797, 34.185218314000103 ], [ -118.120571898, 34.185325674000097 ], [ -118.120577883, 34.185326735 ], [ -118.120801788, 34.185464697 ], [ -118.12079574, 34.185495647 ], [ -118.120793966, 34.185504722000097 ], [ -118.121247832, 34.185368152 ], [ -118.121578138, 34.184684843000099 ], [ -118.121495561, 34.183864873000097 ], [ -118.121743291, 34.183249896000099 ], [ -118.121908444, 34.182908242000103 ], [ -118.122403905, 34.18283991 ], [ -118.122899364, 34.182634918000097 ], [ -118.123394823, 34.182703248000102 ], [ -118.124138013, 34.1827715800001 ], [ -118.12470476, 34.182905574000102 ], [ -118.124716048, 34.182908242000103 ], [ -118.124859253, 34.183263742000101 ], [ -118.124861571, 34.183269496 ], [ -118.124924283, 34.183263915000097 ], [ -118.124915547, 34.183248345 ], [ -118.124908088, 34.183225212 ], [ -118.124905577, 34.183201354000097 ], [ -118.124908089, 34.183177497 ], [ -118.124915547, 34.1831543650001 ], [ -118.124927726, 34.183132660000098 ], [ -118.124944254, 34.183113043 ], [ -118.124964631, 34.183096109000097 ], [ -118.124988236, 34.183082372000101 ], [ -118.125014353, 34.183072251000098 ], [ -118.125030829, 34.183068582 ], [ -118.125046962, 34.183055175 ], [ -118.12505217, 34.183052144 ], [ -118.125053628, 34.183038299 ], [ -118.125061086, 34.1830151670001 ], [ -118.125073265, 34.182993461 ], [ -118.125089794, 34.182973844000102 ], [ -118.12511017, 34.18295691 ], [ -118.125133776, 34.182943174000101 ], [ -118.125159892, 34.182933053000099 ], [ -118.125187726, 34.182926855000098 ], [ -118.125216434, 34.182924767 ], [ -118.125245141, 34.182926854000101 ], [ -118.125272976, 34.182933053000099 ], [ -118.125299092, 34.182943174000101 ], [ -118.125322697, 34.18295691 ], [ -118.125343074, 34.182973845 ], [ -118.125359603, 34.182993462000098 ], [ -118.125371781, 34.183015166000096 ], [ -118.125379239, 34.183038299 ], [ -118.125381752, 34.183062156000098 ], [ -118.12537924, 34.183086014 ], [ -118.125371782, 34.183109146 ], [ -118.125359603, 34.183130851 ], [ -118.125343075, 34.1831504680001 ], [ -118.125322698, 34.183167402 ], [ -118.125317489, 34.183170433 ], [ -118.125316032, 34.183184279 ], [ -118.125308574, 34.183207411000097 ], [ -118.125296394, 34.183229116000099 ], [ -118.125279867, 34.183248733 ], [ -118.125259489, 34.1832656670001 ], [ -118.125235884, 34.183279404000103 ], [ -118.125209768, 34.183289525000099 ], [ -118.125193292, 34.183293194 ], [ -118.12517716, 34.183306601 ], [ -118.125155873, 34.183318987000099 ], [ -118.12515507, 34.18377667 ], [ -118.124778036, 34.184308950000101 ], [ -118.124597484, 34.184572523 ], [ -118.125046355, 34.185026498000099 ], [ -118.125615942, 34.185295825 ], [ -118.125624392, 34.1852998210001 ], [ -118.126202427, 34.185436483 ], [ -118.126317996, 34.185414414 ], [ -118.12630565, 34.185407230000102 ], [ -118.126285273, 34.185390295 ], [ -118.126268744, 34.185370678 ], [ -118.126256565, 34.185348973 ], [ -118.126249106, 34.1853258410001 ], [ -118.126246595, 34.185301983 ], [ -118.126249107, 34.1852781260001 ], [ -118.126256566, 34.1852549930001 ], [ -118.126268744, 34.185233288000099 ], [ -118.126285273, 34.185213671 ], [ -118.126305651, 34.185196737000098 ], [ -118.126329256, 34.185183000000102 ], [ -118.126355374, 34.185172879 ], [ -118.126383209, 34.185166681000098 ], [ -118.126411917, 34.185164594000099 ], [ -118.126440625, 34.185166681000098 ], [ -118.12646846, 34.18517288 ], [ -118.126494579, 34.185183000000102 ], [ -118.126518184, 34.185196737000098 ], [ -118.126538561, 34.185213671 ], [ -118.126555091, 34.185233288000099 ], [ -118.126567269, 34.1852549930001 ], [ -118.126574728, 34.185278125 ], [ -118.126577239, 34.185301983 ], [ -118.126574728, 34.185325840000097 ], [ -118.126567268, 34.185348973 ], [ -118.126556057, 34.185368955000101 ], [ -118.126880668, 34.185306968000098 ], [ -118.126881638, 34.185295363000101 ], [ -118.126861708, 34.185299801 ], [ -118.126832999, 34.185301889000101 ], [ -118.126804291, 34.185299802 ], [ -118.126776456, 34.185293603 ], [ -118.126750339, 34.185283482 ], [ -118.126726733, 34.185269746000102 ], [ -118.126706356, 34.185252811000097 ], [ -118.126689827, 34.185233194 ], [ -118.126677648, 34.185211489 ], [ -118.126670189, 34.185188357000101 ], [ -118.126667678, 34.185164499000102 ], [ -118.126670188, 34.1851406420001 ], [ -118.126677648, 34.185117510000097 ], [ -118.126689827, 34.185095805000103 ], [ -118.126691724, 34.185093554 ], [ -118.126037274, 34.184958167 ], [ -118.126037527, 34.184955861 ], [ -118.126119851, 34.1842065270001 ], [ -118.126532733, 34.183591550000102 ], [ -118.12711077, 34.183386557000098 ], [ -118.127771383, 34.183318226 ], [ -118.12797169, 34.183235350000103 ], [ -118.127827672, 34.182995675 ], [ -118.12759617, 34.182801833 ], [ -118.127589319, 34.1828014170001 ], [ -118.126812188, 34.182754233 ], [ -118.126085871, 34.182683439000101 ], [ -118.126078146, 34.182678996 ], [ -118.125708562, 34.182466334 ], [ -118.125704869, 34.182466338 ], [ -118.125293302, 34.18246686 ], [ -118.125293317, 34.182467001000099 ], [ -118.125290804, 34.182490858000101 ], [ -118.125283347, 34.182513990000103 ], [ -118.125271168, 34.182535696000102 ], [ -118.12525464, 34.182555313000101 ], [ -118.125234263, 34.182572247000103 ], [ -118.125210659, 34.182585983 ], [ -118.125184541, 34.182596105000101 ], [ -118.125156707, 34.182602302000099 ], [ -118.125128, 34.182604390000101 ], [ -118.125099293, 34.182602303000102 ], [ -118.125071458, 34.182596105000101 ], [ -118.125045341, 34.182585983 ], [ -118.125021736, 34.182572247000103 ], [ -118.12500136, 34.182555312 ], [ -118.124984831, 34.182535695000098 ], [ -118.124972653, 34.1825139910001 ], [ -118.124965194, 34.182490858000101 ], [ -118.124962683, 34.182467 ], [ -118.124965194, 34.1824431430001 ], [ -118.124972653, 34.182420011 ], [ -118.124984832, 34.182398306 ], [ -118.124991114, 34.18239085 ], [ -118.124983794, 34.182382162000103 ], [ -118.124971615, 34.182360458000097 ], [ -118.124964156, 34.182337325 ], [ -118.124961645, 34.182313467 ], [ -118.124964155, 34.182289610000097 ], [ -118.124971615, 34.182266478 ], [ -118.124983794, 34.182244773 ], [ -118.125000322, 34.182225155 ], [ -118.125020699, 34.182208221000103 ], [ -118.125044303, 34.182194485 ], [ -118.12507042, 34.182184364000101 ], [ -118.125098253, 34.182178166 ], [ -118.125126962, 34.182176078000097 ], [ -118.125155669, 34.182178165 ], [ -118.125183502, 34.182184364000101 ], [ -118.125209619, 34.182194485 ], [ -118.125233225, 34.182208221000103 ], [ -118.125253601, 34.182225156000101 ], [ -118.125270129, 34.182244773 ], [ -118.125270589, 34.182245591 ], [ -118.125331829, 34.182150465000099 ], [ -118.125922372, 34.182129853 ], [ -118.125706968, 34.181951609000102 ], [ -118.125294085, 34.1816782860001 ], [ -118.125294085, 34.181404963 ], [ -118.12652376, 34.1812014550001 ], [ -118.126532734, 34.181199969 ], [ -118.126945617, 34.18201994 ], [ -118.126945618, 34.182291656000103 ], [ -118.126945617, 34.182293442000102 ], [ -118.127337612, 34.182392940000099 ], [ -118.127275923, 34.1816782860001 ], [ -118.127606228, 34.1811316390001 ], [ -118.127853959, 34.180379999 ], [ -118.128101689, 34.179970014 ], [ -118.128679724, 34.1799016840001 ], [ -118.128868194, 34.179960167 ], [ -118.128892404, 34.179850833 ], [ -118.128969387, 34.179609795 ], [ -118.128679725, 34.179423368000101 ], [ -118.128431996, 34.178603397000103 ], [ -118.129010032, 34.178466736000097 ], [ -118.129670644, 34.178535066000101 ], [ -118.130000951, 34.178193412 ], [ -118.130404315, 34.178260168000101 ], [ -118.130413834, 34.1782617430001 ], [ -118.130578987, 34.178466736000097 ], [ -118.130413834, 34.178876720000098 ], [ -118.130369015, 34.178975616000102 ], [ -118.130368946, 34.178975769 ], [ -118.130711539, 34.179107884000103 ], [ -118.131313795, 34.179250673000098 ], [ -118.131324699, 34.179253259000099 ], [ -118.131555709, 34.1796685320001 ], [ -118.131232631, 34.1798649730001 ], [ -118.130882823, 34.179816251 ], [ -118.130415464, 34.179768513000099 ], [ -118.129886847, 34.180015684000097 ], [ -118.129821442, 34.180101799000099 ], [ -118.129817738, 34.180106676 ], [ -118.129918375, 34.180106676 ], [ -118.130496409, 34.180311669 ], [ -118.131322177, 34.180311669 ], [ -118.132065366, 34.180106676 ], [ -118.132884089, 34.179767936000097 ], [ -118.132891132, 34.179765022 ], [ -118.133211558, 34.180251126 ], [ -118.133219441, 34.180263085 ], [ -118.133304015, 34.180123634 ], [ -118.133304015, 34.179696691000103 ], [ -118.133634322, 34.179423368000101 ], [ -118.133386591, 34.1790133820001 ], [ -118.133799474, 34.178466736000097 ], [ -118.134283441, 34.178600227000103 ], [ -118.134294934, 34.178603397000103 ], [ -118.134541628, 34.179215803 ], [ -118.134542664, 34.179218374000101 ], [ -118.134859857, 34.179283994000102 ], [ -118.13487297, 34.179286706 ], [ -118.134608425, 34.179899646 ], [ -118.134836023, 34.180171400000098 ], [ -118.134837005, 34.180172574 ], [ -118.135048566, 34.180242538000101 ], [ -118.1351207, 34.179765022 ], [ -118.13536843, 34.179355036000103 ], [ -118.135770901, 34.179355036000103 ], [ -118.135781313, 34.179355036000103 ], [ -118.136029042, 34.180038345000099 ], [ -118.136029042, 34.180584992 ], [ -118.136359349, 34.180994977000097 ], [ -118.137019962, 34.1813366310001 ], [ -118.137102539, 34.1816782860001 ], [ -118.136800361, 34.182053356 ], [ -118.136813155, 34.182113896 ], [ -118.136792845, 34.182151834 ], [ -118.136801266, 34.182152446 ], [ -118.1368291, 34.182158644 ], [ -118.136855216, 34.182168765 ], [ -118.136878822, 34.182182501000099 ], [ -118.136899199, 34.182199436000097 ], [ -118.136915727, 34.182219053 ], [ -118.136927905, 34.182240758 ], [ -118.136935363, 34.182263890000101 ], [ -118.136937875, 34.1822877480001 ], [ -118.136935364, 34.182311605000102 ], [ -118.136927905, 34.182334738000101 ], [ -118.136915727, 34.182356442000099 ], [ -118.136899198, 34.18237606 ], [ -118.136878822, 34.182392994000097 ], [ -118.136855217, 34.18240673 ], [ -118.136829101, 34.182416851 ], [ -118.136801265, 34.182423050000097 ], [ -118.136772558, 34.182425137000102 ], [ -118.136743851, 34.182423050000097 ], [ -118.136716018, 34.182416852000102 ], [ -118.136689901, 34.18240673 ], [ -118.136666295, 34.182392994000097 ], [ -118.136664529, 34.182391526000103 ], [ -118.136628548, 34.182458738 ], [ -118.136085614, 34.182879122 ], [ -118.135669984, 34.182930361 ], [ -118.135666735, 34.182924383000099 ], [ -118.135497565, 34.182613051 ], [ -118.135651359, 34.182293404000099 ], [ -118.135390282, 34.1820003220001 ], [ -118.135127086, 34.181829880000102 ], [ -118.135124819, 34.181831423000098 ], [ -118.134615189, 34.182178081000103 ], [ -118.134111266, 34.182327696000101 ], [ -118.133512087, 34.182384535 ], [ -118.132835879, 34.182387781 ], [ -118.132668392, 34.182740022000097 ], [ -118.132688481, 34.182738562000097 ], [ -118.132717188, 34.182740649 ], [ -118.132745024, 34.182746847 ], [ -118.13277114, 34.182756968 ], [ -118.132794746, 34.182770705000102 ], [ -118.132815122, 34.182787639 ], [ -118.13283165, 34.182807256 ], [ -118.132843829, 34.182828961 ], [ -118.132851287, 34.182852093000101 ], [ -118.132853799, 34.182875951 ], [ -118.132851288, 34.182899808000101 ], [ -118.132843829, 34.182922941000101 ], [ -118.132831649, 34.182944645000099 ], [ -118.132815122, 34.182964262 ], [ -118.132794746, 34.182981197000103 ], [ -118.132771141, 34.182994933 ], [ -118.132745024, 34.183005054 ], [ -118.132717189, 34.183011253000103 ], [ -118.132688482, 34.183013340000102 ], [ -118.132659775, 34.183011253000103 ], [ -118.13263194, 34.183005055 ], [ -118.132605822, 34.182994933 ], [ -118.132582217, 34.182981197000103 ], [ -118.132564177, 34.182966205000099 ], [ -118.132550838, 34.182995744 ], [ -118.132577708, 34.182997698000101 ], [ -118.132605543, 34.183003896000102 ], [ -118.132631659, 34.183014017000097 ], [ -118.132655265, 34.183027754000101 ], [ -118.132675641, 34.183044688000102 ], [ -118.132692169, 34.183064305000102 ], [ -118.132704348, 34.1830860090001 ], [ -118.132711807, 34.183109142 ], [ -118.132714319, 34.183133 ], [ -118.132711806, 34.183156857 ], [ -118.132704349, 34.183179989000102 ], [ -118.13269217, 34.183201694 ], [ -118.132675642, 34.183221311000104 ], [ -118.132655265, 34.183238246 ], [ -118.132640426, 34.183246881000102 ], [ -118.132641883, 34.183260717000103 ], [ -118.132639372, 34.183284575000101 ], [ -118.132631912, 34.183307707 ], [ -118.132619735, 34.183329412 ], [ -118.132603206, 34.183349029000098 ], [ -118.132595819, 34.183355168 ], [ -118.13259786, 34.1833588040001 ], [ -118.132605318, 34.183381937 ], [ -118.132607829, 34.183405794000102 ], [ -118.132605319, 34.183429652 ], [ -118.13259786, 34.183452784000103 ], [ -118.132585682, 34.183474489 ], [ -118.132569153, 34.183494106000097 ], [ -118.132567845, 34.183495193000098 ], [ -118.132572403, 34.183503316 ], [ -118.132579862, 34.183526449000098 ], [ -118.132582374, 34.183550306 ], [ -118.132579862, 34.183574164 ], [ -118.132572404, 34.183597296000102 ], [ -118.132560226, 34.183619001000103 ], [ -118.132543697, 34.183638618 ], [ -118.132523319, 34.183655552000097 ], [ -118.132499714, 34.183669288 ], [ -118.132478014, 34.183677698000103 ], [ -118.132478087, 34.1836783910001 ], [ -118.132475575, 34.183702248 ], [ -118.132468117, 34.183725381 ], [ -118.132455938, 34.183747086 ], [ -118.132439408, 34.183766703000103 ], [ -118.132419032, 34.183783637 ], [ -118.132395428, 34.1837973740001 ], [ -118.132369308, 34.183807495000103 ], [ -118.132341473, 34.183813693 ], [ -118.132312768, 34.18381578 ], [ -118.13228406, 34.183813693 ], [ -118.132256226, 34.183807495000103 ], [ -118.132245032, 34.183803157000099 ], [ -118.132237547, 34.183825367000097 ], [ -118.131987282, 34.183730441000101 ], [ -118.132798734, 34.1841333200001 ], [ -118.132808556, 34.184138197 ], [ -118.133221438, 34.184138197 ], [ -118.133469168, 34.183728211000101 ], [ -118.134035516, 34.183728211000101 ], [ -118.134047205, 34.183728211000101 ], [ -118.134129781, 34.184548181 ], [ -118.134287431, 34.185330900000103 ], [ -118.134302263, 34.185373350000098 ], [ -118.13487297, 34.185778137000099 ], [ -118.135285853, 34.186256454 ], [ -118.1351207, 34.186803100000098 ], [ -118.135063554, 34.186822803 ], [ -118.135130133, 34.186972047 ], [ -118.135209432, 34.187309483 ], [ -118.135263211, 34.18746164 ], [ -118.135265863, 34.187469145000101 ], [ -118.135691334, 34.187351789 ], [ -118.135698736, 34.187349747 ], [ -118.136029042, 34.187828063 ], [ -118.136441925, 34.188238048000102 ], [ -118.136441926, 34.188289946000097 ], [ -118.136441925, 34.188294826000103 ], [ -118.136458743, 34.188294822 ], [ -118.136466842, 34.188294820000102 ], [ -118.136888, 34.188798251 ], [ -118.137006126, 34.189058392 ], [ -118.137014223, 34.189076224000097 ], [ -118.137019962, 34.189058018 ], [ -118.137507995, 34.188990712000098 ], [ -118.137515421, 34.188989687000102 ], [ -118.137723082, 34.189247442000102 ], [ -118.137729917, 34.189255925000097 ], [ -118.138042871, 34.189044804 ], [ -118.137763151, 34.188921357 ], [ -118.137267692, 34.188648033 ], [ -118.137432844, 34.188306379 ], [ -118.137924267, 34.18817083 ], [ -118.137928304, 34.1881697170001 ], [ -118.138662864, 34.188710017000098 ], [ -118.138671494, 34.188716364000101 ], [ -118.138997058, 34.1885816650001 ], [ -118.1390018, 34.188579703000102 ], [ -118.139126573, 34.188694425000101 ], [ -118.13913456, 34.188701767000097 ], [ -118.139335689, 34.188583512 ], [ -118.139375576, 34.188545182 ], [ -118.139361877, 34.18853721 ], [ -118.139341499, 34.188520276000098 ], [ -118.13932497, 34.188500659000098 ], [ -118.13931279, 34.188478954000097 ], [ -118.139305332, 34.188455821 ], [ -118.139302821, 34.188431964000102 ], [ -118.139305333, 34.188408106000097 ], [ -118.139312791, 34.188384974 ], [ -118.13932497, 34.188363269 ], [ -118.1393415, 34.1883436520001 ], [ -118.139361878, 34.188326718 ], [ -118.139385485, 34.188312981 ], [ -118.139411604, 34.1883028600001 ], [ -118.13943944, 34.188296662 ], [ -118.139468149, 34.188294575 ], [ -118.139496858, 34.188296662 ], [ -118.139524694, 34.188302861000103 ], [ -118.139550813, 34.188312981 ], [ -118.13957442, 34.188326718 ], [ -118.1395897, 34.188339416000098 ], [ -118.139610997, 34.188318951 ], [ -118.139755347, 34.188069234000103 ], [ -118.139729543, 34.188067357000101 ], [ -118.139701705, 34.188061159 ], [ -118.139675588, 34.188051038 ], [ -118.139651981, 34.188037302000097 ], [ -118.139631602, 34.188020367 ], [ -118.139615073, 34.1880007500001 ], [ -118.139602894, 34.187979045000098 ], [ -118.139595435, 34.187955913000103 ], [ -118.139592923, 34.187932056000101 ], [ -118.139595436, 34.187908198000102 ], [ -118.139602894, 34.187885065 ], [ -118.139615074, 34.187863361 ], [ -118.139631603, 34.187843743 ], [ -118.139651981, 34.1878268090001 ], [ -118.139675588, 34.187813073 ], [ -118.139701706, 34.187802952 ], [ -118.139729543, 34.187796753 ], [ -118.139758251, 34.187794666000102 ], [ -118.13978696, 34.187796753 ], [ -118.139814797, 34.187802952 ], [ -118.139840914, 34.187813073 ], [ -118.139864522, 34.1878268090001 ], [ -118.139880548, 34.187840127000101 ], [ -118.140053216, 34.187426008 ], [ -118.14034234, 34.187178496000101 ], [ -118.140323026, 34.187144754 ], [ -118.140488179, 34.186188122 ], [ -118.141974557, 34.186529776 ], [ -118.14268191, 34.1867248840001 ], [ -118.14278856, 34.186618037000102 ], [ -118.142965477, 34.186591637 ], [ -118.142965477, 34.18605146 ], [ -118.143128833, 34.185713523000103 ], [ -118.14313063, 34.185709806 ], [ -118.143368535, 34.185906671000097 ], [ -118.143378359, 34.185914799 ], [ -118.143625465, 34.185574007000099 ], [ -118.14362609, 34.185573145 ], [ -118.144038973, 34.185778137000099 ], [ -118.144038973, 34.186256454 ], [ -118.143956396, 34.18673477 ], [ -118.143814578, 34.186930357000101 ], [ -118.143755069, 34.187086091 ], [ -118.143754423, 34.187087782 ], [ -118.145356778, 34.18748556 ], [ -118.145360198, 34.187486409 ], [ -118.146093665, 34.187823594000101 ], [ -118.146103387, 34.187828063 ], [ -118.146691184, 34.187925342 ], [ -118.146727669, 34.187817158 ], [ -118.147254933, 34.187570706 ], [ -118.147641078, 34.1875970950001 ], [ -118.148136033, 34.187519658 ], [ -118.148427381, 34.187271775000099 ], [ -118.148804393, 34.187051678 ], [ -118.148808885, 34.187049055 ], [ -118.149199478, 34.187430015000103 ], [ -118.149208818, 34.187439124 ], [ -118.149406451, 34.187144754 ], [ -118.149731726, 34.187077465000101 ], [ -118.149736758, 34.187076424000097 ], [ -118.149901911, 34.187213085000103 ], [ -118.149730892, 34.187743766 ], [ -118.149729901, 34.187746842 ], [ -118.150020796, 34.187786575000104 ], [ -118.15043272, 34.187637737 ], [ -118.150903342, 34.187143472000102 ], [ -118.151197787, 34.186698563 ], [ -118.151137492, 34.186154798000103 ], [ -118.150988362, 34.185462894000104 ], [ -118.15125463, 34.185265072 ], [ -118.151278494, 34.185251274000102 ], [ -118.15114056, 34.184889836 ], [ -118.151223136, 34.184684843000099 ], [ -118.151626784, 34.184684843000099 ], [ -118.15163602, 34.184684843000099 ], [ -118.151704985, 34.184798981 ], [ -118.151713935, 34.184813792000099 ], [ -118.151728091, 34.184770296000103 ], [ -118.15226125, 34.1844724850001 ], [ -118.152409418, 34.184003369 ], [ -118.15242527, 34.183791296 ], [ -118.152214056, 34.183591550000102 ], [ -118.152461786, 34.18283991 ], [ -118.153948164, 34.182976572 ], [ -118.154195894, 34.182498256 ], [ -118.15438299, 34.182436329 ], [ -118.154370875, 34.182275080000103 ], [ -118.154513933, 34.181858242 ], [ -118.154278471, 34.181541624 ], [ -118.154443624, 34.180721653 ], [ -118.155345521, 34.180518115 ], [ -118.155351967, 34.180516661000098 ], [ -118.155599697, 34.180789985 ], [ -118.155599697, 34.181056645000098 ], [ -118.155599697, 34.1810622100001 ], [ -118.155702346, 34.181056405 ], [ -118.155711751, 34.181055874 ], [ -118.155890109, 34.181403031000102 ], [ -118.155741061, 34.181824154 ], [ -118.15571075, 34.182172132000098 ], [ -118.155888564, 34.182545201 ], [ -118.156185638, 34.182917161 ], [ -118.156154553, 34.183315851 ], [ -118.155827351, 34.183439628 ], [ -118.155825213, 34.183430951 ], [ -118.155680148, 34.182842259 ], [ -118.155382958, 34.182593930000102 ], [ -118.155379464, 34.182596315000097 ], [ -118.155055336, 34.182817618000101 ], [ -118.155054817, 34.183264446000102 ], [ -118.155143335, 34.183711649 ], [ -118.155172169, 34.184208502 ], [ -118.155111883, 34.184704842 ], [ -118.155088279, 34.184719586 ], [ -118.155186813, 34.184821505000102 ], [ -118.155186813, 34.185231491 ], [ -118.154821903, 34.185344724000103 ], [ -118.15508071, 34.185597222000098 ], [ -118.154902339, 34.185795146 ], [ -118.15454598, 34.185795439000103 ], [ -118.15454008, 34.18579056 ], [ -118.154248907, 34.185549697000098 ], [ -118.153862251, 34.185308339000102 ], [ -118.153858154, 34.185308509 ], [ -118.153209767, 34.185335604 ], [ -118.152676315, 34.185583206 ], [ -118.152528242, 34.186052328000102 ], [ -118.152735192, 34.186371761 ], [ -118.152735588, 34.186372373 ], [ -118.152952966, 34.186451027 ], [ -118.153204975, 34.185914799 ], [ -118.153772281, 34.185981862000098 ], [ -118.153783011, 34.185983130000103 ], [ -118.153948164, 34.186393115 ], [ -118.153865588, 34.186666438 ], [ -118.154030741, 34.187008092 ], [ -118.153948164, 34.187213085000103 ], [ -118.153813894, 34.187213085000103 ], [ -118.153814249, 34.187214187000102 ], [ -118.153816761, 34.187238044 ], [ -118.153814249, 34.187261901000099 ], [ -118.153806791, 34.187285034000098 ], [ -118.153794612, 34.1873067390001 ], [ -118.153778081, 34.187326356 ], [ -118.153757704, 34.187343291 ], [ -118.153734098, 34.187357026 ], [ -118.15370798, 34.187367148000099 ], [ -118.153680144, 34.187373346000101 ], [ -118.153651435, 34.187375433000099 ], [ -118.153622727, 34.187373346000101 ], [ -118.15359489, 34.187367148000099 ], [ -118.153582529, 34.187362358 ], [ -118.153505444, 34.187580410000102 ], [ -118.153120479, 34.187778406000099 ], [ -118.1531135, 34.1877708540001 ], [ -118.152824509, 34.187458119 ], [ -118.152813223, 34.187454215000102 ], [ -118.152469318, 34.187335232000102 ], [ -118.152232917, 34.187607605 ], [ -118.152292386, 34.18805144 ], [ -118.152178891, 34.188354638000099 ], [ -118.152178205, 34.188356472000102 ], [ -118.153122399, 34.188579703000102 ], [ -118.153617858, 34.188511371000097 ], [ -118.154278471, 34.188374709000101 ], [ -118.154361048, 34.187896393000102 ], [ -118.154526201, 34.187281416000097 ], [ -118.15526939, 34.187281416000097 ], [ -118.155754395, 34.1873483050001 ], [ -118.15576485, 34.187349747 ], [ -118.155801054, 34.187421648000097 ], [ -118.155805953, 34.187431377000102 ], [ -118.15584904, 34.187402671 ], [ -118.156264875, 34.1873773290001 ], [ -118.156387477, 34.187419444000099 ], [ -118.156590615, 34.186803100000098 ], [ -118.156672596, 34.18653175 ], [ -118.156673192, 34.186529776 ], [ -118.157251229, 34.186871431 ], [ -118.157251229, 34.1872774570001 ], [ -118.157251229, 34.187281416000097 ], [ -118.158154646, 34.187349376 ], [ -118.158159571, 34.187349747 ], [ -118.158479136, 34.187548073000102 ], [ -118.158489877, 34.187554739000099 ], [ -118.158820184, 34.187144754 ], [ -118.15915049, 34.18673477 ], [ -118.159387213, 34.18673477 ], [ -118.15939822, 34.18673477 ], [ -118.159563374, 34.1874180780001 ], [ -118.159427398, 34.187811886000098 ], [ -118.159679849, 34.188041111000103 ], [ -118.159231085, 34.188609609 ], [ -118.158931249, 34.189177398 ], [ -118.158899527, 34.1896704810001 ], [ -118.15874971, 34.189990851000097 ], [ -118.158391641, 34.190335754 ], [ -118.158242148, 34.190320252 ], [ -118.158242148, 34.1904929660001 ], [ -118.158085475, 34.190881899 ], [ -118.158102684, 34.19088315 ], [ -118.158130521, 34.190889348 ], [ -118.158156641, 34.190899469 ], [ -118.158180249, 34.190913206000097 ], [ -118.158200627, 34.19093014 ], [ -118.158217158, 34.190949757000098 ], [ -118.158229337, 34.190971462 ], [ -118.158235398, 34.190990257000102 ], [ -118.158242134, 34.190987647 ], [ -118.158269972, 34.190981449 ], [ -118.158298681, 34.1909793620001 ], [ -118.158327392, 34.190981449 ], [ -118.158355229, 34.190987647 ], [ -118.158381348, 34.190997769 ], [ -118.158404955, 34.191011505000098 ], [ -118.158425333, 34.191028439 ], [ -118.158441864, 34.191048057 ], [ -118.158454043, 34.191069761000101 ], [ -118.158461503, 34.1910928940001 ], [ -118.158464015, 34.191116751 ], [ -118.158461503, 34.191140608000097 ], [ -118.158454044, 34.191163741 ], [ -118.158441865, 34.191185446000098 ], [ -118.158425334, 34.191205063 ], [ -118.158404955, 34.191221997000099 ], [ -118.158381348, 34.191235734 ], [ -118.158355229, 34.191245854 ], [ -118.158327391, 34.191252053 ], [ -118.158298682, 34.191254140000098 ], [ -118.15827485, 34.191252408 ], [ -118.158447486, 34.1914180690001 ], [ -118.158149389, 34.191860294 ], [ -118.158000467, 34.192204152 ], [ -118.158087663, 34.192695115 ], [ -118.158441512, 34.193087808 ], [ -118.158766223, 34.193382356 ], [ -118.158705221, 34.193848051 ], [ -118.158379182, 34.194117560000102 ], [ -118.158170607, 34.194509126000099 ], [ -118.15825727, 34.195022957 ], [ -118.158698612, 34.195561383 ], [ -118.158815341, 34.195977133 ], [ -118.158725521, 34.196343703 ], [ -118.158400463, 34.1963677150001 ], [ -118.157987002, 34.196465291 ], [ -118.158103591, 34.196977735000097 ], [ -118.158103772, 34.19697853 ], [ -118.158107375, 34.196987036000102 ], [ -118.158242147, 34.196916067000103 ], [ -118.158645931, 34.196849241000102 ], [ -118.158655031, 34.196847736000102 ], [ -118.158820184, 34.197189390000098 ], [ -118.158820184, 34.197462714 ], [ -118.158807873, 34.197486484 ], [ -118.159079392, 34.197936857000101 ], [ -118.158753412, 34.198449768 ], [ -118.159050179, 34.1989422730001 ], [ -118.159347427, 34.199484516 ], [ -118.159528062, 34.199928492 ], [ -118.159700292, 34.200355406 ], [ -118.159645497, 34.200657645 ], [ -118.15924697, 34.200933808000102 ], [ -118.159070848, 34.201427527000099 ], [ -118.158850753, 34.201683505000098 ], [ -118.158429548, 34.201749577 ], [ -118.158429168, 34.201750756 ], [ -118.158416986, 34.2017724620001 ], [ -118.158400455, 34.201792078 ], [ -118.158380074, 34.201809013000101 ], [ -118.158356463, 34.201822749 ], [ -118.158330341, 34.20183287 ], [ -118.158302499, 34.201839068 ], [ -118.158273786, 34.201841155000103 ], [ -118.158245073, 34.201839068 ], [ -118.158217231, 34.20183287 ], [ -118.158191109, 34.201822749 ], [ -118.158168868, 34.20180981 ], [ -118.158160182, 34.201813175 ], [ -118.15813234, 34.201819373 ], [ -118.158103627, 34.201821460000097 ], [ -118.158074914, 34.201819373 ], [ -118.158047073, 34.201813175 ], [ -118.15802095, 34.201803054 ], [ -118.157997339, 34.201789317000099 ], [ -118.157976959, 34.201772384 ], [ -118.157960427, 34.201752766 ], [ -118.157948245, 34.201731061 ], [ -118.157940786, 34.201707929000101 ], [ -118.157938273, 34.201684072 ], [ -118.157940785, 34.2016602140001 ], [ -118.157948246, 34.201637082 ], [ -118.157960427, 34.201615377000103 ], [ -118.157976959, 34.20159576 ], [ -118.157997339, 34.201578826000102 ], [ -118.158020949, 34.201565089 ], [ -118.158047073, 34.201554969 ], [ -118.158074914, 34.20154877 ], [ -118.158103627, 34.201546683000103 ], [ -118.158132341, 34.20154877 ], [ -118.158146016, 34.201551814 ], [ -118.158060472, 34.201480143 ], [ -118.158038485, 34.201278728 ], [ -118.157906346, 34.2009491150001 ], [ -118.157773554, 34.200602336 ], [ -118.157641032, 34.200145675 ], [ -118.157422758, 34.199737267 ], [ -118.157180128, 34.199315844000097 ], [ -118.156981241, 34.1989515980001 ], [ -118.156495969, 34.198681342 ], [ -118.156492864, 34.198681522000101 ], [ -118.15609962, 34.198704247000101 ], [ -118.156165617, 34.199217283000102 ], [ -118.156319629, 34.199544659 ], [ -118.156407715, 34.200256158000101 ], [ -118.156363565, 34.200660258 ], [ -118.15647342, 34.201136779 ], [ -118.156407489, 34.201629419 ], [ -118.156693483, 34.201921852000098 ], [ -118.15702341, 34.202177848000098 ], [ -118.156978723, 34.202398065000096 ], [ -118.156667531, 34.202452865000097 ], [ -118.15656091, 34.202471640000098 ], [ -118.15618681, 34.2023945890001 ], [ -118.155767574, 34.202696752000101 ], [ -118.156915116, 34.202841468 ], [ -118.157369489, 34.203007391 ], [ -118.157579129, 34.203010776 ], [ -118.157581533, 34.202997513000099 ], [ -118.157911841, 34.202382535 ], [ -118.158400546, 34.2022477370001 ], [ -118.158407301, 34.202245874 ], [ -118.158737607, 34.202655859000103 ], [ -118.158820184, 34.202929183 ], [ -118.15874349, 34.203309964 ], [ -118.158859863, 34.203541553 ], [ -118.158863196, 34.203548186 ], [ -118.159322516, 34.203457084 ], [ -118.15947807, 34.203279089 ], [ -118.159233066, 34.202792521 ], [ -118.15939822, 34.202177543000097 ], [ -118.159728526, 34.202245874 ], [ -118.160216436, 34.202313164 ], [ -118.160223986, 34.2023142050001 ], [ -118.160636869, 34.202655859000103 ], [ -118.16059167, 34.203067272000098 ], [ -118.160589177, 34.2030899660001 ], [ -118.160902036, 34.202710225 ], [ -118.161059601, 34.202399677000102 ], [ -118.16113853, 34.202104434 ], [ -118.16092251, 34.201810562 ], [ -118.160931992, 34.201692352000101 ], [ -118.160802022, 34.201630896 ], [ -118.160884598, 34.201289242 ], [ -118.161372139, 34.201154764000101 ], [ -118.161380058, 34.20115258 ], [ -118.16150598, 34.201360976 ], [ -118.161508404, 34.201364988000101 ], [ -118.161759193, 34.2013872160001 ], [ -118.161769459, 34.201388126 ], [ -118.161966628, 34.201795443 ], [ -118.161897703, 34.202262143 ], [ -118.162027053, 34.202651714000098 ], [ -118.162069997, 34.202964783 ], [ -118.161576417, 34.203074911 ], [ -118.161292203, 34.203002072000103 ], [ -118.160984812, 34.2031477150001 ], [ -118.160998704, 34.203693211 ], [ -118.161114322, 34.204108913 ], [ -118.161064274, 34.204397388000103 ], [ -118.160884227, 34.204667122 ], [ -118.16041906, 34.204736731 ], [ -118.159942501, 34.204737019 ], [ -118.159471197, 34.204739493 ], [ -118.158670647, 34.2047416300001 ], [ -118.158141445, 34.204971728 ], [ -118.158308391, 34.2055061350001 ], [ -118.158535205, 34.205708986 ], [ -118.15854359, 34.205716485 ], [ -118.158817824, 34.205527382000099 ], [ -118.158820184, 34.205525755000103 ], [ -118.159233066, 34.205799079 ], [ -118.159233066, 34.206209063000102 ], [ -118.159179076, 34.206235869000103 ], [ -118.159265985, 34.206496618000102 ], [ -118.159219045, 34.206849854 ], [ -118.158870129, 34.207110924000098 ], [ -118.158393454, 34.207156603 ], [ -118.1580042, 34.207432779 ], [ -118.157533018, 34.2077311420001 ], [ -118.157040821, 34.207849528000096 ], [ -118.156767412, 34.207976806 ], [ -118.157003499, 34.20825899 ], [ -118.157003499, 34.208869614 ], [ -118.157252478, 34.209010421000102 ], [ -118.157464888, 34.209414821000102 ], [ -118.157442681, 34.2098167830001 ], [ -118.157346003, 34.209849231000099 ], [ -118.157416383, 34.2100355910001 ], [ -118.157498958, 34.210650569000101 ], [ -118.156705728, 34.210745751 ], [ -118.156886656, 34.210868842 ], [ -118.15692871, 34.210910119000097 ], [ -118.156912008, 34.210955319 ], [ -118.157091835, 34.211125485 ], [ -118.157344328, 34.211282209 ], [ -118.157492194, 34.211395352000103 ], [ -118.157627975, 34.210997857000102 ], [ -118.157631199, 34.210627460000097 ], [ -118.157981796, 34.210468807 ], [ -118.158561457, 34.210539842000102 ], [ -118.159079818, 34.2106465950001 ], [ -118.159550048, 34.210522350000097 ], [ -118.159812446, 34.2101671570001 ] ] ], [ [ [ -118.055799117, 34.167323018 ], [ -118.055775516, 34.167309282000097 ], [ -118.055755142, 34.167292348 ], [ -118.055738619, 34.16727273 ], [ -118.055726442, 34.167251025 ], [ -118.055718985, 34.167227892 ], [ -118.055716474, 34.167204035000097 ], [ -118.055717671, 34.167192664 ], [ -118.055697539, 34.167209398000097 ], [ -118.055673937, 34.167223134 ], [ -118.055647825, 34.167233255 ], [ -118.055625257, 34.167238282 ], [ -118.055621856, 34.167248831000101 ], [ -118.055609681, 34.167270536 ], [ -118.055593155, 34.167290154000099 ], [ -118.055572782, 34.167307088 ], [ -118.055549181, 34.1673208240001 ], [ -118.055523069, 34.167330946 ], [ -118.05549524, 34.167337145 ], [ -118.055466538, 34.167339231 ], [ -118.055437836, 34.167337144 ], [ -118.055410007, 34.167330946 ], [ -118.055383894, 34.1673208240001 ], [ -118.055360294, 34.167307088 ], [ -118.055339921, 34.167290154000099 ], [ -118.055323395, 34.167270537 ], [ -118.055311219, 34.167248832 ], [ -118.055303762, 34.167225699 ], [ -118.055301251, 34.167201842000097 ], [ -118.055303762, 34.167177984 ], [ -118.055311219, 34.167154852000102 ], [ -118.055323395, 34.167133147000101 ], [ -118.055339921, 34.167113530000101 ], [ -118.055360293, 34.167096595 ], [ -118.055383895, 34.167082859000097 ], [ -118.055410007, 34.167072738000101 ], [ -118.055432574, 34.167067711000101 ], [ -118.055435976, 34.167057161000102 ], [ -118.055448152, 34.1670354560001 ], [ -118.055464677, 34.167015839 ], [ -118.05548505, 34.166998905000099 ], [ -118.055508651, 34.166985169 ], [ -118.055534763, 34.166975048 ], [ -118.055562592, 34.166968849000099 ], [ -118.055591294, 34.166966762000101 ], [ -118.055619996, 34.166968849000099 ], [ -118.055647826, 34.166975047000101 ], [ -118.055673937, 34.166985169 ], [ -118.055697538, 34.166998905000099 ], [ -118.05571791, 34.167015839 ], [ -118.055734436, 34.167035457000097 ], [ -118.055746613, 34.167057162 ], [ -118.055754069, 34.167080294000101 ], [ -118.05575658, 34.167104151 ], [ -118.055755384, 34.167115523000099 ], [ -118.055775517, 34.1670987890001 ], [ -118.055799117, 34.167085052000097 ], [ -118.055825229, 34.167074931000101 ], [ -118.055853059, 34.1670687330001 ], [ -118.055881761, 34.167066646 ], [ -118.055910462, 34.1670687330001 ], [ -118.055938292, 34.167074931000101 ], [ -118.055964405, 34.167085052000097 ], [ -118.055988005, 34.167098788 ], [ -118.056008378, 34.167115722000098 ], [ -118.056024903, 34.167135340000101 ], [ -118.056037079, 34.167157045000103 ], [ -118.056044536, 34.167180178 ], [ -118.056046624, 34.167200026 ], [ -118.056050531, 34.167200896000097 ], [ -118.056076644, 34.167211017000099 ], [ -118.056100244, 34.167224754000102 ], [ -118.056120617, 34.167241688 ], [ -118.056137144, 34.1672613060001 ], [ -118.056149319, 34.167283010000098 ], [ -118.056156776, 34.167306143000097 ], [ -118.056159287, 34.16733 ], [ -118.056156777, 34.167353858000098 ], [ -118.056149319, 34.16737699 ], [ -118.056137143, 34.167398695 ], [ -118.056120617, 34.167418312000102 ], [ -118.056100245, 34.167435246 ], [ -118.056076644, 34.167448983 ], [ -118.056050532, 34.167459105 ], [ -118.056022702, 34.167465303 ], [ -118.055994, 34.167467390000098 ], [ -118.055965298, 34.167465303 ], [ -118.055937469, 34.167459105 ], [ -118.055911356, 34.167448983 ], [ -118.055887756, 34.1674352470001 ], [ -118.055867383, 34.167418313 ], [ -118.055850857, 34.167398695 ], [ -118.055838681, 34.16737699 ], [ -118.055831224, 34.167353857000101 ], [ -118.055829136, 34.167334009000101 ], [ -118.055825229, 34.167333139 ], [ -118.055799117, 34.167323018 ] ] ], [ [ [ -118.05628903, 34.172061041000099 ], [ -118.056301208, 34.172082745000097 ], [ -118.056308664, 34.172105878 ], [ -118.056311176, 34.172129735000098 ], [ -118.056308665, 34.172153593000097 ], [ -118.056301208, 34.172176726 ], [ -118.056289031, 34.172198431 ], [ -118.056272505, 34.172218048 ], [ -118.056252131, 34.172234982000099 ], [ -118.056228528, 34.172248719 ], [ -118.056202414, 34.172258839000101 ], [ -118.056174584, 34.172265038 ], [ -118.05614588, 34.172267125000097 ], [ -118.056117176, 34.172265037 ], [ -118.056089346, 34.172258839000101 ], [ -118.056063231, 34.172248718 ], [ -118.056039629, 34.172234982000099 ], [ -118.056019256, 34.172218048 ], [ -118.056002729, 34.172198431 ], [ -118.055990551, 34.172176726 ], [ -118.055983095, 34.172153593000097 ], [ -118.055980583, 34.172129735000098 ], [ -118.055983095, 34.172105878 ], [ -118.055990553, 34.172082745000097 ], [ -118.056002729, 34.172061040000102 ], [ -118.056019255, 34.172041423000103 ], [ -118.056039629, 34.172024489000101 ], [ -118.056063232, 34.172010752000098 ], [ -118.056089345, 34.172000632 ], [ -118.056117176, 34.171994433000101 ], [ -118.05614588, 34.171992346 ], [ -118.056174583, 34.171994434000098 ], [ -118.056202415, 34.172000632 ], [ -118.056228528, 34.172010753000102 ], [ -118.05625213, 34.172024489000101 ], [ -118.056272504, 34.172041423000103 ], [ -118.05628903, 34.172061041000099 ] ] ], [ [ [ -118.057395588, 34.171635954000102 ], [ -118.057407764, 34.171657659000097 ], [ -118.057415222, 34.171680792000103 ], [ -118.057417733, 34.171704649 ], [ -118.057415222, 34.1717285060001 ], [ -118.057407764, 34.171751639 ], [ -118.057395588, 34.171773344 ], [ -118.057379062, 34.171792961000101 ], [ -118.057358688, 34.171809895 ], [ -118.057335086, 34.171823631000102 ], [ -118.057308972, 34.171833753 ], [ -118.057281141, 34.171839951 ], [ -118.057252438, 34.171842038000101 ], [ -118.057223734, 34.171839951 ], [ -118.057195903, 34.171833753 ], [ -118.05716979, 34.171823632 ], [ -118.057146188, 34.171809895 ], [ -118.057125813, 34.171792962 ], [ -118.057109288, 34.171773344 ], [ -118.057097111, 34.171751639 ], [ -118.057089653, 34.1717285060001 ], [ -118.057087142, 34.171704649 ], [ -118.057089653, 34.171680791 ], [ -118.05709711, 34.171657659000097 ], [ -118.057109288, 34.171635954000102 ], [ -118.057125814, 34.171616337 ], [ -118.057146188, 34.171599403000101 ], [ -118.05716979, 34.171585667 ], [ -118.057195904, 34.171575545000103 ], [ -118.057223734, 34.171569347000101 ], [ -118.057252438, 34.171567260000103 ], [ -118.057281141, 34.171569347000101 ], [ -118.057308973, 34.171575545000103 ], [ -118.057335085, 34.171585666000098 ], [ -118.057358688, 34.171599403000101 ], [ -118.057379062, 34.171616336000099 ], [ -118.057395588, 34.171635954000102 ] ] ], [ [ [ -118.065684939, 34.170680152 ], [ -118.065697116, 34.1707018560001 ], [ -118.065704573, 34.170724989000099 ], [ -118.065707084, 34.170748846 ], [ -118.065704574, 34.1707727040001 ], [ -118.065697115, 34.170795836 ], [ -118.06568494, 34.170817541000098 ], [ -118.065668412, 34.170837158 ], [ -118.065648039, 34.170854093000102 ], [ -118.065624437, 34.170867829 ], [ -118.065598325, 34.170877951000101 ], [ -118.065570494, 34.170884148 ], [ -118.065541791, 34.170886236000101 ], [ -118.065513087, 34.170884149000102 ], [ -118.065485256, 34.17087795 ], [ -118.065459143, 34.170867829 ], [ -118.065435541, 34.170854093000102 ], [ -118.065415168, 34.170837158 ], [ -118.065398642, 34.170817541000098 ], [ -118.065386464, 34.170795837000099 ], [ -118.065379008, 34.170772703000097 ], [ -118.065376497, 34.170748846 ], [ -118.065379008, 34.170724989000099 ], [ -118.065386466, 34.1707018560001 ], [ -118.065398642, 34.170680151000099 ], [ -118.065415169, 34.170660534 ], [ -118.065435542, 34.170643600000098 ], [ -118.065459144, 34.170629864 ], [ -118.065485257, 34.170619742 ], [ -118.065513087, 34.170613544 ], [ -118.06554179, 34.170611457000099 ], [ -118.065570494, 34.170613544 ], [ -118.065598325, 34.170619743 ], [ -118.065624436, 34.170629863 ], [ -118.065648039, 34.170643599000101 ], [ -118.065668413, 34.170660534 ], [ -118.065684939, 34.170680152 ] ] ], [ [ [ -118.072615305, 34.1690711890001 ], [ -118.072627481, 34.169092894000102 ], [ -118.072634938, 34.169116027 ], [ -118.07263745, 34.169139883000099 ], [ -118.072634938, 34.169163741 ], [ -118.072627482, 34.1691868730001 ], [ -118.072615306, 34.169208578000102 ], [ -118.07259878, 34.169228196000098 ], [ -118.072578406, 34.16924513 ], [ -118.072554805, 34.169258867000103 ], [ -118.072528692, 34.169268987000102 ], [ -118.072500862, 34.169275186 ], [ -118.07247216, 34.169277273 ], [ -118.072443457, 34.169275186 ], [ -118.072415627, 34.169268987000102 ], [ -118.072389514, 34.169258866000099 ], [ -118.072365912, 34.16924513 ], [ -118.072345538, 34.169228196000098 ], [ -118.072329013, 34.169208579 ], [ -118.072316836, 34.169186874 ], [ -118.07230938, 34.169163741 ], [ -118.072306868, 34.169139884000103 ], [ -118.072309379, 34.169116026 ], [ -118.072316837, 34.169092894000102 ], [ -118.072329012, 34.1690711890001 ], [ -118.072345539, 34.169051571000097 ], [ -118.072365913, 34.169034637 ], [ -118.072389514, 34.169020901000103 ], [ -118.072415626, 34.1690107800001 ], [ -118.072443457, 34.169004582000099 ], [ -118.072472159, 34.169002495 ], [ -118.072500862, 34.169004582000099 ], [ -118.072528692, 34.1690107800001 ], [ -118.072554805, 34.169020901000103 ], [ -118.072578406, 34.169034638 ], [ -118.072598779, 34.169051571000097 ], [ -118.072615305, 34.1690711890001 ] ] ], [ [ [ -118.072873824, 34.172437286 ], [ -118.072886001, 34.172458991 ], [ -118.072893459, 34.172482124000098 ], [ -118.072895969, 34.172505982000096 ], [ -118.072893459, 34.172529838000102 ], [ -118.072886001, 34.172552971000101 ], [ -118.072873824, 34.172574676000103 ], [ -118.072857298, 34.172594294000099 ], [ -118.072836924, 34.1726112280001 ], [ -118.072813321, 34.1726249640001 ], [ -118.072787207, 34.172635085 ], [ -118.072759377, 34.1726412840001 ], [ -118.072730672, 34.172643371 ], [ -118.072701969, 34.172641283000097 ], [ -118.072674138, 34.172635086000099 ], [ -118.072648024, 34.172624965000097 ], [ -118.072624421, 34.1726112280001 ], [ -118.072604047, 34.172594294000099 ], [ -118.072587521, 34.172574676000103 ], [ -118.072575344, 34.172552971000101 ], [ -118.072567886, 34.172529839 ], [ -118.072565376, 34.172505981 ], [ -118.072567887, 34.172482124000098 ], [ -118.072575345, 34.172458991 ], [ -118.072587521, 34.172437287 ], [ -118.072604048, 34.172417669 ], [ -118.072624423, 34.172400735000103 ], [ -118.072648025, 34.172386999 ], [ -118.072674138, 34.172376878000101 ], [ -118.072701969, 34.172370679 ], [ -118.072730673, 34.172368592000097 ], [ -118.072759376, 34.17237068 ], [ -118.072787207, 34.172376877 ], [ -118.072813321, 34.172386998 ], [ -118.072836924, 34.172400735000103 ], [ -118.072857297, 34.172417669 ], [ -118.072873824, 34.172437286 ] ] ], [ [ [ -118.073182317, 34.173405929000097 ], [ -118.073194494, 34.173427634000099 ], [ -118.073201952, 34.173450767000098 ], [ -118.073204463, 34.1734746240001 ], [ -118.073201952, 34.173498481 ], [ -118.073194494, 34.173521613 ], [ -118.073182317, 34.173543319 ], [ -118.073165791, 34.173562936000103 ], [ -118.073145417, 34.17357987 ], [ -118.073121814, 34.173593607 ], [ -118.0730957, 34.173603727000099 ], [ -118.073084362, 34.173606252000098 ], [ -118.073093138, 34.173616669000097 ], [ -118.073105313, 34.173638373000102 ], [ -118.073112772, 34.173661506 ], [ -118.073115283, 34.173685363000097 ], [ -118.073112772, 34.173709221 ], [ -118.073105314, 34.173732353 ], [ -118.073093138, 34.173754058 ], [ -118.073076611, 34.173773676000103 ], [ -118.073056235, 34.17379061 ], [ -118.073032634, 34.173804347 ], [ -118.07300652, 34.173814467000099 ], [ -118.072978688, 34.173820666 ], [ -118.072949984, 34.173822753 ], [ -118.072921281, 34.173820666 ], [ -118.072893448, 34.173814468 ], [ -118.072867334, 34.173804347 ], [ -118.072843731, 34.17379061 ], [ -118.072823357, 34.173773676000103 ], [ -118.07280683, 34.173754059 ], [ -118.072794653, 34.173732354 ], [ -118.072787196, 34.173709221 ], [ -118.072784684, 34.173685363000097 ], [ -118.072787196, 34.173661506 ], [ -118.072794653, 34.173638374000099 ], [ -118.07280683, 34.173616669000097 ], [ -118.072823357, 34.173597051000101 ], [ -118.072843732, 34.173580117 ], [ -118.072867334, 34.173566380000103 ], [ -118.072893448, 34.173556260000097 ], [ -118.072904786, 34.173553735 ], [ -118.072896011, 34.173543318 ], [ -118.072883834, 34.173521613 ], [ -118.072876376, 34.173498482000099 ], [ -118.072873865, 34.1734746240001 ], [ -118.072876376, 34.173450766 ], [ -118.072883834, 34.173427634000099 ], [ -118.072896011, 34.173405929000097 ], [ -118.072912538, 34.173386311000101 ], [ -118.072932912, 34.173369377 ], [ -118.072956514, 34.1733556410001 ], [ -118.072982628, 34.173345520000098 ], [ -118.07301046, 34.173339322000103 ], [ -118.073039164, 34.173337234 ], [ -118.073067868, 34.173339322000103 ], [ -118.0730957, 34.173345520000098 ], [ -118.073121813, 34.1733556410001 ], [ -118.073145416, 34.173369378000103 ], [ -118.07316579, 34.173386311000101 ], [ -118.073182317, 34.173405929000097 ] ] ], [ [ [ -118.074455381, 34.173267259000099 ], [ -118.07446756, 34.173288964000101 ], [ -118.074475017, 34.1733120970001 ], [ -118.074477528, 34.173335954 ], [ -118.074475017, 34.173359812000101 ], [ -118.07446756, 34.173382944 ], [ -118.074455383, 34.173404649000098 ], [ -118.074438856, 34.173424267 ], [ -118.074418482, 34.173441200000099 ], [ -118.074394879, 34.173454937 ], [ -118.074368765, 34.173465058 ], [ -118.074340933, 34.173471256 ], [ -118.07431223, 34.173473344000101 ], [ -118.074283526, 34.173471256 ], [ -118.074255694, 34.173465058 ], [ -118.07422958, 34.173454938000098 ], [ -118.074205978, 34.173441201000102 ], [ -118.074185603, 34.173424267 ], [ -118.074169077, 34.173404649000098 ], [ -118.074156899, 34.1733829450001 ], [ -118.074149442, 34.173359812000101 ], [ -118.074146931, 34.173335955 ], [ -118.074149442, 34.1733120970001 ], [ -118.074156899, 34.173288965 ], [ -118.074169077, 34.17326726 ], [ -118.074185604, 34.173247642 ], [ -118.074205978, 34.173230708000098 ], [ -118.07422958, 34.173216971 ], [ -118.074255694, 34.173206851 ], [ -118.074283526, 34.173200652 ], [ -118.074312228, 34.173198565000099 ], [ -118.074340934, 34.173200652 ], [ -118.074368766, 34.17320685 ], [ -118.074394879, 34.173216971 ], [ -118.074418481, 34.173230708000098 ], [ -118.074438856, 34.173247642 ], [ -118.074455381, 34.173267259000099 ] ] ], [ [ [ -118.074834674, 34.172997573 ], [ -118.074846852, 34.173019278 ], [ -118.074854309, 34.1730424100001 ], [ -118.07485682, 34.173066268000099 ], [ -118.074854309, 34.173090125 ], [ -118.074846852, 34.1731132580001 ], [ -118.074834676, 34.173134962000098 ], [ -118.074818148, 34.173154580000102 ], [ -118.074797775, 34.173171514 ], [ -118.074774172, 34.173185250000103 ], [ -118.074748058, 34.173195371000098 ], [ -118.074720226, 34.173201569000099 ], [ -118.074691522, 34.173203657 ], [ -118.074662819, 34.173201570000103 ], [ -118.074634987, 34.173195372000102 ], [ -118.074608873, 34.173185250000103 ], [ -118.074585271, 34.173171514 ], [ -118.074564896, 34.173154580000102 ], [ -118.07454837, 34.173134962000098 ], [ -118.074536193, 34.1731132580001 ], [ -118.074528736, 34.173090125 ], [ -118.074526225, 34.173066267 ], [ -118.074528736, 34.1730424100001 ], [ -118.074536193, 34.173019277 ], [ -118.07454837, 34.172997573 ], [ -118.074564897, 34.1729779550001 ], [ -118.074585271, 34.172961021 ], [ -118.074608873, 34.172947285000099 ], [ -118.074634988, 34.172937164000103 ], [ -118.074662819, 34.172930966 ], [ -118.074691523, 34.1729288780001 ], [ -118.074720226, 34.172930965 ], [ -118.074748057, 34.172937163 ], [ -118.074774172, 34.172947285000099 ], [ -118.074797774, 34.172961021 ], [ -118.074818148, 34.1729779550001 ], [ -118.074834674, 34.172997573 ] ] ], [ [ [ -118.075200645, 34.172360314000102 ], [ -118.075212821, 34.172382019000104 ], [ -118.075220278, 34.172405152000103 ], [ -118.07522279, 34.172429009 ], [ -118.075220279, 34.1724528660001 ], [ -118.07521282, 34.172475999 ], [ -118.075200645, 34.172497703 ], [ -118.075184118, 34.172517321 ], [ -118.075163745, 34.172534255000102 ], [ -118.075140142, 34.172547992 ], [ -118.075114028, 34.172558113 ], [ -118.075086197, 34.172564311 ], [ -118.075057494, 34.172566399000097 ], [ -118.075028788, 34.172564311 ], [ -118.075000958, 34.172558113 ], [ -118.074974845, 34.172547992 ], [ -118.074951243, 34.172534255000102 ], [ -118.074930869, 34.172517321 ], [ -118.074914341, 34.172497704000101 ], [ -118.074902165, 34.172475999 ], [ -118.074894707, 34.1724528660001 ], [ -118.074892196, 34.172429009 ], [ -118.074894708, 34.172405152000103 ], [ -118.074902165, 34.172382019000104 ], [ -118.074914342, 34.172360314000102 ], [ -118.074930868, 34.172340697 ], [ -118.074951242, 34.172323763000101 ], [ -118.074974845, 34.172310026 ], [ -118.075000958, 34.172299905 ], [ -118.075028789, 34.172293707000101 ], [ -118.075057493, 34.172291619000099 ], [ -118.075086197, 34.172293707000101 ], [ -118.075114028, 34.172299906 ], [ -118.075140142, 34.172310026 ], [ -118.075163744, 34.172323763000101 ], [ -118.075184117, 34.172340697 ], [ -118.075200645, 34.172360314000102 ] ] ], [ [ [ -118.076367198, 34.1706336720001 ], [ -118.076379375, 34.170655377000102 ], [ -118.076386832, 34.170678510000101 ], [ -118.076389344, 34.170702367 ], [ -118.076386832, 34.170726225000102 ], [ -118.076379376, 34.170749357 ], [ -118.076367199, 34.170771062 ], [ -118.076350673, 34.17079068 ], [ -118.076330299, 34.170807614000097 ], [ -118.076306697, 34.17082135 ], [ -118.076280584, 34.170831472 ], [ -118.076252753, 34.17083767 ], [ -118.07622405, 34.170839757000103 ], [ -118.076195347, 34.170837669 ], [ -118.076167516, 34.170831472 ], [ -118.076141403, 34.17082135 ], [ -118.076117801, 34.170807614000097 ], [ -118.076097428, 34.170790679 ], [ -118.076080901, 34.170771062 ], [ -118.076068725, 34.170749358000101 ], [ -118.076061268, 34.170726224000099 ], [ -118.076058756, 34.170702368 ], [ -118.076061268, 34.170678510000101 ], [ -118.076068725, 34.170655377000102 ], [ -118.076080901, 34.1706336720001 ], [ -118.076097428, 34.170614055 ], [ -118.076117802, 34.1705971210001 ], [ -118.076141403, 34.170583385 ], [ -118.076167517, 34.170573263000101 ], [ -118.076195348, 34.1705670650001 ], [ -118.07622405, 34.170564978000101 ], [ -118.076252753, 34.1705670650001 ], [ -118.076280584, 34.170573263000101 ], [ -118.076306697, 34.170583384000103 ], [ -118.076330299, 34.1705971210001 ], [ -118.076350672, 34.170614055 ], [ -118.076367198, 34.1706336720001 ] ] ], [ [ [ -118.079233459, 34.17396948 ], [ -118.079245637, 34.173991185 ], [ -118.079253093, 34.174014318 ], [ -118.079255605, 34.174038175000099 ], [ -118.079254713, 34.174046653000097 ], [ -118.079271754, 34.174056571000101 ], [ -118.07929213, 34.174073505 ], [ -118.079308656, 34.174093122 ], [ -118.079320834, 34.174114827 ], [ -118.079328291, 34.174137959000099 ], [ -118.079330802, 34.174161817 ], [ -118.079328291, 34.174185675 ], [ -118.079320834, 34.174208807000099 ], [ -118.079308656, 34.174230512000101 ], [ -118.079292129, 34.174250129 ], [ -118.079271754, 34.174267064 ], [ -118.079248152, 34.174280800000098 ], [ -118.079222039, 34.1742909210001 ], [ -118.079194206, 34.174297119000101 ], [ -118.079165502, 34.1742992060001 ], [ -118.079136798, 34.174297119000101 ], [ -118.079108966, 34.1742909210001 ], [ -118.079082851, 34.174280800000098 ], [ -118.07905925, 34.174267063000102 ], [ -118.079038874, 34.174250129 ], [ -118.079022347, 34.174230512000101 ], [ -118.07901017, 34.174208807000099 ], [ -118.079002711, 34.174185675 ], [ -118.079000202, 34.174161817 ], [ -118.079001095, 34.17415334 ], [ -118.078984052, 34.174143421000103 ], [ -118.078963679, 34.174126487 ], [ -118.078947151, 34.174106870000102 ], [ -118.078934973, 34.174085165000101 ], [ -118.078927516, 34.174062032000101 ], [ -118.078925006, 34.174038175000099 ], [ -118.078927516, 34.174014317000101 ], [ -118.078934974, 34.173991185 ], [ -118.078947151, 34.17396948 ], [ -118.078963678, 34.173949862 ], [ -118.078984052, 34.173932928000099 ], [ -118.079007656, 34.173919192 ], [ -118.079033769, 34.173909071 ], [ -118.079061602, 34.173902873 ], [ -118.079090305, 34.173900786 ], [ -118.079119009, 34.173902873 ], [ -118.079146841, 34.173909071 ], [ -118.079172956, 34.173919192 ], [ -118.079196557, 34.173932929 ], [ -118.079216933, 34.173949863000097 ], [ -118.079233459, 34.17396948 ] ] ], [ [ [ -118.083021974, 34.237668959000104 ], [ -118.083039776, 34.237679457000098 ], [ -118.083070906, 34.2376978120001 ], [ -118.083025194, 34.237832065000099 ], [ -118.082967661, 34.237782967 ], [ -118.083012142, 34.237689598 ], [ -118.083021974, 34.237668959000104 ] ] ], [ [ [ -118.083659041, 34.2365512430001 ], [ -118.083667743, 34.236542199 ], [ -118.083755859, 34.236452151 ], [ -118.083971021, 34.236615074 ], [ -118.083970754, 34.236618121 ], [ -118.083970175, 34.236624695 ], [ -118.083950084, 34.2368531320001 ], [ -118.083828425, 34.236811676000102 ], [ -118.083659041, 34.2365512430001 ] ] ], [ [ [ -118.093175605, 34.166525684000099 ], [ -118.093187782, 34.166547389000101 ], [ -118.093195238, 34.166570521 ], [ -118.09319775, 34.166594378000099 ], [ -118.093195239, 34.166618237000101 ], [ -118.093187782, 34.1666413680001 ], [ -118.093175605, 34.166663073000102 ], [ -118.09315908, 34.166682691000098 ], [ -118.093138707, 34.166699626 ], [ -118.093115107, 34.166713362000102 ], [ -118.093088995, 34.166723483000098 ], [ -118.093061166, 34.166729681 ], [ -118.093032465, 34.166731769000101 ], [ -118.093003763, 34.166729682 ], [ -118.092975931, 34.166723483000098 ], [ -118.092949821, 34.166713362000102 ], [ -118.09292622, 34.166699625 ], [ -118.092905848, 34.166682691000098 ], [ -118.092889323, 34.166663073000102 ], [ -118.092877146, 34.166641369 ], [ -118.092869689, 34.166618236 ], [ -118.092867178, 34.166594379000102 ], [ -118.092869689, 34.166570521 ], [ -118.092877146, 34.166547389000101 ], [ -118.092889323, 34.166525684000099 ], [ -118.092905848, 34.1665060670001 ], [ -118.092926221, 34.166489132 ], [ -118.092949821, 34.166475395000099 ], [ -118.092975933, 34.1664652750001 ], [ -118.093003762, 34.166459077000098 ], [ -118.093032463, 34.166456989 ], [ -118.093061165, 34.166459076 ], [ -118.093088996, 34.1664652750001 ], [ -118.093115107, 34.166475396000102 ], [ -118.093138708, 34.166489133 ], [ -118.09315908, 34.166506066000103 ], [ -118.093175605, 34.166525684000099 ] ] ], [ [ [ -118.093191036, 34.1680585020001 ], [ -118.093207562, 34.168078120000096 ], [ -118.093219738, 34.168099825000098 ], [ -118.093227196, 34.168122957 ], [ -118.093229707, 34.168146814000103 ], [ -118.093227195, 34.168170672 ], [ -118.093219738, 34.168193805 ], [ -118.093207562, 34.168215509 ], [ -118.093191037, 34.168235127000102 ], [ -118.093170663, 34.168252061 ], [ -118.093147063, 34.168265798 ], [ -118.09312095, 34.168275918000099 ], [ -118.093093121, 34.168282117 ], [ -118.093064418, 34.168284204 ], [ -118.093035716, 34.168282117 ], [ -118.093007884, 34.168275919000102 ], [ -118.092981773, 34.168265797000103 ], [ -118.092958173, 34.1682520620001 ], [ -118.0929378, 34.168235127000102 ], [ -118.092921274, 34.168215509 ], [ -118.092909098, 34.168193804000097 ], [ -118.09290164, 34.168170672 ], [ -118.092899129, 34.1681468150001 ], [ -118.092901641, 34.168122957 ], [ -118.092909098, 34.168099824 ], [ -118.092921274, 34.168078120000096 ], [ -118.0929378, 34.1680585020001 ], [ -118.092958173, 34.168041568 ], [ -118.092981773, 34.168027832000099 ], [ -118.093007886, 34.168017711000097 ], [ -118.093035715, 34.168011513000103 ], [ -118.093064417, 34.168009425 ], [ -118.09309312, 34.168011512000099 ], [ -118.09312095, 34.1680177100001 ], [ -118.093147063, 34.168027832000099 ], [ -118.093170663, 34.168041568 ], [ -118.093191036, 34.1680585020001 ] ] ], [ [ [ -118.094812177, 34.1646860990001 ], [ -118.094784348, 34.164692297 ], [ -118.094755647, 34.164694384 ], [ -118.094726946, 34.164692297 ], [ -118.094699118, 34.164686098000097 ], [ -118.094673005, 34.164675978 ], [ -118.094649406, 34.164662241 ], [ -118.094632932, 34.164648547000098 ], [ -118.094626515, 34.164652282000098 ], [ -118.094600405, 34.164662403000101 ], [ -118.094572576, 34.1646686 ], [ -118.094543875, 34.164670688000101 ], [ -118.094515175, 34.164668601000102 ], [ -118.094487345, 34.164662402 ], [ -118.094461235, 34.164652282000098 ], [ -118.094437634, 34.164638545000102 ], [ -118.094417262, 34.164621611 ], [ -118.094400737, 34.164601993000097 ], [ -118.094388561, 34.164580289000099 ], [ -118.094381104, 34.164557155000097 ], [ -118.094378594, 34.164533298 ], [ -118.094381104, 34.164509441000099 ], [ -118.094388562, 34.1644863080001 ], [ -118.094400737, 34.164464604 ], [ -118.094417262, 34.164444986 ], [ -118.094437634, 34.164428052000098 ], [ -118.094461234, 34.164414315 ], [ -118.094487346, 34.164404194 ], [ -118.094515175, 34.164397996 ], [ -118.094543875, 34.164395909000099 ], [ -118.094572576, 34.164397996 ], [ -118.094600405, 34.164404195 ], [ -118.094626516, 34.164414315 ], [ -118.094650116, 34.164428052000098 ], [ -118.09466659, 34.164441746000101 ], [ -118.094673006, 34.164438011000101 ], [ -118.094699117, 34.164427890000098 ], [ -118.094726946, 34.164421691 ], [ -118.094755647, 34.164419605 ], [ -118.094784347, 34.164421692000097 ], [ -118.094812176, 34.164427890000098 ], [ -118.094838288, 34.164438011000101 ], [ -118.094861888, 34.164451747 ], [ -118.09488226, 34.164468681000102 ], [ -118.094898785, 34.164488299 ], [ -118.094910961, 34.1645100040001 ], [ -118.094918418, 34.164533137 ], [ -118.094920929, 34.164556994000101 ], [ -118.094918417, 34.164580851 ], [ -118.094910961, 34.164603984000102 ], [ -118.094898785, 34.164625689 ], [ -118.094882261, 34.164645306000097 ], [ -118.094861888, 34.164662241 ], [ -118.094838288, 34.164675977000101 ], [ -118.094812177, 34.1646860990001 ] ] ], [ [ [ -118.094914768, 34.166943023 ], [ -118.094926944, 34.166964727 ], [ -118.0949344, 34.166987860000098 ], [ -118.094936912, 34.167011717 ], [ -118.094934401, 34.167035575000099 ], [ -118.094926944, 34.167058707 ], [ -118.094914768, 34.1670804130001 ], [ -118.094898242, 34.16710003 ], [ -118.09487787, 34.167116964000101 ], [ -118.094854268, 34.1671307 ], [ -118.094828156, 34.167140821 ], [ -118.094800327, 34.167147020000101 ], [ -118.094771625, 34.1671491070001 ], [ -118.094742924, 34.167147020000101 ], [ -118.094715094, 34.1671408220001 ], [ -118.094688982, 34.167130701000097 ], [ -118.094665381, 34.167116964000101 ], [ -118.094645008, 34.16710003 ], [ -118.094628483, 34.167080412000097 ], [ -118.094616306, 34.167058708000098 ], [ -118.094608849, 34.167035575000099 ], [ -118.094606339, 34.167011718 ], [ -118.09460885, 34.166987860000098 ], [ -118.094616307, 34.166964728 ], [ -118.094628483, 34.166943022000098 ], [ -118.094645009, 34.166923405 ], [ -118.094665382, 34.166906471000097 ], [ -118.094688983, 34.166892735 ], [ -118.094715095, 34.166882614 ], [ -118.094742923, 34.166876415 ], [ -118.094771625, 34.166874328000098 ], [ -118.094800327, 34.166876415 ], [ -118.094828155, 34.166882613 ], [ -118.094854268, 34.166892735 ], [ -118.09487787, 34.166906471000097 ], [ -118.094898242, 34.166923405 ], [ -118.094914768, 34.166943023 ] ] ], [ [ [ -118.095342084, 34.164136019000097 ], [ -118.095315973, 34.164146140000099 ], [ -118.095288144, 34.164152339000097 ], [ -118.095259443, 34.164154426 ], [ -118.095230743, 34.164152339000097 ], [ -118.095202914, 34.164146141000103 ], [ -118.095176803, 34.164136019000097 ], [ -118.095153202, 34.164122283 ], [ -118.09513283, 34.164105349000103 ], [ -118.095116305, 34.1640857310001 ], [ -118.09510413, 34.164064027000101 ], [ -118.095096673, 34.164040894 ], [ -118.095094163, 34.164017036000097 ], [ -118.095096674, 34.163993179 ], [ -118.09510413, 34.163970046 ], [ -118.095116306, 34.163948342 ], [ -118.095132831, 34.163928724000101 ], [ -118.095150679, 34.163913887 ], [ -118.095145871, 34.16389897 ], [ -118.09514336, 34.163875113000103 ], [ -118.095145871, 34.163851256 ], [ -118.095153327, 34.163828123 ], [ -118.095165503, 34.163806418 ], [ -118.095182028, 34.1637868010001 ], [ -118.0952024, 34.163769866000102 ], [ -118.095226, 34.16375613 ], [ -118.095252111, 34.1637460090001 ], [ -118.09527994, 34.16373981 ], [ -118.09530864, 34.163737724 ], [ -118.095337341, 34.16373981 ], [ -118.095365169, 34.1637460090001 ], [ -118.09539128, 34.16375613 ], [ -118.095414881, 34.163769866000102 ], [ -118.095435252, 34.1637868010001 ], [ -118.095451777, 34.163806418 ], [ -118.095463205, 34.163826792000101 ], [ -118.095465798, 34.163826603000103 ], [ -118.095494498, 34.163828690000102 ], [ -118.095522327, 34.163834888000103 ], [ -118.095532958, 34.163839008 ], [ -118.095531512, 34.163825274 ], [ -118.095534023, 34.163801417000101 ], [ -118.095541479, 34.163778285 ], [ -118.095553655, 34.163756579000101 ], [ -118.09557018, 34.163736962 ], [ -118.095590553, 34.1637200280001 ], [ -118.095614152, 34.163706292 ], [ -118.095640263, 34.163696171 ], [ -118.095668092, 34.163689972 ], [ -118.095696792, 34.163687885000101 ], [ -118.095725493, 34.163689972 ], [ -118.095753321, 34.16369617 ], [ -118.095779432, 34.163706291 ], [ -118.095803032, 34.1637200280001 ], [ -118.095823403, 34.163736962 ], [ -118.095839928, 34.163756579000101 ], [ -118.095852105, 34.163778284 ], [ -118.095859561, 34.163801416000098 ], [ -118.095862072, 34.1638252750001 ], [ -118.095859561, 34.163849132000102 ], [ -118.095852105, 34.163872264000098 ], [ -118.095839928, 34.1638939690001 ], [ -118.095823404, 34.163913586 ], [ -118.095803032, 34.163930521000097 ], [ -118.095779432, 34.163944257 ], [ -118.095753321, 34.163954378 ], [ -118.095725492, 34.163960577000097 ], [ -118.095696791, 34.163962664000103 ], [ -118.095668091, 34.163960577000097 ], [ -118.095640263, 34.163954379000103 ], [ -118.095629634, 34.163950259 ], [ -118.095631078, 34.163963992 ], [ -118.095628567, 34.163987849000101 ], [ -118.095621112, 34.164010982 ], [ -118.095608936, 34.164032687 ], [ -118.09559241, 34.164052304000101 ], [ -118.095572039, 34.164069239000099 ], [ -118.095548439, 34.164082975 ], [ -118.095522328, 34.164093096 ], [ -118.095494499, 34.164099295 ], [ -118.095484494, 34.164100023000103 ], [ -118.095472016, 34.1641072850001 ], [ -118.095445905, 34.164117406000102 ], [ -118.095418076, 34.164123605 ], [ -118.095389376, 34.164125692 ], [ -118.095363109, 34.164123782 ], [ -118.095342084, 34.164136019000097 ] ] ], [ [ [ -118.095703752, 34.163347135 ], [ -118.095715929, 34.16336884 ], [ -118.095723385, 34.163391972000099 ], [ -118.09572522, 34.1634094140001 ], [ -118.095741824, 34.1634131120001 ], [ -118.095767935, 34.163423234 ], [ -118.095791535, 34.163436970000099 ], [ -118.095811906, 34.1634539040001 ], [ -118.095828432, 34.1634735210001 ], [ -118.095840608, 34.163495227000098 ], [ -118.095848064, 34.163518359000101 ], [ -118.095850575, 34.163542217 ], [ -118.095848064, 34.163566074000101 ], [ -118.095840608, 34.163589206 ], [ -118.095828431, 34.163610912 ], [ -118.095811907, 34.163630529 ], [ -118.095791535, 34.163647463000103 ], [ -118.095767935, 34.163661199 ], [ -118.095741824, 34.163671321 ], [ -118.095713996, 34.163677519 ], [ -118.095685295, 34.163679606000102 ], [ -118.095656594, 34.1636775200001 ], [ -118.095628766, 34.163671321 ], [ -118.095602655, 34.1636612 ], [ -118.095579056, 34.163647463000103 ], [ -118.095558684, 34.163630529 ], [ -118.095542159, 34.163610912 ], [ -118.095529983, 34.163589207 ], [ -118.095522527, 34.163566074000101 ], [ -118.095520691, 34.163548633000097 ], [ -118.095504087, 34.1635449340001 ], [ -118.095477976, 34.163534813000098 ], [ -118.095454377, 34.163521077 ], [ -118.095434005, 34.1635041420001 ], [ -118.09541748, 34.163484525000101 ], [ -118.095405304, 34.163462820000099 ], [ -118.095397848, 34.163439688 ], [ -118.095395337, 34.163415830000098 ], [ -118.095397848, 34.163391973 ], [ -118.095405303, 34.16336884 ], [ -118.09541748, 34.163347135 ], [ -118.095434005, 34.163327518000102 ], [ -118.095454376, 34.163310583000097 ], [ -118.095477976, 34.163296847 ], [ -118.095504088, 34.163286726 ], [ -118.095531916, 34.163280527 ], [ -118.095560616, 34.163278441 ], [ -118.095589317, 34.163280527 ], [ -118.095617146, 34.163286726 ], [ -118.095643256, 34.163296847 ], [ -118.095666856, 34.163310583000097 ], [ -118.095687227, 34.163327518000102 ], [ -118.095703752, 34.163347135 ] ] ], [ [ [ -118.096739842, 34.167771583 ], [ -118.096752018, 34.167793288 ], [ -118.096759475, 34.167816421000097 ], [ -118.096761986, 34.167840278 ], [ -118.096759476, 34.167864135000102 ], [ -118.096752018, 34.167887268000101 ], [ -118.096739842, 34.167908972000099 ], [ -118.096723316, 34.16792859 ], [ -118.096702943, 34.167945524000103 ], [ -118.096679342, 34.1679592610001 ], [ -118.09665323, 34.167969382 ], [ -118.0966254, 34.1679755810001 ], [ -118.096596698, 34.167977668 ], [ -118.096567996, 34.167975580000103 ], [ -118.096540166, 34.167969382 ], [ -118.096514054, 34.1679592610001 ], [ -118.096490453, 34.167945524000103 ], [ -118.09647008, 34.167928591000098 ], [ -118.096453555, 34.167908973000102 ], [ -118.096441378, 34.167887268000101 ], [ -118.096433921, 34.167864135000102 ], [ -118.09643141, 34.167840278 ], [ -118.096433921, 34.167816421000097 ], [ -118.096441378, 34.167793288 ], [ -118.096453555, 34.167771583 ], [ -118.096470081, 34.167751966 ], [ -118.096490453, 34.167735032000103 ], [ -118.096514054, 34.167721295 ], [ -118.096540166, 34.167711174 ], [ -118.096567996, 34.167704975 ], [ -118.096596698, 34.1677028880001 ], [ -118.0966254, 34.167704976 ], [ -118.09665323, 34.167711174 ], [ -118.096679342, 34.167721295 ], [ -118.096702943, 34.167735031000099 ], [ -118.096723317, 34.167751965 ], [ -118.096739842, 34.167771583 ] ] ], [ [ [ -118.098751047, 34.175213435 ], [ -118.098763225, 34.17523514 ], [ -118.098770682, 34.1752582720001 ], [ -118.098773193, 34.175282129 ], [ -118.098770683, 34.175305987000101 ], [ -118.098763225, 34.175329119 ], [ -118.098751048, 34.175350825000102 ], [ -118.098734521, 34.175370442 ], [ -118.098714146, 34.175387376000103 ], [ -118.098690543, 34.175401112 ], [ -118.098664428, 34.175411233 ], [ -118.098636596, 34.175417432000103 ], [ -118.098607892, 34.175419519000101 ], [ -118.098579187, 34.175417431 ], [ -118.098551354, 34.175411234 ], [ -118.09852524, 34.175401112 ], [ -118.098501637, 34.175387376000103 ], [ -118.098481262, 34.175370442 ], [ -118.098464735, 34.175350824000098 ], [ -118.098452557, 34.175329119 ], [ -118.098445101, 34.175305987000101 ], [ -118.098442589, 34.17528213 ], [ -118.098445099, 34.1752582720001 ], [ -118.098452558, 34.17523514 ], [ -118.098464735, 34.175213435 ], [ -118.098481262, 34.175193817 ], [ -118.098501637, 34.175176884000102 ], [ -118.09852524, 34.175163147 ], [ -118.098551355, 34.175153026 ], [ -118.098579187, 34.175146828 ], [ -118.098607891, 34.1751447400001 ], [ -118.098636596, 34.175146828 ], [ -118.098664429, 34.175153025 ], [ -118.098690542, 34.175163147 ], [ -118.098714146, 34.175176883000098 ], [ -118.09873452, 34.175193817 ], [ -118.098751047, 34.175213435 ] ] ], [ [ [ -118.098855656, 34.170073662 ], [ -118.098867832, 34.170095367 ], [ -118.098875289, 34.1701185000001 ], [ -118.0988778, 34.170142357 ], [ -118.09887529, 34.170166215000101 ], [ -118.098867832, 34.170189347000097 ], [ -118.098855655, 34.170211051 ], [ -118.09883913, 34.17023067 ], [ -118.098818756, 34.170247604000103 ], [ -118.098795155, 34.17026134 ], [ -118.098769041, 34.170271461 ], [ -118.098741211, 34.170277660000103 ], [ -118.098712509, 34.170279747000102 ], [ -118.098683806, 34.170277660000103 ], [ -118.098655975, 34.170271461 ], [ -118.098629861, 34.17026134 ], [ -118.09860626, 34.170247604000103 ], [ -118.098585887, 34.170230669 ], [ -118.09856936, 34.170211052000099 ], [ -118.098557184, 34.170189347000097 ], [ -118.098549727, 34.170166215000101 ], [ -118.098547216, 34.170142358000099 ], [ -118.098549727, 34.170118499000097 ], [ -118.098557184, 34.170095367 ], [ -118.098569361, 34.170073663 ], [ -118.098585887, 34.170054045 ], [ -118.09860626, 34.170037111000099 ], [ -118.098629862, 34.170023374 ], [ -118.098655974, 34.170013253 ], [ -118.098683805, 34.170007055 ], [ -118.098712508, 34.1700049680001 ], [ -118.09874121, 34.170007055 ], [ -118.098769041, 34.170013253 ], [ -118.098795155, 34.170023375 ], [ -118.098818756, 34.170037111000099 ], [ -118.09883913, 34.170054045 ], [ -118.098855656, 34.170073662 ] ] ], [ [ [ -118.098960008, 34.175813022000099 ], [ -118.098976536, 34.175832640000102 ], [ -118.098988713, 34.175854345000097 ], [ -118.09899617, 34.175877477 ], [ -118.098998682, 34.175901335 ], [ -118.098996171, 34.175925192000101 ], [ -118.098988713, 34.175948325 ], [ -118.098976535, 34.17597003 ], [ -118.098960008, 34.175989648 ], [ -118.098939634, 34.176006582000099 ], [ -118.09891603, 34.176020317000102 ], [ -118.098889916, 34.176030439 ], [ -118.098862083, 34.176036637 ], [ -118.098833378, 34.176038724000101 ], [ -118.098804674, 34.176036637 ], [ -118.098776841, 34.176030439 ], [ -118.098750727, 34.176020318 ], [ -118.098727123, 34.176006582000099 ], [ -118.098706748, 34.175989648 ], [ -118.098690221, 34.17597003 ], [ -118.098678042, 34.175948325 ], [ -118.098670586, 34.175925192000101 ], [ -118.098668074, 34.175901335 ], [ -118.098670586, 34.175877477 ], [ -118.098678044, 34.175854345000097 ], [ -118.098690221, 34.175832640000102 ], [ -118.098706749, 34.175813023 ], [ -118.098727123, 34.175796088 ], [ -118.098750727, 34.175782353 ], [ -118.098776841, 34.175772231000103 ], [ -118.098804674, 34.175766033000102 ], [ -118.098833379, 34.175763946000103 ], [ -118.098862082, 34.175766033000102 ], [ -118.098889916, 34.175772231000103 ], [ -118.09891603, 34.175782352000098 ], [ -118.098939633, 34.175796088 ], [ -118.098960008, 34.175813022000099 ] ] ], [ [ [ -118.099267483, 34.167739375000103 ], [ -118.09927966, 34.16776108 ], [ -118.099287117, 34.1677842120001 ], [ -118.099289628, 34.16780807 ], [ -118.099287117, 34.167831927000101 ], [ -118.099279659, 34.1678550600001 ], [ -118.099267483, 34.167876765000102 ], [ -118.099250958, 34.167896382 ], [ -118.099230585, 34.167913316000103 ], [ -118.099206984, 34.167927053 ], [ -118.099180872, 34.167937174 ], [ -118.099153042, 34.167943372 ], [ -118.09912434, 34.167945459000101 ], [ -118.099095638, 34.167943372 ], [ -118.099067808, 34.167937173 ], [ -118.099041697, 34.167927053 ], [ -118.099018095, 34.167913316000103 ], [ -118.098997722, 34.167896383 ], [ -118.098981197, 34.167876764 ], [ -118.09896902, 34.1678550600001 ], [ -118.098961563, 34.167831927000101 ], [ -118.098959052, 34.16780807 ], [ -118.098961563, 34.1677842120001 ], [ -118.09896902, 34.167761079000101 ], [ -118.098981197, 34.167739375000103 ], [ -118.098997722, 34.167719757 ], [ -118.099018095, 34.167702823000099 ], [ -118.099041696, 34.167689087 ], [ -118.099067808, 34.1676789650001 ], [ -118.099095638, 34.167672768 ], [ -118.09912434, 34.1676706800001 ], [ -118.099153042, 34.167672768 ], [ -118.099180872, 34.167678966 ], [ -118.099206984, 34.167689087 ], [ -118.099230585, 34.167702824000102 ], [ -118.099250956, 34.167719757 ], [ -118.099267483, 34.167739375000103 ] ] ], [ [ [ -118.099866448, 34.167455611 ], [ -118.099878624, 34.167477315 ], [ -118.099886081, 34.167500448000098 ], [ -118.099888593, 34.167524305 ], [ -118.099886082, 34.167548162000102 ], [ -118.099878624, 34.167571295000101 ], [ -118.099866448, 34.167593000000103 ], [ -118.099860596, 34.167599947 ], [ -118.099860876, 34.167602611000099 ], [ -118.099858365, 34.167626468 ], [ -118.099850908, 34.1676496010001 ], [ -118.099838733, 34.167671306 ], [ -118.099822206, 34.167690923000102 ], [ -118.099801833, 34.167707858 ], [ -118.099778233, 34.167721594000099 ], [ -118.09975212, 34.167731715000102 ], [ -118.099724291, 34.167737913000103 ], [ -118.099695589, 34.167740001 ], [ -118.099666887, 34.167737913000103 ], [ -118.099639056, 34.167731715000102 ], [ -118.099612945, 34.167721594000099 ], [ -118.099589343, 34.167707858 ], [ -118.099568971, 34.167690923000102 ], [ -118.099552445, 34.167671305000098 ], [ -118.099540269, 34.1676496010001 ], [ -118.099532812, 34.167626468 ], [ -118.099530301, 34.167602611000099 ], [ -118.099532812, 34.167578753 ], [ -118.099540269, 34.16755562 ], [ -118.099552445, 34.167533916 ], [ -118.099558297, 34.1675269690001 ], [ -118.099558017, 34.167524305 ], [ -118.099560528, 34.167500448000098 ], [ -118.099567986, 34.167477315 ], [ -118.099580162, 34.16745561 ], [ -118.099596688, 34.167435993 ], [ -118.099617061, 34.1674190580001 ], [ -118.099640661, 34.167405322 ], [ -118.099666773, 34.167395201 ], [ -118.099694603, 34.167389003 ], [ -118.099723305, 34.167386916000098 ], [ -118.099752007, 34.167389003 ], [ -118.099779837, 34.167395201 ], [ -118.099805948, 34.167405322 ], [ -118.09982955, 34.1674190580001 ], [ -118.099849921, 34.167435993 ], [ -118.099866448, 34.167455611 ] ] ], [ [ [ -118.10022417, 34.1696239360001 ], [ -118.100236345, 34.169645640000098 ], [ -118.100243804, 34.169668773000097 ], [ -118.100246316, 34.169692631 ], [ -118.100243803, 34.169716488000098 ], [ -118.100236346, 34.16973962 ], [ -118.10022417, 34.169761325 ], [ -118.100207645, 34.169780943 ], [ -118.100187271, 34.1697978770001 ], [ -118.100163669, 34.169811614 ], [ -118.100137556, 34.169821735 ], [ -118.100109726, 34.1698279330001 ], [ -118.100081023, 34.169830020000099 ], [ -118.10005232, 34.1698279330001 ], [ -118.10002449, 34.169821735 ], [ -118.099998377, 34.169811614 ], [ -118.099974776, 34.169797878000097 ], [ -118.099954403, 34.169780943 ], [ -118.099937876, 34.169761326000099 ], [ -118.0999257, 34.169739621000097 ], [ -118.099918243, 34.169716488000098 ], [ -118.09991573, 34.16969263 ], [ -118.099918243, 34.169668773000097 ], [ -118.0999257, 34.169645641 ], [ -118.099937877, 34.1696239360001 ], [ -118.099954402, 34.169604319 ], [ -118.099974776, 34.169587385000099 ], [ -118.099998378, 34.169573648 ], [ -118.100024491, 34.169563526 ], [ -118.100052321, 34.169557328000103 ], [ -118.100081024, 34.169555241000097 ], [ -118.100109726, 34.169557329 ], [ -118.100137557, 34.169563527 ], [ -118.100163669, 34.169573648 ], [ -118.100187271, 34.169587384000103 ], [ -118.100207644, 34.169604318 ], [ -118.10022417, 34.1696239360001 ] ] ], [ [ [ -118.100665485, 34.166627122000101 ], [ -118.100637657, 34.166620923 ], [ -118.100611544, 34.166610802 ], [ -118.100587944, 34.166597066000101 ], [ -118.100567571, 34.166580132 ], [ -118.100551046, 34.166560514 ], [ -118.10053887, 34.166538809 ], [ -118.100531413, 34.166515677000099 ], [ -118.100528902, 34.166491819 ], [ -118.100531413, 34.166467961 ], [ -118.10053887, 34.166444829000099 ], [ -118.100551047, 34.166423124000097 ], [ -118.100567572, 34.166403507 ], [ -118.100587944, 34.1663865720001 ], [ -118.100611545, 34.1663728360001 ], [ -118.100637656, 34.166362715 ], [ -118.100665485, 34.1663565160001 ], [ -118.100694188, 34.166354429000101 ], [ -118.100707799, 34.166355419000098 ], [ -118.100701646, 34.166350303000101 ], [ -118.100685121, 34.166330686 ], [ -118.100672945, 34.166308981 ], [ -118.100665488, 34.166285848 ], [ -118.100662977, 34.166261990000102 ], [ -118.100665487, 34.166238133 ], [ -118.100672943, 34.166215001000097 ], [ -118.100685121, 34.166193296000102 ], [ -118.100701646, 34.166173678000099 ], [ -118.100722019, 34.166156744 ], [ -118.100745619, 34.166143008000098 ], [ -118.100771731, 34.166132887000103 ], [ -118.100799561, 34.166126688000098 ], [ -118.100828262, 34.166124601 ], [ -118.100856963, 34.166126688000098 ], [ -118.100884792, 34.166132887000103 ], [ -118.100907443, 34.166141666 ], [ -118.100909808, 34.16614029 ], [ -118.10093592, 34.166130169 ], [ -118.100963749, 34.1661239700001 ], [ -118.10099245, 34.166121883000102 ], [ -118.101021151, 34.1661239700001 ], [ -118.101048981, 34.166130169 ], [ -118.101067873, 34.166137492000097 ], [ -118.101092891, 34.166131920000097 ], [ -118.101121592, 34.166129833000099 ], [ -118.101150293, 34.166131920000097 ], [ -118.101178123, 34.166138119 ], [ -118.101204234, 34.166148239000101 ], [ -118.101227835, 34.166161976000097 ], [ -118.101248208, 34.16617891 ], [ -118.101264733, 34.166198528000102 ], [ -118.101276909, 34.1662202320001 ], [ -118.101284365, 34.166243365000099 ], [ -118.101286877, 34.166267222 ], [ -118.101284366, 34.1662910800001 ], [ -118.10127691, 34.166314213000099 ], [ -118.101264732, 34.166335918000101 ], [ -118.101248208, 34.166355534 ], [ -118.101227836, 34.166372469000102 ], [ -118.101204235, 34.166386205 ], [ -118.101178123, 34.166396327 ], [ -118.101150294, 34.166402525 ], [ -118.101121592, 34.1664046120001 ], [ -118.101092891, 34.166402525 ], [ -118.101065061, 34.166396326 ], [ -118.10104617, 34.166389004000102 ], [ -118.101021152, 34.166394576000101 ], [ -118.100992449, 34.1663966630001 ], [ -118.100963749, 34.166394576000101 ], [ -118.100935919, 34.166388377 ], [ -118.100913269, 34.166379597000102 ], [ -118.100910904, 34.166380974 ], [ -118.100885566, 34.166390795 ], [ -118.100901179, 34.1663998820001 ], [ -118.100921551, 34.166416817 ], [ -118.100938077, 34.166436434 ], [ -118.100950253, 34.166458139 ], [ -118.100951871, 34.166463158000099 ], [ -118.10096748, 34.166464294 ], [ -118.10099531, 34.166470492 ], [ -118.101021421, 34.166480613 ], [ -118.101045021, 34.1664943500001 ], [ -118.101065394, 34.166511284 ], [ -118.10108192, 34.166530901 ], [ -118.101094096, 34.166552606 ], [ -118.101101552, 34.166575739000102 ], [ -118.101104064, 34.166599596 ], [ -118.101101552, 34.166623453000099 ], [ -118.10109531, 34.166642821 ], [ -118.101102329, 34.166664594000103 ], [ -118.10110484, 34.166688451 ], [ -118.10110233, 34.166712309 ], [ -118.101094873, 34.166735442000103 ], [ -118.101082696, 34.166757146000101 ], [ -118.101066171, 34.166776763 ], [ -118.101045799, 34.166793698 ], [ -118.101022198, 34.166807434000098 ], [ -118.100996086, 34.166817556000098 ], [ -118.100968256, 34.166823754000099 ], [ -118.100939555, 34.166825841 ], [ -118.100910853, 34.166823754000099 ], [ -118.100883023, 34.166817555000101 ], [ -118.100856912, 34.166807434000098 ], [ -118.100833312, 34.166793698 ], [ -118.100812939, 34.166776764000097 ], [ -118.100796413, 34.166757147000098 ], [ -118.100784237, 34.1667354410001 ], [ -118.100776781, 34.166712308000101 ], [ -118.100774269, 34.166688451 ], [ -118.10077678, 34.166664594000103 ], [ -118.100783023, 34.166645226000099 ], [ -118.100781843, 34.166641567000099 ], [ -118.100766234, 34.166640432000101 ], [ -118.100738405, 34.166634233 ], [ -118.100720506, 34.166627295000097 ], [ -118.100694187, 34.166629209000099 ], [ -118.100665485, 34.166627122000101 ] ] ], [ [ [ -118.104855948, 34.186054191 ], [ -118.104868127, 34.186075895 ], [ -118.104875585, 34.1860990280001 ], [ -118.104878097, 34.186122885 ], [ -118.104875584, 34.186146743000101 ], [ -118.104868127, 34.186169875000097 ], [ -118.104855948, 34.186191580000099 ], [ -118.104839418, 34.186211198 ], [ -118.104819042, 34.186228132000103 ], [ -118.104795435, 34.186241868 ], [ -118.104769318, 34.186251989 ], [ -118.104741482, 34.186258188000103 ], [ -118.104712773, 34.186260275000102 ], [ -118.104684065, 34.186258187000099 ], [ -118.10465623, 34.186251989 ], [ -118.104630111, 34.186241868 ], [ -118.104606506, 34.186228132000103 ], [ -118.104586128, 34.186211197 ], [ -118.104569598, 34.186191580000099 ], [ -118.10455742, 34.1861698760001 ], [ -118.104549961, 34.186146743000101 ], [ -118.10454745, 34.186122886000099 ], [ -118.104549961, 34.1860990280001 ], [ -118.10455742, 34.186075896 ], [ -118.104569599, 34.186054191 ], [ -118.104586129, 34.186034573 ], [ -118.104606505, 34.186017639000099 ], [ -118.104630112, 34.186003903 ], [ -118.104656229, 34.185993782 ], [ -118.104684065, 34.185987583 ], [ -118.104712773, 34.1859854960001 ], [ -118.104741482, 34.185987584 ], [ -118.104769317, 34.185993782 ], [ -118.104795435, 34.186003903 ], [ -118.104819041, 34.186017639000099 ], [ -118.104839418, 34.186034574000097 ], [ -118.104855948, 34.186054191 ] ] ], [ [ [ -118.105281951, 34.184259870000098 ], [ -118.10529413, 34.184281575000099 ], [ -118.105301588, 34.184304707 ], [ -118.1053041, 34.184328565 ], [ -118.105301587, 34.184352422000103 ], [ -118.10529413, 34.184375555 ], [ -118.105281952, 34.18439726 ], [ -118.105265422, 34.184416877 ], [ -118.105245046, 34.184433811000098 ], [ -118.10522144, 34.184447548 ], [ -118.105195323, 34.1844576680001 ], [ -118.105167487, 34.184463866 ], [ -118.10513878, 34.184465954000103 ], [ -118.105110073, 34.184463867 ], [ -118.105082237, 34.1844576680001 ], [ -118.105056119, 34.184447547 ], [ -118.105032514, 34.184433811000098 ], [ -118.105012137, 34.184416877 ], [ -118.104995609, 34.184397259 ], [ -118.10498343, 34.184375555 ], [ -118.104975972, 34.184352422000103 ], [ -118.104973459, 34.184328565 ], [ -118.104975972, 34.184304708000099 ], [ -118.10498343, 34.184281575000099 ], [ -118.104995608, 34.184259871000101 ], [ -118.105012138, 34.184240253 ], [ -118.105032514, 34.184223319000097 ], [ -118.10505612, 34.184209582000101 ], [ -118.105082238, 34.184199461 ], [ -118.105110073, 34.184193263000097 ], [ -118.10513878, 34.184191176000098 ], [ -118.105167487, 34.184193263000097 ], [ -118.105195322, 34.184199461 ], [ -118.10522144, 34.184209582000101 ], [ -118.105245045, 34.184223319000097 ], [ -118.105265422, 34.184240252000102 ], [ -118.105281951, 34.184259870000098 ] ] ], [ [ [ -118.105305526, 34.184550374 ], [ -118.105322054, 34.184569992 ], [ -118.105334233, 34.184591697 ], [ -118.105341692, 34.184614829000097 ], [ -118.105344204, 34.184638687000103 ], [ -118.105341692, 34.184662544 ], [ -118.105334233, 34.184685677000097 ], [ -118.105322055, 34.184707382000099 ], [ -118.105305526, 34.184726999000098 ], [ -118.105285149, 34.184743933 ], [ -118.105261543, 34.184757669000099 ], [ -118.105235426, 34.18476779 ], [ -118.10520759, 34.184773988000103 ], [ -118.105178883, 34.184776076 ], [ -118.105150175, 34.184773989000099 ], [ -118.10512234, 34.18476779 ], [ -118.105096222, 34.184757669000099 ], [ -118.105072617, 34.184743933 ], [ -118.105052239, 34.184726999000098 ], [ -118.105035711, 34.184707381000102 ], [ -118.105023531, 34.184685677000097 ], [ -118.105016074, 34.184662544 ], [ -118.105013562, 34.184638687000103 ], [ -118.105016074, 34.18461483 ], [ -118.105023532, 34.184591697 ], [ -118.10503571, 34.184569992 ], [ -118.10505224, 34.1845503750001 ], [ -118.105072617, 34.184533441 ], [ -118.105096222, 34.184519704 ], [ -118.10512234, 34.1845095830001 ], [ -118.105150175, 34.184503385 ], [ -118.105178883, 34.184501298 ], [ -118.10520759, 34.184503385 ], [ -118.105235426, 34.1845095830001 ], [ -118.105261544, 34.184519704 ], [ -118.105285149, 34.184533440000102 ], [ -118.105305526, 34.184550374 ] ] ], [ [ [ -118.105717859, 34.184681203 ], [ -118.105730039, 34.184702908000098 ], [ -118.105737497, 34.18472604 ], [ -118.105740008, 34.184749898000099 ], [ -118.105737497, 34.184773755 ], [ -118.105730039, 34.184796887000097 ], [ -118.10571786, 34.184818592000099 ], [ -118.105701332, 34.184838210000102 ], [ -118.105680955, 34.184855144 ], [ -118.105657348, 34.184868880000103 ], [ -118.105631231, 34.184879002000102 ], [ -118.105603395, 34.184885200000103 ], [ -118.105574688, 34.184887287 ], [ -118.10554598, 34.184885200000103 ], [ -118.105518144, 34.184879001000098 ], [ -118.105492028, 34.184868880000103 ], [ -118.105468421, 34.184855144 ], [ -118.105448045, 34.184838209000098 ], [ -118.105431514, 34.184818592000099 ], [ -118.105419336, 34.184796887000097 ], [ -118.105411879, 34.184773754 ], [ -118.105409366, 34.184749898000099 ], [ -118.105411879, 34.18472604 ], [ -118.105419337, 34.184702908000098 ], [ -118.105431516, 34.184681203 ], [ -118.105448044, 34.1846615850001 ], [ -118.105468421, 34.184644651 ], [ -118.105492028, 34.184630915000099 ], [ -118.105518145, 34.184620794000097 ], [ -118.105545981, 34.184614595 ], [ -118.105574687, 34.184612509 ], [ -118.105603396, 34.184614596000102 ], [ -118.105631231, 34.184620794000097 ], [ -118.105657348, 34.184630915000099 ], [ -118.105680954, 34.184644651 ], [ -118.105701331, 34.184661586000097 ], [ -118.105717859, 34.184681203 ] ] ], [ [ [ -118.106300802, 34.183165654 ], [ -118.106312981, 34.183187358000097 ], [ -118.10632044, 34.183210491000096 ], [ -118.106322951, 34.183234348 ], [ -118.106320439, 34.183258206000097 ], [ -118.106312981, 34.183281338 ], [ -118.106300803, 34.183303043 ], [ -118.106284274, 34.18332266 ], [ -118.106263897, 34.183339594000103 ], [ -118.106260358, 34.183341654000102 ], [ -118.106261184, 34.183349501000102 ], [ -118.106258672, 34.183373359 ], [ -118.106251214, 34.183396491000103 ], [ -118.106239035, 34.183418196 ], [ -118.106222506, 34.183437813000097 ], [ -118.10620213, 34.183454748 ], [ -118.106178525, 34.183468484000102 ], [ -118.106152408, 34.183478605000097 ], [ -118.106124573, 34.183484804 ], [ -118.106095866, 34.183486891 ], [ -118.106067158, 34.183484804 ], [ -118.106039323, 34.183478605000097 ], [ -118.106013205, 34.183468484000102 ], [ -118.105989601, 34.183454748 ], [ -118.105969224, 34.183437813000097 ], [ -118.105952696, 34.183418197 ], [ -118.105940517, 34.183396491000103 ], [ -118.105933057, 34.183373359 ], [ -118.105930547, 34.183349502000098 ], [ -118.105933059, 34.183325644 ], [ -118.105940517, 34.183302512000097 ], [ -118.105952696, 34.183280807000102 ], [ -118.105969225, 34.183261190000103 ], [ -118.105989601, 34.183244255 ], [ -118.105993141, 34.183242195 ], [ -118.105992315, 34.183234348 ], [ -118.105994826, 34.1832104900001 ], [ -118.106002284, 34.183187358000097 ], [ -118.106014464, 34.183165653000103 ], [ -118.106030992, 34.183146036 ], [ -118.106051369, 34.183129102000102 ], [ -118.106074973, 34.183115366 ], [ -118.10610109, 34.183105244 ], [ -118.106128925, 34.183099046000102 ], [ -118.106157632, 34.183096959000103 ], [ -118.10618634, 34.183099046000102 ], [ -118.106214175, 34.183105244 ], [ -118.106240291, 34.183115365 ], [ -118.106263897, 34.183129102000102 ], [ -118.106284273, 34.183146036 ], [ -118.106300802, 34.183165654 ] ] ], [ [ [ -118.113182708, 34.183987299000101 ], [ -118.113209912, 34.183989277000101 ], [ -118.113199651, 34.18397099 ], [ -118.113192192, 34.183947857000099 ], [ -118.113189681, 34.183924 ], [ -118.113192193, 34.183900142 ], [ -118.113199651, 34.183877010000103 ], [ -118.11321183, 34.183855305000101 ], [ -118.113228358, 34.183835688 ], [ -118.113248735, 34.183818753 ], [ -118.11327234, 34.183805018 ], [ -118.113298457, 34.183794896000101 ], [ -118.113326293, 34.1837886980001 ], [ -118.113355, 34.18378661 ], [ -118.113383707, 34.1837886980001 ], [ -118.113411543, 34.183794896000101 ], [ -118.113437659, 34.183805018 ], [ -118.113461265, 34.183818753 ], [ -118.113481642, 34.183835687000098 ], [ -118.113498171, 34.183855305000101 ], [ -118.113510349, 34.183877009000099 ], [ -118.113517808, 34.183900142 ], [ -118.11352032, 34.183924 ], [ -118.113517808, 34.183947857000099 ], [ -118.11351035, 34.183970989 ], [ -118.113498171, 34.183992694 ], [ -118.113481642, 34.184012311000103 ], [ -118.113461264, 34.184029246000101 ], [ -118.11343766, 34.184042983 ], [ -118.113411543, 34.184053103000103 ], [ -118.113383707, 34.184059302 ], [ -118.113355, 34.184061389000099 ], [ -118.113327796, 34.184059411000099 ], [ -118.113338056, 34.184077698000102 ], [ -118.113345516, 34.184100831 ], [ -118.113348027, 34.184124689 ], [ -118.113345516, 34.184148546000102 ], [ -118.113338058, 34.184171678 ], [ -118.113325878, 34.184193383 ], [ -118.11330935, 34.184213 ], [ -118.113288973, 34.184229935000097 ], [ -118.113265368, 34.184243671 ], [ -118.11323925, 34.184253792 ], [ -118.113211415, 34.18425999 ], [ -118.113182707, 34.184262078000103 ], [ -118.113154, 34.18425999 ], [ -118.113126166, 34.184253792 ], [ -118.113100048, 34.184243671 ], [ -118.113076442, 34.184229935000097 ], [ -118.113056066, 34.184213001 ], [ -118.113039537, 34.184193383 ], [ -118.113027358, 34.184171678 ], [ -118.113019899, 34.184148545 ], [ -118.113017388, 34.184124688000097 ], [ -118.1130199, 34.184100831 ], [ -118.113027358, 34.184077698000102 ], [ -118.113039537, 34.184055994000097 ], [ -118.113056066, 34.184036376000101 ], [ -118.113076443, 34.1840194420001 ], [ -118.113100048, 34.1840057060001 ], [ -118.113126165, 34.183995585 ], [ -118.113154001, 34.1839893860001 ], [ -118.113182708, 34.183987299000101 ] ] ], [ [ [ -118.118154379, 34.179291138000103 ], [ -118.118126545, 34.179284940000102 ], [ -118.11810043, 34.179274819000099 ], [ -118.118076825, 34.179261082 ], [ -118.11805645, 34.179244148000102 ], [ -118.118039922, 34.179224531 ], [ -118.118027743, 34.1792028260001 ], [ -118.118023216, 34.179188787 ], [ -118.118020968, 34.179190096000099 ], [ -118.117994852, 34.179200216 ], [ -118.117967018, 34.179206415000102 ], [ -118.117938313, 34.179208502000101 ], [ -118.117909607, 34.179206415000102 ], [ -118.117881773, 34.179200216 ], [ -118.117855658, 34.179190095 ], [ -118.117832053, 34.179176359000103 ], [ -118.117811678, 34.179159425000101 ], [ -118.11779515, 34.179139807000098 ], [ -118.117782973, 34.179118102000103 ], [ -118.117775514, 34.179094970000101 ], [ -118.117773002, 34.179071113000099 ], [ -118.117775514, 34.179047256 ], [ -118.117782972, 34.179024123 ], [ -118.11779515, 34.179002418 ], [ -118.117811678, 34.1789828 ], [ -118.117832054, 34.178965866000098 ], [ -118.117855657, 34.17895213 ], [ -118.117881774, 34.178942009 ], [ -118.117904841, 34.178936871000097 ], [ -118.117913442, 34.178921543000101 ], [ -118.117929969, 34.178901925 ], [ -118.117950345, 34.178884991000103 ], [ -118.117973949, 34.1788712540001 ], [ -118.118000065, 34.178861134 ], [ -118.118023612, 34.178855889 ], [ -118.118027398, 34.178849143 ], [ -118.118043925, 34.178829525 ], [ -118.118064301, 34.178812592 ], [ -118.118087905, 34.178798855 ], [ -118.118114021, 34.178788734000101 ], [ -118.118141854, 34.178782535 ], [ -118.11817056, 34.178780448000097 ], [ -118.118199265, 34.178782535 ], [ -118.118227099, 34.178788734000101 ], [ -118.118253214, 34.178798855 ], [ -118.118276819, 34.178812591000103 ], [ -118.118297194, 34.178829526000101 ], [ -118.118313722, 34.178849142 ], [ -118.1183259, 34.178870848 ], [ -118.118333358, 34.178893980000097 ], [ -118.118335869, 34.178917838000103 ], [ -118.118333358, 34.178941695 ], [ -118.1183259, 34.178964827000101 ], [ -118.11831514, 34.178984005000103 ], [ -118.118334738, 34.178991600000103 ], [ -118.118358341, 34.179005336 ], [ -118.118378716, 34.179022270000097 ], [ -118.118395245, 34.179041887 ], [ -118.118407423, 34.179063592 ], [ -118.118414881, 34.179086725 ], [ -118.118417392, 34.179110582000099 ], [ -118.118414881, 34.17913444 ], [ -118.118407423, 34.179157572000101 ], [ -118.118395245, 34.179179277000102 ], [ -118.118378717, 34.179198894 ], [ -118.118358342, 34.179215829 ], [ -118.118334737, 34.179229565000099 ], [ -118.118315833, 34.179236891000102 ], [ -118.118309719, 34.179244148000102 ], [ -118.118289344, 34.179261083 ], [ -118.118265739, 34.179274819000099 ], [ -118.118239624, 34.179284940000102 ], [ -118.11821179, 34.179291139 ], [ -118.118183084, 34.179293226 ], [ -118.118154379, 34.179291138000103 ] ] ], [ [ [ -118.135284858, 34.177823636 ], [ -118.135256153, 34.177821549 ], [ -118.13522832, 34.177815351 ], [ -118.135202204, 34.17780523 ], [ -118.135178601, 34.177791493 ], [ -118.135158224, 34.177774559000099 ], [ -118.135141698, 34.177754941 ], [ -118.135136803, 34.177746220000103 ], [ -118.135121818, 34.177749557 ], [ -118.135093113, 34.177751644000097 ], [ -118.135064408, 34.177749557 ], [ -118.135039973, 34.177744115000102 ], [ -118.135024871, 34.177762041000101 ], [ -118.135004496, 34.177778975 ], [ -118.134980892, 34.177792711000102 ], [ -118.134954777, 34.177802832000097 ], [ -118.134926944, 34.177809031 ], [ -118.134898238, 34.177811117 ], [ -118.134869533, 34.177809031 ], [ -118.134841699, 34.177802832000097 ], [ -118.134815585, 34.177792711000102 ], [ -118.134791981, 34.177778974 ], [ -118.134771606, 34.177762041000101 ], [ -118.134755078, 34.177742423 ], [ -118.134742901, 34.177720718 ], [ -118.134735443, 34.1776975860001 ], [ -118.134732931, 34.177673728000102 ], [ -118.134733337, 34.177669871 ], [ -118.134729392, 34.177668342000104 ], [ -118.134705788, 34.177654605 ], [ -118.134685413, 34.177637671000099 ], [ -118.134668885, 34.177618054 ], [ -118.134656708, 34.177596349000098 ], [ -118.13464925, 34.177573217 ], [ -118.134646738, 34.1775493600001 ], [ -118.134649249, 34.177525502 ], [ -118.134656707, 34.177502369 ], [ -118.134668886, 34.177480664 ], [ -118.134685413, 34.177461047000101 ], [ -118.134705788, 34.177444113 ], [ -118.134729391, 34.177430376000103 ], [ -118.134755507, 34.177420255000101 ], [ -118.134783341, 34.177414057000099 ], [ -118.134812045, 34.17741197 ], [ -118.134840751, 34.177414057000099 ], [ -118.134868584, 34.177420256000097 ], [ -118.134894699, 34.1774303770001 ], [ -118.134907256, 34.177437684 ], [ -118.134907846, 34.177432074 ], [ -118.134915305, 34.177408942000099 ], [ -118.134916309, 34.1774071520001 ], [ -118.13490391, 34.177399937000096 ], [ -118.134883536, 34.177383003 ], [ -118.134867009, 34.177363385 ], [ -118.13485483, 34.177341681 ], [ -118.134847373, 34.177318548000102 ], [ -118.134844861, 34.177294690000103 ], [ -118.134847373, 34.177270833000101 ], [ -118.134854832, 34.177247700000102 ], [ -118.134867009, 34.177225996000097 ], [ -118.134883536, 34.177206378000101 ], [ -118.134903911, 34.177189444000099 ], [ -118.134927515, 34.177175707000103 ], [ -118.13495363, 34.1771655860001 ], [ -118.134981463, 34.177159388000099 ], [ -118.135010168, 34.177157301000101 ], [ -118.135038873, 34.177159388000099 ], [ -118.135066706, 34.177165587 ], [ -118.135092821, 34.177175708 ], [ -118.135116425, 34.177189444000099 ], [ -118.1351368, 34.177206378000101 ], [ -118.135153328, 34.177225996000097 ], [ -118.135165506, 34.177247700000102 ], [ -118.135172964, 34.177270833000101 ], [ -118.135175475, 34.177294691 ], [ -118.135172964, 34.177318548000102 ], [ -118.135168964, 34.177330953000101 ], [ -118.135169456, 34.177330369000103 ], [ -118.135189831, 34.177313435 ], [ -118.135213434, 34.177299698000098 ], [ -118.135239549, 34.177289577000103 ], [ -118.135267382, 34.177283378 ], [ -118.135296087, 34.177281292 ], [ -118.135324792, 34.177283378 ], [ -118.135352625, 34.177289577000103 ], [ -118.135378741, 34.177299698000098 ], [ -118.135402344, 34.177313434 ], [ -118.13542272, 34.177330368000099 ], [ -118.135439247, 34.177349986 ], [ -118.135451425, 34.177371691000097 ], [ -118.135458883, 34.177394823 ], [ -118.135461395, 34.177418680000102 ], [ -118.135458883, 34.177442538 ], [ -118.135451425, 34.177465670000103 ], [ -118.135439246, 34.177487375000098 ], [ -118.135422719, 34.177506992000097 ], [ -118.135402344, 34.177523927 ], [ -118.135378741, 34.177537663000102 ], [ -118.135362445, 34.177543978000102 ], [ -118.135367919, 34.1775609580001 ], [ -118.135368653, 34.177567928 ], [ -118.135391115, 34.177581 ], [ -118.135411491, 34.177597934000097 ], [ -118.135428018, 34.1776175520001 ], [ -118.135440196, 34.177639257000102 ], [ -118.135447654, 34.177662390000101 ], [ -118.135450165, 34.1776862460001 ], [ -118.135447654, 34.177710104 ], [ -118.135440196, 34.177733236000101 ], [ -118.135428018, 34.177754941 ], [ -118.13541149, 34.177774559000099 ], [ -118.135391115, 34.177791493 ], [ -118.135367512, 34.1778052290001 ], [ -118.135341396, 34.177815351 ], [ -118.135313563, 34.177821549 ], [ -118.135284858, 34.177823636 ] ] ], [ [ [ -118.136937385, 34.183728211000101 ], [ -118.137432844, 34.183659881 ], [ -118.137928304, 34.183044903000102 ], [ -118.138588917, 34.183318226 ], [ -118.138516588, 34.18373719 ], [ -118.138509609, 34.183777613000103 ], [ -118.138507011, 34.183800412 ], [ -118.138602982, 34.184006067 ], [ -118.138575544, 34.184063205 ], [ -118.138577552, 34.1840822630001 ], [ -118.13857504, 34.184106121000099 ], [ -118.138567582, 34.184129253 ], [ -118.138555403, 34.184150958 ], [ -118.138538875, 34.184170576 ], [ -118.138518497, 34.184187509 ], [ -118.138494892, 34.184201246 ], [ -118.138468774, 34.184211368 ], [ -118.13844094, 34.184217566 ], [ -118.138412232, 34.184219652 ], [ -118.138383524, 34.184217566 ], [ -118.138355689, 34.184211367 ], [ -118.138329571, 34.184201246 ], [ -118.138305966, 34.1841875100001 ], [ -118.13828559, 34.184170575000103 ], [ -118.138277975, 34.184161538000097 ], [ -118.138175726, 34.184159869 ], [ -118.138169053, 34.184167789000099 ], [ -118.138148676, 34.184184724 ], [ -118.138125071, 34.184198460000097 ], [ -118.138098953, 34.1842085810001 ], [ -118.138071118, 34.18421478 ], [ -118.138044595, 34.1842167080001 ], [ -118.137932473, 34.184478872000099 ], [ -118.137930809, 34.184514287000098 ], [ -118.137928304, 34.184531041000099 ], [ -118.137928304, 34.184616513 ], [ -118.138010881, 34.184753175 ], [ -118.137680574, 34.185026498000099 ], [ -118.137542601, 34.185492568 ], [ -118.136800452, 34.185339512 ], [ -118.136669632, 34.185309962000098 ], [ -118.135848282, 34.185045860000102 ], [ -118.134883991, 34.18463983 ], [ -118.1351207, 34.1842065270001 ], [ -118.1351207, 34.183454888 ], [ -118.135698736, 34.183249896000099 ], [ -118.135698736, 34.183864873000097 ], [ -118.136029042, 34.183933204 ], [ -118.136276772, 34.183113234000103 ], [ -118.136607079, 34.183386557000098 ], [ -118.136937385, 34.183728211000101 ] ] ], [ [ [ -118.136587197, 34.1780004230001 ], [ -118.136586058, 34.178001086000101 ], [ -118.136559943, 34.178011208 ], [ -118.13653211, 34.178017406 ], [ -118.136503405, 34.1780194930001 ], [ -118.1364747, 34.178017405 ], [ -118.136446867, 34.178011207000097 ], [ -118.136425155, 34.178002793000097 ], [ -118.136411153, 34.17800822 ], [ -118.136383319, 34.178014417 ], [ -118.136354614, 34.178016505000102 ], [ -118.136325909, 34.178014417 ], [ -118.136298076, 34.178008219 ], [ -118.13627196, 34.177998098 ], [ -118.136252714, 34.177986898 ], [ -118.136240034, 34.177991812000101 ], [ -118.1362122, 34.177998010000103 ], [ -118.136183495, 34.178000098 ], [ -118.136154789, 34.177998010000103 ], [ -118.136126956, 34.177991811 ], [ -118.136103734, 34.177982812 ], [ -118.136086792, 34.177986585 ], [ -118.136058087, 34.177988673000101 ], [ -118.13602938, 34.177986585 ], [ -118.136001548, 34.177980388 ], [ -118.135975432, 34.177970266 ], [ -118.135951828, 34.177956529 ], [ -118.135937729, 34.177944812000099 ], [ -118.135934137, 34.177947798 ], [ -118.135910532, 34.177961534000097 ], [ -118.135884416, 34.1779716550001 ], [ -118.135856584, 34.177977853000101 ], [ -118.135827878, 34.177979941 ], [ -118.135799173, 34.177977854000098 ], [ -118.13577134, 34.1779716550001 ], [ -118.135745225, 34.177961534000097 ], [ -118.135721621, 34.177947797000101 ], [ -118.135701245, 34.177930863 ], [ -118.135684716, 34.1779112460001 ], [ -118.13567254, 34.177889542000102 ], [ -118.135665082, 34.177866409 ], [ -118.135662569, 34.177842551 ], [ -118.135665083, 34.177818694000102 ], [ -118.13567254, 34.177795561 ], [ -118.135684717, 34.177773857 ], [ -118.135701245, 34.177754239 ], [ -118.135706182, 34.177750136 ], [ -118.135703495, 34.177746946000099 ], [ -118.135691317, 34.177725242000101 ], [ -118.13568386, 34.17770211 ], [ -118.135681348, 34.177678252000099 ], [ -118.135683859, 34.177654394000101 ], [ -118.135691318, 34.177631262 ], [ -118.135703495, 34.177609557 ], [ -118.135720023, 34.177589940000097 ], [ -118.135740398, 34.177573005000099 ], [ -118.135764002, 34.177559270000103 ], [ -118.135782722, 34.177552015000103 ], [ -118.135780788, 34.177551265 ], [ -118.135757184, 34.177537529000098 ], [ -118.135736809, 34.177520595 ], [ -118.135720281, 34.177500977000101 ], [ -118.135708102, 34.177479273000102 ], [ -118.135700645, 34.177456140000103 ], [ -118.135698134, 34.177432283 ], [ -118.135700645, 34.177408425000102 ], [ -118.135708103, 34.177385293 ], [ -118.135720281, 34.177363588 ], [ -118.135736808, 34.17734397 ], [ -118.135757183, 34.177327036000101 ], [ -118.135780788, 34.1773133 ], [ -118.135806903, 34.177303179 ], [ -118.135834735, 34.177296980000101 ], [ -118.135845917, 34.177296167000101 ], [ -118.13561616, 34.176963457000099 ], [ -118.135781313, 34.176758464 ], [ -118.136276772, 34.176758464 ], [ -118.136689655, 34.177100119 ], [ -118.136772232, 34.177373441 ], [ -118.136675029, 34.177381485000097 ], [ -118.13665667, 34.177734704 ], [ -118.136671325, 34.17773577 ], [ -118.136699158, 34.177741968000099 ], [ -118.136725275, 34.177752089000101 ], [ -118.136748878, 34.177765825000101 ], [ -118.136769254, 34.177782759 ], [ -118.13678578, 34.177802377 ], [ -118.136797958, 34.177824082 ], [ -118.136805417, 34.177847214000103 ], [ -118.136807928, 34.177871071 ], [ -118.136805416, 34.177894929 ], [ -118.136797958, 34.177918061000099 ], [ -118.136785781, 34.177939766000101 ], [ -118.136769253, 34.177959384000097 ], [ -118.136748879, 34.177976318 ], [ -118.136725273, 34.177990054000098 ], [ -118.136699159, 34.178000176000097 ], [ -118.136671325, 34.178006373000102 ], [ -118.136642621, 34.178008461 ], [ -118.136613915, 34.178006373000102 ], [ -118.136587197, 34.1780004230001 ] ], [ [ -118.136162205, 34.177565018000102 ], [ -118.136164717, 34.177588875 ], [ -118.136163179, 34.177603480000101 ], [ -118.136170997, 34.177600450000099 ], [ -118.13619883, 34.177594252000098 ], [ -118.136227535, 34.1775921650001 ], [ -118.136256241, 34.177594253000102 ], [ -118.136279821, 34.177599504000099 ], [ -118.136153554, 34.177539759000098 ], [ -118.136154747, 34.177541885 ], [ -118.136162205, 34.177565018000102 ] ], [ [ -118.136503404, 34.177744714 ], [ -118.13653211, 34.177746802000101 ], [ -118.136558828, 34.177752752000103 ], [ -118.136559967, 34.177752089000101 ], [ -118.136583239, 34.177743070000098 ], [ -118.136440109, 34.1776753460001 ], [ -118.136447861, 34.177689163 ], [ -118.136455319, 34.177712296 ], [ -118.136457831, 34.177736153000097 ], [ -118.136456278, 34.177750904 ], [ -118.136474699, 34.177746802000101 ], [ -118.136503404, 34.177744714 ] ] ], [ [ [ -118.136509632, 34.1765611880001 ], [ -118.136526158, 34.1765808050001 ], [ -118.136538336, 34.176602509000098 ], [ -118.136545794, 34.176625642 ], [ -118.136548306, 34.176649500000103 ], [ -118.136545795, 34.176673357 ], [ -118.136538337, 34.17669649 ], [ -118.136526159, 34.176718194 ], [ -118.136509631, 34.176737812000098 ], [ -118.136489257, 34.176754746 ], [ -118.136465653, 34.176768483 ], [ -118.136439539, 34.176778603000102 ], [ -118.136411705, 34.176784802 ], [ -118.136383, 34.176786889 ], [ -118.136354295, 34.176784802 ], [ -118.136326463, 34.176778603000102 ], [ -118.136300348, 34.176768483 ], [ -118.136276744, 34.176754746 ], [ -118.136256369, 34.176737812000098 ], [ -118.136239842, 34.176718194 ], [ -118.136227665, 34.17669649 ], [ -118.136220206, 34.176673357 ], [ -118.136217695, 34.176649500000103 ], [ -118.136220206, 34.176625642 ], [ -118.136227664, 34.176602510000102 ], [ -118.136239843, 34.1765808050001 ], [ -118.13625637, 34.176561187000097 ], [ -118.136276744, 34.176544254000099 ], [ -118.136300348, 34.176530517000103 ], [ -118.136326461, 34.1765203960001 ], [ -118.136354295, 34.176514198000099 ], [ -118.136382999, 34.1765121110001 ], [ -118.136411705, 34.176514198000099 ], [ -118.136439538, 34.1765203960001 ], [ -118.136465653, 34.176530517000103 ], [ -118.136489256, 34.176544253 ], [ -118.136509632, 34.1765611880001 ] ] ], [ [ [ -118.137022463, 34.18547671 ], [ -118.137038993, 34.185496328000099 ], [ -118.137051172, 34.185518032000097 ], [ -118.137058631, 34.185541165000103 ], [ -118.137061143, 34.185565022 ], [ -118.13705863, 34.185588880000097 ], [ -118.137051172, 34.185612012 ], [ -118.137038993, 34.185633716 ], [ -118.137022465, 34.185653334000101 ], [ -118.137002087, 34.185670268 ], [ -118.136978481, 34.185684004000102 ], [ -118.136952363, 34.185694126 ], [ -118.136924528, 34.185700324 ], [ -118.136917758, 34.1857008160001 ], [ -118.136920513, 34.185709362000097 ], [ -118.136923026, 34.185733219 ], [ -118.136920513, 34.185757077000098 ], [ -118.136913054, 34.185780209 ], [ -118.136900876, 34.185801913 ], [ -118.136884347, 34.185821531 ], [ -118.13686397, 34.185838465000103 ], [ -118.136840363, 34.185852201 ], [ -118.136814246, 34.185862323 ], [ -118.13678641, 34.185868521 ], [ -118.136757702, 34.185870609000098 ], [ -118.136728995, 34.185868521 ], [ -118.136701158, 34.185862322 ], [ -118.136675041, 34.185852202 ], [ -118.136651434, 34.185838465000103 ], [ -118.136631058, 34.185821531 ], [ -118.136614528, 34.185801914 ], [ -118.136602349, 34.185780209 ], [ -118.136594891, 34.185757076000101 ], [ -118.136592379, 34.185733219 ], [ -118.136594891, 34.185709362000097 ], [ -118.136602349, 34.185686229000098 ], [ -118.136614527, 34.185664524000103 ], [ -118.136631058, 34.185644907 ], [ -118.136651434, 34.185627973000102 ], [ -118.136675041, 34.185614237 ], [ -118.136701158, 34.185604115 ], [ -118.136728994, 34.185597917000102 ], [ -118.136735764, 34.185597425 ], [ -118.136733009, 34.1855888790001 ], [ -118.136730496, 34.185565022 ], [ -118.136733009, 34.185541164 ], [ -118.136740468, 34.185518032000097 ], [ -118.136752646, 34.185496328000099 ], [ -118.136769176, 34.18547671 ], [ -118.136789552, 34.185459776000101 ], [ -118.136813159, 34.18544604 ], [ -118.136839277, 34.185435918000103 ], [ -118.136867112, 34.185429721 ], [ -118.13689582, 34.185427633000103 ], [ -118.136924528, 34.185429720000101 ], [ -118.136952363, 34.185435918000103 ], [ -118.13697848, 34.18544604 ], [ -118.137002087, 34.185459776000101 ], [ -118.137022463, 34.18547671 ] ] ], [ [ [ -118.138107136, 34.184981364000102 ], [ -118.138119315, 34.1850030680001 ], [ -118.138126773, 34.185026201 ], [ -118.138129285, 34.185050059 ], [ -118.138126773, 34.185073915 ], [ -118.138119315, 34.185097049 ], [ -118.138107136, 34.185118753 ], [ -118.138090607, 34.185138370000097 ], [ -118.13807023, 34.185155305 ], [ -118.138046625, 34.185169041000101 ], [ -118.138020507, 34.185179162000097 ], [ -118.137992671, 34.185185361 ], [ -118.137964633, 34.185187399 ], [ -118.137967255, 34.185189578000099 ], [ -118.137983784, 34.185209195 ], [ -118.137995963, 34.1852309000001 ], [ -118.138003422, 34.185254032 ], [ -118.138005934, 34.185277890000101 ], [ -118.138003422, 34.185301747 ], [ -118.137995964, 34.185324880000103 ], [ -118.137983785, 34.185346585 ], [ -118.137967256, 34.185366202000097 ], [ -118.137946878, 34.185383136 ], [ -118.137923273, 34.185396873000101 ], [ -118.137897155, 34.1854069930001 ], [ -118.13786932, 34.185413192000098 ], [ -118.137840612, 34.18541528 ], [ -118.137811904, 34.185413192000098 ], [ -118.137784068, 34.185406994000097 ], [ -118.13775795, 34.185396873000101 ], [ -118.137734344, 34.185383136 ], [ -118.137713968, 34.185366202000097 ], [ -118.137697439, 34.185346585 ], [ -118.13768526, 34.185324880000103 ], [ -118.137677801, 34.185301748 ], [ -118.137675289, 34.185277890000101 ], [ -118.137677801, 34.185254033 ], [ -118.13768526, 34.1852309000001 ], [ -118.137697439, 34.185209195 ], [ -118.137713968, 34.185189578000099 ], [ -118.137734344, 34.185172644 ], [ -118.137757951, 34.185158907000101 ], [ -118.137784068, 34.185148787000102 ], [ -118.137811904, 34.185142588000097 ], [ -118.13783994, 34.185140549 ], [ -118.137837319, 34.1851383710001 ], [ -118.13782079, 34.185118753 ], [ -118.137808612, 34.185097049 ], [ -118.137801154, 34.185073915 ], [ -118.137798641, 34.185050058000101 ], [ -118.137801153, 34.185026201 ], [ -118.137808612, 34.1850030680001 ], [ -118.137820791, 34.184981364000102 ], [ -118.13783732, 34.184961747 ], [ -118.137857697, 34.184944812 ], [ -118.137881302, 34.184931076000098 ], [ -118.13790742, 34.184920955000102 ], [ -118.137935256, 34.184914756000097 ], [ -118.137963964, 34.184912669 ], [ -118.137992671, 34.184914756000097 ], [ -118.138020507, 34.184920955000102 ], [ -118.138046625, 34.184931075000101 ], [ -118.13807023, 34.184944812 ], [ -118.138090607, 34.184961746000099 ], [ -118.138107136, 34.184981364000102 ] ] ], [ [ [ -118.154103558, 34.187399802000101 ], [ -118.154115735, 34.187421506000099 ], [ -118.154123195, 34.187444639 ], [ -118.154125706, 34.187468496000101 ], [ -118.154123196, 34.187492354 ], [ -118.154115736, 34.187515486000102 ], [ -118.154103556, 34.187537191 ], [ -118.154087029, 34.1875568090001 ], [ -118.154066651, 34.187573742 ], [ -118.154049654, 34.187583633 ], [ -118.154050555, 34.187592195 ], [ -118.154048044, 34.187616053000099 ], [ -118.154040584, 34.187639185000101 ], [ -118.154028405, 34.187660889 ], [ -118.154011877, 34.187680507 ], [ -118.153991499, 34.187697441000097 ], [ -118.153967892, 34.187711178 ], [ -118.153941774, 34.187721299 ], [ -118.153924036, 34.187725248 ], [ -118.153922313, 34.187730591 ], [ -118.153910134, 34.187752296 ], [ -118.153893605, 34.187771913000098 ], [ -118.153873227, 34.187788848 ], [ -118.153849621, 34.187802584000103 ], [ -118.153823502, 34.187812705000098 ], [ -118.153795665, 34.187818903 ], [ -118.153766957, 34.18782099 ], [ -118.153738249, 34.187818903 ], [ -118.153710412, 34.187812706 ], [ -118.153684294, 34.187802584000103 ], [ -118.153660687, 34.187788847 ], [ -118.153640309, 34.187771913000098 ], [ -118.153623781, 34.187752296 ], [ -118.153611601, 34.187730591 ], [ -118.153604142, 34.187707459 ], [ -118.15360163, 34.187683601000103 ], [ -118.153604142, 34.187659744 ], [ -118.1536116, 34.187636611000102 ], [ -118.153623781, 34.187614907000103 ], [ -118.153640309, 34.18759529 ], [ -118.153660687, 34.187578355 ], [ -118.153684294, 34.187564619000099 ], [ -118.153710412, 34.187554498000097 ], [ -118.153728151, 34.187550549 ], [ -118.153729873, 34.187545205 ], [ -118.153742052, 34.187523501 ], [ -118.153758581, 34.187503883 ], [ -118.153778959, 34.187486949000103 ], [ -118.153795955, 34.187477058000098 ], [ -118.153795054, 34.187468497000097 ], [ -118.153797566, 34.187444639 ], [ -118.153805024, 34.187421507000103 ], [ -118.153817204, 34.187399802000101 ], [ -118.153833733, 34.187380184000098 ], [ -118.153854111, 34.18736325 ], [ -118.153877718, 34.187349514000097 ], [ -118.153903836, 34.187339393000101 ], [ -118.153931673, 34.1873331950001 ], [ -118.15396038, 34.187331108 ], [ -118.15398909, 34.1873331950001 ], [ -118.154016925, 34.187339393000101 ], [ -118.154043043, 34.187349514000097 ], [ -118.15406665, 34.18736325 ], [ -118.154087028, 34.187380184000098 ], [ -118.154103558, 34.187399802000101 ] ] ], [ [ [ -118.154565507, 34.186075073 ], [ -118.154577686, 34.186096778 ], [ -118.154585144, 34.186119911 ], [ -118.154587656, 34.1861437680001 ], [ -118.154585145, 34.186167626 ], [ -118.154577686, 34.186190758000102 ], [ -118.154565506, 34.1862124620001 ], [ -118.154548978, 34.18623208 ], [ -118.154528601, 34.186249014000097 ], [ -118.154504995, 34.1862627510001 ], [ -118.154478877, 34.186272871 ], [ -118.154451041, 34.186279070000097 ], [ -118.154422333, 34.186281157000103 ], [ -118.154393625, 34.186279070000097 ], [ -118.154365789, 34.186272872000103 ], [ -118.154339671, 34.1862627510001 ], [ -118.154316064, 34.186249014000097 ], [ -118.154295687, 34.18623208 ], [ -118.154279157, 34.1862124620001 ], [ -118.154266979, 34.186190758000102 ], [ -118.154259521, 34.186167625000103 ], [ -118.154257009, 34.1861437680001 ], [ -118.15425952, 34.186119910000102 ], [ -118.15426698, 34.186096778 ], [ -118.154279159, 34.186075073 ], [ -118.154295688, 34.186055456000098 ], [ -118.154316066, 34.1860385210001 ], [ -118.154339671, 34.186024785 ], [ -118.154365789, 34.186014664 ], [ -118.154393625, 34.186008466 ], [ -118.154422333, 34.186006379 ], [ -118.15445104, 34.186008466 ], [ -118.154478877, 34.186014664 ], [ -118.154504995, 34.186024785 ], [ -118.154528601, 34.1860385210001 ], [ -118.154548978, 34.186055456000098 ], [ -118.154565507, 34.186075073 ] ] ], [ [ [ -118.156590615, 34.180721653 ], [ -118.15626031, 34.18044833 ], [ -118.156425462, 34.180243338 ], [ -118.157086075, 34.180516661000098 ], [ -118.157086075, 34.180721653 ], [ -118.156590615, 34.180721653 ] ] ], [ [ [ -118.157017111, 34.185605312000099 ], [ -118.157019622, 34.185581455 ], [ -118.157027081, 34.185558322000098 ], [ -118.15703926, 34.185536617 ], [ -118.157055789, 34.185517 ], [ -118.157076166, 34.185500066 ], [ -118.157082998, 34.1854960900001 ], [ -118.156920923, 34.185436483 ], [ -118.157003499, 34.184684843000099 ], [ -118.156898867, 34.184338521 ], [ -118.156887766, 34.1843477460001 ], [ -118.15686416, 34.184361483 ], [ -118.156838043, 34.184371603 ], [ -118.156810208, 34.184377801 ], [ -118.1567815, 34.184379889000098 ], [ -118.156752793, 34.184377802 ], [ -118.156724957, 34.184371604 ], [ -118.156714096, 34.184367395 ], [ -118.156694627, 34.184368811000098 ], [ -118.15666592, 34.184366723 ], [ -118.156638084, 34.184360525 ], [ -118.156611967, 34.184350404 ], [ -118.156588361, 34.1843366680001 ], [ -118.156583994, 34.184333038 ], [ -118.156577172, 34.184345195 ], [ -118.156560642, 34.184364811000101 ], [ -118.156540266, 34.184381746 ], [ -118.15651666, 34.184395482000099 ], [ -118.156490543, 34.184405603000101 ], [ -118.156462706, 34.184411801000103 ], [ -118.156434, 34.184413889 ], [ -118.156405292, 34.184411802000099 ], [ -118.156377457, 34.184405604000098 ], [ -118.15635134, 34.184395482000099 ], [ -118.156327734, 34.184381746 ], [ -118.156307357, 34.184364812000098 ], [ -118.156290828, 34.184345194000102 ], [ -118.15627865, 34.184323490000097 ], [ -118.156271192, 34.184300357 ], [ -118.15626868, 34.184276500000102 ], [ -118.156271191, 34.184252642 ], [ -118.15627865, 34.184229510000101 ], [ -118.156290828, 34.184207805 ], [ -118.156307358, 34.1841881880001 ], [ -118.156327734, 34.184171254 ], [ -118.156342781, 34.184162498 ], [ -118.156339895, 34.184157355 ], [ -118.156332436, 34.184134222000097 ], [ -118.156329925, 34.184110365 ], [ -118.156332436, 34.184086507000103 ], [ -118.156339895, 34.1840633750001 ], [ -118.156352073, 34.184041670000099 ], [ -118.156368602, 34.184022053 ], [ -118.156388979, 34.184005118000101 ], [ -118.156412585, 34.183991383 ], [ -118.156438702, 34.183981262 ], [ -118.156466537, 34.183975063 ], [ -118.156495244, 34.183972976000099 ], [ -118.156523952, 34.183975063 ], [ -118.156551787, 34.183981261 ], [ -118.156560993, 34.183984829000103 ], [ -118.156568209, 34.183982032000102 ], [ -118.156596044, 34.183975834000101 ], [ -118.156624752, 34.183973747 ], [ -118.156653459, 34.183975834000101 ], [ -118.156681294, 34.183982032000102 ], [ -118.156688282, 34.18398474 ], [ -118.15670055, 34.183974545000098 ], [ -118.156724155, 34.183960808000101 ], [ -118.156750272, 34.183950688 ], [ -118.156778107, 34.183944489000098 ], [ -118.156806815, 34.183942402000099 ], [ -118.156835522, 34.183944489000098 ], [ -118.156863358, 34.183950688 ], [ -118.156889476, 34.183960808000101 ], [ -118.15689157, 34.183962027000099 ], [ -118.156920922, 34.183864873000097 ], [ -118.157746688, 34.183728211000101 ], [ -118.157664111, 34.182293264000101 ], [ -118.157911841, 34.182224932000103 ], [ -118.158572454, 34.182498256 ], [ -118.158407301, 34.183044903000102 ], [ -118.158407301, 34.183864873000097 ], [ -118.158246684, 34.1840642350001 ], [ -118.158252039, 34.184063043 ], [ -118.158280747, 34.184060956000103 ], [ -118.158309455, 34.184063043 ], [ -118.158309996, 34.184063164000101 ], [ -118.158309742, 34.184060755000097 ], [ -118.158312253, 34.184036897000098 ], [ -118.158319711, 34.184013764 ], [ -118.158331891, 34.183992059 ], [ -118.15834842, 34.183972442 ], [ -118.158368796, 34.183955508000103 ], [ -118.158392401, 34.183941772 ], [ -118.158418519, 34.183931651000101 ], [ -118.158446354, 34.183925452 ], [ -118.158475062, 34.183923365000098 ], [ -118.158503769, 34.183925452 ], [ -118.158531604, 34.18393165 ], [ -118.158557722, 34.183941772 ], [ -118.158581327, 34.183955508000103 ], [ -118.158601703, 34.183972442 ], [ -118.158618233, 34.183992059 ], [ -118.158630411, 34.184013764 ], [ -118.15863787, 34.184036897000098 ], [ -118.158640381, 34.184060755000097 ], [ -118.158637869, 34.184084612 ], [ -118.158630411, 34.184107744000102 ], [ -118.158618231, 34.184129449000103 ], [ -118.158601703, 34.184149066 ], [ -118.158581327, 34.184166001000101 ], [ -118.158557722, 34.1841797370001 ], [ -118.158531604, 34.184189858 ], [ -118.158503769, 34.184196056000097 ], [ -118.158475061, 34.184198143000103 ], [ -118.158446354, 34.184196057000101 ], [ -118.158445813, 34.184195936 ], [ -118.158446066, 34.184198344 ], [ -118.158443555, 34.1842222020001 ], [ -118.158436096, 34.184245335000099 ], [ -118.158423917, 34.184267039000098 ], [ -118.15840739, 34.184286657 ], [ -118.1583996, 34.184293131000103 ], [ -118.158400988, 34.184294778 ], [ -118.158413166, 34.184316483 ], [ -118.158420625, 34.184339616 ], [ -118.158423136, 34.184363473000097 ], [ -118.158420625, 34.184387331 ], [ -118.158413166, 34.184410463000098 ], [ -118.158400987, 34.1844321680001 ], [ -118.15838446, 34.184451786000103 ], [ -118.158364082, 34.184468719000101 ], [ -118.158340477, 34.184482456000097 ], [ -118.158314359, 34.1844925770001 ], [ -118.158286523, 34.184498775000101 ], [ -118.15828576, 34.184498830000102 ], [ -118.158290896, 34.184503099 ], [ -118.158307425, 34.184522716000103 ], [ -118.158319604, 34.184544421000098 ], [ -118.158327063, 34.184567554000097 ], [ -118.158329574, 34.184591411 ], [ -118.158327063, 34.184615268000101 ], [ -118.158319605, 34.1846384 ], [ -118.158307424, 34.184660105 ], [ -118.158290896, 34.184679723 ], [ -118.158272138, 34.184695312 ], [ -118.158282349, 34.184713511 ], [ -118.15828981, 34.184736642000097 ], [ -118.15829232, 34.1847605 ], [ -118.158289809, 34.184784357000098 ], [ -118.158282351, 34.18480749 ], [ -118.158270171, 34.184829195000098 ], [ -118.158253643, 34.184848812 ], [ -118.158233266, 34.184865746000099 ], [ -118.15820966, 34.184879483 ], [ -118.158183543, 34.184889604 ], [ -118.158155708, 34.184895802 ], [ -118.158126999, 34.184897889000098 ], [ -118.158098292, 34.184895802 ], [ -118.158084233, 34.184892672 ], [ -118.158080929, 34.184895417000099 ], [ -118.158057323, 34.184909154 ], [ -118.158031206, 34.184919275 ], [ -118.158003369, 34.184925474000103 ], [ -118.157974662, 34.184927560000098 ], [ -118.157945955, 34.184925473000099 ], [ -118.15791812, 34.184919275 ], [ -118.157892002, 34.184909154 ], [ -118.157868396, 34.184895418000103 ], [ -118.157848019, 34.184878484 ], [ -118.157834728, 34.184862710000097 ], [ -118.157773057, 34.185168902 ], [ -118.157792501, 34.185164572000097 ], [ -118.157821208, 34.185162485 ], [ -118.157849917, 34.185164572000097 ], [ -118.157877752, 34.185170771000102 ], [ -118.15790387, 34.185180892000098 ], [ -118.157927476, 34.185194628 ], [ -118.157947853, 34.185211562000099 ], [ -118.157964382, 34.185231179 ], [ -118.157976561, 34.1852528840001 ], [ -118.157984019, 34.185276017 ], [ -118.157986531, 34.185299874000101 ], [ -118.157984019, 34.185323732 ], [ -118.157976561, 34.185346864000103 ], [ -118.157964383, 34.185368569 ], [ -118.157954107, 34.185380763000097 ], [ -118.157954907, 34.185381228 ], [ -118.157975284, 34.185398162000098 ], [ -118.157991813, 34.185417780000101 ], [ -118.158003993, 34.185439485000103 ], [ -118.15801145, 34.185462617 ], [ -118.158013962, 34.185486475000097 ], [ -118.158011451, 34.185510332 ], [ -118.158003993, 34.185533464000102 ], [ -118.157991814, 34.185555169000096 ], [ -118.157975285, 34.1855747870001 ], [ -118.157954907, 34.185591721 ], [ -118.157931301, 34.185605458000097 ], [ -118.157905184, 34.185615578000103 ], [ -118.157877348, 34.185621777000101 ], [ -118.157870597, 34.185622268 ], [ -118.157859147, 34.185642675000103 ], [ -118.157842618, 34.185662292000103 ], [ -118.15782224, 34.185679226 ], [ -118.157798634, 34.185692963000101 ], [ -118.157772516, 34.185703084000103 ], [ -118.15774468, 34.185709282000097 ], [ -118.157715973, 34.185711369 ], [ -118.157687265, 34.185709282000097 ], [ -118.157665206, 34.185704370000103 ], [ -118.157664111, 34.185709806 ], [ -118.157346458, 34.185592982000102 ], [ -118.157347756, 34.185605312000099 ], [ -118.157345243, 34.185629169 ], [ -118.157341437, 34.185640977 ], [ -118.15734349, 34.185641772000103 ], [ -118.157367096, 34.1856555090001 ], [ -118.157387473, 34.185672443 ], [ -118.157404003, 34.185692061000097 ], [ -118.157416181, 34.185713765000102 ], [ -118.15742364, 34.185736898000101 ], [ -118.157426151, 34.185760755 ], [ -118.15742364, 34.185784612000099 ], [ -118.157416182, 34.185807745 ], [ -118.157404003, 34.18582945 ], [ -118.157395394, 34.185839667 ], [ -118.157402619, 34.185862078000099 ], [ -118.157405132, 34.185885936 ], [ -118.15740262, 34.1859097930001 ], [ -118.157395161, 34.185932925 ], [ -118.157382982, 34.18595463 ], [ -118.157366453, 34.185974247 ], [ -118.157346076, 34.185991182000102 ], [ -118.15732247, 34.186004918 ], [ -118.157296353, 34.186015039 ], [ -118.157268516, 34.186021237 ], [ -118.157239808, 34.186023324000097 ], [ -118.1572111, 34.186021237 ], [ -118.157183265, 34.186015039 ], [ -118.157157146, 34.186004918 ], [ -118.15713354, 34.185991182000102 ], [ -118.157113163, 34.185974248 ], [ -118.157096633, 34.185954629 ], [ -118.157084455, 34.185932925 ], [ -118.157076997, 34.1859097930001 ], [ -118.157074485, 34.185885935 ], [ -118.157076997, 34.185862078000099 ], [ -118.157084455, 34.1858389450001 ], [ -118.157096634, 34.185817241000102 ], [ -118.157105243, 34.185807024 ], [ -118.157098017, 34.185784613000102 ], [ -118.157095506, 34.185760755 ], [ -118.157098016, 34.185736898000101 ], [ -118.157101824, 34.185725090000098 ], [ -118.157099772, 34.185724295000099 ], [ -118.157076166, 34.185710559 ], [ -118.157055789, 34.185693624000102 ], [ -118.15703926, 34.185674006000099 ], [ -118.157027081, 34.185652302000101 ], [ -118.157019623, 34.185629169 ], [ -118.157017111, 34.185605312000099 ] ], [ [ -118.158005778, 34.184628709 ], [ -118.157984823, 34.184630232000103 ], [ -118.157956116, 34.184628145 ], [ -118.157928281, 34.184621946 ], [ -118.157902163, 34.184611825 ], [ -118.157887033, 34.184603021 ], [ -118.157870821, 34.184683514 ], [ -118.157892002, 34.184671189 ], [ -118.157918119, 34.184661068 ], [ -118.157945954, 34.184654869 ], [ -118.157974663, 34.1846527820001 ], [ -118.15800337, 34.184654869 ], [ -118.158017428, 34.184658 ], [ -118.158019114, 34.184656599 ], [ -118.158008903, 34.1846384 ], [ -118.158005778, 34.184628709 ] ] ], [ [ [ -118.156708641, 34.180961924 ], [ -118.156734757, 34.180951802 ], [ -118.156762591, 34.180945604 ], [ -118.156791298, 34.180943517000102 ], [ -118.156820004, 34.180945604 ], [ -118.156847837, 34.180951803 ], [ -118.156873955, 34.180961924 ], [ -118.156897559, 34.180975660000101 ], [ -118.156917936, 34.180992594 ], [ -118.156934464, 34.181012211000102 ], [ -118.156946642, 34.181033917 ], [ -118.1569541, 34.181057048000099 ], [ -118.156956612, 34.181080906 ], [ -118.1569541, 34.1811047630001 ], [ -118.156946643, 34.181127896000099 ], [ -118.156934464, 34.181149601000101 ], [ -118.156917935, 34.181169218 ], [ -118.156897559, 34.181186153000098 ], [ -118.15688982, 34.181190650000097 ], [ -118.156897275, 34.181213777 ], [ -118.156899787, 34.181237634000098 ], [ -118.156897275, 34.181261492 ], [ -118.156889817, 34.181284624000099 ], [ -118.156877639, 34.181306329000101 ], [ -118.156861109, 34.181325946000101 ], [ -118.156840735, 34.18134288 ], [ -118.156834114, 34.181346733000098 ], [ -118.156844886, 34.1813595180001 ], [ -118.156857065, 34.181381223000102 ], [ -118.156864523, 34.181404355 ], [ -118.156867034, 34.181428213000103 ], [ -118.156864523, 34.18145207 ], [ -118.156857065, 34.181475203 ], [ -118.156848852, 34.181489839000101 ], [ -118.156852474, 34.181501072000103 ], [ -118.156854984, 34.181524930000101 ], [ -118.156852474, 34.181548787000096 ], [ -118.156845016, 34.181571919000099 ], [ -118.156832837, 34.181593624000101 ], [ -118.156816308, 34.181613241 ], [ -118.156795933, 34.181630175000102 ], [ -118.156772328, 34.181643912 ], [ -118.156746211, 34.181654033 ], [ -118.156718377, 34.181660232000098 ], [ -118.15668967, 34.181662319000097 ], [ -118.156660964, 34.181660232000098 ], [ -118.156633129, 34.181654033 ], [ -118.156607013, 34.181643913000102 ], [ -118.156583408, 34.181630176000098 ], [ -118.156563031, 34.181613242 ], [ -118.156546503, 34.181593624000101 ], [ -118.156534325, 34.181571919000099 ], [ -118.156526867, 34.181548787000096 ], [ -118.156524356, 34.181524929 ], [ -118.156526867, 34.181501072000103 ], [ -118.156534325, 34.18147794 ], [ -118.156542538, 34.181463304 ], [ -118.156538916, 34.181452071 ], [ -118.156536405, 34.181428213000103 ], [ -118.156538916, 34.181404356 ], [ -118.156546374, 34.181381223000102 ], [ -118.156548229, 34.181377916 ], [ -118.156537582, 34.181377142 ], [ -118.156509748, 34.181370944 ], [ -118.156483631, 34.181360823 ], [ -118.156460026, 34.181347086000102 ], [ -118.15643965, 34.181330152 ], [ -118.156423122, 34.181310535000101 ], [ -118.156410943, 34.18128883 ], [ -118.156403485, 34.1812656970001 ], [ -118.156400974, 34.18124184 ], [ -118.156403486, 34.181217982000099 ], [ -118.156410944, 34.181194850000097 ], [ -118.156423122, 34.181173145000102 ], [ -118.15643965, 34.181153528 ], [ -118.156460027, 34.181136594000101 ], [ -118.156463917, 34.181134330000098 ], [ -118.15645658, 34.181111571 ], [ -118.156454069, 34.1810877140001 ], [ -118.15645658, 34.181063856 ], [ -118.156464038, 34.181040724000098 ], [ -118.156476217, 34.181019019000097 ], [ -118.156492745, 34.180999402000097 ], [ -118.156513121, 34.180982468 ], [ -118.156536726, 34.1809687310001 ], [ -118.156562842, 34.180958610000097 ], [ -118.156590676, 34.180952412000103 ], [ -118.156619383, 34.180950324 ], [ -118.156648089, 34.180952412000103 ], [ -118.156675924, 34.180958611000101 ], [ -118.15669898, 34.180967546 ], [ -118.156708641, 34.180961924 ] ] ], [ [ [ -118.157348948, 34.20075969 ], [ -118.157361128, 34.200781394 ], [ -118.157368588, 34.200804527000102 ], [ -118.1573711, 34.200828385000101 ], [ -118.157368588, 34.200852241000099 ], [ -118.157361129, 34.200875374000098 ], [ -118.157348947, 34.2008970790001 ], [ -118.157332416, 34.200916696 ], [ -118.157312035, 34.200933630000101 ], [ -118.157288425, 34.200947367 ], [ -118.157262302, 34.200957488 ], [ -118.157234462, 34.200963686000101 ], [ -118.157205749, 34.2009657730001 ], [ -118.157177034, 34.200963686000101 ], [ -118.157149195, 34.200957487 ], [ -118.157123072, 34.200947366 ], [ -118.157099461, 34.200933630000101 ], [ -118.157079081, 34.200916696 ], [ -118.157062548, 34.200897078 ], [ -118.157050368, 34.200875375000102 ], [ -118.157042908, 34.200852241000099 ], [ -118.157040396, 34.200828384 ], [ -118.157042908, 34.200804527000102 ], [ -118.157050368, 34.200781394 ], [ -118.15706255, 34.20075969 ], [ -118.157079081, 34.200740072 ], [ -118.157099462, 34.2007231380001 ], [ -118.157123072, 34.200709402 ], [ -118.157149195, 34.200699281 ], [ -118.157177035, 34.200693083 ], [ -118.157205748, 34.200690996 ], [ -118.157234462, 34.200693083 ], [ -118.157262301, 34.200699282000102 ], [ -118.157288424, 34.200709403000097 ], [ -118.157312035, 34.200723139 ], [ -118.157332415, 34.200740073000098 ], [ -118.157348948, 34.20075969 ] ] ], [ [ [ -118.15737493, 34.186110335 ], [ -118.157387108, 34.186132039 ], [ -118.157394568, 34.186155172 ], [ -118.15739708, 34.186179029000101 ], [ -118.157394568, 34.186202886 ], [ -118.15738711, 34.186226019000102 ], [ -118.157374931, 34.186247724000097 ], [ -118.1573584, 34.1862673420001 ], [ -118.157338024, 34.186284276 ], [ -118.157314418, 34.186298011000098 ], [ -118.1572883, 34.186308133000097 ], [ -118.157260464, 34.186314331000098 ], [ -118.157231756, 34.186316418 ], [ -118.157203048, 34.186314331000098 ], [ -118.157175211, 34.186308133000097 ], [ -118.157149094, 34.186298012000101 ], [ -118.157125488, 34.186284276 ], [ -118.157105111, 34.186267341000097 ], [ -118.157088582, 34.186247723000101 ], [ -118.157076403, 34.186226019000102 ], [ -118.157068944, 34.186202886 ], [ -118.157066432, 34.186179029000101 ], [ -118.157068944, 34.186155172 ], [ -118.157076402, 34.186132039 ], [ -118.157088582, 34.186110334 ], [ -118.157105111, 34.186090717000098 ], [ -118.157125488, 34.186073782000101 ], [ -118.157149095, 34.186060047000097 ], [ -118.157175212, 34.186049925000098 ], [ -118.157203048, 34.186043727 ], [ -118.157231757, 34.18604164 ], [ -118.157260464, 34.186043727 ], [ -118.1572883, 34.186049925000098 ], [ -118.157314418, 34.186060046000101 ], [ -118.157338024, 34.186073783 ], [ -118.157358402, 34.186090717000098 ], [ -118.15737493, 34.186110335 ] ] ], [ [ [ -118.157727912, 34.185762948 ], [ -118.157740092, 34.185784654 ], [ -118.157747551, 34.185807786000098 ], [ -118.157750062, 34.185831643 ], [ -118.157747551, 34.185855501 ], [ -118.157740093, 34.185878633000101 ], [ -118.157727914, 34.185900337000099 ], [ -118.157711384, 34.185919955 ], [ -118.157691007, 34.1859368900001 ], [ -118.157667402, 34.185950625 ], [ -118.157641283, 34.185960747 ], [ -118.157613447, 34.185966945000096 ], [ -118.157584738, 34.185969032000102 ], [ -118.157556031, 34.185966945000096 ], [ -118.157528195, 34.185960747 ], [ -118.157502078, 34.185950625 ], [ -118.157478471, 34.185936889000097 ], [ -118.157458094, 34.185919955 ], [ -118.157441565, 34.185900338000103 ], [ -118.157429386, 34.185878633000101 ], [ -118.157421928, 34.185855500000102 ], [ -118.157419417, 34.185831643 ], [ -118.157421928, 34.185807785000101 ], [ -118.157429386, 34.185784653 ], [ -118.157441565, 34.185762949 ], [ -118.157458095, 34.185743331 ], [ -118.157478471, 34.185726397000103 ], [ -118.157502077, 34.185712661 ], [ -118.157528196, 34.185702540000101 ], [ -118.157556032, 34.185696341 ], [ -118.157584739, 34.185694254000097 ], [ -118.157613448, 34.185696341 ], [ -118.157641283, 34.185702540000101 ], [ -118.1576674, 34.185712661 ], [ -118.157691007, 34.185726397000103 ], [ -118.157711384, 34.185743331 ], [ -118.157727912, 34.185762948 ] ] ], [ [ [ -118.157850984, 34.1860495990001 ], [ -118.157863164, 34.186071304000102 ], [ -118.157870622, 34.186094437000101 ], [ -118.157873133, 34.186118294 ], [ -118.157870622, 34.186142152000102 ], [ -118.157863164, 34.186165284 ], [ -118.157850985, 34.186186989000099 ], [ -118.157834455, 34.186206606 ], [ -118.157814078, 34.1862235400001 ], [ -118.157790471, 34.186237277 ], [ -118.157764354, 34.186247398 ], [ -118.157736518, 34.186253596 ], [ -118.157707811, 34.186255683000098 ], [ -118.157679101, 34.186253596 ], [ -118.157651266, 34.186247398 ], [ -118.157625148, 34.186237276 ], [ -118.157601541, 34.1862235400001 ], [ -118.157581165, 34.186206606 ], [ -118.157564635, 34.186186989000099 ], [ -118.157552456, 34.186165284 ], [ -118.157544999, 34.186142151000098 ], [ -118.157542486, 34.186118294 ], [ -118.157544998, 34.186094437000101 ], [ -118.157552456, 34.186071304000102 ], [ -118.157564635, 34.1860495990001 ], [ -118.157581165, 34.186029982 ], [ -118.157601542, 34.186013048000099 ], [ -118.157625148, 34.185999311 ], [ -118.157651266, 34.185989191 ], [ -118.157679102, 34.185982992 ], [ -118.15770781, 34.1859809050001 ], [ -118.157736518, 34.185982992 ], [ -118.157764354, 34.185989191 ], [ -118.157790472, 34.185999312 ], [ -118.157814078, 34.186013048000099 ], [ -118.157834455, 34.186029982 ], [ -118.157850984, 34.1860495990001 ] ] ], [ [ [ -118.158400386, 34.187350097 ], [ -118.158372549, 34.187356295 ], [ -118.15834384, 34.187358383000102 ], [ -118.158315132, 34.187356295 ], [ -118.158287296, 34.187350097 ], [ -118.158261178, 34.187339976 ], [ -118.158237572, 34.1873262390001 ], [ -118.158223535, 34.187314575000102 ], [ -118.158210748, 34.1873155050001 ], [ -118.15818204, 34.187313417 ], [ -118.158154203, 34.187307219 ], [ -118.158128084, 34.187297098 ], [ -118.158104479, 34.187283362000102 ], [ -118.158084101, 34.187266428 ], [ -118.158067572, 34.18724681 ], [ -118.158055391, 34.187225105 ], [ -118.158047933, 34.187201972 ], [ -118.158045423, 34.187178115000101 ], [ -118.158047934, 34.187154257 ], [ -118.158055393, 34.1871311250001 ], [ -118.158067572, 34.187109421000102 ], [ -118.158084102, 34.187089803 ], [ -118.158104478, 34.187072869000097 ], [ -118.158128085, 34.187059133 ], [ -118.158154204, 34.187049012 ], [ -118.158160933, 34.187047514 ], [ -118.158153763, 34.187043342 ], [ -118.158133385, 34.187026408000101 ], [ -118.158116856, 34.187006790000098 ], [ -118.158104677, 34.186985085000103 ], [ -118.158097219, 34.186961952 ], [ -118.158094707, 34.186938095000102 ], [ -118.158097218, 34.186914237000103 ], [ -118.158104678, 34.186891105 ], [ -118.158116857, 34.186869401 ], [ -118.158133386, 34.186849783000099 ], [ -118.158153763, 34.186832849 ], [ -118.158177369, 34.186819113000098 ], [ -118.158203488, 34.186808992000103 ], [ -118.158231324, 34.186802793 ], [ -118.15823501, 34.186802525000097 ], [ -118.158231832, 34.186792671 ], [ -118.158230887, 34.186783688 ], [ -118.157994417, 34.18673477 ], [ -118.157994417, 34.186598108000098 ], [ -118.157994417, 34.186188122 ], [ -118.158572453, 34.185983130000103 ], [ -118.158407301, 34.186256454 ], [ -118.158349799, 34.186637106 ], [ -118.158365938, 34.186633513000103 ], [ -118.158394646, 34.186631425 ], [ -118.158423355, 34.1866335120001 ], [ -118.15845119, 34.186639711000097 ], [ -118.158477309, 34.1866498320001 ], [ -118.158500914, 34.186663568 ], [ -118.158521292, 34.186680502000101 ], [ -118.15852456, 34.18668438 ], [ -118.158525725, 34.186684465 ], [ -118.158553561, 34.186690663 ], [ -118.158579679, 34.186700784 ], [ -118.158603286, 34.186714520000102 ], [ -118.158623662, 34.186731455 ], [ -118.158640192, 34.186751072 ], [ -118.158652371, 34.186772777 ], [ -118.158659829, 34.186795909000097 ], [ -118.158662341, 34.186819767 ], [ -118.158659831, 34.186843624000097 ], [ -118.158652371, 34.186866757000097 ], [ -118.158640192, 34.186888461 ], [ -118.158623663, 34.186908079 ], [ -118.158603285, 34.186925013000099 ], [ -118.158579679, 34.186938749 ], [ -118.158553561, 34.186948871 ], [ -118.158525725, 34.186955068 ], [ -118.158499866, 34.186956949 ], [ -118.158496542, 34.186959711 ], [ -118.158488854, 34.186964184 ], [ -118.158496164, 34.186967017 ], [ -118.15851977, 34.1869807530001 ], [ -118.158540147, 34.186997688000098 ], [ -118.158556676, 34.187017305 ], [ -118.158568856, 34.18703901 ], [ -118.158576314, 34.187062142000102 ], [ -118.158578826, 34.187085999 ], [ -118.158576315, 34.187109857000102 ], [ -118.158568856, 34.187132990000102 ], [ -118.158556677, 34.1871546940001 ], [ -118.158540147, 34.187174312 ], [ -118.158519768, 34.187191246000097 ], [ -118.158506828, 34.187198776000102 ], [ -118.158509167, 34.187220993 ], [ -118.158506656, 34.187244850000098 ], [ -118.158499196, 34.187267983 ], [ -118.158487017, 34.187289688000099 ], [ -118.158470488, 34.187309305 ], [ -118.15845011, 34.1873262390001 ], [ -118.158426505, 34.187339975 ], [ -118.158400386, 34.187350097 ] ] ], [ [ [ -118.15842988, 34.185115227 ], [ -118.158455998, 34.185125348 ], [ -118.158479604, 34.185139085000102 ], [ -118.158495461, 34.185152263000099 ], [ -118.158506886, 34.185149719 ], [ -118.158535595, 34.185147632000103 ], [ -118.158564302, 34.185149719 ], [ -118.158592138, 34.185155917 ], [ -118.158618256, 34.185166038 ], [ -118.158641861, 34.185179775000101 ], [ -118.158662238, 34.185196709 ], [ -118.158678767, 34.185216326 ], [ -118.158690946, 34.185238031 ], [ -118.158698405, 34.185261164000103 ], [ -118.158700916, 34.185285021 ], [ -118.158698405, 34.1853088780001 ], [ -118.158690946, 34.185332011000099 ], [ -118.158684099, 34.1853442130001 ], [ -118.15868728, 34.185346856 ], [ -118.158703809, 34.185366473 ], [ -118.158715987, 34.185388178 ], [ -118.158723447, 34.185411310000099 ], [ -118.158725958, 34.185435168 ], [ -118.158723446, 34.1854590250001 ], [ -118.158715988, 34.185482158000099 ], [ -118.158703809, 34.1855038630001 ], [ -118.15868728, 34.18552348 ], [ -118.158666902, 34.185540414000101 ], [ -118.158643296, 34.18555415 ], [ -118.15861718, 34.185564271 ], [ -118.158589344, 34.185570470000101 ], [ -118.158588387, 34.1855705400001 ], [ -118.158573018, 34.185583312000098 ], [ -118.158549412, 34.185597048 ], [ -118.158523294, 34.185607168 ], [ -118.15849546, 34.185613367 ], [ -118.158466752, 34.1856154540001 ], [ -118.158438044, 34.185613367 ], [ -118.158410208, 34.185607169 ], [ -118.15838409, 34.185597048 ], [ -118.158360484, 34.185583311000102 ], [ -118.158340107, 34.185566377 ], [ -118.158323578, 34.185546760000101 ], [ -118.158311399, 34.185525055 ], [ -118.15830394, 34.1855019220001 ], [ -118.158301429, 34.185478066 ], [ -118.158303941, 34.185454208000102 ], [ -118.1583114, 34.185431075000103 ], [ -118.158323578, 34.185409370000102 ], [ -118.158340108, 34.185389753 ], [ -118.15835167, 34.185380144000099 ], [ -118.158344629, 34.185379632 ], [ -118.158316792, 34.185373434 ], [ -118.158290676, 34.185363313 ], [ -118.158267069, 34.185349577000103 ], [ -118.158246693, 34.185332642 ], [ -118.158230163, 34.185313025 ], [ -118.158217985, 34.18529132 ], [ -118.158210526, 34.185268188000101 ], [ -118.158208015, 34.185244331 ], [ -118.158210526, 34.185220473000101 ], [ -118.158217985, 34.185197340000101 ], [ -118.158230164, 34.185175636000103 ], [ -118.158246692, 34.185156018 ], [ -118.15826707, 34.185139084000099 ], [ -118.158290675, 34.185125348 ], [ -118.158316794, 34.185115227 ], [ -118.158344629, 34.185109029 ], [ -118.158373336, 34.1851069410001 ], [ -118.158402045, 34.185109028000099 ], [ -118.15842988, 34.185115227 ] ] ], [ [ [ -118.159743616, 34.189212141 ], [ -118.159760147, 34.189231758000098 ], [ -118.159772325, 34.189253463000099 ], [ -118.159779785, 34.189276595 ], [ -118.159782297, 34.189300452000097 ], [ -118.159779785, 34.189324310000103 ], [ -118.159772326, 34.189347442 ], [ -118.159760147, 34.189369147 ], [ -118.159743617, 34.189388765 ], [ -118.159723239, 34.189405698 ], [ -118.159699632, 34.189419435 ], [ -118.159673513, 34.1894295560001 ], [ -118.159645676, 34.189435754 ], [ -118.159616967, 34.189437842000103 ], [ -118.159588257, 34.189435754 ], [ -118.15956042, 34.1894295560001 ], [ -118.159534302, 34.189419435 ], [ -118.159510695, 34.189405699000098 ], [ -118.159490316, 34.1893887640001 ], [ -118.159473787, 34.189369147 ], [ -118.159461608, 34.189347442 ], [ -118.159454148, 34.189324309 ], [ -118.159451636, 34.189300453 ], [ -118.159454149, 34.189276595 ], [ -118.159461608, 34.189253462000103 ], [ -118.159473787, 34.189231757000101 ], [ -118.159490315, 34.189212140000102 ], [ -118.159510694, 34.189195207000097 ], [ -118.159534301, 34.189181470000101 ], [ -118.159560421, 34.189171349 ], [ -118.159588258, 34.189165151000097 ], [ -118.159616967, 34.189163063 ], [ -118.159645676, 34.189165151000097 ], [ -118.159673513, 34.189171349 ], [ -118.15969963, 34.189181470000101 ], [ -118.159723239, 34.1891952060001 ], [ -118.159743616, 34.189212141 ] ] ], [ [ [ -118.159676719, 34.191250993 ], [ -118.159648882, 34.191257191 ], [ -118.159620173, 34.191259278000103 ], [ -118.159591462, 34.191257191 ], [ -118.159563624, 34.191250993 ], [ -118.159537505, 34.191240871 ], [ -118.159513897, 34.191227135000098 ], [ -118.159493519, 34.191210201 ], [ -118.159476989, 34.191190583 ], [ -118.159464808, 34.191168878 ], [ -118.15945735, 34.191145746000103 ], [ -118.159454839, 34.191121889 ], [ -118.15945735, 34.191098032000099 ], [ -118.159464808, 34.1910748990001 ], [ -118.159473778, 34.191058916 ], [ -118.159470866, 34.191053726000099 ], [ -118.159463407, 34.191030594 ], [ -118.159460895, 34.191006737000102 ], [ -118.159463407, 34.19098288 ], [ -118.159470866, 34.1909597470001 ], [ -118.159483045, 34.190938042 ], [ -118.159499577, 34.190918425000099 ], [ -118.159519954, 34.190901491 ], [ -118.159543561, 34.190887754000101 ], [ -118.159569681, 34.190877633000099 ], [ -118.159597519, 34.190871435000098 ], [ -118.159626228, 34.190869348 ], [ -118.159654939, 34.190871436000101 ], [ -118.159677522, 34.190876464 ], [ -118.159689957, 34.190866131000099 ], [ -118.159713565, 34.190852395 ], [ -118.159739683, 34.190842274 ], [ -118.15976752, 34.190836076 ], [ -118.159796231, 34.190833989000097 ], [ -118.15982494, 34.190836076 ], [ -118.159852778, 34.190842274 ], [ -118.159878897, 34.190852396 ], [ -118.159902504, 34.190866131000099 ], [ -118.159922883, 34.190883066 ], [ -118.159939413, 34.190902683 ], [ -118.159951592, 34.190924388 ], [ -118.15995905, 34.190947520000101 ], [ -118.159961564, 34.190971378 ], [ -118.159959052, 34.190995235000102 ], [ -118.159951593, 34.191018367 ], [ -118.159939671, 34.191039613 ], [ -118.160058833, 34.191039613 ], [ -118.160636868, 34.191312937000099 ], [ -118.160306563, 34.1917229210001 ], [ -118.159976256, 34.191586260000101 ], [ -118.160058833, 34.191381267000096 ], [ -118.159781144, 34.191151484 ], [ -118.159775535, 34.191168879 ], [ -118.159763355, 34.191190584 ], [ -118.159746824, 34.191210201 ], [ -118.159726447, 34.191227136000101 ], [ -118.15970284, 34.191240872 ], [ -118.159676719, 34.191250993 ] ] ], [ [ [ -118.160258817, 34.1942900660001 ], [ -118.160230107, 34.194292153 ], [ -118.160201395, 34.1942900660001 ], [ -118.160173557, 34.194283867 ], [ -118.160147437, 34.1942737460001 ], [ -118.16013302, 34.194265358000102 ], [ -118.159835597, 34.194877862000098 ], [ -118.159649119, 34.193992876 ], [ -118.159651493, 34.193982427 ], [ -118.15964595, 34.193977840000102 ], [ -118.159811103, 34.1932262 ], [ -118.160389139, 34.193294532 ], [ -118.160471715, 34.193567855 ], [ -118.160444953, 34.193596327000101 ], [ -118.160456807, 34.193613986000102 ], [ -118.1603321, 34.193855378 ], [ -118.160262293, 34.193999138 ], [ -118.16027562, 34.193988063000099 ], [ -118.160299229, 34.193974326 ], [ -118.160325348, 34.193964205 ], [ -118.160353187, 34.193958007 ], [ -118.160381899, 34.1939559200001 ], [ -118.160410609, 34.193958007 ], [ -118.160438447, 34.193964205 ], [ -118.160464567, 34.193974327 ], [ -118.160488176, 34.193988063000099 ], [ -118.160508554, 34.194004997 ], [ -118.160525085, 34.194024614000099 ], [ -118.160537266, 34.19404632 ], [ -118.160544725, 34.1940694520001 ], [ -118.160547237, 34.194093309 ], [ -118.160544725, 34.194117166000098 ], [ -118.160537266, 34.194140298 ], [ -118.160525086, 34.194162003 ], [ -118.160508555, 34.194181621 ], [ -118.160488175, 34.194198555000099 ], [ -118.160464567, 34.194212292 ], [ -118.160438447, 34.194222413 ], [ -118.160410609, 34.194228611 ], [ -118.160381896, 34.194230698000098 ], [ -118.160368043, 34.194229691 ], [ -118.160356764, 34.194243076000099 ], [ -118.160336385, 34.1942600100001 ], [ -118.160312776, 34.194273747000103 ], [ -118.160286656, 34.194283868000099 ], [ -118.160258817, 34.1942900660001 ] ] ], [ [ [ -118.160349386, 34.191848801 ], [ -118.160361565, 34.191870505000097 ], [ -118.160369024, 34.191893639000099 ], [ -118.160371536, 34.191917495 ], [ -118.160369025, 34.191941353000097 ], [ -118.160361566, 34.191964486000103 ], [ -118.160349386, 34.191986191000098 ], [ -118.160332856, 34.192005808 ], [ -118.160312477, 34.192022742000098 ], [ -118.16028887, 34.192036478 ], [ -118.16026275, 34.192046599 ], [ -118.160234912, 34.192052798000098 ], [ -118.160206202, 34.192054885000097 ], [ -118.160177491, 34.192052797 ], [ -118.160149653, 34.1920466 ], [ -118.160123534, 34.192036478 ], [ -118.160099927, 34.192022742000098 ], [ -118.160079548, 34.192005808 ], [ -118.160063018, 34.191986191000098 ], [ -118.160050838, 34.191964486000103 ], [ -118.160043379, 34.191941353000097 ], [ -118.160040867, 34.191917496 ], [ -118.160043378, 34.191893638000103 ], [ -118.160050838, 34.191870506 ], [ -118.160063018, 34.191848801 ], [ -118.160079548, 34.191829183 ], [ -118.160099926, 34.191812250000098 ], [ -118.160123534, 34.191798514 ], [ -118.160149654, 34.191788392 ], [ -118.160177492, 34.191782193000101 ], [ -118.160206201, 34.191780107000099 ], [ -118.160234912, 34.191782194 ], [ -118.16026275, 34.191788392 ], [ -118.160288869, 34.191798513 ], [ -118.160312477, 34.191812250000098 ], [ -118.160332855, 34.191829183 ], [ -118.160349386, 34.191848801 ] ] ] ] } }
]
}
