{
"type": "FeatureCollection",
"name": "lahaina_2023",
"crs": { "type": "name", "properties": { "name": "urn:ogc:def:crs:OGC:1.3:CRS84" } },
"features": [
{ "type": "Feature", "properties": { "OBJECTID": 19434, "poly_SourceOID": 31714, "poly_IncidentName": "Lahaina", "poly_FeatureCategory": "Wildfire Daily Fire Perimeter", "poly_MapMethod": "Hand Sketch", "poly_GISAcres": 2123.4971583053002, "poly_DeleteThis": "No", "poly_FeatureAccess": "Public", "poly_FeatureStatus": "Approved", "poly_IsVisible": "Yes", "poly_CreateDate": 1691896307173, "poly_DateCurrent": 1694128641000, "poly_PolygonDateTime": 1691548217000, "poly_IRWINID": "{B855908B-A931-4931-9D3D-D17311DDAA0D}", "poly_FORID": null, "poly_Acres_AutoCalc": 2123.4887310352401, "poly_SourceGlobalID": "{63F08A36-A4FE-4D6D-8C5F-C3CA1E979EBC}", "poly_Source": "2023 NIFS", "attr_SourceOID": 28049883, "attr_ABCDMisc": null, "attr_ADSPermissionState": "DEFAULT", "attr_CalculatedAcres": null, "attr_ContainmentDateTime": null, "attr_ControlDateTime": null, "attr_CreatedBySystem": "INFORM_Inspector", "attr_IncidentSize": 2620.61, "attr_DiscoveryAcres": 2620.61, "attr_DispatchCenterID": "CAMNFC", "attr_EstimatedCostToDate": null, "attr_FinalAcres": null, "attr_FFReportApprovedByTitle": null, "attr_FFReportApprovedByUnit": null, "attr_FFReportApprovedDate": null, "attr_FireBehaviorGeneral": null, "attr_FireBehaviorGeneral1": null, "attr_FireBehaviorGeneral2": null, "attr_FireBehaviorGeneral3": null, "attr_FireCause": null, "attr_FireCauseGeneral": null, "attr_FireCauseSpecific": null, "attr_FireCode": "QJW4", "attr_FireDepartmentID": null, "attr_FireDiscoveryDateTime": 1691530217000, "attr_FireMgmtComplexity": null, "attr_FireOutDateTime": null, "attr_FireStrategyConfinePercent": null, "attr_FireStrategyFullSuppPrcnt": null, "attr_FireStrategyMonitorPercent": null, "attr_FireStrategyPointZonePrcnt": null, "attr_FSJobCode": null, "attr_FSOverrideCode": null, "attr_GACC": "ONCC", "attr_ICS209ReportDateTime": null, "attr_ICS209RptForTimePeriodFrom": null, "attr_ICS209RptForTimePeriodTo": null, "attr_ICS209ReportStatus": null, "attr_IncidentManagementOrg": null, "attr_IncidentName": "Lahaina", "attr_IncidentShortDescription": null, "attr_IncidentTypeCategory": "WF", "attr_IncidentTypeKind": "FI", "attr_InitialLatitude": null, "attr_InitialLongitude": null, "attr_InitialResponseAcres": null, "attr_InitialResponseDateTime": null, "attr_IrwinID": "{B855908B-A931-4931-9D3D-D17311DDAA0D}", "attr_IsFireCauseInvestigated": null, "attr_IsFireCodeRequested": 0, "attr_IsFSAssisted": 0, "attr_IsMultiJurisdictional": null, "attr_IsQuarantined": 0, "attr_IsReimbursable": null, "attr_IsTrespass": null, "attr_IsUnifiedCommand": null, "attr_IsValid": 1, "attr_LocalIncidentIdentifier": "000775", "attr_ModifiedBySystem": "firecode", "attr_PercentContained": null, "attr_PercentPerimToBeContained": null, "attr_POOCity": null, "attr_POOCounty": "Maui", "attr_POODispatchCenterID": "CAMNFC", "attr_POOFips": "15009", "attr_POOJurisdictionalAgency": null, "attr_POOJurisdictionalUnit": null, "attr_POOJurisdictUnitParentUnit": null, "attr_POOLandownerCategory": "Private", "attr_POOLandownerKind": "Private", "attr_POOLegalDescPrincipalMerid": null, "attr_POOLegalDescQtr": null, "attr_POOLegalDescQtrQtr": null, "attr_POOLegalDescRange": null, "attr_POOLegalDescSection": null, "attr_POOLegalDescTownship": null, "attr_POOPredictiveServiceAreaID": "None", "attr_POOProtectingAgency": "C&L", "attr_POOProtectingUnit": "HIMAUX", "attr_POOState": "US-HI", "attr_PredominantFuelGroup": null, "attr_PredominantFuelModel": null, "attr_PrimaryFuelModel": null, "attr_SecondaryFuelModel": null, "attr_TotalIncidentPersonnel": null, "attr_UniqueFireIdentifier": "2023-HIMAUX-000775", "attr_FORID": null, "attr_WFDSSDecisionStatus": "No Decision", "attr_EstimatedFinalCost": null, "attr_OrganizationalAssessment": null, "attr_StratDecisionPublishDate": null, "attr_CreatedOnDateTime_dt": 1691896303993, "attr_ModifiedOnDateTime_dt": 1691896305190, "attr_Source": "IRWIN", "attr_IsCpxChild": 0, "attr_CpxName": null, "attr_CpxID": null, "attr_SourceGlobalID": "{34129B72-4777-4EB5-88C1-904EB780B88D}", "GlobalID": "2d131e17-9f00-4047-8b3d-edd5f24b5e52", "Shape__Area": 0.00074594035777408862, "Shape__Length": 0.33174431117413039, "attr_IncidentComplexityLevel": null }, "geometry": { "type": "MultiPolygon", "coordinates": [ [ [ [ -156.65843702, 20.858756801 ], [ -156.658436391, 20.8587531800001 ], [ -156.658442748999988, 20.858729281 ], [ -156.658461564, 20.8587096860001 ], [ -156.658483811999986, 20.858692958000098 ], [ -156.65851178, 20.858678022 ], [ -156.658534664, 20.858658307 ], [ -156.658558182, 20.858659503000101 ], [ -156.658594412000014, 20.8586607 ], [ -156.658635092999987, 20.858640986000101 ], [ -156.658687852000014, 20.858616492000099 ], [ -156.658702471, 20.8586147 ], [ -156.658739972, 20.858617690000099 ], [ -156.658772389, 20.858626653 ], [ -156.658794635, 20.858644577000099 ], [ -156.658827687000013, 20.858661308 ], [ -156.65885311, 20.8586852080001 ], [ -156.658877264000012, 20.858686404 ], [ -156.658904595, 20.85868521 ], [ -156.658942734, 20.858675055 ], [ -156.658976422, 20.858666095 ], [ -156.658990405, 20.858671472 ], [ -156.658991041, 20.858682226 ], [ -156.659006931, 20.858690592000102 ], [ -156.659020914, 20.858703139000099 ], [ -156.659013286, 20.8587144910001 ], [ -156.658971969, 20.858734205000101 ], [ -156.658950993, 20.858756908 ], [ -156.658950992, 20.858764675 ], [ -156.658966881999987, 20.858774235000102 ], [ -156.658998028000013, 20.858772444000099 ], [ -156.659029811000011, 20.858747949000101 ], [ -156.659079391, 20.858719871000101 ], [ -156.659129607000011, 20.858691195000102 ], [ -156.659166473999989, 20.858672078 ], [ -156.65924084400001, 20.858648780000099 ], [ -156.659271989, 20.858631455 ], [ -156.659270084000013, 20.858619505 ], [ -156.6592561, 20.8586123360001 ], [ -156.659242116, 20.858614127000099 ], [ -156.659216055, 20.858620698 ], [ -156.65919635, 20.858620697 ], [ -156.659182367, 20.858609943 ], [ -156.659163299999989, 20.858582459 ], [ -156.659176014, 20.858559755 ], [ -156.659221144000014, 20.858527494 ], [ -156.659235129, 20.858508973 ], [ -156.659244027999989, 20.858508974000099 ], [ -156.659249748, 20.858525105000101 ], [ -156.659270722, 20.858556772 ], [ -156.659272627, 20.858581268 ], [ -156.659296781, 20.858596205 ], [ -156.659319027, 20.858600986000098 ], [ -156.659338096, 20.858603377000101 ], [ -156.659345087, 20.85861234 ], [ -156.659380046, 20.858629069000099 ], [ -156.659418818, 20.8586344490001 ], [ -156.659442337, 20.8586344500001 ], [ -156.659458862, 20.858643412 ], [ -156.659462039, 20.858658946 ], [ -156.659459496000011, 20.858695391 ], [ -156.659441697, 20.858715107 ], [ -156.659420722, 20.858720483000099 ], [ -156.659395932, 20.858727054 ], [ -156.659381948, 20.858735418 ], [ -156.659347624, 20.858734819000102 ], [ -156.659323468999986, 20.858747962000098 ], [ -156.659289781000012, 20.8587515460001 ], [ -156.659265627, 20.858758714 ], [ -156.659239566, 20.858780819000099 ], [ -156.659213502999989, 20.858819653000101 ], [ -156.659210323, 20.858845344 ], [ -156.659207857000013, 20.8588574280001 ], [ -156.659189168000012, 20.858875352 ], [ -156.659186498, 20.858892200000099 ], [ -156.659203659000013, 20.858897219 ], [ -156.659218533, 20.858898654 ], [ -156.659222728, 20.858901163 ], [ -156.659214337, 20.858909766000099 ], [ -156.659186115000011, 20.8589284060001 ], [ -156.659171622, 20.858941669 ], [ -156.659151408000014, 20.858949196 ], [ -156.659143398999987, 20.85895995 ], [ -156.659133102, 20.858954931 ], [ -156.659132340000014, 20.858948836 ], [ -156.659124712, 20.858948836 ], [ -156.659114796000011, 20.858946685 ], [ -156.659104500000012, 20.858944534 ], [ -156.659087336999988, 20.858953495 ], [ -156.659057617, 20.858973049 ], [ -156.659057617, 20.859344111 ], [ -156.659070672000013, 20.859363787000099 ], [ -156.659124059, 20.8594577100001 ], [ -156.659165244, 20.8595387280001 ], [ -156.659215583, 20.859598954 ], [ -156.659263632, 20.859689293 ], [ -156.659330748, 20.859820498 ], [ -156.659346000999989, 20.859865667000101 ], [ -156.659343712, 20.859876421 ], [ -156.659331508, 20.859879288000101 ], [ -156.659318542, 20.859871402000099 ], [ -156.659281932, 20.859814760000098 ], [ -156.659253713999988, 20.859728007000101 ], [ -156.659203377000011, 20.859654876 ], [ -156.659186596000012, 20.859648423000099 ], [ -156.659182781999988, 20.859654875 ], [ -156.659193459, 20.859678536 ], [ -156.65922473, 20.859720837000101 ], [ -156.659237695, 20.859756685 ], [ -156.65922320300001, 20.859757401 ], [ -156.65921405, 20.859749515 ], [ -156.659186463999987, 20.859755472000099 ], [ -156.659168666, 20.859759056 ], [ -156.659179470999987, 20.8597745910001 ], [ -156.659189639, 20.859798489000099 ], [ -156.659188368, 20.859808048 ], [ -156.659185189, 20.8598194 ], [ -156.659164849, 20.859815217000101 ], [ -156.659146416999988, 20.859786538 ], [ -156.659111459, 20.859770405000098 ], [ -156.659095568, 20.859755468000099 ], [ -156.659082856999987, 20.859741726 ], [ -156.659061245, 20.859741128000099 ], [ -156.659057617, 20.859753059000099 ], [ -156.659057617, 20.8598022460001 ], [ -156.658691406, 20.8600463870001 ], [ -156.658508301000012, 20.8602905270001 ], [ -156.658495349, 20.8603552860001 ], [ -156.658496889, 20.860360191 ], [ -156.658502608, 20.860387675 ], [ -156.658506421, 20.8604121710001 ], [ -156.658522311000013, 20.860436071 ], [ -156.658548371, 20.860461762000099 ], [ -156.65856362400001, 20.860486857000101 ], [ -156.658561716, 20.860508963 ], [ -156.658555994000011, 20.8605298740001 ], [ -156.658555993, 20.86055198 ], [ -156.658567432000012, 20.860582451 ], [ -156.658574423, 20.860598583000101 ], [ -156.658561074, 20.860625468 ], [ -156.658539461, 20.860643989 ], [ -156.658536917, 20.860667887 ], [ -156.658530009, 20.860682027000099 ], [ -156.658508398, 20.860689793000098 ], [ -156.658486149999987, 20.8607136900001 ], [ -156.658478521, 20.860728028 ], [ -156.658449916, 20.860753718000101 ], [ -156.658420041, 20.8607632760001 ], [ -156.65841373, 20.860763382000101 ], [ -156.658386231, 20.860900879 ], [ -156.657836914, 20.861145019 ], [ -156.657165526999989, 20.860900879 ], [ -156.656494141, 20.8602905270001 ], [ -156.65649178000001, 20.860264558 ], [ -156.656486251, 20.860267226000101 ], [ -156.656446205, 20.860273199000101 ], [ -156.656400439, 20.860292912 ], [ -156.656390268, 20.860294703 ], [ -156.656388362, 20.860287534000101 ], [ -156.656388363, 20.860273195 ], [ -156.656382007, 20.860266623 ], [ -156.656355946, 20.860264231 ], [ -156.656347681999989, 20.86027155 ], [ -156.656345456999986, 20.860282603 ], [ -156.656339100999986, 20.860286784 ], [ -156.656328613, 20.860287979000098 ], [ -156.656320985, 20.860287978 ], [ -156.656313358, 20.8602840950001 ], [ -156.656311134, 20.860276327000101 ], [ -156.656311134, 20.860264975000099 ], [ -156.656320988, 20.860244363 ], [ -156.656333067, 20.86021957 ], [ -156.656345463, 20.860195671 ], [ -156.6563693, 20.860183425000098 ], [ -156.656395044, 20.860168191000099 ], [ -156.65643509, 20.860148776000099 ], [ -156.656452888, 20.8601434 ], [ -156.65646687200001, 20.860134738000099 ], [ -156.656466555, 20.860126373000099 ], [ -156.656464648999986, 20.860114723 ], [ -156.656461154, 20.860107553 ], [ -156.656457023, 20.860100084000099 ], [ -156.65644939500001, 20.8600970970001 ], [ -156.656433822, 20.86010307 ], [ -156.656420155, 20.860109641000101 ], [ -156.656413164000014, 20.8601048620001 ], [ -156.656416024, 20.860095302 ], [ -156.656424924, 20.860085145 ], [ -156.656434141, 20.860077081 ], [ -156.656437956, 20.860065132 ], [ -156.656437321, 20.860057365 ], [ -156.656430011999987, 20.860053182000101 ], [ -156.656414121000012, 20.860049895 ], [ -156.656390921, 20.860052283000101 ], [ -156.656378811, 20.860056256000099 ], [ -156.656369912, 20.860060138000101 ], [ -156.656357199000013, 20.860058047000098 ], [ -156.656346077, 20.860053565 ], [ -156.65634385300001, 20.860045500000101 ], [ -156.656348938, 20.860023692 ], [ -156.656354025000013, 20.860011444000101 ], [ -156.656370233, 20.860010250000101 ], [ -156.656388666999987, 20.86001294 ], [ -156.656406146, 20.8600195130001 ], [ -156.656432207, 20.8600207100001 ], [ -156.656444284, 20.860012347000101 ], [ -156.656445238, 20.8599995010001 ], [ -156.656441108, 20.8599782900001 ], [ -156.656440474, 20.859967835000099 ], [ -156.656455094, 20.859954094 ], [ -156.656463179000013, 20.8599499490001 ], [ -156.656433106, 20.859619141000099 ], [ -156.656982422, 20.859375 ], [ -156.656982422, 20.859199754 ], [ -156.656982422, 20.859169278 ], [ -156.656982422, 20.858936847000098 ], [ -156.656957146, 20.858943289 ], [ -156.656898158, 20.858960970000101 ], [ -156.656898665, 20.858984391 ], [ -156.656892054, 20.85899156 ], [ -156.656868662, 20.859008288 ], [ -156.656862558, 20.859030752 ], [ -156.65685969, 20.859032278 ], [ -156.656835608, 20.859045090000102 ], [ -156.65681425, 20.859048912 ], [ -156.656768484, 20.859052733000102 ], [ -156.656727806, 20.859037436000101 ], [ -156.656689159, 20.859035999000099 ], [ -156.656670852, 20.859051294 ], [ -156.656659666, 20.859057507 ], [ -156.656638816999987, 20.859059418000101 ], [ -156.656620511, 20.859054637 ], [ -156.656577797000011, 20.859060847 ], [ -156.656519317, 20.859077095 ], [ -156.656511689000013, 20.85910195 ], [ -156.65649389, 20.859112941 ], [ -156.656466938, 20.859129668 ], [ -156.656437952, 20.8591430500001 ], [ -156.656434899, 20.859184634 ], [ -156.656433665, 20.859200956000102 ], [ -156.656422986, 20.859206333 ], [ -156.656400865, 20.859219236000101 ], [ -156.656392093, 20.8592364420001 ], [ -156.656382176, 20.859249347000102 ], [ -156.656374166, 20.8592611770001 ], [ -156.656367683000013, 20.8592633270001 ], [ -156.656358528999988, 20.8592791 ], [ -156.656344798, 20.859292721 ], [ -156.656335644, 20.859298456 ], [ -156.656326109, 20.859305267 ], [ -156.656303609, 20.859307775 ], [ -156.656284922, 20.8592912830001 ], [ -156.656224288, 20.859213490000101 ], [ -156.656190348, 20.859179432000101 ], [ -156.656171281000013, 20.859169753000099 ], [ -156.65616823, 20.859157206000098 ], [ -156.656168611, 20.85914932 ], [ -156.656172045, 20.859141074 ], [ -156.656184249, 20.859139283 ], [ -156.656194546, 20.8591443020001 ], [ -156.656208655, 20.859160076 ], [ -156.656218951999989, 20.859177284000101 ], [ -156.6562323, 20.859178718000098 ], [ -156.656235732999988, 20.859173341 ], [ -156.656239167, 20.8591554170001 ], [ -156.656236497, 20.85913821 ], [ -156.65622849, 20.859114551000101 ], [ -156.656216669, 20.8590959090001 ], [ -156.656199127, 20.859085154000098 ], [ -156.656196838, 20.859076909000098 ], [ -156.656202179, 20.859064362 ], [ -156.656235359, 20.859058628000099 ], [ -156.656257098, 20.859055045 ], [ -156.656270445, 20.859061857 ], [ -156.656294471, 20.8590690280001 ], [ -156.656334515999987, 20.859067238 ], [ -156.656360291999988, 20.859055350000101 ], [ -156.656367284999988, 20.859042206 ], [ -156.656388895, 20.859044 ], [ -156.656413049, 20.85905834 ], [ -156.656419361, 20.85907045 ], [ -156.65641453, 20.859080725000101 ], [ -156.656398766, 20.859085505000099 ], [ -156.656389867, 20.859092435 ], [ -156.656391647, 20.859095063 ], [ -156.656401308, 20.859095542 ], [ -156.656418343000013, 20.859092436 ], [ -156.656433344, 20.859088135 ], [ -156.656436905, 20.859079292 ], [ -156.656439957, 20.859063998000099 ], [ -156.656441737, 20.859057067 ], [ -156.656439958, 20.859049420000101 ], [ -156.656428006999988, 20.859046073000101 ], [ -156.656418855, 20.859040099 ], [ -156.656420381, 20.859031256 ], [ -156.656431059999989, 20.859024087 ], [ -156.656447587, 20.859013573 ], [ -156.656476317, 20.859012379 ], [ -156.656500726, 20.859007123 ], [ -156.656512464, 20.85899864 ], [ -156.656513101, 20.858987886 ], [ -156.656519457, 20.858982509 ], [ -156.656546789, 20.858981316 ], [ -156.656554417, 20.858971159000099 ], [ -156.656570944, 20.858959211000101 ], [ -156.656584929, 20.858949055 ], [ -156.656627517, 20.858933523000101 ], [ -156.656658663, 20.858926953 ], [ -156.656677892, 20.858911993 ], [ -156.656730332, 20.8588830190001 ], [ -156.656762432, 20.858875552 ], [ -156.656762752, 20.858875398000102 ], [ -156.656797074999986, 20.858858825 ], [ -156.65682854, 20.858836721 ], [ -156.656836104, 20.8588278500001 ], [ -156.656864073, 20.858812615 ], [ -156.656880283, 20.858791407000101 ], [ -156.656894267000013, 20.858781251 ], [ -156.656910157999988, 20.858778563 ], [ -156.65692001, 20.858779758 ], [ -156.656928908999987, 20.858779162000101 ], [ -156.656941622, 20.858771097 ], [ -156.656940352, 20.858754965000099 ], [ -156.656928911, 20.858737638 ], [ -156.656914611, 20.858727182000099 ], [ -156.656895859, 20.858725687000099 ], [ -156.656872977, 20.858726880000098 ], [ -156.656860580999989, 20.858740323000099 ], [ -156.656848822, 20.858742114000101 ], [ -156.656824668000013, 20.858756153000101 ], [ -156.656803692000011, 20.858767803 ], [ -156.656791932, 20.858779751 ], [ -156.656771273, 20.8587857250001 ], [ -156.65674966200001, 20.858785724 ], [ -156.6567325, 20.858791996 ], [ -156.65672519, 20.858794684 ], [ -156.656714247999986, 20.858796902000101 ], [ -156.656708981, 20.858797969 ], [ -156.656690866, 20.858801254000099 ], [ -156.656680060000014, 20.858809917 ], [ -156.656679741, 20.858826944 ], [ -156.656667346, 20.858836503000099 ], [ -156.656655586, 20.858839489 ], [ -156.656635564, 20.858846060000101 ], [ -156.656625393000013, 20.858850840000098 ], [ -156.656612363, 20.8588478520001 ], [ -156.656608549999987, 20.858838591000101 ], [ -156.656609186, 20.858826343 ], [ -156.656614907, 20.8588188750001 ], [ -156.656641287000014, 20.858806628 ], [ -156.656660991, 20.858801551000099 ], [ -156.656678471, 20.858794084000099 ], [ -156.656681652, 20.858768692000101 ], [ -156.656679746, 20.858746884 ], [ -156.65668184, 20.858744454 ], [ -156.656685149999987, 20.858740611 ], [ -156.65669373, 20.858744794000099 ], [ -156.656713751000012, 20.8587510680001 ], [ -156.656756656999988, 20.8587439020001 ], [ -156.656779223, 20.858729265 ], [ -156.656796703, 20.858724486 ], [ -156.656805601, 20.858719707 ], [ -156.656807826, 20.85871194 ], [ -156.65679289, 20.858702679 ], [ -156.656790666, 20.858689236 ], [ -156.65679893, 20.858676689 ], [ -156.656817682, 20.858660559 ], [ -156.656844062, 20.858644428 ], [ -156.656871077, 20.858637261000101 ], [ -156.656904446, 20.858636964 ], [ -156.656924151, 20.858636965000098 ], [ -156.656937499, 20.85864085 ], [ -156.656955677000013, 20.858646586000098 ], [ -156.656971884, 20.858669589 ], [ -156.656984595000011, 20.858696774000101 ], [ -156.656985231, 20.858703613 ], [ -156.657011528, 20.858703613 ], [ -156.657011291, 20.858703348000098 ], [ -156.657003664, 20.858687813000099 ], [ -156.657003347, 20.858677657 ], [ -156.657008749999989, 20.85867467 ], [ -156.657028136, 20.858683932000101 ], [ -156.65704784, 20.858685725 ], [ -156.657065003000014, 20.858676167000102 ], [ -156.657079939999988, 20.8586666080001 ], [ -156.65708884, 20.858666907 ], [ -156.657094559, 20.858681844 ], [ -156.657089473000013, 20.858695287 ], [ -156.657079051000011, 20.858703613 ], [ -156.657124011, 20.858703613 ], [ -156.657156531999988, 20.858686030000101 ], [ -156.657231761, 20.85864947 ], [ -156.657389655, 20.858562727 ], [ -156.657460592, 20.858525380000099 ], [ -156.657531737999989, 20.858276368000102 ], [ -156.657329346000012, 20.858208903 ], [ -156.657307737999986, 20.858219057 ], [ -156.657294388999986, 20.858235187 ], [ -156.657284219, 20.858246539 ], [ -156.657263878, 20.858249525000101 ], [ -156.657246081000011, 20.858247134000099 ], [ -156.657228284000013, 20.858240561000098 ], [ -156.657213666, 20.858228611000101 ], [ -156.657200954, 20.858201127 ], [ -156.657171082, 20.858172447000101 ], [ -156.657148578, 20.8581486470001 ], [ -156.656982422, 20.858093261 ], [ -156.656738281, 20.857421875000099 ], [ -156.656398259000014, 20.857006292000101 ], [ -156.656386374, 20.857000035000102 ], [ -156.656367445, 20.856968631 ], [ -156.6563209, 20.856911743000101 ], [ -156.656306292000011, 20.856900852 ], [ -156.656304596000012, 20.856891816 ], [ -156.656188965000013, 20.856750489 ], [ -156.6563544, 20.856490519 ], [ -156.656310919, 20.856481652000099 ], [ -156.65630647, 20.856464923 ], [ -156.656323633999989, 20.856446402000099 ], [ -156.656355415, 20.856444015 ], [ -156.656381536999987, 20.8564478750001 ], [ -156.65653258, 20.856210522 ], [ -156.656505689, 20.856218103000099 ], [ -156.65636025500001, 20.856304129 ], [ -156.656266689, 20.8563509640001 ], [ -156.656218888000012, 20.856381551 ], [ -156.656182277, 20.856386329 ], [ -156.656154819, 20.856377724 ], [ -156.656146684, 20.856357649000099 ], [ -156.65615584, 20.856319411000101 ], [ -156.656182282, 20.856303163000099 ], [ -156.656214827000014, 20.8562964720001 ], [ -156.656244320000013, 20.856283092000101 ], [ -156.656285, 20.856269711 ], [ -156.656340938, 20.856220961000101 ], [ -156.6564223, 20.856166478 ], [ -156.656471116, 20.856155965 ], [ -156.656501626, 20.856154055 ], [ -156.656531120000011, 20.856124423 ], [ -156.656543326, 20.856090009000098 ], [ -156.656541295000011, 20.856046036000102 ], [ -156.656530112000013, 20.855996326 ], [ -156.65652604600001, 20.855967648 ], [ -156.6565352, 20.855946617 ], [ -156.656556558, 20.85592272 ], [ -156.656581985, 20.855885440000101 ], [ -156.656604195, 20.855819065 ], [ -156.656920746999987, 20.855552615 ], [ -156.657110171, 20.855373387 ], [ -156.657144493, 20.855378168000101 ], [ -156.657163559999987, 20.855416407000099 ], [ -156.657166099, 20.855447475000101 ], [ -156.657144487000011, 20.8554785420001 ], [ -156.657091092, 20.8555323100001 ], [ -156.657065667000012, 20.855549038 ], [ -156.657049139, 20.855572936 ], [ -156.657061849, 20.855605199 ], [ -156.657183885, 20.8556303 ], [ -156.657220749, 20.855653005 ], [ -156.657252526, 20.855713948000101 ], [ -156.657252525, 20.855734262000102 ], [ -156.657235996, 20.855784448000101 ], [ -156.657243621, 20.85582866 ], [ -156.657256331000013, 20.855864509000099 ], [ -156.657284295000011, 20.8558991630001 ], [ -156.657299997, 20.855921305 ], [ -156.657409668000014, 20.8558959960001 ], [ -156.657463631000013, 20.856075873000101 ], [ -156.657494781, 20.856106518 ], [ -156.657565966, 20.856162922000099 ], [ -156.657626982000011, 20.856209767000099 ], [ -156.657675791, 20.85630632 ], [ -156.657705132, 20.856376662000098 ], [ -156.65773335, 20.856430435 ], [ -156.65773787, 20.856469757000099 ], [ -156.657915287, 20.856190941 ], [ -156.658054849, 20.855971616 ], [ -156.657899263, 20.85576417 ], [ -156.657842316, 20.855709677 ], [ -156.657787402999986, 20.8556379790001 ], [ -156.657780285, 20.855614081000098 ], [ -156.657786389, 20.855582535000099 ], [ -156.657781306, 20.855550032000099 ], [ -156.657774188, 20.855526134000101 ], [ -156.657769105999989, 20.855498411 ], [ -156.657768089, 20.855482161000101 ], [ -156.657787413, 20.855466866 ], [ -156.657814084, 20.855453533000102 ], [ -156.65781561, 20.855439193000102 ], [ -156.657797305, 20.85542557 ], [ -156.657762982, 20.855424135000099 ], [ -156.657735524, 20.8554162460001 ], [ -156.657714930999987, 20.8554162450001 ], [ -156.657688236000013, 20.855407640000099 ], [ -156.657657726999986, 20.855381828000102 ], [ -156.657650865, 20.855358169000102 ], [ -156.657639424, 20.855350998000102 ], [ -156.657610440000013, 20.855348129 ], [ -156.65759060900001, 20.855346695 ], [ -156.657566966, 20.855330203000101 ], [ -156.657526542999989, 20.855287183 ], [ -156.657480019, 20.85523556 ], [ -156.657450275, 20.855207598 ], [ -156.657451344, 20.855186376000098 ], [ -156.657448295, 20.855147182000099 ], [ -156.657444229, 20.855131887 ], [ -156.6574544, 20.855102253 ], [ -156.657501184000012, 20.855063062000099 ], [ -156.657525592000013, 20.855040120000101 ], [ -156.657538814, 20.855024826 ], [ -156.657569027, 20.8550178180001 ], [ -156.657652296, 20.854946724000101 ], [ -156.657727895, 20.854868955 ], [ -156.657804174, 20.854785313 ], [ -156.657816379, 20.854760938 ], [ -156.657811294999988, 20.8547451640001 ], [ -156.657797058, 20.854725567000099 ], [ -156.65777468600001, 20.8547121830001 ], [ -156.657748753, 20.854702621000101 ], [ -156.65772383800001, 20.854700231 ], [ -156.657708074, 20.854712179 ], [ -156.657667901, 20.854754717 ], [ -156.657663832999987, 20.8547599730001 ], [ -156.657651628999986, 20.8547604510001 ], [ -156.657628748, 20.8547485 ], [ -156.657611459, 20.854748021 ], [ -156.657582983, 20.854777655000099 ], [ -156.657555521, 20.854816368000101 ], [ -156.657542299999989, 20.854838354 ], [ -156.657514841, 20.854850302 ], [ -156.657483314, 20.854864639 ], [ -156.657455346, 20.854868940000099 ], [ -156.657443143, 20.854868462000098 ], [ -156.657358683000012, 20.854874814 ], [ -156.6573358, 20.854881026 ], [ -156.657323596999987, 20.854882937000099 ], [ -156.65729613900001, 20.854879590000099 ], [ -156.657275799, 20.854876243 ], [ -156.657268681, 20.8548666840001 ], [ -156.65726919, 20.854854256000099 ], [ -156.657283428999989, 20.854834660000101 ], [ -156.657308854, 20.854822234 ], [ -156.657312924, 20.854806940000099 ], [ -156.657314958, 20.854791166 ], [ -156.657321061, 20.854770136000099 ], [ -156.657317504, 20.8547428910001 ], [ -156.657294624, 20.854715168 ], [ -156.657258524000014, 20.854663545000101 ], [ -156.657251914, 20.854655898 ], [ -156.657230558, 20.854643469000099 ], [ -156.657213778999989, 20.8546305630001 ], [ -156.657200051, 20.854609531000101 ], [ -156.65719823, 20.854592882000102 ], [ -156.657190095, 20.854585712000102 ], [ -156.657170773, 20.854576152 ], [ -156.657149417, 20.854572805 ], [ -156.657130603000013, 20.854574715000101 ], [ -156.65711789, 20.854588098 ], [ -156.657102126000012, 20.854589053 ], [ -156.657069584, 20.854583794000099 ], [ -156.657049753, 20.854582836000102 ], [ -156.657035007, 20.8545737540001 ], [ -156.656948062999987, 20.854473376 ], [ -156.656805902, 20.854286911 ], [ -156.656734975, 20.854195137 ], [ -156.656623626, 20.854058192 ], [ -156.656558813, 20.853967744 ], [ -156.656484453, 20.85387573 ], [ -156.656435756, 20.853828994 ], [ -156.656361525, 20.853729572000098 ], [ -156.656340171000011, 20.853694201000099 ], [ -156.656314748, 20.853675081000102 ], [ -156.656286275000014, 20.853647356000099 ], [ -156.65626085400001, 20.853604338 ], [ -156.656220179, 20.853548891000099 ], [ -156.656076315, 20.853379696 ], [ -156.655814306, 20.853082812 ], [ -156.655792919, 20.853059302000101 ], [ -156.655742712, 20.852995371000102 ], [ -156.655724916999986, 20.852969680000101 ], [ -156.655714748, 20.852956534 ], [ -156.655681697, 20.852951753000099 ], [ -156.655626404, 20.852887821 ], [ -156.655587, 20.852852567000099 ], [ -156.655582552999988, 20.852826877 ], [ -156.655595264999988, 20.852816122 ], [ -156.65561052000001, 20.852816123 ], [ -156.655628952, 20.8528161250001 ], [ -156.655644843, 20.852801787 ], [ -156.655635311, 20.85278207 ], [ -156.655621328, 20.852768925000099 ], [ -156.655602262, 20.852746818000099 ], [ -156.655602898000012, 20.852733673 ], [ -156.655612432, 20.852733076 ], [ -156.655636585, 20.8527384560001 ], [ -156.655649931, 20.852746821 ], [ -156.655659464, 20.852762952 ], [ -156.655684887, 20.8527874500001 ], [ -156.655700777, 20.852786854 ], [ -156.655704590999989, 20.852777892000098 ], [ -156.655713432999988, 20.852769307000099 ], [ -156.655699384, 20.852724578 ], [ -156.655670147, 20.852717406000099 ], [ -156.6556282, 20.85268753 ], [ -156.655628202, 20.852661242000099 ], [ -156.655616761, 20.852650487000101 ], [ -156.6555785, 20.852626108 ], [ -156.65551596, 20.8525916900001 ], [ -156.65550147, 20.85257018 ], [ -156.655474776, 20.852555123000101 ], [ -156.655457996, 20.852557272000102 ], [ -156.655425961, 20.852560855 ], [ -156.655386301, 20.852551532000099 ], [ -156.655374859, 20.852566587000101 ], [ -156.655361891000013, 20.852582359000099 ], [ -156.655351976, 20.852580208000099 ], [ -156.655245967000013, 20.8524697890001 ], [ -156.655186687999986, 20.852409314000099 ], [ -156.655160757, 20.852397841 ], [ -156.65512720000001, 20.852366292000099 ], [ -156.65508983, 20.8523297250001 ], [ -156.655050171, 20.8523010440001 ], [ -156.655039494, 20.8522773830001 ], [ -156.654999835000012, 20.852250137000102 ], [ -156.654989159, 20.852224326000101 ], [ -156.654957126, 20.8522085500001 ], [ -156.65493272, 20.852195644000101 ], [ -156.654904503000012, 20.852156926000099 ], [ -156.654872471, 20.852125378 ], [ -156.654857219, 20.852106735000099 ], [ -156.654827473000012, 20.852087376 ], [ -156.654792390000011, 20.852069449000101 ], [ -156.654789341, 20.852053676 ], [ -156.654766461, 20.852027865 ], [ -156.654741293, 20.852009222 ], [ -156.65471155, 20.851973372 ], [ -156.654668077, 20.851948275 ], [ -156.654646722, 20.851928916000102 ], [ -156.654616216, 20.851902386000098 ], [ -156.654547654, 20.85182918 ], [ -156.654533418999989, 20.851799546000102 ], [ -156.65452731900001, 20.851770867 ], [ -156.654503931, 20.851757482 ], [ -156.654472405, 20.851757480000099 ], [ -156.654454101, 20.851749831000099 ], [ -156.654417494, 20.851708723000101 ], [ -156.654373768, 20.851672394 ], [ -156.654340213000012, 20.851615991000099 ], [ -156.65431174, 20.851591135 ], [ -156.654281234, 20.851565322000098 ], [ -156.654238463000013, 20.851522429000099 ], [ -156.654119915, 20.851689398000101 ], [ -156.654116427, 20.851694311000099 ], [ -156.654031134, 20.851814442 ], [ -156.654125704, 20.851899528 ], [ -156.654068749, 20.85196166 ], [ -156.654093155999988, 20.851960705000099 ], [ -156.654108409, 20.851971222 ], [ -156.654116542999986, 20.8519979880001 ], [ -156.654120608999989, 20.852015195 ], [ -156.654118573, 20.852041006 ], [ -156.654092937, 20.852043952 ], [ -156.654051622999987, 20.852045143000101 ], [ -156.654026836000014, 20.852042752 ], [ -156.654003318, 20.852043347000102 ], [ -156.653996325, 20.852052906 ], [ -156.654003952000011, 20.852063662 ], [ -156.654052256999989, 20.852072029000102 ], [ -156.654070053, 20.852080993000101 ], [ -156.654101196, 20.852082787 ], [ -156.654106281, 20.852091152000099 ], [ -156.654096110000012, 20.852107283000102 ], [ -156.654061149, 20.852134763 ], [ -156.65397788300001, 20.85217658 ], [ -156.653897160000014, 20.8521998750001 ], [ -156.653862202, 20.852202262 ], [ -156.653771949, 20.852178357000099 ], [ -156.653674707, 20.85213115 ], [ -156.653546325, 20.852033754 ], [ -156.653470141000014, 20.851993080000099 ], [ -156.653436585, 20.851951017 ], [ -156.653359303, 20.8518860070001 ], [ -156.653312526, 20.851848721000099 ], [ -156.653273885, 20.851811437 ], [ -156.653226092000011, 20.8517770190001 ], [ -156.653217958999988, 20.851739736000098 ], [ -156.653180335, 20.851701496 ], [ -156.653144743000013, 20.851696713 ], [ -156.653141689, 20.851726348000099 ], [ -156.65314677, 20.851766497 ], [ -156.653130495, 20.851811426 ], [ -156.653087779, 20.851855395 ], [ -156.653055234, 20.8518802470001 ], [ -156.653002349, 20.851922305000102 ], [ -156.652975905, 20.851948113 ], [ -156.652876365999987, 20.852066658000101 ], [ -156.652842670000013, 20.8521067880001 ], [ -156.652844346, 20.852123469 ], [ -156.652827562999988, 20.8521621840001 ], [ -156.652811545, 20.852168635000101 ], [ -156.652813834999989, 20.852152145 ], [ -156.65282451600001, 20.8521270520001 ], [ -156.652826044, 20.852089054 ], [ -156.652826850999986, 20.852087879000099 ], [ -156.652871813, 20.852022380000101 ], [ -156.65289012, 20.851998006 ], [ -156.652911482, 20.851938500000099 ], [ -156.65295649, 20.851851752000101 ], [ -156.652971748999988, 20.8518051520001 ], [ -156.652964121999986, 20.8517958300001 ], [ -156.652940476999987, 20.851810168 ], [ -156.652919882, 20.8518309580001 ], [ -156.652888607, 20.851868237000101 ], [ -156.652882503, 20.851896197 ], [ -156.652842076000013, 20.851929891000101 ], [ -156.65281309, 20.851968604 ], [ -156.652781817, 20.851976488 ], [ -156.652747493, 20.851992975 ], [ -156.652719272000013, 20.851996558000099 ], [ -156.652682661, 20.8520123280001 ], [ -156.652677154, 20.852017974 ], [ -156.652623926, 20.852072547 ], [ -156.652604736, 20.852104565 ], [ -156.65259583400001, 20.852131450000101 ], [ -156.65258629600001, 20.852170882000099 ], [ -156.652592651, 20.852187612 ], [ -156.652619346, 20.8521906010001 ], [ -156.652658753, 20.8521971760001 ], [ -156.65269498, 20.852209128 ], [ -156.652700699, 20.852223468 ], [ -156.652694343, 20.852239001 ], [ -156.652673145, 20.852243092 ], [ -156.652641869, 20.852285390000102 ], [ -156.652660171, 20.852321956 ], [ -156.652692965, 20.852343467 ], [ -156.652720421999987, 20.8523649790001 ], [ -156.652758557, 20.852376453 ], [ -156.652790591000013, 20.852378606000102 ], [ -156.652823388, 20.852371440000098 ], [ -156.652850847, 20.852354235000099 ], [ -156.652872968, 20.852340614000099 ], [ -156.652891274000012, 20.8523234090001 ], [ -156.652941615, 20.852304772 ], [ -156.652946956, 20.8522854140001 ], [ -156.652969078000012, 20.8522617570001 ], [ -156.652977469, 20.852237381000101 ], [ -156.653012555, 20.8522266300001 ], [ -156.653027048000013, 20.8522173100001 ], [ -156.653058319, 20.852213011000099 ], [ -156.653107896, 20.852212298 ], [ -156.653128488, 20.8522295070001 ], [ -156.653148316999989, 20.852245281 ], [ -156.653154419, 20.8522416970001 ], [ -156.653182640000011, 20.852240265 ], [ -156.653229928, 20.852246005 ], [ -156.653274927000012, 20.852256046 ], [ -156.653310011, 20.852268953000099 ], [ -156.65330924700001, 20.852289028 ], [ -156.653309245, 20.852307669 ], [ -156.653311531000014, 20.852332045 ], [ -156.653319157, 20.852347102000099 ], [ -156.653330598, 20.852349971 ], [ -156.653356529, 20.852349973000099 ], [ -156.653375598, 20.852341371 ], [ -156.653409922, 20.85233277 ], [ -156.653428227, 20.8523306210001 ], [ -156.653464837, 20.85232919 ], [ -156.65349916, 20.8523306270001 ], [ -156.653510598999986, 20.852349985 ], [ -156.653544157, 20.852367912 ], [ -156.65356322400001, 20.852372214000098 ], [ -156.653619666, 20.852370068 ], [ -156.653667718, 20.852363619000101 ], [ -156.653751656999987, 20.852395281 ], [ -156.653320313, 20.852539063000101 ], [ -156.653401146, 20.852631444000099 ], [ -156.65338517, 20.852633472 ], [ -156.653367373, 20.852641834000099 ], [ -156.653302540999988, 20.852650194 ], [ -156.653287287000012, 20.852645413000101 ], [ -156.653294916, 20.85262749 ], [ -156.653293647999988, 20.852586862000098 ], [ -156.653232631, 20.852580883 ], [ -156.653218649, 20.852567737000101 ], [ -156.653209755, 20.852513965000099 ], [ -156.653200776, 20.852481144 ], [ -156.653165183, 20.852467996 ], [ -156.653125777000014, 20.852451265000099 ], [ -156.653069842, 20.852479939 ], [ -156.653006283, 20.852470374000099 ], [ -156.65296561, 20.852421379000099 ], [ -156.652989765, 20.852387923 ], [ -156.65301265, 20.8523496870001 ], [ -156.652998669, 20.852318617 ], [ -156.652984686, 20.852325786000101 ], [ -156.652933835999988, 20.85234968 ], [ -156.652900781, 20.852397475 ], [ -156.652858826999989, 20.85243093 ], [ -156.652816879, 20.852428536 ], [ -156.652750777, 20.852420167 ], [ -156.652590607, 20.852408204 ], [ -156.652520692, 20.852404614 ], [ -156.652492728999988, 20.852371153 ], [ -156.652455866999986, 20.852338887 ], [ -156.652455869, 20.8523137940001 ], [ -156.652491467, 20.852277949 ], [ -156.652499096000014, 20.8522444920001 ], [ -156.652497828, 20.852208644 ], [ -156.652490207, 20.852150092 ], [ -156.652469871, 20.852116632 ], [ -156.652403771, 20.852087949000101 ], [ -156.652380894, 20.8520544890001 ], [ -156.65234276000001, 20.852022223000102 ], [ -156.652267762, 20.852007877000101 ], [ -156.652232171, 20.851978001000099 ], [ -156.652251243, 20.851934985000099 ], [ -156.652271499, 20.851898298 ], [ -156.652300739, 20.851874402000099 ], [ -156.652343962, 20.851854091000099 ], [ -156.652375742, 20.8518528990001 ], [ -156.652396082, 20.851838562000101 ], [ -156.65239227, 20.851825417 ], [ -156.652363034, 20.851811076 ], [ -156.652340154, 20.85179793 ], [ -156.652336342000012, 20.851774031 ], [ -156.652369396000012, 20.851739381000101 ], [ -156.652386571, 20.8517273910001 ], [ -156.652413891, 20.851708317 ], [ -156.652435501000014, 20.851711903 ], [ -156.652458379, 20.8517429730001 ], [ -156.652493971000013, 20.851766875000099 ], [ -156.652530835, 20.851769268000101 ], [ -156.652549906, 20.851741786 ], [ -156.652563891999989, 20.851713109000102 ], [ -156.652572792, 20.851683237 ], [ -156.652604574, 20.851665315 ], [ -156.652632540000013, 20.851660537 ], [ -156.652632542, 20.851641419 ], [ -156.652599493999986, 20.851616322 ], [ -156.652561361000011, 20.851582862 ], [ -156.652556279, 20.851556573 ], [ -156.652509245, 20.85155179 ], [ -156.652469838, 20.851554176 ], [ -156.652417719999988, 20.8515470020001 ], [ -156.652391027, 20.851529076000102 ], [ -156.652374503, 20.851514735 ], [ -156.65234018000001, 20.851515927 ], [ -156.652324924999988, 20.851532655 ], [ -156.652293144999987, 20.851532652000099 ], [ -156.652216874, 20.851532646000098 ], [ -156.65218001, 20.8515230840001 ], [ -156.652139333, 20.8515147150001 ], [ -156.652096112, 20.851514712 ], [ -156.652059247000011, 20.851522297 ], [ -156.652048568, 20.851528031 ], [ -156.652033314, 20.8515308980001 ], [ -156.652024925, 20.851524444000098 ], [ -156.652024163, 20.8515115390001 ], [ -156.652023402999987, 20.851494332000101 ], [ -156.6520112, 20.851477841000101 ], [ -156.652018066000011, 20.851457767000099 ], [ -156.65206307, 20.851429093 ], [ -156.652085949999986, 20.851437698 ], [ -156.652100442, 20.851428379 ], [ -156.652138578, 20.851426231000101 ], [ -156.652162983000011, 20.851444157000099 ], [ -156.652213322, 20.85144918 ], [ -156.652248406000012, 20.851458504 ], [ -156.65227205, 20.85146926 ], [ -156.652308659999989, 20.851461377000099 ], [ -156.652319341, 20.851434133000101 ], [ -156.65234146200001, 20.851408324 ], [ -156.652395618000014, 20.851366029000101 ], [ -156.652424602999986, 20.851350975000098 ], [ -156.652443674000011, 20.85131728 ], [ -156.652446727000012, 20.851298639 ], [ -156.652468844999987, 20.8512979240001 ], [ -156.652484862, 20.851297925 ], [ -156.652514609, 20.851291475 ], [ -156.652545882999988, 20.851258498 ], [ -156.65257334, 20.851256349 ], [ -156.652597748, 20.851249181000099 ], [ -156.652604615, 20.851224806000101 ], [ -156.652614531000012, 20.8512133350001 ], [ -156.652629022000013, 20.851214770000102 ], [ -156.652638937, 20.851228394 ], [ -156.652673258, 20.851234848 ], [ -156.652704529, 20.851235568 ], [ -156.65271521, 20.851201872 ], [ -156.652738094, 20.851180365000101 ], [ -156.652767839, 20.851179650000098 ], [ -156.652789958999989, 20.851173917 ], [ -156.652824283, 20.8511552790001 ], [ -156.652867758000014, 20.851148830000099 ], [ -156.652894454, 20.851135927 ], [ -156.652915811000014, 20.851120155 ], [ -156.652934117, 20.8511079680001 ], [ -156.652941745, 20.8510986490001 ], [ -156.652946323, 20.851078574 ], [ -156.652956347000014, 20.851066624000101 ], [ -156.652954351, 20.851055015 ], [ -156.652921557000013, 20.851029919 ], [ -156.65289181, 20.8510306330001 ], [ -156.652869693000014, 20.851020595 ], [ -156.652853679, 20.8509904810001 ], [ -156.652843002, 20.850973273 ], [ -156.652814782, 20.850966818000099 ], [ -156.652789614999989, 20.850953911 ], [ -156.652750717, 20.850946738000101 ], [ -156.652748427, 20.850960361 ], [ -156.652743851, 20.850968247 ], [ -156.652731647, 20.850966811 ], [ -156.652723258, 20.8509567740001 ], [ -156.652717922, 20.850928812000099 ], [ -156.652705719000011, 20.850920208 ], [ -156.652688938000011, 20.8509302430001 ], [ -156.652680548, 20.8509395630001 ], [ -156.652679783, 20.850964656 ], [ -156.65267978, 20.8509897500001 ], [ -156.652672153999987, 20.8509897500001 ], [ -156.652636308000012, 20.850971106 ], [ -156.652618005, 20.850951747000099 ], [ -156.652595125, 20.8509395560001 ], [ -156.652564617, 20.8509295160001 ], [ -156.65249171100001, 20.851009729000101 ], [ -156.652508488, 20.8510341080001 ], [ -156.652509505000012, 20.851042711 ], [ -156.652502894, 20.851054182 ], [ -156.652503908999989, 20.851076169000098 ], [ -156.652514585, 20.851084773 ], [ -156.652528821, 20.851102459000099 ], [ -156.652520684, 20.851116797 ], [ -156.652499837, 20.851120141 ], [ -156.652469329000013, 20.851119183 ], [ -156.652439329, 20.851115356 ], [ -156.652411363, 20.851109618000098 ], [ -156.652388482, 20.851102447000098 ], [ -156.652379839, 20.851092409 ], [ -156.652375264999989, 20.851069466000101 ], [ -156.652376792000013, 20.8510493910001 ], [ -156.652379336, 20.851039832 ], [ -156.652389506, 20.851025016000101 ], [ -156.652395102000014, 20.850996339000101 ], [ -156.652317495, 20.850966061000101 ], [ -156.652283936, 20.850961039 ], [ -156.652267920000014, 20.850959604 ], [ -156.652219103, 20.850986127000098 ], [ -156.652142827, 20.851042043000099 ], [ -156.652077225, 20.851135242000101 ], [ -156.652028406, 20.85120048 ], [ -156.651995605, 20.851236325000102 ], [ -156.651938011999988, 20.851286511000101 ], [ -156.651885381, 20.851325223000099 ], [ -156.65184953, 20.851353181 ], [ -156.651845715, 20.851374689000099 ], [ -156.651847237, 20.851399065000098 ], [ -156.651849522, 20.851434914 ], [ -156.651852569999988, 20.851460007000099 ], [ -156.651865535000013, 20.851474347000099 ], [ -156.651864769000014, 20.851500875000099 ], [ -156.651864005, 20.851524535000099 ], [ -156.651854087, 20.851551060000102 ], [ -156.651864002, 20.851558948 ], [ -156.651880018000014, 20.851558232000102 ], [ -156.651907477, 20.851549631000101 ], [ -156.651929596, 20.851543898 ], [ -156.651967732, 20.851540316000101 ], [ -156.65198374900001, 20.851550355 ], [ -156.652008152, 20.851584771 ], [ -156.652018825999988, 20.8516170350001 ], [ -156.652013485, 20.851649297000101 ], [ -156.652024159, 20.8516786930001 ], [ -156.652045089000012, 20.8517105 ], [ -156.652106105, 20.851724844 ], [ -156.652165593, 20.851754962 ], [ -156.652219998, 20.851777909000099 ], [ -156.652221382, 20.851779746 ], [ -156.652228641, 20.851789381000099 ], [ -156.652227114999988, 20.85179894 ], [ -156.652206266, 20.851821403 ], [ -156.652140663000012, 20.851913168000099 ], [ -156.652091843, 20.8519753 ], [ -156.652021665, 20.85206085 ], [ -156.651969797, 20.852094782000101 ], [ -156.651950473, 20.852111031 ], [ -156.651933694, 20.852112941 ], [ -156.651930134999986, 20.8521043380001 ], [ -156.651935729, 20.852091911000102 ], [ -156.651945391999988, 20.852078051 ], [ -156.651946918, 20.852062756000102 ], [ -156.651942344, 20.852048416000098 ], [ -156.651936752000012, 20.852038378 ], [ -156.651920988, 20.852044113 ], [ -156.65190929100001, 20.852067532 ], [ -156.651884373, 20.852095252 ], [ -156.65187108500001, 20.852098151000099 ], [ -156.651846678, 20.8520952810001 ], [ -156.651813079, 20.852097316 ], [ -156.65175210000001, 20.852101008 ], [ -156.651637184, 20.852101955 ], [ -156.651547693999987, 20.852086651 ], [ -156.651465322, 20.852075173000099 ], [ -156.651405321999988, 20.8520694320001 ], [ -156.651357526999988, 20.8520445730001 ], [ -156.651278207, 20.852020667 ], [ -156.651229394000012, 20.85201684 ], [ -156.65118668, 20.852030218 ], [ -156.651144983, 20.852047421000101 ], [ -156.651116509, 20.852046463 ], [ -156.651080916000012, 20.852040724000101 ], [ -156.651059557999986, 20.852056017000098 ], [ -156.651045319, 20.852072267 ], [ -156.651017862, 20.8520655730001 ], [ -156.650991422, 20.8520550550001 ], [ -156.650987356, 20.852042628 ], [ -156.650979221999989, 20.852024464000099 ], [ -156.650970546, 20.852002285 ], [ -156.650901401, 20.851938231000101 ], [ -156.650770225, 20.85181777 ], [ -156.65070514300001, 20.85179291 ], [ -156.650544257, 20.851751670000102 ], [ -156.650458453, 20.851736725 ], [ -156.650385361, 20.851722977000101 ], [ -156.650326889000013, 20.851698475 ], [ -156.650239815, 20.851671581000101 ], [ -156.65009999, 20.851620186 ], [ -156.650045969, 20.8515801500001 ], [ -156.650036438, 20.851553861000099 ], [ -156.65001229, 20.851513829000101 ], [ -156.649997672000012, 20.851505462 ], [ -156.64997098, 20.851483952 ], [ -156.649955729, 20.851452882 ], [ -156.649941112, 20.851433761000099 ], [ -156.649925857999989, 20.851431968 ], [ -156.649901069, 20.85143794 ], [ -156.649872464999987, 20.851454069000098 ], [ -156.64984704, 20.851473185 ], [ -156.649824793, 20.851479157 ], [ -156.649787928, 20.851479752 ], [ -156.649765048, 20.851479749000099 ], [ -156.649743437000012, 20.851476759 ], [ -156.649743438, 20.851467200000101 ], [ -156.64974916, 20.851452265 ], [ -156.64977586, 20.851417614000098 ], [ -156.649790478999989, 20.851404471 ], [ -156.649804464, 20.851389536000099 ], [ -156.649811457999988, 20.85136743 ], [ -156.649809554, 20.851347117 ], [ -156.649801927, 20.851336361000101 ], [ -156.649780953, 20.8513375540001 ], [ -156.649745663, 20.851338047000102 ], [ -156.649626913, 20.851416377000099 ], [ -156.649518601000011, 20.851473006 ], [ -156.649450715, 20.851516733 ], [ -156.649398087, 20.851531067000099 ], [ -156.64937368, 20.851525329 ], [ -156.649359190000013, 20.851510272 ], [ -156.649323345999989, 20.8514830240001 ], [ -156.649289791, 20.851446456000101 ], [ -156.649287505, 20.851431399 ], [ -156.649302759, 20.851432834 ], [ -156.649316486, 20.851439288000101 ], [ -156.649334790000012, 20.851455064 ], [ -156.649369111, 20.851460803000101 ], [ -156.649404957, 20.851470127 ], [ -156.649420973, 20.851480883 ], [ -156.64943699, 20.851484469000098 ], [ -156.649441566, 20.851480168 ], [ -156.649440042, 20.851472999000102 ], [ -156.649414875, 20.8514479020001 ], [ -156.649394285, 20.8514263920001 ], [ -156.649366064, 20.851429973000101 ], [ -156.649325642, 20.8514141960001 ], [ -156.649276068, 20.8513876640001 ], [ -156.649220391, 20.851376187 ], [ -156.64916929, 20.851374031 ], [ -156.649150986, 20.851366859000098 ], [ -156.649039572, 20.85137001 ], [ -156.649020756999988, 20.851373831 ], [ -156.649008044, 20.851382434000101 ], [ -156.649006009, 20.851396772 ], [ -156.648991263, 20.851400117 ], [ -156.648949566999988, 20.851403458 ], [ -156.648906347, 20.851404888 ], [ -156.648884635, 20.851408427 ], [ -156.64884482, 20.851414918 ], [ -156.648799056, 20.851422561 ], [ -156.648763971, 20.851433073000099 ], [ -156.648737528999987, 20.851436894000098 ], [ -156.648722275000011, 20.851437848 ], [ -156.648717698000013, 20.851435936 ], [ -156.648717699, 20.851426855000099 ], [ -156.648739058, 20.8514096490001 ], [ -156.648821341, 20.8513591990001 ], [ -156.648822454, 20.851358516000101 ], [ -156.648910936, 20.851292565000101 ], [ -156.64892771800001, 20.851278706000102 ], [ -156.648999233000012, 20.851138135 ], [ -156.648944314, 20.851169676 ], [ -156.648938975, 20.85116609 ], [ -156.64893668900001, 20.851153901 ], [ -156.648934403999988, 20.851126657000101 ], [ -156.648912287, 20.851111599 ], [ -156.648837544, 20.851085064000099 ], [ -156.648794766, 20.851069381000102 ], [ -156.648713415, 20.851034959000099 ], [ -156.64853953, 20.850919272000102 ], [ -156.64850292700001, 20.850860956000101 ], [ -156.648493777, 20.850843748 ], [ -156.648487679, 20.850814113000101 ], [ -156.648458191, 20.850780652 ], [ -156.648429717, 20.850778737 ], [ -156.648380906999989, 20.8507519660001 ], [ -156.648316848, 20.8506802630001 ], [ -156.648293466000013, 20.8506143010001 ], [ -156.648288387, 20.850569371000098 ], [ -156.648236523, 20.850565541 ], [ -156.648147932, 20.850535025000099 ], [ -156.648073192999988, 20.850483396000101 ], [ -156.648027436, 20.850444676000102 ], [ -156.647996932000012, 20.850407391 ], [ -156.647981682, 20.850375843000101 ], [ -156.647961853, 20.850355766000099 ], [ -156.64792524500001, 20.8503457250001 ], [ -156.647900842000013, 20.850315610000099 ], [ -156.647879495000012, 20.850245347000101 ], [ -156.647876129, 20.850243072000101 ], [ -156.647830686, 20.850212361 ], [ -156.64780780800001, 20.850182247000099 ], [ -156.647798658999989, 20.8501550010001 ], [ -156.64782154400001, 20.850123458 ], [ -156.647862733000011, 20.8500990850001 ], [ -156.647900301, 20.850073867 ], [ -156.647937485, 20.850048907 ], [ -156.647969523, 20.850013062000102 ], [ -156.647958848, 20.849987251000101 ], [ -156.647932917, 20.8499757770001 ], [ -156.647914042999986, 20.849977676 ], [ -156.64789020500001, 20.849980074 ], [ -156.647820032999988, 20.850004443 ], [ -156.647771218, 20.850018776000098 ], [ -156.647728500999989, 20.8500646570001 ], [ -156.647690364, 20.8500761240001 ], [ -156.647643074, 20.850097627 ], [ -156.647597306, 20.850142073 ], [ -156.647539167, 20.850169391000101 ], [ -156.64743255, 20.850225222000098 ], [ -156.647380680999987, 20.850265366 ], [ -156.647310509, 20.8502897340001 ], [ -156.647241858, 20.850354252 ], [ -156.647212871, 20.850384362000099 ], [ -156.647196085, 20.850424509 ], [ -156.647165576, 20.850434543000102 ], [ -156.647156425, 20.850420202000102 ], [ -156.647110667, 20.850391519 ], [ -156.647138128, 20.850362844000099 ], [ -156.647165588, 20.8503384700001 ], [ -156.647220506999986, 20.850318402 ], [ -156.647273902, 20.850271089 ], [ -156.647324248, 20.850210871000101 ], [ -156.64738527, 20.850173596 ], [ -156.647490533, 20.85009761 ], [ -156.647612574, 20.850031664 ], [ -156.647683795, 20.84999917 ], [ -156.647699052, 20.849976229 ], [ -156.64772956600001, 20.8499332150001 ], [ -156.647781437, 20.849883034000101 ], [ -156.647830254000013, 20.849850059000101 ], [ -156.647865338, 20.849847195000098 ], [ -156.647938563, 20.84980562 ], [ -156.647938638, 20.849805510000099 ], [ -156.647949218, 20.849731446000099 ], [ -156.647949218, 20.848815918000099 ], [ -156.648092964, 20.848753029 ], [ -156.648099575, 20.848731733 ], [ -156.648152458, 20.848715489 ], [ -156.648178766, 20.8487154910001 ], [ -156.648270761, 20.848675243000098 ], [ -156.648235854, 20.8486533610001 ], [ -156.648212466, 20.848638063000099 ], [ -156.648209421, 20.8485883540001 ], [ -156.648212475, 20.848567324 ], [ -156.648253153000013, 20.848565416 ], [ -156.648295862999987, 20.848568289000099 ], [ -156.648344676, 20.848566382000101 ], [ -156.648377217, 20.848577857000102 ], [ -156.648420943, 20.848589333000099 ], [ -156.648433147, 20.848587423 ], [ -156.648442300999989, 20.8485683050001 ], [ -156.648438236, 20.8485539650001 ], [ -156.648433154, 20.848526242 ], [ -156.64843315600001, 20.848507124 ], [ -156.648444344000012, 20.848496609000101 ], [ -156.648494174, 20.8484918350001 ], [ -156.648506377, 20.848492792000101 ], [ -156.648514511, 20.8485061760001 ], [ -156.648529763999989, 20.848513825000101 ], [ -156.648538918000014, 20.848501398000099 ], [ -156.648546039, 20.848476545 ], [ -156.648568413, 20.848466032 ], [ -156.648627396, 20.848460303 ], [ -156.648649768000013, 20.848463173 ], [ -156.648675188, 20.848491854 ], [ -156.648681629, 20.848495488 ], [ -156.648685355999987, 20.84849759 ], [ -156.648706713, 20.848488989 ], [ -156.648711612999989, 20.848482370000099 ], [ -156.648722987000014, 20.848467004 ], [ -156.648750445, 20.848457448 ], [ -156.648781803, 20.848430765 ], [ -156.648855027, 20.848393491 ], [ -156.648992472, 20.848357548 ], [ -156.649070622000011, 20.848337112 ], [ -156.649543508, 20.848224359 ], [ -156.649723507, 20.848194743 ], [ -156.649741813, 20.848180406 ], [ -156.649773341000014, 20.848158422 ], [ -156.649825207, 20.848139309 ], [ -156.650188115, 20.848046705000101 ], [ -156.65016270000001, 20.847960668 ], [ -156.650150626, 20.847944535000099 ], [ -156.650135373000012, 20.847934377000101 ], [ -156.65011758, 20.847912866000101 ], [ -156.650070556, 20.8478304120001 ], [ -156.64996066, 20.847652085 ], [ -156.649891124, 20.847555036000099 ], [ -156.649888075, 20.847537828 ], [ -156.649879688999988, 20.847506282 ], [ -156.649841308, 20.847436004 ], [ -156.649821736, 20.847400167 ], [ -156.649705068, 20.847186502000099 ], [ -156.649639738, 20.847064534 ], [ -156.649586996000011, 20.846977299000098 ], [ -156.649584454, 20.846967142 ], [ -156.649585726, 20.846959375 ], [ -156.649616869, 20.846956988 ], [ -156.64963593600001, 20.846962965 ], [ -156.649661993, 20.846984475000099 ], [ -156.649684236000013, 20.847001805 ], [ -156.649719826, 20.847016744 ], [ -156.649749063, 20.847014357 ], [ -156.649756056, 20.847003604000101 ], [ -156.649769405, 20.846980304000098 ], [ -156.64977703400001, 20.846960589 ], [ -156.649774495, 20.846932507000101 ], [ -156.649765601000013, 20.846897256 ], [ -156.649750348999987, 20.846881721 ], [ -156.649698869, 20.846863791 ], [ -156.649670905, 20.84685662 ], [ -156.649631502, 20.846837497 ], [ -156.649607349, 20.846836897000099 ], [ -156.649564133000013, 20.846811202 ], [ -156.649543795999989, 20.8467986530001 ], [ -156.649538078, 20.846782521 ], [ -156.649546342, 20.8467640010001 ], [ -156.64959846, 20.846758628 ], [ -156.649641678, 20.846767594 ], [ -156.649679177, 20.846769391000102 ], [ -156.649692525, 20.846759235 ], [ -156.649693166, 20.846713231 ], [ -156.649674105, 20.846659756000101 ], [ -156.649660767, 20.846574317 ], [ -156.649646153, 20.846536078 ], [ -156.649619464000011, 20.846495448 ], [ -156.6496093, 20.846454222 ], [ -156.649604219999986, 20.846409411 ], [ -156.649587696999987, 20.846386706 ], [ -156.64957181, 20.846372366 ], [ -156.649545752, 20.846369376 ], [ -156.649540667, 20.846367583000099 ], [ -156.649539397000012, 20.846361608000102 ], [ -156.64954766, 20.846355634000101 ], [ -156.649571176, 20.846354442000099 ], [ -156.649585796, 20.846340104 ], [ -156.649587704, 20.8463299470001 ], [ -156.649602323000011, 20.846322779 ], [ -156.649612494, 20.8463102330001 ], [ -156.649620757, 20.8463042590001 ], [ -156.649633467, 20.846309638 ], [ -156.649648716, 20.846350864 ], [ -156.649684291999989, 20.8465002340001 ], [ -156.649702714, 20.84658627 ], [ -156.649742106, 20.8467045720001 ], [ -156.649751633, 20.846770891000101 ], [ -156.649783405, 20.846831239 ], [ -156.649836599999986, 20.846853529 ], [ -156.649860115, 20.846862493000099 ], [ -156.649899514, 20.8469174630001 ], [ -156.649941455, 20.846990956000099 ], [ -156.649975135, 20.847033379 ], [ -156.65004123, 20.847084170000102 ], [ -156.650075547, 20.847123009 ], [ -156.650077449, 20.847154674 ], [ -156.650070457, 20.8471642320001 ], [ -156.650060923000012, 20.847171401 ], [ -156.650067911, 20.847195898000098 ], [ -156.650101592, 20.8472353340001 ], [ -156.650144179, 20.847290039 ], [ -156.65014792, 20.8472948450001 ], [ -156.650194312, 20.847333685 ], [ -156.650226726, 20.847347430000099 ], [ -156.650294725, 20.84741734 ], [ -156.650337302999986, 20.8474717130001 ], [ -156.65035319, 20.847484859000101 ], [ -156.650355732, 20.8474944180001 ], [ -156.650336027, 20.847515328 ], [ -156.650329033, 20.847538628000098 ], [ -156.650320040999986, 20.84756135 ], [ -156.650284441, 20.847629219000101 ], [ -156.650277321, 20.847650249 ], [ -156.650287483999989, 20.8477076070001 ], [ -156.650335278999989, 20.8477152580001 ], [ -156.650379004, 20.8477324690001 ], [ -156.650391206, 20.847747766000101 ], [ -156.650430863999986, 20.847762109 ], [ -156.650436965000011, 20.847769757 ], [ -156.650456281, 20.847824248000101 ], [ -156.650455262, 20.847841454 ], [ -156.650455259000012, 20.847864397 ], [ -156.650447123, 20.847877779 ], [ -156.650445088, 20.847886382000102 ], [ -156.650441019, 20.847899765 ], [ -156.650452204, 20.847902634 ], [ -156.650473561000013, 20.8478911650001 ], [ -156.650482712000013, 20.847900726 ], [ -156.650499997999987, 20.847922713000099 ], [ -156.650519314, 20.847972425 ], [ -156.650553882, 20.848046035 ], [ -156.650605743, 20.8480689830001 ], [ -156.650651067000013, 20.848115446000101 ], [ -156.650705212, 20.848190731 ], [ -156.650762408, 20.8482466580001 ], [ -156.65082113, 20.848293983000101 ], [ -156.650832568, 20.8483183600001 ], [ -156.650844767, 20.848357795 ], [ -156.650863832999988, 20.8483750030001 ], [ -156.650882136, 20.84838791 ], [ -156.650907418, 20.848403781000101 ], [ -156.650916314999989, 20.848416328 ], [ -156.650931566999986, 20.8484354490001 ], [ -156.650932834, 20.8484701020001 ], [ -156.650931558, 20.848522081000102 ], [ -156.65092647, 20.848551954000101 ], [ -156.650915027, 20.848570474 ], [ -156.650909305999988, 20.848578241 ], [ -156.650930278, 20.848597959000099 ], [ -156.650927733, 20.848625442000099 ], [ -156.650934084999989, 20.848663082 ], [ -156.650969671000013, 20.848731794000098 ], [ -156.651009711, 20.848747929000101 ], [ -156.651037677, 20.848745542000099 ], [ -156.651040856, 20.848734788000101 ], [ -156.651053568, 20.848732399 ], [ -156.651063099999988, 20.848745545 ], [ -156.651082164, 20.848776016 ], [ -156.651100043000014, 20.8488001320001 ], [ -156.651117836999987, 20.84882212 ], [ -156.651135124, 20.848832159 ], [ -156.651139191, 20.848840285000101 ], [ -156.651137664, 20.848857013 ], [ -156.651137661, 20.848889038 ], [ -156.651183417, 20.848948788 ], [ -156.651248493, 20.849015710000099 ], [ -156.65129374, 20.8490778500001 ], [ -156.651321702, 20.8491180020001 ], [ -156.651422266999987, 20.849249819 ], [ -156.651593088999988, 20.849482844 ], [ -156.651744852, 20.849634852000101 ], [ -156.651811963, 20.849707270000099 ], [ -156.651838653999988, 20.84974097 ], [ -156.651837887999989, 20.849781836 ], [ -156.65183331, 20.849797609000099 ], [ -156.651819593999988, 20.849801801000101 ], [ -156.651792898999986, 20.8498035920001 ], [ -156.651767474, 20.849808369000101 ], [ -156.651768744, 20.849828683000101 ], [ -156.651797343999988, 20.849847207 ], [ -156.651831029, 20.84985199 ], [ -156.65184946, 20.849859758 ], [ -156.651864712, 20.84989262 ], [ -156.651881233000012, 20.849928469000101 ], [ -156.651885045, 20.849941614 ], [ -156.651890765, 20.8499446010001 ], [ -156.651897757, 20.849933848 ], [ -156.65191619, 20.8499392260001 ], [ -156.651934621, 20.849942215000102 ], [ -156.65194225, 20.849930267 ], [ -156.651936532, 20.849899198000099 ], [ -156.651934628, 20.849874703000101 ], [ -156.651918104, 20.849853192000101 ], [ -156.651911751, 20.849832877 ], [ -156.651923827, 20.849822722000098 ], [ -156.651949885, 20.849844233000098 ], [ -156.651967681, 20.849849014 ], [ -156.651988021, 20.849838859 ], [ -156.652010902, 20.849827509 ], [ -156.652049039, 20.849816758 ], [ -156.652087812, 20.849795850000099 ], [ -156.652198393, 20.849915352 ], [ -156.652207923, 20.84995359 ], [ -156.652209194, 20.849960163 ], [ -156.652246688, 20.850018120000101 ], [ -156.652255585, 20.850028278 ], [ -156.652251769, 20.850045007000102 ], [ -156.652235241999989, 20.850063526 ], [ -156.652216173999989, 20.850072487 ], [ -156.652198377, 20.850077264 ], [ -156.652188841999987, 20.850086823 ], [ -156.65216024, 20.850090405000099 ], [ -156.652151344, 20.850079650000101 ], [ -156.652153252, 20.850062324000099 ], [ -156.652150075, 20.850050375 ], [ -156.652128465, 20.850048580000099 ], [ -156.652093506999989, 20.850053954 ], [ -156.652078252, 20.85006172 ], [ -156.652061092, 20.8500653040001 ], [ -156.652034396, 20.850062314000098 ], [ -156.652011518, 20.8500443880001 ], [ -156.651975927, 20.850019889000102 ], [ -156.651966394, 20.850007342 ], [ -156.651964489, 20.84999599 ], [ -156.651982286, 20.8499882240001 ], [ -156.652000083, 20.849979861000101 ], [ -156.652008983, 20.8499673150001 ], [ -156.65200962, 20.849948196000099 ], [ -156.651998814, 20.849949988 ], [ -156.651977839000011, 20.849958351000101 ], [ -156.651960041, 20.849969103 ], [ -156.651936524, 20.849975076000099 ], [ -156.651908558, 20.849975074 ], [ -156.651891397000014, 20.849981644 ], [ -156.651895844, 20.850003751 ], [ -156.651921265, 20.850027054000101 ], [ -156.651942236999986, 20.850062903 ], [ -156.651982275, 20.850097560000101 ], [ -156.65199435, 20.850111303000102 ], [ -156.652032588999987, 20.850134667000098 ], [ -156.652148517, 20.850164071000101 ], [ -156.652200378, 20.850197773 ], [ -156.652230119, 20.850247246 ], [ -156.652229353, 20.850284527 ], [ -156.652269013, 20.850292417 ], [ -156.652304859999987, 20.850293137000101 ], [ -156.652320874999987, 20.850310345 ], [ -156.652323923000012, 20.850336156 ], [ -156.652330786, 20.850354081 ], [ -156.652342227, 20.850355515 ], [ -156.65234833, 20.850337592000098 ], [ -156.652352146, 20.850318234 ], [ -156.652359012, 20.8502988770001 ], [ -156.652339947, 20.850272348 ], [ -156.652328508000011, 20.850252990000101 ], [ -156.65233156, 20.850245820000101 ], [ -156.652349865, 20.850245104000098 ], [ -156.652397912999987, 20.850260882 ], [ -156.652440624, 20.850268772 ], [ -156.652464267, 20.8502730760001 ], [ -156.652580951, 20.850382062000101 ], [ -156.652684671, 20.850481011000099 ], [ -156.652729855, 20.850544884 ], [ -156.653134056, 20.850937808 ], [ -156.653245097, 20.8510421010001 ], [ -156.653424322, 20.851193871000099 ], [ -156.653532361, 20.851319346 ], [ -156.65361243800001, 20.851416142000101 ], [ -156.65388427100001, 20.851671707 ], [ -156.653962748, 20.851252806 ], [ -156.653758359, 20.851050609 ], [ -156.653530327999988, 20.850824035000102 ], [ -156.65353872, 20.850799658 ], [ -156.653500588000014, 20.850762374000102 ], [ -156.653483044000012, 20.850768825 ], [ -156.653472367, 20.850773126 ], [ -156.653461689000011, 20.850765956 ], [ -156.653431184, 20.850726521000102 ], [ -156.653412119, 20.8507064450001 ], [ -156.653399154, 20.850690671000098 ], [ -156.653383137, 20.850681349000102 ], [ -156.653378562, 20.850661991 ], [ -156.653361021, 20.850650518000101 ], [ -156.653330515, 20.8506347420001 ], [ -156.653316026, 20.850607497000102 ], [ -156.653298487, 20.850574516000101 ], [ -156.65313619, 20.850437943 ], [ -156.653127039, 20.850416911 ], [ -156.653122972, 20.850399704 ], [ -156.65309348400001, 20.850374847000101 ], [ -156.653061961, 20.850345211 ], [ -156.65305586, 20.850332783000098 ], [ -156.65303044, 20.850305059 ], [ -156.653004001, 20.850282114 ], [ -156.652993833000011, 20.850272554000099 ], [ -156.652976546, 20.85025439 ], [ -156.652971462000011, 20.850241007 ], [ -156.65299282, 20.850231448 ], [ -156.653024343999988, 20.850242922000099 ], [ -156.653056885000012, 20.850254396 ], [ -156.653087394000011, 20.850243884000101 ], [ -156.653097564, 20.850230501000102 ], [ -156.653097567, 20.850205646000099 ], [ -156.653083331, 20.8501855700001 ], [ -156.653041638, 20.850176008000101 ], [ -156.652998927999988, 20.850163577 ], [ -156.652973502, 20.850174090000099 ], [ -156.652958246999987, 20.850185561 ], [ -156.652946044, 20.85019034 ], [ -156.6529013, 20.850166437 ], [ -156.652856558, 20.8501396670001 ], [ -156.652764023, 20.850054581000101 ], [ -156.6526359, 20.849939858 ], [ -156.652365143, 20.849678843 ], [ -156.652254562, 20.849553367000102 ], [ -156.652208807, 20.849484057 ], [ -156.652156695, 20.8494159420001 ], [ -156.652151612000011, 20.849392044000101 ], [ -156.65212238, 20.849346634 ], [ -156.65185038300001, 20.8490132260001 ], [ -156.651626684, 20.848740764000102 ], [ -156.651373439, 20.848394038 ], [ -156.651254327, 20.848208072 ], [ -156.651222805, 20.848186084000101 ], [ -156.651227892, 20.848169833 ], [ -156.651215692, 20.848134461 ], [ -156.651189259, 20.848062764000101 ], [ -156.651108929, 20.847988193 ], [ -156.650971664, 20.847799860000102 ], [ -156.650839486, 20.847582849 ], [ -156.650797608, 20.8475185930001 ], [ -156.650784391, 20.847495649000098 ], [ -156.650784392, 20.847483222000101 ], [ -156.65078846, 20.847477487 ], [ -156.650800663000012, 20.847477488 ], [ -156.650807781999987, 20.847474621000099 ], [ -156.650804734, 20.847446898 ], [ -156.650769145999988, 20.847408658000099 ], [ -156.650744745, 20.847360858000101 ], [ -156.650708141, 20.8473130570001 ], [ -156.650684758000011, 20.847249008000102 ], [ -156.650651278999987, 20.847182552 ], [ -156.650620705, 20.847121861000101 ], [ -156.650599354, 20.847089357000101 ], [ -156.650590203, 20.847071193 ], [ -156.650593256, 20.847052075 ], [ -156.650622747999989, 20.847043475000099 ], [ -156.650665460999988, 20.847017668 ], [ -156.650675631000013, 20.8470081090001 ], [ -156.650694955, 20.846995684 ], [ -156.650702074, 20.846983258 ], [ -156.650700041, 20.8469679620001 ], [ -156.65068783800001, 20.846969873 ], [ -156.650645125000011, 20.846996635 ], [ -156.650599361, 20.847016705 ], [ -156.650591227, 20.847007146000099 ], [ -156.650588176000014, 20.8470052330001 ], [ -156.650572923, 20.847003320000098 ], [ -156.650552581, 20.84703582 ], [ -156.650545462999986, 20.847031996000101 ], [ -156.650541398, 20.847006185000101 ], [ -156.650518011, 20.846981328 ], [ -156.650492595, 20.846922057 ], [ -156.650464123, 20.846895289 ], [ -156.650441758999989, 20.846824547 ], [ -156.650416342, 20.846772924 ], [ -156.650397026, 20.846720345000101 ], [ -156.650358723000011, 20.8466298650001 ], [ -156.650310939, 20.846531399000099 ], [ -156.650251970999989, 20.846401385 ], [ -156.650216386000011, 20.846339245 ], [ -156.650199105000013, 20.846284755000099 ], [ -156.650205207999988, 20.846271373 ], [ -156.650238767, 20.846261816 ], [ -156.650260124999988, 20.846238876 ], [ -156.650251991, 20.846224536 ], [ -156.650240806, 20.846214976000098 ], [ -156.650223519, 20.846210194 ], [ -156.650191993, 20.846220707 ], [ -156.650178770999986, 20.846243648 ], [ -156.650169620000014, 20.8462321760001 ], [ -156.650127932, 20.846173859 ], [ -156.650109633999989, 20.846118413000099 ], [ -156.650104804, 20.846111542000099 ], [ -156.650091459, 20.846093019 ], [ -156.650076843, 20.846076289000099 ], [ -156.650074302, 20.846066131 ], [ -156.650079387, 20.846061352 ], [ -156.650095276, 20.846061951 ], [ -156.650120061, 20.84608167 ], [ -156.65015438, 20.8461019870001 ], [ -156.650172809, 20.8461240950001 ], [ -156.650212848, 20.846139633000099 ], [ -156.650235731, 20.846128283 ], [ -156.650241453, 20.846109763000101 ], [ -156.650261156, 20.84609901 ], [ -156.650288485, 20.846109169 ], [ -156.65031581, 20.846150994 ], [ -156.650315807999988, 20.846171308000098 ], [ -156.650327877, 20.846228666000101 ], [ -156.650352023000011, 20.846283634 ], [ -156.650387609, 20.84634219 ], [ -156.650415571, 20.846372065 ], [ -156.650447346, 20.846409111000099 ], [ -156.650453698, 20.846450934000099 ], [ -156.650469579, 20.846525021 ], [ -156.650489274, 20.846593134 ], [ -156.650492601, 20.846620107 ], [ -156.650524633, 20.846633016000101 ], [ -156.650537598, 20.846642338 ], [ -156.650543698, 20.846658828 ], [ -156.650536831000011, 20.846686071 ], [ -156.650561997000011, 20.8467097330001 ], [ -156.650574197, 20.846734111 ], [ -156.650610803, 20.846768529 ], [ -156.650637493, 20.8467979270001 ], [ -156.650663422, 20.846828041 ], [ -156.65069469, 20.846845250000101 ], [ -156.650722908, 20.846856724000101 ], [ -156.650738159000014, 20.846888272000101 ], [ -156.650735106000013, 20.84690763 ], [ -156.650743494000011, 20.846927705 ], [ -156.650766371, 20.846962121 ], [ -156.650786199, 20.846985066000101 ], [ -156.650828909000012, 20.846985787000101 ], [ -156.650855605, 20.846966431000101 ], [ -156.650948659, 20.846919121 ], [ -156.651047813, 20.846866075 ], [ -156.651185867, 20.846794392 ], [ -156.651379599, 20.846710526 ], [ -156.651948057999988, 20.846440928 ], [ -156.652243995, 20.8462997130001 ], [ -156.65235557, 20.846249394 ], [ -156.652431332, 20.846215226 ], [ -156.652548196, 20.846170148000098 ], [ -156.6526743, 20.846103243000101 ], [ -156.652702775, 20.84608317 ], [ -156.652706845000012, 20.846058316 ], [ -156.652683216000014, 20.846011106 ], [ -156.652682443, 20.846009561000098 ], [ -156.652557378000012, 20.845853732 ], [ -156.652552295, 20.8458269650001 ], [ -156.652565519, 20.845793508 ], [ -156.652583825, 20.845776303 ], [ -156.652596030000012, 20.845759097 ], [ -156.652600099000011, 20.845738067000099 ], [ -156.6526001, 20.845729464 ], [ -156.65258383, 20.845720859 ], [ -156.652551289, 20.845720856000099 ], [ -156.652528916, 20.8457323260001 ], [ -156.65251772900001, 20.845740928000101 ], [ -156.65249739, 20.845741882 ], [ -156.652462818, 20.845714157 ], [ -156.652404861, 20.845643412000101 ], [ -156.652376745999987, 20.8456097010001 ], [ -156.65237357, 20.845586400000101 ], [ -156.652360225, 20.8455744500001 ], [ -156.652360226000013, 20.845563098000099 ], [ -156.652375479999989, 20.845559514000101 ], [ -156.652388193, 20.845545176 ], [ -156.652398364, 20.8455188890001 ], [ -156.652418705, 20.845492602 ], [ -156.652446672, 20.845465718000099 ], [ -156.652477181, 20.845446005 ], [ -156.652494979000011, 20.845431667000099 ], [ -156.652519767, 20.8454239020001 ], [ -156.652532478000012, 20.8454233050001 ], [ -156.652543283999989, 20.845407175 ], [ -156.652550276999989, 20.845394628000101 ], [ -156.652559811, 20.8453898500001 ], [ -156.652587775, 20.845394034 ], [ -156.652606842000012, 20.8454035950001 ], [ -156.652617011, 20.845409571000101 ], [ -156.652626540999989, 20.84543108 ], [ -156.652636707999989, 20.8454663320001 ], [ -156.652642426, 20.8454890360001 ], [ -156.652641787, 20.845517117 ], [ -156.652678009999988, 20.845573878 ], [ -156.652704703000012, 20.845582842000098 ], [ -156.652722496, 20.845616899 ], [ -156.652714232, 20.845631237000099 ], [ -156.652725032, 20.845683217 ], [ -156.652732655, 20.8457190660001 ], [ -156.652745363, 20.845754915 ], [ -156.652747903, 20.8457835940001 ], [ -156.652739638000014, 20.8458045040001 ], [ -156.652754092, 20.845839994000102 ], [ -156.652771884, 20.845892095000099 ], [ -156.652782049, 20.845925553 ], [ -156.652800353, 20.84594085 ], [ -156.652821709, 20.845938462 ], [ -156.652850183999988, 20.845915044 ], [ -156.652855779, 20.845894970000099 ], [ -156.652884762000014, 20.845878243000101 ], [ -156.652893407, 20.845870596000101 ], [ -156.652891374, 20.845861992 ], [ -156.652889851, 20.845838572 ], [ -156.652895445000013, 20.845823755 ], [ -156.652915275, 20.845822323 ], [ -156.652947816, 20.845822803 ], [ -156.652974257000011, 20.845809423 ], [ -156.653017986, 20.845790307000101 ], [ -156.653051545000011, 20.8457745360001 ], [ -156.653061207, 20.84576689 ], [ -156.653093748, 20.845764503000101 ], [ -156.65311663, 20.845757334 ], [ -156.653132392, 20.8457520790001 ], [ -156.653138494, 20.845743476000099 ], [ -156.653140021000013, 20.845729615 ], [ -156.653141547, 20.845721967 ], [ -156.653172563, 20.845718624 ], [ -156.653185783999987, 20.845714800000099 ], [ -156.653212519, 20.845719862000099 ], [ -156.653232855, 20.8457461510001 ], [ -156.653269714, 20.845795147 ], [ -156.653293866000013, 20.845796343000099 ], [ -156.653318017, 20.845792760000101 ], [ -156.653357697, 20.8458818440001 ], [ -156.653380291, 20.845932571 ], [ -156.653431125, 20.846061628 ], [ -156.653464175000011, 20.846067604 ], [ -156.65350612200001, 20.846066413000099 ], [ -156.653531547, 20.84605327 ], [ -156.653548074000014, 20.846032959000102 ], [ -156.653560787, 20.846006670000101 ], [ -156.653559518, 20.8459803820001 ], [ -156.653564607, 20.845932585000099 ], [ -156.653570966, 20.845890764 ], [ -156.65358114, 20.845845357 ], [ -156.65359131, 20.84582385 ], [ -156.653623092, 20.845780835 ], [ -156.653654872, 20.8457653030001 ], [ -156.653690466, 20.8457521620001 ], [ -156.653704452, 20.845706756 ], [ -156.653634552, 20.845559774 ], [ -156.653629532, 20.845543685000099 ], [ -156.653572282999988, 20.845360216000099 ], [ -156.653513823, 20.8452251850001 ], [ -156.653459169, 20.845166629000101 ], [ -156.653400705, 20.845066251 ], [ -156.653310276000013, 20.844997262 ], [ -156.653275955, 20.84499248 ], [ -156.653255618, 20.8449805290001 ], [ -156.653212403, 20.8449446770001 ], [ -156.653189524999988, 20.844923167 ], [ -156.653146306999986, 20.84491002 ], [ -156.653110715999986, 20.844906432000101 ], [ -156.653100543, 20.844939889 ], [ -156.653106896, 20.844973348000099 ], [ -156.653122147, 20.845004416000101 ], [ -156.653136128, 20.845022342 ], [ -156.65312977100001, 20.845033095000101 ], [ -156.653120873, 20.84503907 ], [ -156.653077656, 20.845022337 ], [ -156.652960716, 20.844972141 ], [ -156.652862841, 20.844943455000099 ], [ -156.652611156, 20.844949409 ], [ -156.652587003, 20.844966136 ], [ -156.652552681, 20.844981667000098 ], [ -156.652518359999988, 20.844982859 ], [ -156.652492938, 20.844975687 ], [ -156.652457348000013, 20.844957761 ], [ -156.65244116400001, 20.844944655000099 ], [ -156.652427945999989, 20.844922667 ], [ -156.652428965000013, 20.844894467000099 ], [ -156.652145936000011, 20.844879882 ], [ -156.652103222, 20.844925764 ], [ -156.651984234999986, 20.845014656 ], [ -156.651834739, 20.845119319 ], [ -156.651668464000011, 20.8452239800001 ], [ -156.651496092, 20.845284189 ], [ -156.651368973, 20.845333707000101 ], [ -156.651358804000012, 20.845331317 ], [ -156.651337832, 20.8453157810001 ], [ -156.651317496, 20.8452936730001 ], [ -156.651300337, 20.845288294000099 ], [ -156.651286989, 20.845295463000099 ], [ -156.651264742, 20.845315177 ], [ -156.651265374, 20.8453408670001 ], [ -156.651266644, 20.845358194 ], [ -156.65125838, 20.845371338000099 ], [ -156.651247574, 20.845391651000099 ], [ -156.651227235, 20.845402403 ], [ -156.651191006, 20.845420324 ], [ -156.651164947000012, 20.8454245040001 ], [ -156.651164311, 20.8454167360001 ], [ -156.651171940000012, 20.84540658 ], [ -156.65118338, 20.845400009000102 ], [ -156.651192279000014, 20.845394035 ], [ -156.65119228, 20.845384476 ], [ -156.651180204000013, 20.845384475000099 ], [ -156.651159231, 20.845385668000102 ], [ -156.651121730999989, 20.845393431 ], [ -156.651078511, 20.84540478 ], [ -156.65101686, 20.845417918000098 ], [ -156.650966014, 20.8454209 ], [ -156.65095648, 20.845426277000101 ], [ -156.650949488, 20.845429861000099 ], [ -156.650938049, 20.845423288000099 ], [ -156.650921524000012, 20.845423286 ], [ -156.650866229, 20.845422086 ], [ -156.650814749, 20.845421484 ], [ -156.650803308, 20.84541491 ], [ -156.650798861, 20.845402364000101 ], [ -156.650799498, 20.8453910120001 ], [ -156.650814118999989, 20.845359945 ], [ -156.650829374000011, 20.845345010000099 ], [ -156.650845898999989, 20.845345012000099 ], [ -156.650867509, 20.845344416 ], [ -156.650880221, 20.8453354550001 ], [ -156.650895475999988, 20.8453217150001 ], [ -156.650899292, 20.8453020000001 ], [ -156.650895479000013, 20.845296621 ], [ -156.65086815, 20.845288255000099 ], [ -156.650840186000011, 20.845275705000098 ], [ -156.650812222000013, 20.845272118 ], [ -156.650795064, 20.845246426000099 ], [ -156.650782354, 20.845234475 ], [ -156.650766465, 20.845239253 ], [ -156.650746761, 20.845240446 ], [ -156.650741041, 20.845236861 ], [ -156.650719434, 20.8452219220001 ], [ -156.650722613, 20.845209974000099 ], [ -156.650917106, 20.845125749 ], [ -156.651007996, 20.845086266000099 ], [ -156.651090371, 20.845033218 ], [ -156.651195625000014, 20.8449916440001 ], [ -156.651294779000011, 20.844944334 ], [ -156.651302408, 20.844914222000099 ], [ -156.651290206999988, 20.844895581000099 ], [ -156.651191068, 20.844815272000101 ], [ -156.651171240999986, 20.844783724 ], [ -156.65114226, 20.844780854000099 ], [ -156.651128529, 20.844798059 ], [ -156.651119375, 20.844815266000101 ], [ -156.651101071, 20.844815264 ], [ -156.651065988999989, 20.844802356000098 ], [ -156.651037008, 20.844798051000101 ], [ -156.651015654, 20.844786578 ], [ -156.651023285, 20.844740694000102 ], [ -156.651040064999989, 20.8447320920001 ], [ -156.651069049, 20.844713454 ], [ -156.651110235, 20.844696251000101 ], [ -156.651163624, 20.844687652000101 ], [ -156.651215488, 20.844674751000099 ], [ -156.65124142, 20.844660414 ], [ -156.651294809, 20.844641779 ], [ -156.651340573, 20.844608803 ], [ -156.65138481, 20.844603071000101 ], [ -156.651453452, 20.844583002 ], [ -156.651488535999988, 20.844584439000101 ], [ -156.651540399999988, 20.844565803 ], [ -156.651581586, 20.8445428640001 ], [ -156.651602943, 20.844534263000099 ], [ -156.651628873, 20.844535698000101 ], [ -156.651680734, 20.844547174000098 ], [ -156.651717342000012, 20.844550045000101 ], [ -156.651769205, 20.844545748 ], [ -156.651813441, 20.844535714000099 ], [ -156.651875985, 20.844502740000099 ], [ -156.651917171, 20.844474066 ], [ -156.651930904000011, 20.844433918 ], [ -156.65194311, 20.844406674 ], [ -156.651973618, 20.844393771000099 ], [ -156.652066658, 20.844456872 ], [ -156.652208505, 20.844568729000098 ], [ -156.652235959, 20.8445959750001 ], [ -156.652225279, 20.844624653 ], [ -156.652206971, 20.8446648010001 ], [ -156.65221612, 20.844696348000099 ], [ -156.652231371, 20.844730763 ], [ -156.652531560999989, 20.844870162000099 ], [ -156.652580199999989, 20.8448773860001 ], [ -156.65259218, 20.844887789 ], [ -156.652812227999988, 20.844854889 ], [ -156.652818333, 20.844818565 ], [ -156.652854945, 20.844776506000098 ], [ -156.652856982, 20.844751652000099 ], [ -156.652850883000013, 20.844719149000099 ], [ -156.652834618000014, 20.8446617920001 ], [ -156.652783778000014, 20.844610167 ], [ -156.652730904, 20.84454707 ], [ -156.652669895, 20.84449162 ], [ -156.652641427, 20.844436174000101 ], [ -156.652625161, 20.844388375000101 ], [ -156.652627198, 20.844346314000099 ], [ -156.652694314, 20.844344407000101 ], [ -156.65275736000001, 20.8443654440001 ], [ -156.652810233, 20.844443835 ], [ -156.652944459, 20.844497378 ], [ -156.652999365, 20.84456621 ], [ -156.653064441, 20.844629308 ], [ -156.653133583, 20.844722995 ], [ -156.653184421, 20.8448052110001 ], [ -156.653251532000013, 20.844856837000101 ], [ -156.653338982, 20.844902728 ], [ -156.65340787, 20.844982396 ], [ -156.653479043, 20.845109063000098 ], [ -156.653526069, 20.845180762 ], [ -156.653580725000012, 20.845204666 ], [ -156.653597249, 20.8452202010001 ], [ -156.653702732, 20.845467559 ], [ -156.653858649, 20.845581885000101 ], [ -156.653929224, 20.845652664000099 ], [ -156.653950163, 20.845673663000099 ], [ -156.653988801, 20.84572911 ], [ -156.654080319, 20.8457826490001 ], [ -156.654125061, 20.845803683 ], [ -156.654184036, 20.845874427000101 ], [ -156.654234879, 20.8459164920001 ], [ -156.654314191, 20.845992974000101 ], [ -156.654435699, 20.846156926 ], [ -156.654442924, 20.846176648 ], [ -156.654498733999986, 20.846329 ], [ -156.654557708999988, 20.846403568 ], [ -156.654687863, 20.8465565270001 ], [ -156.654759039, 20.846657862 ], [ -156.654874959000011, 20.846776407 ], [ -156.654984772, 20.846948484000102 ], [ -156.655074250000013, 20.847105264 ], [ -156.655225295, 20.8473392880001 ], [ -156.6556117, 20.847704962 ], [ -156.655741352, 20.847783835 ], [ -156.656277746, 20.848297687000102 ], [ -156.656411641, 20.8484281930001 ], [ -156.656436043000014, 20.8484898520001 ], [ -156.656440614, 20.848557246 ], [ -156.656472641, 20.848654754000101 ], [ -156.656483316, 20.8487006400001 ], [ -156.656665456000013, 20.848973213 ], [ -156.657143387, 20.849427313 ], [ -156.657246348, 20.849482604000102 ], [ -156.657267703, 20.849491209000099 ], [ -156.657287024999988, 20.849488342 ], [ -156.657291093999987, 20.849474959000101 ], [ -156.657287026, 20.849463487 ], [ -156.65727990900001, 20.849444368 ], [ -156.657284995, 20.849431941 ], [ -156.657307366999987, 20.84943481 ], [ -156.657346008, 20.849487389 ], [ -156.657387699999987, 20.849521805000101 ], [ -156.657453796999988, 20.849574385 ], [ -156.657585992, 20.849696753 ], [ -156.657725306, 20.849816253 ], [ -156.65820494, 20.8502360150001 ], [ -156.658652636999989, 20.850615004000101 ], [ -156.659198429000014, 20.851044903000101 ], [ -156.659652319, 20.851392367000098 ], [ -156.659935022000013, 20.851607464 ], [ -156.660152642000014, 20.851788146 ], [ -156.660269586999988, 20.851888524000099 ], [ -156.660333653, 20.851942059000098 ], [ -156.660388567000012, 20.851974563000098 ], [ -156.660491277, 20.852049130000101 ], [ -156.660530937, 20.852078766 ], [ -156.660766310000014, 20.852098474000101 ], [ -156.660796819000012, 20.852097758000099 ], [ -156.660843344, 20.852108515000101 ], [ -156.660915800999987, 20.852137911000099 ], [ -156.660951647, 20.852170176000101 ], [ -156.660977578, 20.852221081 ], [ -156.660995119, 20.852265532 ], [ -156.661004268999989, 20.852311418000099 ], [ -156.660997404, 20.852361605000102 ], [ -156.66097833500001, 20.852386697 ], [ -156.660941723, 20.8524196760001 ], [ -156.660929517999989, 20.8524548070001 ], [ -156.661089684, 20.8526025040001 ], [ -156.661259033, 20.852760469 ], [ -156.661377251, 20.852876381 ], [ -156.661456697, 20.852964808 ], [ -156.661475763999988, 20.852997669 ], [ -156.661488475, 20.853023958000101 ], [ -156.661573643, 20.853107605 ], [ -156.661617075, 20.853146441 ], [ -156.661679362, 20.853197227000098 ], [ -156.661725759, 20.853259365 ], [ -156.661788046, 20.853319711 ], [ -156.661849061, 20.853386628000099 ], [ -156.661885289999987, 20.853423672000101 ], [ -156.661927238, 20.853467288 ], [ -156.661950755, 20.8534893940001 ], [ -156.661958382, 20.853512696000099 ], [ -156.661997152, 20.8535730400001 ], [ -156.662039447000012, 20.853629139000098 ], [ -156.662058261, 20.853646347000101 ], [ -156.662073006000014, 20.853662598 ], [ -156.662075547, 20.853684107 ], [ -156.662110631, 20.8537319050001 ], [ -156.66213758, 20.853762018000101 ], [ -156.662164529, 20.853784961 ], [ -156.662191987, 20.853803125000098 ], [ -156.662221987, 20.853824634 ], [ -156.662245375, 20.853856181 ], [ -156.662262155, 20.853893941 ], [ -156.662292154, 20.853926443 ], [ -156.662301305999989, 20.85395082 ], [ -156.662304357000011, 20.853972329 ], [ -156.662330288, 20.8540010080001 ], [ -156.662357746, 20.854021562000099 ], [ -156.662372542000014, 20.854039422 ], [ -156.662413855000011, 20.854102156000099 ], [ -156.66244627, 20.854135018 ], [ -156.662466607999988, 20.854156527 ], [ -156.662488854, 20.854176243 ], [ -156.662493303, 20.854195961000102 ], [ -156.662525083, 20.854230017000098 ], [ -156.66261025, 20.854347718 ], [ -156.662656649000013, 20.854399102000102 ], [ -156.662684614, 20.854450484 ], [ -156.662689698, 20.8544725900001 ], [ -156.662712578999987, 20.854483345000101 ], [ -156.662746266999989, 20.854502464000099 ], [ -156.662774232, 20.854537715 ], [ -156.662793935, 20.854565797000099 ], [ -156.662792663, 20.854586111000099 ], [ -156.662792663, 20.854600450000099 ], [ -156.662790883000014, 20.854611402 ], [ -156.662869696, 20.854710584 ], [ -156.663032407, 20.854916114 ], [ -156.663123931, 20.855041583000101 ], [ -156.663179863000011, 20.855119254 ], [ -156.663234523999989, 20.8551981210001 ], [ -156.66325232, 20.855237553000102 ], [ -156.663289185, 20.855250698000098 ], [ -156.663315880999988, 20.855257869000098 ], [ -156.663336219, 20.8553044710001 ], [ -156.66337308300001, 20.8553594380001 ], [ -156.663416304, 20.855403651000099 ], [ -156.663479862, 20.855520755 ], [ -156.663529438000012, 20.855600817 ], [ -156.66360064700001, 20.855670188 ], [ -156.663667766, 20.855733999000101 ], [ -156.663796666, 20.855878109000098 ], [ -156.663900395000013, 20.856023652 ], [ -156.664026243, 20.856200742000102 ], [ -156.664098108, 20.85631131 ], [ -156.664185822, 20.85641049 ], [ -156.664316754999987, 20.856606459 ], [ -156.664455315999987, 20.856789284000101 ], [ -156.664485825000014, 20.856844252 ], [ -156.664559556, 20.856942236000101 ], [ -156.664685406, 20.857128646 ], [ -156.664853206, 20.857355684 ], [ -156.66502030800001, 20.857593654 ], [ -156.665297841000012, 20.858042471 ], [ -156.665516340000011, 20.858324728000099 ], [ -156.665653786, 20.85850228 ], [ -156.665747603999989, 20.858633405 ], [ -156.66577913, 20.858719439 ], [ -156.665876761, 20.858859007 ], [ -156.665960155, 20.858911583000101 ], [ -156.666348649000014, 20.859004311 ], [ -156.666392502, 20.859005115000102 ], [ -156.666557135, 20.859008135000099 ], [ -156.666622018999988, 20.859005171 ], [ -156.666692192, 20.859024291 ], [ -156.666717616999989, 20.859039585000101 ], [ -156.666738974, 20.859053924 ], [ -156.666765417, 20.859080691 ], [ -156.666794909, 20.859117973 ], [ -156.666820335000011, 20.859159078000101 ], [ -156.666868134, 20.859194448 ], [ -156.666911865, 20.859239376000101 ], [ -156.666942375, 20.859254672000102 ], [ -156.666989156999989, 20.8592604080001 ], [ -156.667020685000011, 20.859265187000101 ], [ -156.66703797400001, 20.859274746 ], [ -156.667046109000012, 20.859287173 ], [ -156.667069500999986, 20.859309160000102 ], [ -156.66707967100001, 20.859332103 ], [ -156.667071535, 20.859367472 ], [ -156.667063399, 20.859398062 ], [ -156.667073894, 20.859433082000098 ], [ -156.66708374000001, 20.859465934000099 ], [ -156.667101283, 20.85952114 ], [ -156.667105351, 20.859552686 ], [ -156.66713281, 20.859596659 ], [ -156.667157218, 20.859613865 ], [ -156.667175523999987, 20.85963394 ], [ -156.66718976300001, 20.859665486 ], [ -156.66718976300001, 20.859692253 ], [ -156.66720298300001, 20.85970468 ], [ -156.667236546, 20.859721886 ], [ -156.667280277, 20.8597381380001 ], [ -156.667296548, 20.859767771000101 ], [ -156.667314855, 20.859784022 ], [ -156.667326042000013, 20.859800274000101 ], [ -156.667325025, 20.859812700000099 ], [ -156.667308752999986, 20.859824172000099 ], [ -156.667295532, 20.8598356430001 ], [ -156.667289430000011, 20.859863366000098 ], [ -156.667301634000012, 20.859888220000101 ], [ -156.667321975, 20.859901603 ], [ -156.667347400000011, 20.859908295 ], [ -156.667372824000012, 20.859907338 ], [ -156.667397233, 20.859901602 ], [ -156.667450116999987, 20.859871013 ], [ -156.667566055, 20.859790713000098 ], [ -156.66763182, 20.859710164 ], [ -156.667666738, 20.859667396000098 ], [ -156.667783891999989, 20.859583007 ], [ -156.667833471, 20.859580856 ], [ -156.667871609, 20.859598062 ], [ -156.667908983, 20.8596281750001 ], [ -156.66799365, 20.859679795 ], [ -156.668000009, 20.859682990000099 ], [ -156.668082129999988, 20.859724244000098 ], [ -156.668123318999989, 20.859747187 ], [ -156.668140863, 20.859752922 ], [ -156.668202646, 20.859764393 ], [ -156.668345278, 20.859547155 ], [ -156.668397988, 20.8594753530001 ], [ -156.668487268, 20.859353735000099 ], [ -156.668677953000014, 20.859198393 ], [ -156.668974708, 20.859065561 ], [ -156.669051700000011, 20.859031098000099 ], [ -156.669422397, 20.859099018000101 ], [ -156.669446549000014, 20.859132173 ], [ -156.669474009, 20.8591804480001 ], [ -156.669484687, 20.8591914410001 ], [ -156.669502993, 20.859189051 ], [ -156.669509468, 20.859188318000101 ], [ -156.669535147, 20.859177324 ], [ -156.66953718100001, 20.859179714 ], [ -156.669536419, 20.859184493 ], [ -156.669479212999988, 20.8592220150001 ], [ -156.669476162, 20.859232053 ], [ -156.669468789, 20.859234921000098 ], [ -156.669462941, 20.859243763000102 ], [ -156.669492689, 20.859270529000099 ], [ -156.669543329, 20.859328442 ], [ -156.669632318999987, 20.859460480000099 ], [ -156.669717494999986, 20.859557267000099 ], [ -156.669731479, 20.859589506000098 ], [ -156.669735548, 20.859626309000099 ], [ -156.669751822, 20.859673628000099 ], [ -156.669821998, 20.859809371 ], [ -156.669849373, 20.85985636 ], [ -156.669876705, 20.859898182000101 ], [ -156.669912302, 20.859932834000102 ], [ -156.669949804999987, 20.859967486000102 ], [ -156.669977136999989, 20.859969876 ], [ -156.670003197999989, 20.859982421 ], [ -156.670013369, 20.8600338030001 ], [ -156.670016549, 20.860107292000102 ], [ -156.670026721, 20.860192131000101 ], [ -156.670054818000011, 20.860290712000101 ], [ -156.670087618999986, 20.860383915000099 ], [ -156.670133388000011, 20.860543795000101 ], [ -156.670131102, 20.860609755 ], [ -156.670141017, 20.8606276790001 ], [ -156.670168276, 20.860714142000099 ], [ -156.670161412, 20.860757877 ], [ -156.670125563, 20.8608008950001 ], [ -156.670055391, 20.860861837000101 ], [ -156.670043945, 20.860881066 ], [ -156.670019542, 20.860922062 ], [ -156.670004287000012, 20.860947873 ], [ -156.670001529, 20.8609696450001 ], [ -156.67006637, 20.8612570230001 ], [ -156.670142117000012, 20.861454112 ], [ -156.670155567, 20.861479885000101 ], [ -156.67026035, 20.861680667 ], [ -156.670351479, 20.861832278000101 ], [ -156.670386568999987, 20.861912576000101 ], [ -156.670443777, 20.861967063000101 ], [ -156.670517004, 20.862028720000101 ], [ -156.670576438000012, 20.862080213000102 ], [ -156.67059805, 20.862095747000101 ], [ -156.670600592999989, 20.862112476 ], [ -156.67060771300001, 20.862129921000101 ], [ -156.67086826900001, 20.862393077 ], [ -156.671125710000013, 20.862627814000099 ], [ -156.671245215, 20.862768811 ], [ -156.671345796999987, 20.862845742 ], [ -156.671408853, 20.8628820660001 ], [ -156.671617348000012, 20.862984824 ], [ -156.671872117, 20.8631047860001 ], [ -156.672294211, 20.863344642000101 ], [ -156.67261159, 20.8635229540001 ], [ -156.672712026, 20.863617349 ], [ -156.67274523, 20.863668332 ], [ -156.672858125, 20.863774437000099 ], [ -156.672997722, 20.8639938200001 ], [ -156.673247724, 20.864324279000101 ], [ -156.673293494, 20.864400274 ], [ -156.673355824, 20.864536533 ], [ -156.673433859, 20.864707125000098 ], [ -156.673598174, 20.864988404 ], [ -156.673646633, 20.865054497000099 ], [ -156.673723279, 20.865159034 ], [ -156.67385525, 20.865354040000099 ], [ -156.674051773, 20.865640096 ], [ -156.674235869, 20.865865690000099 ], [ -156.674296092, 20.865939175000101 ], [ -156.674538923999989, 20.866176357 ], [ -156.674781036000013, 20.8664001940001 ], [ -156.674758916, 20.8664123830001 ], [ -156.674822231, 20.866474756000098 ], [ -156.674958014999987, 20.866610970000099 ], [ -156.675404932, 20.867038922000098 ], [ -156.675688709000013, 20.867341940000099 ], [ -156.675830341, 20.8674549720001 ], [ -156.675940954, 20.867581628 ], [ -156.67609606900001, 20.867793121 ], [ -156.676152656, 20.867887461000102 ], [ -156.676330566, 20.868164063000101 ], [ -156.676435729, 20.8683293190001 ], [ -156.676824426, 20.868875356 ], [ -156.67704185, 20.869260109 ], [ -156.67711515, 20.869396981 ], [ -156.677185058, 20.869506836 ], [ -156.677392772, 20.869846731000099 ], [ -156.677417765, 20.8698683010001 ], [ -156.677453365, 20.869896021 ], [ -156.67749404700001, 20.869897931 ], [ -156.677515405, 20.869885502 ], [ -156.677527737, 20.8698774960001 ], [ -156.677534220000013, 20.869864948 ], [ -156.677549476, 20.869857420000098 ], [ -156.677559773000013, 20.869856702 ], [ -156.677576173, 20.869850607 ], [ -156.677584563000011, 20.869839852 ], [ -156.677588759, 20.869837342 ], [ -156.677603632, 20.869827304000101 ], [ -156.67760859, 20.869823361 ], [ -156.677621176, 20.869821208000101 ], [ -156.677653214, 20.869812962 ], [ -156.677684105999987, 20.869793961 ], [ -156.677741696, 20.869769939 ], [ -156.677796998, 20.869743408 ], [ -156.677845434, 20.869717953000102 ], [ -156.677863460999987, 20.8697103280001 ], [ -156.677902744, 20.869701722000102 ], [ -156.677935545999986, 20.869703871000102 ], [ -156.677970253000012, 20.869709604 ], [ -156.677998478, 20.869720356000101 ], [ -156.678070948, 20.869763727000102 ], [ -156.678135029, 20.869831117 ], [ -156.678250455000011, 20.8700162270001 ], [ -156.678274615, 20.870068801000102 ], [ -156.678319754, 20.870141092 ], [ -156.678441523, 20.870356926000099 ], [ -156.678603649, 20.87062888 ], [ -156.678727242, 20.870843957 ], [ -156.678811927, 20.8710052650001 ], [ -156.679015371, 20.871352734 ], [ -156.679036429, 20.871392787 ], [ -156.679065927000011, 20.87142433 ], [ -156.679092880000013, 20.871431498 ], [ -156.679122883, 20.871430541000102 ], [ -156.679163566, 20.871415242000101 ], [ -156.679214417999987, 20.871379869000101 ], [ -156.679306457, 20.871299563 ], [ -156.679332136999989, 20.871281223 ], [ -156.679347901, 20.871273336000101 ], [ -156.67936773400001, 20.871273334 ], [ -156.679385532999987, 20.871273572000099 ], [ -156.679392144, 20.871272854 ], [ -156.679397484, 20.871279067 ], [ -156.679401044, 20.871284086000099 ], [ -156.679404096000013, 20.871292689 ], [ -156.679399521, 20.871302965 ], [ -156.679405115, 20.871304638 ], [ -156.679411217, 20.871304637 ], [ -156.679414778, 20.871312285 ], [ -156.679414778, 20.871318260000098 ], [ -156.679407913, 20.8713218450001 ], [ -156.679397233, 20.871324952000101 ], [ -156.67939774300001, 20.871332361 ], [ -156.67940588, 20.8713383350001 ], [ -156.679409948999989, 20.871345026 ], [ -156.679406644000011, 20.871350762000102 ], [ -156.67938503100001, 20.871360084000099 ], [ -156.67933596200001, 20.8714088410001 ], [ -156.679285121, 20.871447276 ], [ -156.679196448, 20.8715058330001 ], [ -156.679181828999987, 20.871516589000102 ], [ -156.679168798, 20.871515992000099 ], [ -156.679160217, 20.871531527000101 ], [ -156.679145598, 20.8715410880001 ], [ -156.679136379999989, 20.871550349000099 ], [ -156.67913320400001, 20.8715691690001 ], [ -156.679160222, 20.871586494 ], [ -156.679178902, 20.871608937000101 ], [ -156.679225183, 20.871660793 ], [ -156.679253665, 20.8716954440001 ], [ -156.679253667000012, 20.871714802 ], [ -156.679254684999989, 20.871734399 ], [ -156.679254432, 20.8717525610001 ], [ -156.67925062, 20.871763316000099 ], [ -156.679244517, 20.871766662 ], [ -156.67923104, 20.871760211 ], [ -156.679214511999987, 20.871754476 ], [ -156.679201289, 20.871753999000099 ], [ -156.679173827, 20.87174492 ], [ -156.679140008, 20.871717917000101 ], [ -156.679109238, 20.871688285000101 ], [ -156.679096523999988, 20.871683267 ], [ -156.679076436, 20.871671798 ], [ -156.679019984, 20.871627112000098 ], [ -156.678995757, 20.871601183000099 ], [ -156.67896524, 20.871553986 ], [ -156.678965557, 20.871533075000102 ], [ -156.678973183000011, 20.871513657 ], [ -156.678981764000014, 20.871497824000102 ], [ -156.678987801, 20.871477211000101 ], [ -156.678970953, 20.871444053000101 ], [ -156.67895187900001, 20.871406713000098 ], [ -156.678920940000012, 20.8713714350001 ], [ -156.678912037, 20.871327821 ], [ -156.678891692, 20.8712883900001 ], [ -156.678844645999988, 20.8712178930001 ], [ -156.678795056000013, 20.871133057000101 ], [ -156.678701104999988, 20.870985897 ], [ -156.67857446, 20.870762216000099 ], [ -156.678495118, 20.870628151000101 ], [ -156.678335163000014, 20.870375555000098 ], [ -156.678164269, 20.870067755 ], [ -156.678103467, 20.869974937000102 ], [ -156.678069898, 20.869908621 ], [ -156.678053876, 20.869863813000102 ], [ -156.678024124, 20.869834419 ], [ -156.678006961, 20.869822232 ], [ -156.677988271, 20.869813271000101 ], [ -156.677975304, 20.869815424 ], [ -156.677961954000011, 20.869810405000099 ], [ -156.677937162, 20.869800728 ], [ -156.677913515, 20.869798578 ], [ -156.677890631, 20.869802165000099 ], [ -156.677855543, 20.869820808 ], [ -156.677825414000012, 20.869832999 ], [ -156.677787274, 20.869848774 ], [ -156.677731591, 20.869876022 ], [ -156.677704512, 20.869887137 ], [ -156.677642251, 20.869925999 ], [ -156.677564384, 20.8699597610001 ], [ -156.677530376, 20.8699746990001 ], [ -156.67751607400001, 20.8699818700001 ], [ -156.677507176, 20.869995911 ], [ -156.677505905, 20.870005769 ], [ -156.677503046, 20.870018017000099 ], [ -156.677504068, 20.8700288520001 ], [ -156.677856446, 20.8706054680001 ], [ -156.677913926, 20.870720429000102 ], [ -156.677919317, 20.870728904 ], [ -156.677958608000012, 20.870797729000099 ], [ -156.67799224, 20.870857656000101 ], [ -156.678000233, 20.870853321 ], [ -156.678053191, 20.870937538000099 ], [ -156.678029726, 20.870952030000101 ], [ -156.678417671, 20.871727921000101 ], [ -156.678556232, 20.871963056 ], [ -156.67884134, 20.871791695000098 ], [ -156.67894814600001, 20.8719311350001 ], [ -156.678637058, 20.872121545 ], [ -156.67867743, 20.872198614000101 ], [ -156.678636430000012, 20.872217736 ], [ -156.678739936, 20.872425884000101 ], [ -156.678835115, 20.8726392300001 ], [ -156.678838297, 20.872690612 ], [ -156.678828767999988, 20.872764101 ], [ -156.67882432, 20.872787402 ], [ -156.678801437, 20.872806522000101 ], [ -156.678730548, 20.872860463000102 ], [ -156.678516191, 20.87302357 ], [ -156.678510743, 20.873017191 ], [ -156.678333849000012, 20.873124764000099 ], [ -156.678380436999987, 20.873181544 ], [ -156.678427425, 20.873157642 ], [ -156.678479205, 20.873234958000101 ], [ -156.678542517000011, 20.873204124 ], [ -156.678608394, 20.8733015080001 ], [ -156.678549554, 20.873338674 ], [ -156.678589073000012, 20.8734009030001 ], [ -156.678595175, 20.873397748000102 ], [ -156.678613791, 20.873426568000099 ], [ -156.678610892, 20.873428719000099 ], [ -156.678618174, 20.873441188000101 ], [ -156.67855827, 20.873473789000101 ], [ -156.67855766, 20.873476084000099 ], [ -156.678537444999989, 20.873486945 ], [ -156.678588117, 20.873572468000098 ], [ -156.678566822, 20.873585912000099 ], [ -156.678572226, 20.873597263 ], [ -156.67858049, 20.873592783 ], [ -156.678582715, 20.873596665 ], [ -156.678633886, 20.873569478 ], [ -156.6786768, 20.873642365 ], [ -156.678616544, 20.873671968000099 ], [ -156.678631804, 20.873715582 ], [ -156.67864007, 20.873740077 ], [ -156.678654058, 20.873769949000099 ], [ -156.678703061, 20.873838775 ], [ -156.678713183000013, 20.873852992 ], [ -156.678807647000014, 20.873965863 ], [ -156.678917504, 20.8740843910001 ], [ -156.678927929999986, 20.8741008000001 ], [ -156.678920303000012, 20.874108926000101 ], [ -156.679073389, 20.874260431 ], [ -156.679204099, 20.874408114000101 ], [ -156.679388404, 20.874617471 ], [ -156.67946088, 20.8747009910001 ], [ -156.679664702999986, 20.8749370200001 ], [ -156.679903182, 20.875207145 ], [ -156.679913555000013, 20.875200453 ], [ -156.679934917, 20.875228174 ], [ -156.679947731999988, 20.875219761 ], [ -156.679946105, 20.875217466 ], [ -156.679962174, 20.87520542 ], [ -156.680065619, 20.875334018 ], [ -156.68008151, 20.875324159000101 ], [ -156.680108530000012, 20.875358511000101 ], [ -156.680193007000014, 20.875301576 ], [ -156.68020554, 20.875293129000099 ], [ -156.680229343, 20.875322378000099 ], [ -156.680244803, 20.875329068 ], [ -156.680258637, 20.8753453190001 ], [ -156.680263316, 20.875342068000101 ], [ -156.680266367, 20.8753460830001 ], [ -156.680295457, 20.875347801 ], [ -156.680300542999987, 20.875350477 ], [ -156.680356984000014, 20.875409604 ], [ -156.68034452500001, 20.875419403 ], [ -156.68034834, 20.875423944 ], [ -156.680327999000014, 20.87543924 ], [ -156.680321252999988, 20.875447223 ], [ -156.680321561, 20.8754499070001 ], [ -156.680324816, 20.87547829 ], [ -156.680360927, 20.8755150910001 ], [ -156.68039653, 20.875565275 ], [ -156.680412297, 20.8755777010001 ], [ -156.680419925, 20.875582002 ], [ -156.6804301, 20.875575144 ], [ -156.680477423000013, 20.875543250000099 ], [ -156.680541508, 20.875624499 ], [ -156.680536931, 20.875627368 ], [ -156.680597498, 20.875701448 ], [ -156.680610974, 20.875692605 ], [ -156.680664379, 20.875756648 ], [ -156.680670462, 20.875766008 ], [ -156.680620255, 20.875794554 ], [ -156.680687321, 20.875871938 ], [ -156.680717257, 20.875858969 ], [ -156.680739254, 20.875872988 ], [ -156.68079075, 20.8759231700001 ], [ -156.68083144, 20.8759847060001 ], [ -156.680853093, 20.875993826000101 ], [ -156.680872216000012, 20.876007207 ], [ -156.680889915, 20.876018868000099 ], [ -156.680892967, 20.8760299570001 ], [ -156.68091209100001, 20.876050412 ], [ -156.680930604, 20.876061882 ], [ -156.680944641, 20.8760769850001 ], [ -156.680957052999986, 20.876099161000099 ], [ -156.680966614999988, 20.876123059000101 ], [ -156.680976725, 20.876146722 ], [ -156.680981051, 20.876176355 ], [ -156.680990211, 20.87624112 ], [ -156.68100598, 20.876282940000099 ], [ -156.681010305, 20.876306838000101 ], [ -156.681011070000011, 20.8763212960001 ], [ -156.681033195, 20.876357382 ], [ -156.681036248, 20.876368374 ], [ -156.680971050000011, 20.8764074310001 ], [ -156.681026293, 20.876517918 ], [ -156.681029231, 20.87652015 ], [ -156.681046396, 20.8765359820001 ], [ -156.681058793, 20.8765350850001 ], [ -156.68106801, 20.876529408000099 ], [ -156.681078816, 20.876524328000102 ], [ -156.681095663, 20.876522833 ], [ -156.681108376, 20.876515364000099 ], [ -156.681116003999989, 20.876515662 ], [ -156.681123952, 20.876528507 ], [ -156.681255494, 20.876690467000099 ], [ -156.681368012, 20.876817776000099 ], [ -156.681357716, 20.876843946000101 ], [ -156.681313475, 20.876883024000101 ], [ -156.681319579, 20.87689808 ], [ -156.681318819000012, 20.876919230000102 ], [ -156.681324923, 20.876940021000099 ], [ -156.681335028, 20.876956231000101 ], [ -156.681355374, 20.876990166 ], [ -156.681397336, 20.877041782 ], [ -156.681422511, 20.877066396 ], [ -156.681541205, 20.877210749 ], [ -156.68168006, 20.877389498000099 ], [ -156.681807013999986, 20.877531961 ], [ -156.681951969000011, 20.877686094000101 ], [ -156.682028261999989, 20.877762562 ], [ -156.682089298, 20.877837836 ], [ -156.682105422, 20.877865724000099 ], [ -156.682190616000014, 20.877956530000102 ], [ -156.682247518, 20.878023441 ], [ -156.682347748000012, 20.878125060000102 ], [ -156.682412598000013, 20.878208101 ], [ -156.682460784, 20.878243148 ], [ -156.682533579, 20.878310655000099 ], [ -156.682603195000013, 20.8783638210001 ], [ -156.682650552000013, 20.878381321000099 ], [ -156.682679162, 20.878401930000098 ], [ -156.68271667, 20.878413578 ], [ -156.682749728, 20.87842642 ], [ -156.682776112, 20.878444341 ], [ -156.682804084999987, 20.878461367000099 ], [ -156.682830153, 20.8784942240001 ], [ -156.682848908000011, 20.878510653 ], [ -156.682867980999987, 20.878539628000102 ], [ -156.682898425, 20.878572594 ], [ -156.6830636, 20.878736761 ], [ -156.68315388100001, 20.878829344000099 ], [ -156.683237779, 20.878934588 ], [ -156.683181205000011, 20.87896865 ], [ -156.683232069000013, 20.879034365000098 ], [ -156.68324821600001, 20.879030879 ], [ -156.683285342, 20.879043063 ], [ -156.6833095, 20.879044495000102 ], [ -156.683338743, 20.879052617000099 ], [ -156.683362647, 20.879062652000101 ], [ -156.683385941000012, 20.879076415 ], [ -156.683406287, 20.879106048 ], [ -156.68342714100001, 20.879132334000101 ], [ -156.683451555, 20.879152884000099 ], [ -156.683480038999988, 20.879185383 ], [ -156.683501909, 20.879204977 ], [ -156.683538326, 20.879239022 ], [ -156.683560452, 20.87926937 ], [ -156.68357622100001, 20.879294223 ], [ -156.683594277, 20.879313101 ], [ -156.683627591, 20.879341059000101 ], [ -156.683728432, 20.879414879 ], [ -156.683811845, 20.879481786 ], [ -156.683818551, 20.879491624 ], [ -156.683850339, 20.879514324000102 ], [ -156.683864643, 20.8795170110001 ], [ -156.683872271000013, 20.879515815 ], [ -156.68389611, 20.8795101380001 ], [ -156.683927897, 20.879520889 ], [ -156.683959049, 20.879542992 ], [ -156.683980666, 20.879571368 ], [ -156.684001329000012, 20.879588991 ], [ -156.68402389900001, 20.8795997440001 ], [ -156.684038521, 20.879611692 ], [ -156.684064904, 20.879617066 ], [ -156.684078891000013, 20.879633196 ], [ -156.684087439, 20.879652363 ], [ -156.684105241, 20.879675543000101 ], [ -156.684118211999987, 20.879695139 ], [ -156.684146614000014, 20.879717036 ], [ -156.684147966000012, 20.879718078000099 ], [ -156.684157376, 20.879729549 ], [ -156.684207727, 20.8797553540001 ], [ -156.684226902, 20.87976387 ], [ -156.684249685999987, 20.87977399 ], [ -156.684290672, 20.879793160000101 ], [ -156.684303067, 20.8798083 ], [ -156.684326172, 20.8798217780001 ], [ -156.684371973, 20.879877757 ], [ -156.684584717, 20.880030838 ], [ -156.684598996, 20.880043523 ], [ -156.684615848, 20.880089526000098 ], [ -156.684632062, 20.880117306 ], [ -156.684652723999989, 20.88013463 ], [ -156.684703585, 20.880163004000099 ], [ -156.684747134, 20.880186898 ], [ -156.684831626, 20.8802353680001 ], [ -156.684887701, 20.880270492 ], [ -156.684939577, 20.88028626 ], [ -156.685036462, 20.88030023 ], [ -156.685156995999989, 20.880317065 ], [ -156.68521224700001, 20.880324515 ], [ -156.68533113, 20.8803591550001 ], [ -156.685524079, 20.88043292 ], [ -156.68561145000001, 20.880457427000099 ], [ -156.685700964, 20.8804956540001 ], [ -156.685766067, 20.880544400000101 ], [ -156.68590699, 20.880675080000099 ], [ -156.685921709000013, 20.880688729 ], [ -156.686203483000014, 20.8808712810001 ], [ -156.686422594, 20.881003176 ], [ -156.686589424, 20.8811322080001 ], [ -156.686696233, 20.881194331000099 ], [ -156.686798973, 20.881253586000099 ], [ -156.686939356000011, 20.881374019000098 ], [ -156.687131618, 20.881524077000101 ], [ -156.687428274000013, 20.881795528000101 ], [ -156.687626650999988, 20.882023734 ], [ -156.687738564, 20.8822101280001 ], [ -156.687764155, 20.882307033000099 ], [ -156.687767220000012, 20.882401671 ], [ -156.687732152, 20.882582347 ], [ -156.687723637, 20.882615249 ], [ -156.687744141, 20.88269043 ], [ -156.687653168999987, 20.882887535000101 ], [ -156.687648282, 20.88290642 ], [ -156.687579658, 20.883154494000099 ], [ -156.68756574, 20.883222362 ], [ -156.687471677, 20.8834004170001 ], [ -156.687330575, 20.8836262740001 ], [ -156.687283906, 20.883687604 ], [ -156.687011719, 20.8842773430001 ], [ -156.686756965, 20.884871767 ], [ -156.686761724, 20.8848727600001 ], [ -156.686769049, 20.8848825100001 ], [ -156.686777594, 20.884882509 ], [ -156.686787765, 20.884873905000099 ], [ -156.686789392, 20.884875051000101 ], [ -156.687193017, 20.885331021000098 ], [ -156.687195483000011, 20.885335463 ], [ -156.687196297000014, 20.885340435 ], [ -156.687199146000012, 20.885340817 ], [ -156.687201994, 20.8853431100001 ], [ -156.687203012, 20.885352287 ], [ -156.687213388, 20.8853633750001 ], [ -156.687218272, 20.885367772000102 ], [ -156.687223154, 20.885367006 ], [ -156.687223154, 20.8853693 ], [ -156.687220102999987, 20.8853735070001 ], [ -156.687228039, 20.8853832570001 ], [ -156.687233735, 20.885384977000101 ], [ -156.687240245, 20.885388417000101 ], [ -156.687238618, 20.885390330000099 ], [ -156.687239839999989, 20.885394535 ], [ -156.68724228100001, 20.885398932 ], [ -156.687242688999987, 20.885405242 ], [ -156.687238009999987, 20.885407345 ], [ -156.687231703, 20.885403713000098 ], [ -156.68723211, 20.885397977 ], [ -156.687227633, 20.885391095 ], [ -156.687224987, 20.885385933000101 ], [ -156.687221935, 20.885380963 ], [ -156.687218883000014, 20.885376948 ], [ -156.687217256, 20.885375228 ], [ -156.687211763, 20.8853794350001 ], [ -156.687208713, 20.8853840240001 ], [ -156.687204439999988, 20.8853844070001 ], [ -156.687201593, 20.885386319000101 ], [ -156.687204442, 20.885393392 ], [ -156.687205866999989, 20.885400275000102 ], [ -156.687215226, 20.885410025000098 ], [ -156.687220516999986, 20.885416715000101 ], [ -156.687220518, 20.885423598 ], [ -156.687216651999989, 20.885425511000101 ], [ -156.687211566, 20.885423981 ], [ -156.68720668200001, 20.885413276000101 ], [ -156.687203019, 20.885406584000101 ], [ -156.687199561, 20.885408305000102 ], [ -156.687196916, 20.8854084970001 ], [ -156.68718959200001, 20.885407351 ], [ -156.687185118, 20.885409072000101 ], [ -156.687185320999987, 20.885413470000099 ], [ -156.687195901, 20.885417101 ], [ -156.687198546, 20.885419012000099 ], [ -156.687212788000011, 20.8854367910001 ], [ -156.687217876, 20.8854478800001 ], [ -156.687220522, 20.885454571 ], [ -156.687221743, 20.885460306 ], [ -156.687233544, 20.885475791 ], [ -156.687240258, 20.8854824810001 ], [ -156.687244911, 20.885482447000101 ], [ -156.687245827, 20.885488183000099 ], [ -156.687250404999986, 20.885495352000099 ], [ -156.687255899, 20.885498649000098 ], [ -156.687257272000011, 20.8855018040001 ], [ -156.687260019, 20.885508686 ], [ -156.687265207, 20.88551141 ], [ -156.687267496, 20.885513417 ], [ -156.687269022, 20.885517289000099 ], [ -156.68727772, 20.885522592 ], [ -156.687288402, 20.885534493 ], [ -156.687290692, 20.885539511 ], [ -156.687292217, 20.885543383 ], [ -156.687296796, 20.8855453900001 ], [ -156.68730702, 20.885558007 ], [ -156.687312319, 20.885560465 ], [ -156.687315523, 20.885561754 ], [ -156.687316134000014, 20.885567921000099 ], [ -156.687318424000011, 20.88557466 ], [ -156.687324832, 20.885575806000102 ], [ -156.687334904000011, 20.885588136 ], [ -156.687336278, 20.885593441 ], [ -156.687340092999989, 20.8855984590001 ], [ -156.687347112, 20.885601757000099 ], [ -156.687350927000011, 20.885603334000098 ], [ -156.687351691, 20.8856086390001 ], [ -156.687355047000011, 20.885612654000099 ], [ -156.687359015, 20.885617242 ], [ -156.687362983000014, 20.885624841 ], [ -156.687378376999987, 20.88564201 ], [ -156.687383106, 20.8856427270001 ], [ -156.687384938, 20.885646024 ], [ -156.687387228, 20.88565133 ], [ -156.687391043, 20.885654483000099 ], [ -156.687396076999988, 20.885654483000099 ], [ -156.68740096, 20.885659788000101 ], [ -156.687402639999988, 20.885663085 ], [ -156.687407369999988, 20.885664949 ], [ -156.687409659, 20.885667817000101 ], [ -156.687409965, 20.885672405 ], [ -156.687410881, 20.885680005 ], [ -156.687422784, 20.885692335 ], [ -156.687428277, 20.885694915 ], [ -156.687432855, 20.885699646 ], [ -156.687434382, 20.885704808000099 ], [ -156.687438502, 20.8857104000001 ], [ -156.687442469, 20.8857171390001 ], [ -156.68744781, 20.885715274000098 ], [ -156.687456355, 20.885720866 ], [ -156.687462915, 20.885716563000098 ], [ -156.687457116, 20.885710254000099 ], [ -156.687458184, 20.88570753 ], [ -156.687465049, 20.88570251 ], [ -156.68747283, 20.885699498000101 ], [ -156.687474508, 20.8856969170001 ], [ -156.687482023, 20.88569819 ], [ -156.687484262, 20.885700676000098 ], [ -156.687488941999987, 20.885709087000102 ], [ -156.687496673, 20.885715013 ], [ -156.687501962999988, 20.885718836 ], [ -156.687510712, 20.8857270560001 ], [ -156.687508271000013, 20.885733557 ], [ -156.687507458999988, 20.885739867 ], [ -156.687505628999986, 20.885742925 ], [ -156.687514986, 20.885746748 ], [ -156.687517428, 20.885749616000101 ], [ -156.687517836000012, 20.8857536310001 ], [ -156.68752292100001, 20.885754012000099 ], [ -156.687524143, 20.885758027000101 ], [ -156.687524144, 20.885765675000101 ], [ -156.687530044, 20.885767395000101 ], [ -156.687534927, 20.88576835 ], [ -156.687542048000012, 20.8857769520001 ], [ -156.68754693, 20.8857773350001 ], [ -156.687554459000012, 20.885786319 ], [ -156.68755446, 20.88579129 ], [ -156.687545713, 20.885799321 ], [ -156.687536965, 20.885804293 ], [ -156.687526387, 20.885803721000102 ], [ -156.687523946, 20.885806206 ], [ -156.687524964, 20.8858090740001 ], [ -156.687540582, 20.885827457000101 ], [ -156.687548211, 20.8858298930001 ], [ -156.687548670000012, 20.8858395 ], [ -156.687552790000012, 20.885843515 ], [ -156.687557215, 20.885847959 ], [ -156.687563777, 20.8858557020001 ], [ -156.687567439, 20.885855988000099 ], [ -156.687571101, 20.885856275 ], [ -156.68757217000001, 20.885858711 ], [ -156.687572171, 20.8858633 ], [ -156.687580258, 20.885874196 ], [ -156.687586362, 20.885880936 ], [ -156.687590787, 20.885882512 ], [ -156.687595365, 20.885883372 ], [ -156.687595366000011, 20.885889681 ], [ -156.687594908, 20.885894269000101 ], [ -156.687592316, 20.885900149000101 ], [ -156.687588196, 20.885900437 ], [ -156.687576447999987, 20.885902445000099 ], [ -156.687572939, 20.885905027 ], [ -156.687546234, 20.885874774000101 ], [ -156.687549741, 20.8858645930001 ], [ -156.687539212, 20.885855561 ], [ -156.687530665999986, 20.885845095 ], [ -156.687526241, 20.88583893 ], [ -156.687517544, 20.885836923000099 ], [ -156.687512661, 20.885832908000101 ], [ -156.687511439, 20.885825739 ], [ -156.687502741, 20.885817423 ], [ -156.687502263, 20.885811161 ], [ -156.687494176, 20.885804709000102 ], [ -156.687490972, 20.885802129000101 ], [ -156.687485020999986, 20.885800839000101 ], [ -156.68747525500001, 20.885793814000099 ], [ -156.687464877999986, 20.885784495000099 ], [ -156.687471133, 20.8857783280001 ], [ -156.687467928, 20.885772737 ], [ -156.687459383, 20.885764134000102 ], [ -156.687447021999986, 20.885749653000101 ], [ -156.687442806, 20.885743183 ], [ -156.687436856, 20.88574046 ], [ -156.687434871, 20.885736588 ], [ -156.687432582000014, 20.885728559 ], [ -156.687406028999987, 20.885697876000101 ], [ -156.687392142, 20.885680097 ], [ -156.687364368, 20.885648985 ], [ -156.687356744999988, 20.8856380880001 ], [ -156.687345810000011, 20.885631638000099 ], [ -156.687341739, 20.885624707 ], [ -156.687334618, 20.885613476000099 ], [ -156.687259334, 20.885525061000099 ], [ -156.687215335, 20.885478225 ], [ -156.687214038, 20.885472728 ], [ -156.68720768, 20.885469861 ], [ -156.687205645, 20.885463410000099 ], [ -156.687188604, 20.885448594 ], [ -156.687180974, 20.885437602 ], [ -156.687177158999987, 20.885430433000099 ], [ -156.687166222, 20.885416812000098 ], [ -156.687160119, 20.885416813000099 ], [ -156.687157574999986, 20.885410121000099 ], [ -156.687140535, 20.885391483 ], [ -156.687136212000013, 20.885391006000098 ], [ -156.687135195, 20.885387181000102 ], [ -156.687120699, 20.885378341 ], [ -156.687114595, 20.885372606 ], [ -156.687110017, 20.885371173000099 ], [ -156.687108744999989, 20.885365199 ], [ -156.687108490000014, 20.885360897000101 ], [ -156.687103911, 20.885351338000099 ], [ -156.687091195, 20.885340585000101 ], [ -156.687083565, 20.885335089 ], [ -156.687075937, 20.885332342 ], [ -156.687075428000014, 20.885328518000101 ], [ -156.687076698, 20.885322543 ], [ -156.687062964, 20.8853105960001 ], [ -156.687057877, 20.885304383000101 ], [ -156.687053299000013, 20.885296019000101 ], [ -156.687041346, 20.885285744 ], [ -156.687031937, 20.885282877000101 ], [ -156.686727884, 20.884939624 ], [ -156.686712971, 20.88497442 ], [ -156.686717859, 20.884980544 ], [ -156.686736171, 20.885000616000099 ], [ -156.686749524, 20.885019256000099 ], [ -156.686757916, 20.885022123000098 ], [ -156.68677394, 20.885047572000101 ], [ -156.686797233, 20.885073380000101 ], [ -156.686819359, 20.8850910620001 ], [ -156.686850134, 20.885128340000101 ], [ -156.686886504, 20.885168963000101 ], [ -156.686902272, 20.885186407 ], [ -156.686919354, 20.885200644000101 ], [ -156.686965451, 20.885245448 ], [ -156.686992473, 20.8852702400001 ], [ -156.687007733, 20.885286071000099 ], [ -156.687039526, 20.8853329670001 ], [ -156.687060825, 20.885344317 ], [ -156.687071317, 20.88536463 ], [ -156.687083715, 20.885377473000101 ], [ -156.687119636, 20.88541916 ], [ -156.687141, 20.885443175 ], [ -156.687161982, 20.885462889000099 ], [ -156.687192119, 20.885483318000102 ], [ -156.687209286000012, 20.885503749000101 ], [ -156.687219969000012, 20.8855188040001 ], [ -156.687235609999988, 20.885533858 ], [ -156.687247437, 20.885548913 ], [ -156.687258501, 20.885566119 ], [ -156.687261936999988, 20.885587985 ], [ -156.687261177000011, 20.88561272 ], [ -156.687260798000011, 20.885629927 ], [ -156.687255459999989, 20.885642115000099 ], [ -156.687249359, 20.885661116000101 ], [ -156.687244023, 20.885689436000099 ], [ -156.687234311999987, 20.885713814 ], [ -156.687219693, 20.8857383110001 ], [ -156.687213023, 20.885771173 ], [ -156.687206034000013, 20.8858022410001 ], [ -156.687197454, 20.885821958000101 ], [ -156.687180612, 20.885858705 ], [ -156.687172667999988, 20.885877227 ], [ -156.687157094000014, 20.885896346 ], [ -156.687148832, 20.88590979 ], [ -156.687132303, 20.885918754 ], [ -156.687123086000014, 20.885924731 ], [ -156.687102425, 20.8859232390001 ], [ -156.68708367, 20.885916669 ], [ -156.687067774000013, 20.885905917000098 ], [ -156.687057918, 20.885885305 ], [ -156.687057915, 20.885862303000099 ], [ -156.687070944, 20.885831234 ], [ -156.687091283, 20.885802255 ], [ -156.687104312, 20.885780148 ], [ -156.68711162, 20.885753858 ], [ -156.687121471000012, 20.885727269 ], [ -156.687127823999987, 20.885702475000102 ], [ -156.687143079, 20.8856836530001 ], [ -156.687150069000012, 20.885661247 ], [ -156.687158362, 20.885636690000101 ], [ -156.687159505000011, 20.885619125000101 ], [ -156.687164461, 20.885605502 ], [ -156.687160645, 20.885586504000099 ], [ -156.687158735, 20.885572881 ], [ -156.687143475, 20.885550299 ], [ -156.687121346999987, 20.88552485 ], [ -156.687100364, 20.885496533 ], [ -156.687079382, 20.885471442 ], [ -156.687052295, 20.885438466 ], [ -156.687039704, 20.885415525 ], [ -156.687032073000012, 20.885397602000101 ], [ -156.687012204000013, 20.885382936 ], [ -156.686994082000012, 20.885358443 ], [ -156.686956251, 20.885322301 ], [ -156.686942582, 20.885313341 ], [ -156.686936858, 20.885293625 ], [ -156.686915559, 20.8852843670001 ], [ -156.686901891, 20.885281381 ], [ -156.686876143, 20.885288255 ], [ -156.686857709, 20.885301701000099 ], [ -156.686979883, 20.885437928 ], [ -156.686970119, 20.885444095 ], [ -156.686817462, 20.885274171 ], [ -156.68679228900001, 20.885282777 ], [ -156.686773982, 20.885300702000102 ], [ -156.686732025999987, 20.885330103000101 ], [ -156.686889459000014, 20.885507052 ], [ -156.68687992400001, 20.885514223 ], [ -156.686723508999989, 20.885336437 ], [ -156.686714736999988, 20.885346475000102 ], [ -156.686715501, 20.8853583050001 ], [ -156.686728091, 20.885377303 ], [ -156.686735340000013, 20.885388773 ], [ -156.686749837, 20.885406695 ], [ -156.68675785, 20.885417449 ], [ -156.686769296, 20.8854396730001 ], [ -156.686777689, 20.885452935 ], [ -156.686794094, 20.885473008000101 ], [ -156.686806302, 20.885486270000101 ], [ -156.686818128, 20.885500967 ], [ -156.686823852, 20.885515664 ], [ -156.686834915, 20.8855325100001 ], [ -156.686841783, 20.885539679 ], [ -156.686847506, 20.8855550930001 ], [ -156.686847126, 20.885566206000099 ], [ -156.686835303, 20.8855755270001 ], [ -156.686816612, 20.885576605 ], [ -156.686803642, 20.885566211 ], [ -156.686791433, 20.885545062000102 ], [ -156.686779605, 20.885519611000099 ], [ -156.686773878999986, 20.885489142 ], [ -156.686757857, 20.885474088 ], [ -156.686743359, 20.885456524000102 ], [ -156.686727337, 20.885443621 ], [ -156.686712839, 20.885422472000101 ], [ -156.686699105, 20.88539989 ], [ -156.686689567, 20.885384835 ], [ -156.686680411, 20.885376233 ], [ -156.686670111000012, 20.885367631000101 ], [ -156.686646844, 20.885374445 ], [ -156.686621287, 20.885375881000101 ], [ -156.686592679, 20.8853776760001 ], [ -156.686576944, 20.885373496000099 ], [ -156.686554374, 20.885367226 ], [ -156.686539753, 20.8853651370001 ], [ -156.686524811999988, 20.885361852000099 ], [ -156.686504786, 20.885355581000098 ], [ -156.686486984999988, 20.885350505000101 ], [ -156.686465929, 20.88535132 ], [ -156.68646378, 20.885351403000101 ], [ -156.686453291, 20.885358873 ], [ -156.686431994, 20.885360668 ], [ -156.686417374, 20.885366943000101 ], [ -156.686403388, 20.885370828000099 ], [ -156.686392581, 20.885376505000099 ], [ -156.686381775, 20.8853887540001 ], [ -156.686380823, 20.885399509 ], [ -156.686386863, 20.8854033910001 ], [ -156.686395763, 20.885405481000099 ], [ -156.686403393, 20.885405779000099 ], [ -156.686361258, 20.885479251 ], [ -156.686309462, 20.8855425570001 ], [ -156.686164014000013, 20.885472832000101 ], [ -156.686138586, 20.885483828000101 ], [ -156.686113669, 20.885514899 ], [ -156.686090279000013, 20.885555051 ], [ -156.686065872, 20.885595203 ], [ -156.686066383, 20.8856124100001 ], [ -156.686196785, 20.885680274 ], [ -156.686232947, 20.885699093 ], [ -156.686155402999987, 20.885826958000099 ], [ -156.686108728, 20.8858329020001 ], [ -156.6860713, 20.885834901000099 ], [ -156.685987684, 20.885839368000099 ], [ -156.685886474, 20.885834122000102 ], [ -156.685872996, 20.885833167 ], [ -156.685683022, 20.886016 ], [ -156.685568545, 20.886171950000101 ], [ -156.685411902999988, 20.886483602000101 ], [ -156.685304107, 20.886690096000098 ], [ -156.685228848, 20.886796213 ], [ -156.685174429999989, 20.8869489460001 ], [ -156.685111139000014, 20.887184113 ], [ -156.685080642, 20.887337544 ], [ -156.685003817, 20.887677419000099 ], [ -156.684980445, 20.887869566000099 ], [ -156.684918526, 20.888243821000099 ], [ -156.684918548000013, 20.888425449000099 ], [ -156.68492074400001, 20.888447683 ], [ -156.684936371, 20.888605881 ], [ -156.684971862999987, 20.88874858 ], [ -156.685000381, 20.889056388 ], [ -156.684995695, 20.889215601 ], [ -156.684995316999988, 20.889228458 ], [ -156.685005505, 20.889360376000099 ], [ -156.68506131800001, 20.889525816000099 ], [ -156.685074557, 20.889651999 ], [ -156.68523957, 20.8901076440001 ], [ -156.685320109, 20.890322928 ], [ -156.685376722, 20.890568478 ], [ -156.685467719, 20.891113982 ], [ -156.685479562000012, 20.891184981 ], [ -156.685485809, 20.891272957000101 ], [ -156.685500106, 20.891360219 ], [ -156.685494624, 20.891417784000101 ], [ -156.685459126000012, 20.891420533 ], [ -156.685446738, 20.891505373 ], [ -156.685454244999988, 20.8915807270001 ], [ -156.685465818000011, 20.891596558000099 ], [ -156.68547472, 20.8916094030001 ], [ -156.685475069, 20.891623114 ], [ -156.685475358, 20.891634496000101 ], [ -156.685475677999989, 20.8916443540001 ], [ -156.685477903, 20.8916503290001 ], [ -156.685491254999988, 20.891652717000099 ], [ -156.685492225, 20.891781469 ], [ -156.68547303, 20.892025725000099 ], [ -156.685466016, 20.892070894 ], [ -156.685458006, 20.892072687000098 ], [ -156.685454574, 20.892080574 ], [ -156.685453432, 20.8920999320001 ], [ -156.685468579, 20.892108283 ], [ -156.685478753000012, 20.8921182230001 ], [ -156.685482619999988, 20.892141165000101 ], [ -156.685470622, 20.8921790210001 ], [ -156.685468590999989, 20.892207126000098 ], [ -156.685452938999987, 20.8923124360001 ], [ -156.685432923, 20.8923969790001 ], [ -156.685409414, 20.89253956 ], [ -156.685374614000011, 20.892766521000102 ], [ -156.685362731, 20.892881825000099 ], [ -156.685347823, 20.892980109000099 ], [ -156.685329529, 20.893107013000101 ], [ -156.685315042000013, 20.893174551000101 ], [ -156.685297188, 20.8932568930001 ], [ -156.685291023, 20.893285323 ], [ -156.68527082, 20.893393943 ], [ -156.685269295000012, 20.893408067000099 ], [ -156.685250606000011, 20.893426709 ], [ -156.685233446000012, 20.893472238000101 ], [ -156.685222388999989, 20.893519916000098 ], [ -156.685224682000012, 20.893553254 ], [ -156.685208289, 20.893638932 ], [ -156.685202193, 20.8936989420001 ], [ -156.685176651, 20.893829071 ], [ -156.685155302, 20.8939362580001 ], [ -156.685133195, 20.89408553 ], [ -156.685126378, 20.8941414170001 ], [ -156.685117190999989, 20.8942167330001 ], [ -156.685120250000011, 20.894283553 ], [ -156.685118151000012, 20.894320853000099 ], [ -156.685074846, 20.894321779000101 ], [ -156.685044788, 20.894322421 ], [ -156.685032581, 20.894324573000102 ], [ -156.685018084, 20.894305217000099 ], [ -156.685008923, 20.894256466000101 ], [ -156.685031034, 20.894152505 ], [ -156.685045519, 20.894054281 ], [ -156.685042405, 20.894028443 ], [ -156.684988985, 20.8939101510001 ], [ -156.684963635, 20.893875113 ], [ -156.68494634000001, 20.893851216 ], [ -156.684918872999987, 20.893834013000099 ], [ -156.68488632, 20.893829236 ], [ -156.684812231, 20.893822791 ], [ -156.684738484, 20.8938538670001 ], [ -156.68470636, 20.893937715 ], [ -156.684715015, 20.894009409 ], [ -156.684712983999987, 20.894040955 ], [ -156.684702304000012, 20.894044302000101 ], [ -156.684694674000013, 20.894042869 ], [ -156.684678399, 20.894047651000101 ], [ -156.684659071999988, 20.8940576900001 ], [ -156.684629066000014, 20.894081113 ], [ -156.684602111, 20.894097845 ], [ -156.684582785, 20.894101671 ], [ -156.684571594, 20.894098326000101 ], [ -156.684545654, 20.89408638 ], [ -156.684533955, 20.8940854250001 ], [ -156.684510051, 20.894094031000101 ], [ -156.684481569000013, 20.894095468 ], [ -156.684470887, 20.894086865000101 ], [ -156.684454100000011, 20.894063925000101 ], [ -156.684431211, 20.894062016000099 ], [ -156.68440171200001, 20.894066798 ], [ -156.68440019, 20.894099778000101 ], [ -156.684403753, 20.8941179400001 ], [ -156.68440935000001, 20.894142316000099 ], [ -156.684413420999988, 20.894160001 ], [ -156.684414441, 20.894172906000101 ], [ -156.684431225999987, 20.894185809000099 ], [ -156.684461744, 20.8941939310001 ], [ -156.684469375, 20.894201578 ], [ -156.684480056000012, 20.894209703000101 ], [ -156.684484127, 20.894218306 ], [ -156.684492266, 20.894232165000101 ], [ -156.684500406000012, 20.8942488930001 ], [ -156.684508545999989, 20.8942632320001 ], [ -156.684506004000013, 20.894272792 ], [ -156.684506006, 20.894293822000101 ], [ -156.684509059, 20.894304815000101 ], [ -156.68452381, 20.894315807000101 ], [ -156.684531948, 20.8943148500001 ], [ -156.684547714, 20.894304333 ], [ -156.684572126, 20.894289992 ], [ -156.68458179000001, 20.894288079 ], [ -156.684595522, 20.894291901 ], [ -156.684602645000012, 20.89430385 ], [ -156.68460875, 20.894317232 ], [ -156.684631639, 20.894328700000099 ], [ -156.684665208000013, 20.894329653000099 ], [ -156.684685553, 20.894328695000102 ], [ -156.684697758999988, 20.894322002 ], [ -156.684697757, 20.8943086190001 ], [ -156.684693686, 20.8942832870001 ], [ -156.684686562, 20.894262735 ], [ -156.684683503, 20.894206335 ], [ -156.684685538, 20.8942034670001 ], [ -156.684693676, 20.894202511000099 ], [ -156.684700287999988, 20.894204422 ], [ -156.684703848999987, 20.894210157 ], [ -156.684711991, 20.8942436140001 ], [ -156.684722679, 20.8943052710001 ], [ -156.68472617, 20.894331829000102 ], [ -156.68473125700001, 20.8943370860001 ], [ -156.684746517, 20.89434521 ], [ -156.684754656, 20.894356203 ], [ -156.684755167, 20.894371498000101 ], [ -156.684758222, 20.89439922 ], [ -156.684755173000013, 20.894424552 ], [ -156.6847506, 20.894460400000099 ], [ -156.684756198, 20.8944900340001 ], [ -156.68477553, 20.894521578 ], [ -156.684795369, 20.8945521650001 ], [ -156.684793851, 20.894615735000102 ], [ -156.684784847, 20.894817239000101 ], [ -156.684785364, 20.894882243 ], [ -156.684780280000012, 20.894897060000101 ], [ -156.68476909200001, 20.894913791 ], [ -156.684747222999988, 20.894932433000101 ], [ -156.684732473999986, 20.894942472 ], [ -156.684711622, 20.894955858000099 ], [ -156.684713662, 20.894994573000101 ], [ -156.684720788, 20.895040936 ], [ -156.684736557, 20.895054316 ], [ -156.684748254999988, 20.895057661000099 ], [ -156.68476148, 20.895066263 ], [ -156.684778776, 20.895082034 ], [ -156.684782846, 20.8950958950001 ], [ -156.684784377999989, 20.895141302000098 ], [ -156.684782347, 20.895176193000101 ], [ -156.684771162, 20.895209653000101 ], [ -156.684758853, 20.895251904000101 ], [ -156.684757268, 20.8952829720001 ], [ -156.684749969, 20.895383645 ], [ -156.684750934, 20.895484317000101 ], [ -156.684755855, 20.8955184910001 ], [ -156.684762215, 20.895535817000098 ], [ -156.684764758999989, 20.895544779 ], [ -156.684757768, 20.895565690000101 ], [ -156.684746327, 20.895593772 ], [ -156.684737434, 20.895657701000101 ], [ -156.684737448, 20.895771816 ], [ -156.684738727, 20.895832160000101 ], [ -156.684739842999988, 20.895833399 ], [ -156.684752716, 20.8958476920001 ], [ -156.684739653, 20.896101462 ], [ -156.684732804, 20.896240551000101 ], [ -156.684722922, 20.896548841 ], [ -156.684713308999989, 20.8968706470001 ], [ -156.684696087, 20.897469064000099 ], [ -156.684692382, 20.897559629000099 ], [ -156.684686874, 20.897694267000102 ], [ -156.684684878000013, 20.898021198 ], [ -156.684668697, 20.898419285 ], [ -156.684653493000013, 20.898878734 ], [ -156.684641441, 20.8991206470001 ], [ -156.6846351, 20.899266427 ], [ -156.684628757000013, 20.899384128000101 ], [ -156.684613514, 20.899522740000101 ], [ -156.684590235, 20.899851558 ], [ -156.68458189, 20.900012806000099 ], [ -156.684565136, 20.900269476000101 ], [ -156.684562849, 20.900288118 ], [ -156.684559035, 20.900295287000102 ], [ -156.684545302, 20.90029744 ], [ -156.684535383, 20.900297441000099 ], [ -156.684527753, 20.900290989 ], [ -156.684523934, 20.900260160000101 ], [ -156.684523931, 20.900227898 ], [ -156.68451859000001, 20.900225747 ], [ -156.684506383000013, 20.900230050000101 ], [ -156.684499519000013, 20.900250843 ], [ -156.684497234, 20.900280955 ], [ -156.684494948, 20.900305332000102 ], [ -156.68448503, 20.900316804000099 ], [ -156.684478928, 20.900328276 ], [ -156.684488849, 20.900343331 ], [ -156.684489612, 20.900351217 ], [ -156.684490377, 20.900368424000099 ], [ -156.684488853, 20.9003798950001 ], [ -156.684485038, 20.900384197000101 ], [ -156.684473594999986, 20.900386349 ], [ -156.684450704, 20.900377031000101 ], [ -156.684422471, 20.900346206000101 ], [ -156.684413282, 20.9003321060001 ], [ -156.684410737, 20.900315377 ], [ -156.684410418, 20.900306117000099 ], [ -156.684408192, 20.900300441000098 ], [ -156.684402469, 20.900299546 ], [ -156.684392296999988, 20.900298949 ], [ -156.684383395999987, 20.900298353 ], [ -156.684378945, 20.900301340000102 ], [ -156.684372906, 20.9003109 ], [ -156.684370365, 20.900325837 ], [ -156.684365915, 20.900335098 ], [ -156.684348113999988, 20.900340478 ], [ -156.684333491, 20.900346154 ], [ -156.684329677, 20.900353325 ], [ -156.68432936, 20.900364677 ], [ -156.684325228, 20.900369158 ], [ -156.68431283000001, 20.900370652 ], [ -156.684294709, 20.90036229 ], [ -156.684242253, 20.900341385 ], [ -156.684229217, 20.900316890000099 ], [ -156.684220630999988, 20.900298967 ], [ -156.684216496, 20.900282836 ], [ -156.684214903999987, 20.9002592360001 ], [ -156.684213629, 20.900232052 ], [ -156.684215534, 20.900213829000101 ], [ -156.684217440999987, 20.900204270000099 ], [ -156.684214579000013, 20.900197996 ], [ -156.684203134, 20.900193816000101 ], [ -156.684185967, 20.900189934 ], [ -156.684178718999988, 20.900183084 ], [ -156.684174266000014, 20.900177109 ], [ -156.684173948, 20.900165758000099 ], [ -156.684165364, 20.900158888000099 ], [ -156.684154555, 20.9001573950001 ], [ -156.684132938, 20.900155606000101 ], [ -156.684114817, 20.900155906000101 ], [ -156.684102101, 20.900154414 ], [ -156.684092881999987, 20.900152324 ], [ -156.684083660999988, 20.900143662000101 ], [ -156.684082069999988, 20.900126634000099 ], [ -156.684082932, 20.90012096 ], [ -156.684077438, 20.900115798000101 ], [ -156.684069706, 20.900110828 ], [ -156.684065839999988, 20.900103181000102 ], [ -156.684065635, 20.900097063 ], [ -156.684069703, 20.900087694 ], [ -156.684071079, 20.900066274 ], [ -156.68406751500001, 20.900045721 ], [ -156.684065479, 20.900022301 ], [ -156.684065477, 20.900008918 ], [ -156.684063949, 20.899997925 ], [ -156.684054284000013, 20.8999831090001 ], [ -156.684046145, 20.899979764 ], [ -156.684038006, 20.899973551000102 ], [ -156.684032918000014, 20.8999611250001 ], [ -156.684029863, 20.8999314910001 ], [ -156.684032405000011, 20.89991524 ], [ -156.684052748999989, 20.899910458 ], [ -156.684081741999989, 20.899909977 ], [ -156.684180927, 20.899917614000099 ], [ -156.684226196999987, 20.899923345 ], [ -156.684223657, 20.899949634000102 ], [ -156.684229762, 20.899962060000099 ], [ -156.68424095200001, 20.899961581000099 ], [ -156.684246545, 20.8999525 ], [ -156.684254683, 20.899946763000099 ], [ -156.684266383, 20.899956321 ], [ -156.684267909, 20.8999625340001 ], [ -156.684292834, 20.899971613 ], [ -156.68430402300001, 20.899963965 ], [ -156.684309612, 20.899912822 ], [ -156.684319268, 20.899848773 ], [ -156.684324857, 20.899789983000101 ], [ -156.684323330000012, 20.899778512000101 ], [ -156.684309596, 20.8997780340001 ], [ -156.6842862, 20.899786162000101 ], [ -156.684264329, 20.899795247 ], [ -156.684245001, 20.899787123000099 ], [ -156.684228213000011, 20.899771351 ], [ -156.684237366, 20.899745062 ], [ -156.684238382, 20.899732635000099 ], [ -156.68426127, 20.899731677 ], [ -156.684268393, 20.899744581 ], [ -156.684287722, 20.899756528000101 ], [ -156.684300947, 20.899757005 ], [ -156.684310102000012, 20.899752703 ], [ -156.684321291, 20.899740274000099 ], [ -156.684326376, 20.899727846000101 ], [ -156.684326375000012, 20.899719243 ], [ -156.684318945, 20.899701201 ], [ -156.684321614, 20.899694389 ], [ -156.684329242, 20.89968937 ], [ -156.684344501, 20.8996861420001 ], [ -156.684358997, 20.899677895 ], [ -156.684380741000012, 20.899670723 ], [ -156.684567372, 20.899508146000102 ], [ -156.684582794, 20.899169843 ], [ -156.684600541, 20.898700239 ], [ -156.684581464, 20.898675147000102 ], [ -156.684563661999988, 20.898670369000101 ], [ -156.684545224, 20.898676943000101 ], [ -156.68453696200001, 20.89870144 ], [ -156.684528062999988, 20.8987145850001 ], [ -156.684521706, 20.898724743000098 ], [ -156.684495004000013, 20.898739085 ], [ -156.684489921, 20.898765373000099 ], [ -156.684491830000013, 20.898773737000099 ], [ -156.684488017, 20.898795843000102 ], [ -156.684482933999988, 20.898820938 ], [ -156.684477213, 20.8988334850001 ], [ -156.684449875000013, 20.898843644000099 ], [ -156.684429531, 20.898853206000101 ], [ -156.684400288, 20.8988836790001 ], [ -156.684365324, 20.89892909 ], [ -156.684355153000013, 20.898936858000098 ], [ -156.684314461000014, 20.898931485 ], [ -156.684285216, 20.898940449000101 ], [ -156.684281403999989, 20.898964349 ], [ -156.684278862000014, 20.898975103000101 ], [ -156.684276956, 20.898991235 ], [ -156.684271872000011, 20.899005575 ], [ -156.684257251, 20.8990270840001 ], [ -156.684247078999988, 20.8990342550001 ], [ -156.684238814, 20.8990330610001 ], [ -156.684234363, 20.899024697000101 ], [ -156.684231182, 20.899012151 ], [ -156.684219738, 20.8990133470001 ], [ -156.684217831000012, 20.899019321 ], [ -156.684208295, 20.899028284000099 ], [ -156.684207025, 20.899036051000099 ], [ -156.684191766, 20.89904382 ], [ -156.684189225000011, 20.899059354 ], [ -156.68419049900001, 20.899082057 ], [ -156.684196222, 20.899086837 ], [ -156.684203852, 20.899098785 ], [ -156.684217204, 20.899100576 ], [ -156.684243908000013, 20.899101769 ], [ -156.684294136, 20.89910475 ], [ -156.684311302999987, 20.899109529 ], [ -156.684311304, 20.8991155030001 ], [ -156.684308126, 20.899121478 ], [ -156.684196225, 20.899117307 ], [ -156.684016714, 20.899115306000098 ], [ -156.683909902000011, 20.899121053 ], [ -156.683806903, 20.899116761000101 ], [ -156.683790117, 20.899114612000101 ], [ -156.68372908, 20.899103864 ], [ -156.683708478999989, 20.899092395 ], [ -156.683700847000011, 20.899078773 ], [ -156.683293429, 20.899062323000098 ], [ -156.683085143999989, 20.899075965000101 ], [ -156.683081331000011, 20.899097474 ], [ -156.683060063, 20.899183451000098 ], [ -156.683056249, 20.899200658 ], [ -156.683066933, 20.899218581000099 ], [ -156.683086009, 20.899231484 ], [ -156.683104321, 20.89924152 ], [ -156.683116528999989, 20.899250122000101 ], [ -156.683117293, 20.899270197000099 ], [ -156.683117294999988, 20.899282385 ], [ -156.683106614, 20.899286687 ], [ -156.683101275000013, 20.899301744000098 ], [ -156.683086783, 20.899345479 ], [ -156.683052455, 20.899382047000099 ], [ -156.683009735000013, 20.899432955000101 ], [ -156.682975406, 20.899465938 ], [ -156.68295862, 20.899468807000101 ], [ -156.682940309, 20.899463073 ], [ -156.682917419, 20.8994508870001 ], [ -156.682902923, 20.899451606000099 ], [ -156.682885375000012, 20.899454475 ], [ -156.682852567999987, 20.899452328000098 ], [ -156.682833494, 20.899453047000101 ], [ -156.682825103, 20.899463084 ], [ -156.682808317, 20.899461652000099 ], [ -156.682794584, 20.899456634 ], [ -156.682777797999989, 20.899452335 ], [ -156.682761776, 20.899455204 ], [ -156.682746519, 20.899472412 ], [ -156.682695688, 20.8994693550001 ], [ -156.682495028, 20.899453600000101 ], [ -156.682379059, 20.89944931 ], [ -156.682371429, 20.899456479 ], [ -156.682346253, 20.899469387000099 ], [ -156.682321839999986, 20.8994858790001 ], [ -156.682314975, 20.899501653000101 ], [ -156.682311164, 20.899527464000101 ], [ -156.682296668, 20.8995382190001 ], [ -156.682279885000014, 20.899548975000101 ], [ -156.682279442, 20.8995731730001 ], [ -156.682274868, 20.899617623 ], [ -156.682277925, 20.899667093000101 ], [ -156.682280217, 20.8996893180001 ], [ -156.682284797, 20.899711544000098 ], [ -156.682298535, 20.899750974 ], [ -156.682316848, 20.8997775 ], [ -156.682325244999987, 20.899819082 ], [ -156.682319907, 20.899846327 ], [ -156.682316096, 20.899880024 ], [ -156.682315335, 20.899907268 ], [ -156.682314364, 20.899940208 ], [ -156.682568178, 20.899965039000101 ], [ -156.682569674, 20.900005316 ], [ -156.682554414, 20.900003405000099 ], [ -156.682529491, 20.900001974000102 ], [ -156.682501515000013, 20.900000542 ], [ -156.682468454, 20.899995766000099 ], [ -156.682460316, 20.900001024000101 ], [ -156.682456756, 20.900009628000099 ], [ -156.682445569, 20.900033049000101 ], [ -156.682437431000011, 20.9000402190001 ], [ -156.682409965, 20.900042612 ], [ -156.682391674, 20.900234279000099 ], [ -156.68238048500001, 20.900250053 ], [ -156.682370821, 20.900256267 ], [ -156.682355562, 20.900256268000099 ], [ -156.682346915000011, 20.900252923 ], [ -156.682334706, 20.900237152 ], [ -156.682303170000012, 20.900230463000099 ], [ -156.682269092000013, 20.900231900000101 ], [ -156.68225841, 20.900235247000101 ], [ -156.682242135, 20.900250065 ], [ -156.682231454, 20.900252456 ], [ -156.682222298, 20.900246721 ], [ -156.682190762, 20.900243379000099 ], [ -156.682135829, 20.900239559000099 ], [ -156.68209666300001, 20.900236695 ], [ -156.682112288000013, 20.900078905 ], [ -156.682110379, 20.900067852000099 ], [ -156.682107516, 20.900049630000101 ], [ -156.682108785999986, 20.900034095 ], [ -156.682111964, 20.900026627 ], [ -156.682116731, 20.900014379 ], [ -156.682112598, 20.900001534000101 ], [ -156.682112913999987, 20.8999892860001 ], [ -156.682112596, 20.899982116 ], [ -156.682103694, 20.899977935 ], [ -156.682081122, 20.899973755000101 ], [ -156.682056326, 20.899973159000101 ], [ -156.682035027000012, 20.899974058000101 ], [ -156.682024537, 20.899981228000101 ], [ -156.68202263, 20.899986307000098 ], [ -156.682015635999988, 20.899983918 ], [ -156.682010867, 20.899979437000098 ], [ -156.682005145, 20.899976152 ], [ -156.681989886, 20.8999767500001 ], [ -156.681972624, 20.899976781000099 ], [ -156.681975669, 20.899910822 ], [ -156.681929128, 20.899906525000102 ], [ -156.681787218000011, 20.8998986500001 ], [ -156.681602644, 20.89988155 ], [ -156.681392828000014, 20.899866034000102 ], [ -156.681386476, 20.899918014 ], [ -156.681382662, 20.899929365 ], [ -156.681371219999988, 20.8999466930001 ], [ -156.681349603, 20.899952072000101 ], [ -156.681324170000011, 20.8999472940001 ], [ -156.681282206, 20.899929374000099 ], [ -156.681254229, 20.899915037 ], [ -156.681230704, 20.8999066750001 ], [ -156.681217350999987, 20.8998935320001 ], [ -156.681208448, 20.8998779990001 ], [ -156.681181743, 20.8998576870001 ], [ -156.681071558000014, 20.8998461360001 ], [ -156.68102883200001, 20.899850083 ], [ -156.681017387999987, 20.899850084 ], [ -156.680976569, 20.899848653 ], [ -156.680947196, 20.899850806000099 ], [ -156.680914771, 20.89985547 ], [ -156.680898367999987, 20.899861565 ], [ -156.680864035000013, 20.899861926 ], [ -156.680830084, 20.89986874 ], [ -156.680811391, 20.899866591 ], [ -156.680801853, 20.899858705 ], [ -156.68079613, 20.899846876 ], [ -156.680782396000012, 20.899834689 ], [ -156.680760752999987, 20.899830914000098 ], [ -156.680745494, 20.899831991 ], [ -156.680737865999987, 20.899845972 ], [ -156.680735577, 20.899850274000102 ], [ -156.680722989, 20.899852426000098 ], [ -156.680708492, 20.899848842 ], [ -156.680697047, 20.899841674000101 ], [ -156.680685219999987, 20.899831637 ], [ -156.680628761, 20.899828416 ], [ -156.680565052, 20.899811573 ], [ -156.680478456, 20.899801184000101 ], [ -156.680451372, 20.899811582 ], [ -156.68043535000001, 20.8998123000001 ], [ -156.680408645999989, 20.899813736000102 ], [ -156.680375839, 20.899807645000099 ], [ -156.680352567999989, 20.899796892 ], [ -156.680333494, 20.899794743 ], [ -156.680271312, 20.8997872200001 ], [ -156.68025262, 20.899793674 ], [ -156.680227202, 20.899802778 ], [ -156.680183649000014, 20.899793221 ], [ -156.680162984, 20.899790535 ], [ -156.680159487, 20.899781573 ], [ -156.680159804, 20.8997714160001 ], [ -156.680153447, 20.899771716 ], [ -156.68014486300001, 20.899775599000101 ], [ -156.680087959, 20.899769928000101 ], [ -156.680001807, 20.89976426 ], [ -156.679972244, 20.899768742 ], [ -156.679960482000013, 20.899770835 ], [ -156.679958575, 20.899781888000099 ], [ -156.679954125, 20.899791447 ], [ -156.679942999, 20.899794435 ], [ -156.679921383, 20.899797723000098 ], [ -156.679911527, 20.899797426000099 ], [ -156.679905805, 20.8997941390001 ], [ -156.679905805, 20.899790853000098 ], [ -156.679904214, 20.899783684000099 ], [ -156.679901035, 20.899778904000101 ], [ -156.679898173, 20.899767255 ], [ -156.679882913, 20.899754112 ], [ -156.679742114, 20.899738947000099 ], [ -156.679634994999986, 20.8997306740001 ], [ -156.679627364, 20.899722072 ], [ -156.67961096, 20.899721714000101 ], [ -156.679568233999987, 20.899717415000101 ], [ -156.679542676000011, 20.8997192100001 ], [ -156.679537335, 20.899725663 ], [ -156.679536954000014, 20.8997367760001 ], [ -156.679534671, 20.899799151 ], [ -156.679528949, 20.89979951 ], [ -156.679519412, 20.899803812000101 ], [ -156.679491565, 20.899808116 ], [ -156.679473253999987, 20.899817079000101 ], [ -156.679451892, 20.899816364000099 ], [ -156.67943854, 20.89981027 ], [ -156.679433961, 20.899802026 ], [ -156.679429382, 20.899797366 ], [ -156.679423279, 20.899798442000101 ], [ -156.679416795, 20.899799877000099 ], [ -156.679404968, 20.899795217000101 ], [ -156.679401152999986, 20.899786972000101 ], [ -156.679396192000013, 20.899778011 ], [ -156.679386655, 20.899772634 ], [ -156.679366818, 20.899763315 ], [ -156.679360714000012, 20.89975758 ], [ -156.679359568, 20.899744675 ], [ -156.679358422, 20.899727469 ], [ -156.679354987000011, 20.899707753 ], [ -156.679350027, 20.899697716 ], [ -156.679345829999988, 20.899689471 ], [ -156.6793485, 20.899678717 ], [ -156.679351169, 20.899670113000099 ], [ -156.679352693999988, 20.8996582830001 ], [ -156.679346969, 20.899628171000099 ], [ -156.679337049999987, 20.899612041000101 ], [ -156.679335998999989, 20.899591011 ], [ -156.679332945, 20.8995652 ], [ -156.679324933, 20.89955839 ], [ -156.679320354, 20.899539391000101 ], [ -156.67931692, 20.899532222000101 ], [ -156.679315011, 20.899513222000099 ], [ -156.67931195700001, 20.899491715000099 ], [ -156.679311956, 20.899472716 ], [ -156.679313429, 20.899446266 ], [ -156.679319021999987, 20.899436228000098 ], [ -156.679328686, 20.899425712 ], [ -156.679325124, 20.899410417000102 ], [ -156.679322072, 20.899405637 ], [ -156.679318511, 20.899401814 ], [ -156.679310373, 20.899399903000099 ], [ -156.679292062, 20.899399904000099 ], [ -156.679276294, 20.899400862 ], [ -156.679274260999989, 20.899409465000101 ], [ -156.679273752, 20.899418069 ], [ -156.679258493, 20.899424283 ], [ -156.679230010999987, 20.899429065 ], [ -156.679197966, 20.899431457 ], [ -156.67915524, 20.899422856000101 ], [ -156.679101833, 20.899409956000099 ], [ -156.679055546, 20.899397532 ], [ -156.67904588, 20.89938654 ], [ -156.679035198, 20.899372201000102 ], [ -156.679034179000013, 20.899361686000098 ], [ -156.679053, 20.899359772 ], [ -156.679062155, 20.899357860000102 ], [ -156.679077414, 20.8993559470001 ], [ -156.679088093, 20.899336827000099 ], [ -156.679087584, 20.899326313000099 ], [ -156.679072324, 20.899323446 ], [ -156.679061133, 20.899314843000099 ], [ -156.679051978, 20.899315322000099 ], [ -156.67904435, 20.899328227000101 ], [ -156.679035195000012, 20.89933253 ], [ -156.679027056, 20.899330618 ], [ -156.679020953, 20.899328707000102 ], [ -156.67902146, 20.899317235000101 ], [ -156.679037277, 20.899294771 ], [ -156.679040326, 20.899268959 ], [ -156.679057874, 20.899261789 ], [ -156.679067792000012, 20.899259638 ], [ -156.679070843, 20.899248166000099 ], [ -156.679070841999987, 20.899239563 ], [ -156.67905482, 20.899225225000102 ], [ -156.679047188, 20.899208019000099 ], [ -156.679053289, 20.899170736 ], [ -156.679054812, 20.899132738 ], [ -156.679047943, 20.899104777 ], [ -156.679038024, 20.899096891000099 ], [ -156.679042601, 20.8990818350001 ], [ -156.679047177, 20.899071798 ], [ -156.679033444, 20.899065346 ], [ -156.679015895, 20.899059612 ], [ -156.678998345999986, 20.8990488590001 ], [ -156.678964775, 20.899031654000101 ], [ -156.678915945, 20.899014451 ], [ -156.678898397000012, 20.899013018000101 ], [ -156.678894582, 20.899019471 ], [ -156.678879324, 20.899024491 ], [ -156.678859491999987, 20.899091169 ], [ -156.6788511, 20.899096188 ], [ -156.678839656, 20.8990969060001 ], [ -156.67881753, 20.8990947570001 ], [ -156.678791588, 20.8990825700001 ], [ -156.678759544, 20.899071818 ], [ -156.678734365999986, 20.899070386000101 ], [ -156.678705375, 20.899086161000099 ], [ -156.678700036, 20.899108387000101 ], [ -156.678670961, 20.899181482000099 ], [ -156.678623158, 20.899300977000099 ], [ -156.678568235, 20.899422385 ], [ -156.678529585, 20.899507465000099 ], [ -156.67847873, 20.899611666000101 ], [ -156.678429908, 20.8997043960001 ], [ -156.678425841, 20.899739765 ], [ -156.678405497999989, 20.899775136000098 ], [ -156.67836516700001, 20.899826139 ], [ -156.678361355, 20.899844062000099 ], [ -156.67834991, 20.899850635000099 ], [ -156.678330837, 20.8998566110001 ], [ -156.67831240000001, 20.899875133 ], [ -156.678306045, 20.89990441 ], [ -156.678291425999987, 20.899967742000101 ], [ -156.678280621999988, 20.900023903 ], [ -156.678273631, 20.900071701000101 ], [ -156.678266832, 20.900113583000099 ], [ -156.678243947, 20.900163770000098 ], [ -156.678224874, 20.900180978 ], [ -156.678218009, 20.900198903 ], [ -156.678216485, 20.900218261000099 ], [ -156.678214198, 20.90024909 ], [ -156.678201230000013, 20.9002813540001 ], [ -156.678195893, 20.900319353 ], [ -156.678196657, 20.900339427000102 ], [ -156.678201999, 20.9003544820001 ], [ -156.678257697, 20.900376705 ], [ -156.678325919, 20.900397073 ], [ -156.678338128, 20.900415713 ], [ -156.678347284000012, 20.9004279010001 ], [ -156.678361021, 20.900468766000099 ], [ -156.678362549000013, 20.9004917090001 ], [ -156.678358737, 20.900529706 ], [ -156.678377051000012, 20.900566988 ], [ -156.678378578, 20.900579892000099 ], [ -156.678374001, 20.900583477000101 ], [ -156.678362556, 20.900581327000101 ], [ -156.678350347, 20.9005698570001 ], [ -156.678340429, 20.900560537 ], [ -156.678335849, 20.9005390290001 ], [ -156.678329744, 20.900521822 ], [ -156.678319824999988, 20.9005225400001 ], [ -156.67831067, 20.900528993 ], [ -156.678308382000012, 20.9005390300001 ], [ -156.678309909, 20.900549785000099 ], [ -156.678311436, 20.900565558 ], [ -156.678312201000011, 20.900584199 ], [ -156.67831449, 20.9005935180001 ], [ -156.678309915999989, 20.900640121 ], [ -156.678313732, 20.900662346 ], [ -156.678322126000012, 20.900673100000098 ], [ -156.678335097, 20.900683136000101 ], [ -156.678341201, 20.900693173 ], [ -156.678346544, 20.900708229 ], [ -156.678350359, 20.900726869 ], [ -156.678348836, 20.900747661 ], [ -156.678344259, 20.900769886 ], [ -156.678336631, 20.900782075000102 ], [ -156.678326713, 20.900789962 ], [ -156.678300772, 20.900794266 ], [ -156.678290092, 20.900810756000102 ], [ -156.678290092999987, 20.9008215100001 ], [ -156.678287398, 20.900835276000102 ], [ -156.678269087, 20.900835277000098 ], [ -156.678244673, 20.900841015 ], [ -156.678235518, 20.9008582220001 ], [ -156.678220259, 20.900860135000102 ], [ -156.678200931, 20.900859181 ], [ -156.678168377, 20.900854403 ], [ -156.678135824, 20.900850582 ], [ -156.678110393, 20.900859187 ], [ -156.678096152, 20.900879262 ], [ -156.678096154, 20.900904117 ], [ -156.678091083999988, 20.901117290000101 ], [ -156.678096217, 20.901227975 ], [ -156.678095584, 20.901254861 ], [ -156.67809177, 20.901280552000099 ], [ -156.678099403, 20.9013193870001 ], [ -156.67810830900001, 20.901386899 ], [ -156.678103865, 20.901461582 ], [ -156.678097513000012, 20.901547616000101 ], [ -156.678096249, 20.9016485870001 ], [ -156.678116247, 20.901812529 ], [ -156.678119306000013, 20.901906449 ], [ -156.67811855, 20.902003954000101 ], [ -156.678122366, 20.902019727 ], [ -156.678130759, 20.902031914000101 ], [ -156.678157463, 20.902034064000102 ], [ -156.678191034, 20.902019723 ], [ -156.678201713, 20.9020039490001 ], [ -156.678208579, 20.9019874580001 ], [ -156.678224602, 20.9019853070001 ], [ -156.678253595, 20.901995342000099 ], [ -156.678278774, 20.9020060940001 ], [ -156.678294797, 20.9020225830001 ], [ -156.678310821, 20.902031902 ], [ -156.678335999000012, 20.902041938 ], [ -156.678363464, 20.9020297480001 ], [ -156.678391694, 20.902028312 ], [ -156.678405429, 20.9020369150001 ], [ -156.67843366, 20.902044799000102 ], [ -156.67852369, 20.902060566 ], [ -156.678545363000012, 20.902063391000102 ], [ -156.678565709999987, 20.902068170000099 ], [ -156.678593178, 20.902085374 ], [ -156.678620139, 20.90211644 ], [ -156.678642521, 20.902143205000101 ], [ -156.678641505, 20.902153243 ], [ -156.678637945, 20.902164236 ], [ -156.678639473, 20.902188612 ], [ -156.678647104, 20.90220056 ], [ -156.678657786, 20.902212032 ], [ -156.678659821999986, 20.902227326000101 ], [ -156.678660332, 20.902246445000099 ], [ -156.678663893, 20.902255048 ], [ -156.678683223, 20.9022693860001 ], [ -156.678705095999987, 20.902279899000099 ], [ -156.678739175, 20.902278463000101 ], [ -156.678752399, 20.9022775070001 ], [ -156.678772744000014, 20.902268423000098 ], [ -156.678773252000013, 20.902263165 ], [ -156.678763587, 20.902250739000099 ], [ -156.678757991, 20.902240224 ], [ -156.678767146000013, 20.902228274 ], [ -156.678799039000012, 20.9022314750001 ], [ -156.678857025000013, 20.902245093 ], [ -156.678902803999989, 20.902248674000099 ], [ -156.678960026, 20.902241500000098 ], [ -156.679004276, 20.902219272 ], [ -156.679070652, 20.902181986000102 ], [ -156.67909430200001, 20.902156174 ], [ -156.679150759, 20.902121756 ], [ -156.679182039000011, 20.9021066980001 ], [ -156.67921103, 20.902080885 ], [ -156.679223234, 20.902037150000101 ], [ -156.679211788, 20.902015642 ], [ -156.679197286, 20.901964023000101 ], [ -156.679198756, 20.901893703 ], [ -156.679206383, 20.901856062 ], [ -156.679247704, 20.901790935000101 ], [ -156.679254061, 20.9017783890001 ], [ -156.679263598, 20.901770023 ], [ -156.6792814, 20.9017646450001 ], [ -156.679294750999986, 20.90175867 ], [ -156.679318276, 20.9017628500001 ], [ -156.679330993, 20.901767629000101 ], [ -156.679353246, 20.901760457 ], [ -156.679385036000014, 20.901759260000102 ], [ -156.679407289000011, 20.901753881 ], [ -156.679425091000013, 20.90175149 ], [ -156.679447345, 20.901755670000099 ], [ -156.679456246, 20.901761645 ], [ -156.679470235, 20.901772995 ], [ -156.67946515, 20.901780763 ], [ -156.679466422, 20.9017897250001 ], [ -156.679470873000014, 20.901790321000099 ], [ -156.679492489000012, 20.90178554 ], [ -156.679512198999987, 20.901779564 ], [ -156.679516650000011, 20.901783148 ], [ -156.679514742, 20.901787928 ], [ -156.679509657000011, 20.901795696 ], [ -156.679486133000012, 20.901801672 ], [ -156.679479140000012, 20.90180944 ], [ -156.679481047, 20.9018178040001 ], [ -156.67948995, 20.901826168000099 ], [ -156.679502029, 20.9018243740001 ], [ -156.679520468, 20.901819594000099 ], [ -156.679535727, 20.901811826 ], [ -156.679545899, 20.901810630000099 ], [ -156.679551622, 20.901817798 ], [ -156.679552259, 20.901826760000102 ], [ -156.679549716999986, 20.9018375150001 ], [ -156.679533185999986, 20.901840504000099 ], [ -156.679505211, 20.901845285 ], [ -156.679505212, 20.901854845000098 ], [ -156.679507755, 20.901863807 ], [ -156.679518565, 20.901878145000101 ], [ -156.679537641, 20.901891287000101 ], [ -156.679565616, 20.901896662000102 ], [ -156.679611395, 20.901900244 ], [ -156.679664167, 20.901906812 ], [ -156.679685786, 20.901924733 ], [ -156.679727749, 20.90192712 ], [ -156.679747459999987, 20.901922936000101 ], [ -156.679760175000013, 20.901915766000101 ], [ -156.679783698, 20.9018972430001 ], [ -156.679789419, 20.901879916 ], [ -156.679797683, 20.901867369000101 ], [ -156.679808490999989, 20.901856614000099 ], [ -156.679833923, 20.901856612000099 ], [ -156.679847276, 20.901866170000101 ], [ -156.679871438, 20.901879312000101 ], [ -156.679887969, 20.901878117 ], [ -156.679914036000014, 20.90187453 ], [ -156.679933745, 20.9018595910001 ], [ -156.679945825, 20.901850031 ], [ -156.679962991, 20.901837483000101 ], [ -156.679978885, 20.90183569 ], [ -156.679994781, 20.901838078 ], [ -156.680006862, 20.901850624000101 ], [ -156.680014492999987, 20.901857195 ], [ -156.680082524, 20.90185719 ], [ -156.680154369, 20.90184643 ], [ -156.680224943000013, 20.901838657 ], [ -156.680281062, 20.901820491 ], [ -156.680343115999989, 20.901820486000101 ], [ -156.68039805, 20.901821437 ], [ -156.680442809, 20.901806139 ], [ -156.680481466, 20.901801355 ], [ -156.680530297, 20.901810911 ], [ -156.680557763, 20.901806129 ], [ -156.680587264, 20.901794656 ], [ -156.680626937, 20.901788917 ], [ -156.680685939999989, 20.901791780000099 ], [ -156.680702219000011, 20.901804205000101 ], [ -156.680730703, 20.901811851 ], [ -156.680747997, 20.901806114000099 ], [ -156.680767323, 20.901786993 ], [ -156.680800893, 20.901778387 ], [ -156.68083955, 20.901779339 ], [ -156.68086193, 20.901781250000099 ], [ -156.680889398, 20.901795586 ], [ -156.680908728, 20.9017974970001 ], [ -156.680935176, 20.901796538 ], [ -156.680945349000012, 20.901786023000099 ], [ -156.680994177, 20.90177168 ], [ -156.681044023, 20.9017582920001 ], [ -156.681122355000014, 20.901761153000098 ], [ -156.681244196, 20.901755750000099 ], [ -156.681306759, 20.901752877 ], [ -156.681324306, 20.901741404000099 ], [ -156.681359402, 20.901737816 ], [ -156.68137847700001, 20.9017449840001 ], [ -156.681390685999986, 20.901757889000098 ], [ -156.681396027, 20.901771510000099 ], [ -156.681396791999987, 20.9017829810001 ], [ -156.68139832, 20.901802338 ], [ -156.681409766, 20.901817394 ], [ -156.681421211000014, 20.901828864 ], [ -156.681445626, 20.901828862000102 ], [ -156.68146241, 20.901810219 ], [ -156.681480717999989, 20.901780823 ], [ -156.681499791, 20.901765766 ], [ -156.681518864999987, 20.901767197 ], [ -156.681529547, 20.9017700640001 ], [ -156.681546333999989, 20.901782968000099 ], [ -156.681558543, 20.901795872 ], [ -156.681564649, 20.9018195310001 ], [ -156.681575331, 20.901833869 ], [ -156.681605850000011, 20.901834583 ], [ -156.681621872, 20.9018338650001 ], [ -156.681642471, 20.901823826000101 ], [ -156.681666123000014, 20.901817371 ], [ -156.681729448999988, 20.901810913000102 ], [ -156.681740893000011, 20.901807327 ], [ -156.681778279000014, 20.901812343000099 ], [ -156.681841604999988, 20.901812338000099 ], [ -156.681865257, 20.9018137690001 ], [ -156.681907984, 20.901815199000101 ], [ -156.681930872, 20.901818781 ], [ -156.681956813999989, 20.9018202130001 ], [ -156.681983517, 20.901816626 ], [ -156.68199496, 20.901807305 ], [ -156.682018613, 20.901807302000101 ], [ -156.682047605, 20.901806584 ], [ -156.68205905, 20.901804431000102 ], [ -156.682100045, 20.90178703 ], [ -156.68346351400001, 20.901969158 ], [ -156.683937195, 20.9017830670001 ], [ -156.683934969, 20.901774404 ], [ -156.683933695, 20.901753791 ], [ -156.683943230000011, 20.901729295000099 ], [ -156.683955943, 20.901706291 ], [ -156.683959756, 20.901686575 ], [ -156.68396802, 20.901673131000098 ], [ -156.683974058, 20.901662376 ], [ -156.683979779999987, 20.901654609 ], [ -156.683990587000011, 20.901651322000099 ], [ -156.684007118000011, 20.901645345000102 ], [ -156.684006481000011, 20.901631903000101 ], [ -156.684011248, 20.901616369000099 ], [ -156.684017921, 20.9015990410001 ], [ -156.684027456, 20.901574246000099 ], [ -156.684044140999987, 20.901540547 ], [ -156.684049734000013, 20.901516648 ], [ -156.684041085, 20.901503266000098 ], [ -156.684034981, 20.901499443 ], [ -156.684037015, 20.9014903620001 ], [ -156.684046169, 20.901473154 ], [ -156.684052271000013, 20.901460248 ], [ -156.684076681, 20.9014215300001 ], [ -156.684077695000013, 20.901390462000101 ], [ -156.684069556, 20.9013813820001 ], [ -156.684078201, 20.901361784000098 ], [ -156.684077181, 20.9013488790001 ], [ -156.68408125, 20.901341231000099 ], [ -156.684087353, 20.901334061000099 ], [ -156.684099558000014, 20.901315419000099 ], [ -156.68410871, 20.901281004000101 ], [ -156.684147223999986, 20.901149989 ], [ -156.684247649000014, 20.900874551000101 ], [ -156.684285521, 20.900758902000099 ], [ -156.684340432999988, 20.9005782250001 ], [ -156.684342719999989, 20.900566036 ], [ -156.684368661, 20.900560298000102 ], [ -156.684380105, 20.900559581 ], [ -156.684395365, 20.900568899000099 ], [ -156.684397658, 20.900605463 ], [ -156.684367912, 20.900685048000099 ], [ -156.684338933, 20.90080765 ], [ -156.684310718, 20.90092093 ], [ -156.684303852999989, 20.900938855 ], [ -156.684290122, 20.900964667 ], [ -156.684280971, 20.900999798 ], [ -156.684287078000011, 20.901032778000101 ], [ -156.68428708, 20.90104855 ], [ -156.68426572300001, 20.901096588 ], [ -156.684276105, 20.901145293000098 ], [ -156.684279924, 20.9011818560001 ], [ -156.684280689, 20.901199063 ], [ -156.684274587, 20.901211969 ], [ -156.684261618, 20.901224875 ], [ -156.684257043, 20.90124495 ], [ -156.684266199, 20.901248534 ], [ -156.684275355000011, 20.9012485330001 ], [ -156.684278404999986, 20.901234194 ], [ -156.684286033, 20.901226307000101 ], [ -156.684304344, 20.901227739 ], [ -156.684344784, 20.901247809 ], [ -156.684365383999989, 20.901250675 ], [ -156.684404296, 20.901252105 ], [ -156.684433288, 20.901254253 ], [ -156.684450074000011, 20.901255684 ], [ -156.684458466, 20.901249232000101 ], [ -156.684460752, 20.9012284400001 ], [ -156.684461513, 20.901205497 ], [ -156.684462273, 20.90117897 ], [ -156.684471423, 20.901135235 ], [ -156.68446913, 20.901104406000101 ], [ -156.684474469, 20.901086482 ], [ -156.684482854, 20.901026974 ], [ -156.684481322000011, 20.900968901000098 ], [ -156.684480111999989, 20.900950589 ], [ -156.684483607, 20.9009359510001 ], [ -156.684490598999986, 20.900924599000099 ], [ -156.684497911, 20.900924 ], [ -156.684504906, 20.900930571000099 ], [ -156.684502684, 20.900959848000099 ], [ -156.684495069, 20.901091587000099 ], [ -156.684485344, 20.901284529000101 ], [ -156.684483253, 20.901358202 ], [ -156.684478353, 20.901530874000098 ], [ -156.68447887100001, 20.901614518 ], [ -156.684479891, 20.901633159 ], [ -156.684479892000013, 20.901640328 ], [ -156.684475823000014, 20.901644152000099 ], [ -156.684468703, 20.9016494100001 ], [ -156.68446311, 20.901666618 ], [ -156.684463111000014, 20.901678567 ], [ -156.684470743, 20.901690993 ], [ -156.684472778000014, 20.901707244 ], [ -156.684474212, 20.901723475 ], [ -156.684467536, 20.901734528000102 ], [ -156.684466902, 20.901745880000099 ], [ -156.684470718999989, 20.901757232 ], [ -156.68446913, 20.9017661940001 ], [ -156.684470403, 20.901777546000101 ], [ -156.684473902, 20.901795469 ], [ -156.68447040800001, 20.901818472000102 ], [ -156.684469772999989, 20.901833707 ], [ -156.684479311, 20.901839083 ], [ -156.684478676999987, 20.901848344 ], [ -156.684473591999989, 20.901865073000099 ], [ -156.684473594, 20.901885088 ], [ -156.684463741, 20.901894649 ], [ -156.684466285000013, 20.901907792 ], [ -156.684466922000013, 20.901915260000099 ], [ -156.684462473, 20.901923924000101 ], [ -156.684444988, 20.9019269130001 ], [ -156.684436407, 20.901943642 ], [ -156.684426552, 20.901947826 ], [ -156.684404934000014, 20.901948127 ], [ -156.684376959, 20.901946637 ], [ -156.684321008000012, 20.901948434000101 ], [ -156.684293668, 20.901945151000099 ], [ -156.684273639999986, 20.9019439580001 ], [ -156.684259333, 20.901936791 ], [ -156.684239940999987, 20.901926636 ], [ -156.684238668, 20.901917674000099 ], [ -156.684221183, 20.901910506 ], [ -156.684208544, 20.901907621000099 ], [ -156.684187165999987, 20.9019027420001 ], [ -156.684137888, 20.901881836 ], [ -156.68413439, 20.901874369 ], [ -156.684070807000012, 20.901854360000101 ], [ -156.683609719, 20.902180801 ], [ -156.683547697, 20.902224711 ], [ -156.683493782, 20.9022409670001 ], [ -156.683466316, 20.902247661 ], [ -156.683452074, 20.902247663 ], [ -156.683403244, 20.902244800000101 ], [ -156.683393711, 20.902238403000101 ], [ -156.683389001, 20.902235242000099 ], [ -156.683345253999988, 20.902211348 ], [ -156.683315752, 20.902207527 ], [ -156.683287269, 20.9022132650001 ], [ -156.683272011000014, 20.902228562000101 ], [ -156.683229286999989, 20.902242905 ], [ -156.683204870999987, 20.90224004 ], [ -156.683158074, 20.902230484 ], [ -156.683147903, 20.902243869000099 ], [ -156.683137733, 20.902262032000099 ], [ -156.683133666, 20.902289755 ], [ -156.683136721000011, 20.902324168000099 ], [ -156.683131644000014, 20.902399688000099 ], [ -156.683126485, 20.902514082 ], [ -156.683110219000014, 20.902620192 ], [ -156.68311125, 20.902742551000099 ], [ -156.683110238000012, 20.902796084 ], [ -156.683100067, 20.902810424000101 ], [ -156.683090912000011, 20.9028123370001 ], [ -156.683078704, 20.90280947 ], [ -156.683055305000011, 20.902801825 ], [ -156.683039028, 20.902795135000101 ], [ -156.683019701, 20.902804696 ], [ -156.683018684, 20.9028190350001 ], [ -156.683236819, 20.903219122000099 ], [ -156.683441975, 20.903595404 ], [ -156.6834725, 20.903646783000099 ], [ -156.683504291, 20.903647975000101 ], [ -156.683524002000013, 20.903658727 ], [ -156.683620665, 20.9038301890001 ], [ -156.683630846999989, 20.903909650000099 ], [ -156.683646074, 20.9039980320001 ], [ -156.683640479, 20.904003291 ], [ -156.68362522000001, 20.9040085500001 ], [ -156.683621152, 20.904016197 ], [ -156.683614541999987, 20.904032927000099 ], [ -156.683611492000011, 20.904049656 ], [ -156.683609966, 20.904058260000099 ], [ -156.683609794, 20.904058317 ], [ -156.683599794, 20.904061606 ], [ -156.683584024999988, 20.904052049 ], [ -156.683566219999989, 20.9040334090001 ], [ -156.683543838, 20.9040315 ], [ -156.683542314, 20.9040410590001 ], [ -156.683540789, 20.904054443000099 ], [ -156.683528074, 20.904065915 ], [ -156.683515866, 20.904063287 ], [ -156.683504421, 20.904061138 ], [ -156.683477716999988, 20.904059707 ], [ -156.683441859, 20.9040797850001 ], [ -156.683402949999987, 20.9041084670001 ], [ -156.683385405, 20.9041342790001 ], [ -156.683359465, 20.904149338 ], [ -156.683309111999989, 20.904183756000101 ], [ -156.683269438, 20.904199532000099 ], [ -156.683251891999987, 20.904215307000101 ], [ -156.683235109, 20.904230364000099 ], [ -156.683209934, 20.904261913 ], [ -156.68320078, 20.904283422 ], [ -156.683197729999989, 20.904295611000101 ], [ -156.683162633, 20.904305651000101 ], [ -156.683118383, 20.904329315 ], [ -156.68309702, 20.904333619000099 ], [ -156.683060396, 20.904331471 ], [ -156.683035980999989, 20.904327172 ], [ -156.683016141, 20.904302081 ], [ -156.682948995, 20.904263969000102 ], [ -156.682922287, 20.904236011 ], [ -156.682907025, 20.904212352000101 ], [ -156.682882608999989, 20.9042130720001 ], [ -156.682865826000011, 20.904225979 ], [ -156.682864301, 20.904240318000099 ], [ -156.68285056900001, 20.904253224000101 ], [ -156.682811657, 20.904260398000101 ], [ -156.682713232, 20.904248936 ], [ -156.682627016999987, 20.9042647160001 ], [ -156.682570557, 20.904268307000098 ], [ -156.682389737, 20.904326396 ], [ -156.68219213, 20.9043830530001 ], [ -156.68205251, 20.904425367 ], [ -156.681998025000013, 20.904478784 ], [ -156.681989638, 20.904530405000099 ], [ -156.682001088, 20.904592779 ], [ -156.682024752, 20.904693150000099 ], [ -156.682034678, 20.9047684290001 ], [ -156.682056808999988, 20.904821481000099 ], [ -156.682094201000012, 20.9048723820001 ], [ -156.682110991, 20.904911095 ], [ -156.68212015, 20.904946942 ], [ -156.682136181, 20.905027239 ], [ -156.682165946, 20.905104667 ], [ -156.68216644, 20.905174729000102 ], [ -156.682167967, 20.905193848000099 ], [ -156.682170514, 20.905224915000101 ], [ -156.682170008000014, 20.905249770000101 ], [ -156.682165942000012, 20.90527558 ], [ -156.682168486, 20.905283227 ], [ -156.682181711, 20.9052889610001 ], [ -156.682187307, 20.905288483 ], [ -156.682201037999988, 20.905266974 ], [ -156.682202561, 20.905240207000102 ], [ -156.682202627, 20.905240160000101 ], [ -156.682217312, 20.905229691 ], [ -156.68222646800001, 20.905233036 ], [ -156.682235623999986, 20.905239248 ], [ -156.682243763, 20.905250719 ], [ -156.682249359999986, 20.905266969 ], [ -156.682259534999986, 20.905278440000099 ], [ -156.682263606, 20.905299947000099 ], [ -156.682273272, 20.905312374000101 ], [ -156.68227072900001, 20.905321934 ], [ -156.682262083000012, 20.9053267140001 ], [ -156.682265647, 20.9053515680001 ], [ -156.682275823999987, 20.90539554 ], [ -156.682275319000013, 20.905429954000098 ], [ -156.682270741999986, 20.90544047 ], [ -156.68226107800001, 20.905446684 ], [ -156.682232467, 20.9054490450001 ], [ -156.68223208500001, 20.9054490770001 ], [ -156.682175625000013, 20.905456251 ], [ -156.682155279, 20.905461033000101 ], [ -156.682140528, 20.90546677 ], [ -156.682115603999989, 20.905466294000099 ], [ -156.682038289, 20.905470602 ], [ -156.681923332, 20.905470135 ], [ -156.681896372000011, 20.9054581880001 ], [ -156.681883147, 20.905457234 ], [ -156.681875518, 20.9054653590001 ], [ -156.681854664000014, 20.9054792220001 ], [ -156.681831776, 20.905486394 ], [ -156.68182160500001, 20.905511727 ], [ -156.681814995, 20.905542796000098 ], [ -156.681821356, 20.905562591 ], [ -156.681873505, 20.9056844680001 ], [ -156.681970170999989, 20.9058923750001 ], [ -156.682008331, 20.905987965000101 ], [ -156.682029954, 20.906049031000101 ], [ -156.682064297000011, 20.906125025000101 ], [ -156.682113901, 20.906218224 ], [ -156.682129634, 20.906246003 ], [ -156.682177239999987, 20.906330063 ], [ -156.682237527000012, 20.9064282800001 ], [ -156.682313076000014, 20.906554456 ], [ -156.682336733999989, 20.906604641000101 ], [ -156.682348182999988, 20.9066476570001 ], [ -156.682404552, 20.906734737 ], [ -156.682477811000012, 20.906846574 ], [ -156.682522834999986, 20.906920416 ], [ -156.682550306, 20.906947657 ], [ -156.682578538, 20.906963428 ], [ -156.682599904999989, 20.906988519 ], [ -156.682644163, 20.907030099000099 ], [ -156.682673921, 20.907044435 ], [ -156.682715124, 20.90705877 ], [ -156.68274030500001, 20.907075257 ], [ -156.68274335800001, 20.907088879000099 ], [ -156.682765486, 20.907098914000098 ], [ -156.682782274, 20.907113252 ], [ -156.682789905, 20.907127590000101 ], [ -156.682801353, 20.907163437000101 ], [ -156.682820432, 20.907194264000101 ], [ -156.682836458999986, 20.907230826 ], [ -156.682844092000011, 20.907255202 ], [ -156.6828357, 20.907274560000101 ], [ -156.682831123999989, 20.907284599 ], [ -156.68280747, 20.907278865 ], [ -156.682796024999988, 20.907281017000098 ], [ -156.682794500999989, 20.9072917710001 ], [ -156.682785347, 20.907307545 ], [ -156.682770087, 20.907313999000099 ], [ -156.682752537999988, 20.907312567000101 ], [ -156.682728881, 20.907277438000101 ], [ -156.682655625, 20.907191411 ], [ -156.682595341, 20.9071268910001 ], [ -156.68252132500001, 20.907065241000101 ], [ -156.682500721, 20.9070473190001 ], [ -156.682478753, 20.907037154 ], [ -156.682449599, 20.9070236640001 ], [ -156.682390085, 20.907028688 ], [ -156.682358042, 20.907048049 ], [ -156.682257214, 20.907101566000101 ], [ -156.682245136, 20.9071314400001 ], [ -156.682210171, 20.907187605 ], [ -156.682193007, 20.907210907 ], [ -156.68217902, 20.907222857 ], [ -156.682140233000013, 20.907222264 ], [ -156.682113529, 20.907224656 ], [ -156.682110351, 20.907234813000098 ], [ -156.682110353000013, 20.9072587110001 ], [ -156.682117985, 20.9072808170001 ], [ -156.682128161, 20.90729635 ], [ -156.682118624999987, 20.907320249000101 ], [ -156.682114811, 20.907325029 ], [ -156.682107181, 20.90732503 ], [ -156.682098279, 20.907319653000101 ], [ -156.682089377000011, 20.907317861 ], [ -156.68207221, 20.90732324 ], [ -156.682058223000013, 20.907331606000099 ], [ -156.682035969, 20.907333998000102 ], [ -156.682031519, 20.907341765000101 ], [ -156.682027705, 20.907354312000098 ], [ -156.681995914999987, 20.90736507 ], [ -156.681967938000014, 20.907359694 ], [ -156.681954588, 20.907384191000101 ], [ -156.681947328, 20.907405008000101 ], [ -156.681921897, 20.907423173 ], [ -156.68187307, 20.907460459 ], [ -156.681793722, 20.907499659000099 ], [ -156.681737774, 20.9075551080001 ], [ -156.681664531, 20.907604823 ], [ -156.681581115, 20.907651671000099 ], [ -156.681527198, 20.907660279 ], [ -156.681474297, 20.9076698430001 ], [ -156.681422414, 20.907676539 ], [ -156.68138681, 20.907693749 ], [ -156.681353239, 20.907713827000102 ], [ -156.681318653, 20.907738684 ], [ -156.681277961, 20.907750159 ], [ -156.681195557, 20.907748254000101 ], [ -156.681173175, 20.907744432000101 ], [ -156.681152825999987, 20.907726271000101 ], [ -156.681142653, 20.907728184000099 ], [ -156.68112943, 20.907742524000099 ], [ -156.681116207, 20.907775983 ], [ -156.681095862, 20.907785544 ], [ -156.681064326000012, 20.907798930000101 ], [ -156.681033805999988, 20.907796064 ], [ -156.681008372, 20.907787463 ], [ -156.680988026, 20.907796068 ], [ -156.680966663, 20.907810409 ], [ -156.680923936999989, 20.907828575000099 ], [ -156.68089036500001, 20.907820930000099 ], [ -156.680839499, 20.907833362000101 ], [ -156.680793888000011, 20.907828984 ], [ -156.680769725, 20.907805088 ], [ -156.680754463999989, 20.907800309 ], [ -156.680703597, 20.907795533000101 ], [ -156.680613308, 20.907783592 ], [ -156.680578973, 20.9077824 ], [ -156.680573888, 20.907803909000101 ], [ -156.680562444, 20.907809884000098 ], [ -156.680530651, 20.907801523 ], [ -156.680459434999989, 20.907763291 ], [ -156.680423829, 20.907763294000102 ], [ -156.680392036, 20.907748958000099 ], [ -156.680356429, 20.907750155 ], [ -156.680337356, 20.90777525 ], [ -156.680313198, 20.90780871 ], [ -156.680286494, 20.907813491000098 ], [ -156.680252159, 20.907817079 ], [ -156.680222912, 20.907829030000102 ], [ -156.680211469999989, 20.907866074 ], [ -156.680191127, 20.9079019230001 ], [ -156.680172055000014, 20.907932992 ], [ -156.680135177000011, 20.9079449440001 ], [ -156.680091942, 20.907962871000102 ], [ -156.68005379600001, 20.908007086000101 ], [ -156.679997844000013, 20.908014261000101 ], [ -156.679934261, 20.908023825 ], [ -156.679910102, 20.9080525040001 ], [ -156.679910103, 20.908064453000101 ], [ -156.679919006, 20.9080799870001 ], [ -156.679915193, 20.908102691000099 ], [ -156.679901205, 20.908111056000099 ], [ -156.679868142, 20.9081086690001 ], [ -156.679847796, 20.9081158400001 ], [ -156.679831267, 20.908146909 ], [ -156.679831269, 20.908170807 ], [ -156.679832542000014, 20.9081923160001 ], [ -156.679832544, 20.908211434000101 ], [ -156.679818557, 20.908226969000101 ], [ -156.679794396, 20.9082293610001 ], [ -156.679760061, 20.908232949 ], [ -156.679729543, 20.908255654000101 ], [ -156.679663424000012, 20.9083488630001 ], [ -156.67961218100001, 20.9084066090001 ], [ -156.679552672, 20.908461102 ], [ -156.679520629, 20.908506989 ], [ -156.679482481, 20.908514162000099 ], [ -156.679439755, 20.908545711 ], [ -156.679393975000011, 20.908538544000098 ], [ -156.679279522, 20.908511309000101 ], [ -156.679249602999988, 20.908512189000099 ], [ -156.67923069, 20.908512746 ], [ -156.679175752, 20.908488375 ], [ -156.679154386, 20.908465434 ], [ -156.679122338000013, 20.908449663000098 ], [ -156.67908724, 20.908456835 ], [ -156.679067404, 20.9084726090001 ], [ -156.679027727, 20.9084539720001 ], [ -156.679020093, 20.908419558 ], [ -156.679001764, 20.908205908000099 ], [ -156.678986476, 20.907867509 ], [ -156.678986539, 20.907854529000101 ], [ -156.678986852, 20.907789899 ], [ -156.678986849000012, 20.907757039 ], [ -156.678985575000013, 20.907730751 ], [ -156.678972219, 20.907688929000098 ], [ -156.678940425, 20.907654279 ], [ -156.678905453999988, 20.907649502 ], [ -156.678886379, 20.907651893 ], [ -156.678802451, 20.907665640000101 ], [ -156.678743319, 20.907678191000102 ], [ -156.678658754999987, 20.907694926 ], [ -156.678548756999987, 20.907709273 ], [ -156.678464829, 20.907714058000099 ], [ -156.678430494, 20.907714658 ], [ -156.678413961, 20.907709282 ], [ -156.67840633, 20.907698528 ], [ -156.678357372, 20.9077003240001 ], [ -156.678227663, 20.907711685 ], [ -156.678005123, 20.907723051000101 ], [ -156.677821838999989, 20.9077357090001 ], [ -156.677590082, 20.907751714 ], [ -156.677104523999986, 20.907775879 ], [ -156.676086426000012, 20.907775879 ], [ -156.67565918, 20.9069213870001 ], [ -156.674987793000014, 20.905822754 ], [ -156.674133301000012, 20.904907227 ], [ -156.672912597, 20.904296875000099 ], [ -156.672668456999986, 20.903625488 ], [ -156.672485351, 20.902709961 ], [ -156.67211914, 20.9018554690001 ], [ -156.671508789, 20.901428223 ], [ -156.670837401999989, 20.900756837000099 ], [ -156.670043945, 20.900512695 ], [ -156.668945312, 20.900512695 ], [ -156.668979859, 20.9003457170001 ], [ -156.669331613999987, 20.898955311000101 ], [ -156.669355069, 20.898907355000102 ], [ -156.669403388, 20.898821917000099 ], [ -156.669440898, 20.898740065 ], [ -156.669458698999989, 20.8987000340001 ], [ -156.669472051000014, 20.898660005000099 ], [ -156.669472684999988, 20.898628937000101 ], [ -156.66948858, 20.898569191 ], [ -156.669508922, 20.898437749 ], [ -156.669528036, 20.898320866000098 ], [ -156.669533121, 20.898265422000101 ], [ -156.669549395, 20.898165048000099 ], [ -156.669562617999986, 20.898036953 ], [ -156.669567702, 20.897928932000099 ], [ -156.669574821, 20.897809440000099 ], [ -156.669577616999987, 20.89774097 ], [ -156.669578379, 20.8977058400001 ], [ -156.669582956, 20.897686840000102 ], [ -156.669586007, 20.897668916 ], [ -156.669596688000013, 20.8976370120001 ], [ -156.669618432, 20.897590052000101 ], [ -156.669669164999988, 20.897509753000101 ], [ -156.669692715, 20.897481468 ], [ -156.669706702000013, 20.89745757 ], [ -156.669706066, 20.8974432310001 ], [ -156.66968699200001, 20.897438451 ], [ -156.669668554, 20.8974360610001 ], [ -156.669653294999989, 20.897439049000099 ], [ -156.669640579, 20.8974438290001 ], [ -156.669628499, 20.897445621 ], [ -156.669613876999989, 20.897445621 ], [ -156.669600524, 20.897431283000099 ], [ -156.669596709, 20.897421127 ], [ -156.669590987, 20.897403800000099 ], [ -156.669578906999988, 20.8973452490001 ], [ -156.669576361999987, 20.897295660000101 ], [ -156.669581447000013, 20.897243681000099 ], [ -156.669578268, 20.89722277 ], [ -156.669569367, 20.897192897 ], [ -156.66956873, 20.8971707910001 ], [ -156.669571273, 20.897145698 ], [ -156.669559192, 20.897125384 ], [ -156.669547748000014, 20.8970865490001 ], [ -156.669544377, 20.897066126 ], [ -156.669538159000012, 20.8970284530001 ], [ -156.669537141, 20.896983046000098 ], [ -156.669536123, 20.896954368 ], [ -156.669540192, 20.896938594000101 ], [ -156.669565655000014, 20.896912925 ], [ -156.669616698999988, 20.89654541 ], [ -156.669936731, 20.895158604000098 ], [ -156.669940172, 20.895128904 ], [ -156.669943984000014, 20.894999852000101 ], [ -156.669952882, 20.894858851 ], [ -156.669949064, 20.8947286050001 ], [ -156.669957963, 20.894582825 ], [ -156.669973217, 20.894409562000099 ], [ -156.669977539, 20.8943202610001 ], [ -156.669990506, 20.894229925 ], [ -156.669991268, 20.89418404 ], [ -156.669995082000014, 20.894157513 ], [ -156.67002102, 20.8940879680001 ], [ -156.670049248, 20.894075779 ], [ -156.670065269, 20.894057855 ], [ -156.670123249, 20.893940273000101 ], [ -156.670223773, 20.893750765 ], [ -156.670257467, 20.893694005 ], [ -156.670278448, 20.893650988 ], [ -156.670292434, 20.893618726000099 ], [ -156.67029434, 20.89359662 ], [ -156.670293068, 20.893573916 ], [ -156.670287982, 20.89355898 ], [ -156.670283531, 20.893542251 ], [ -156.670287345, 20.893530302 ], [ -156.670291795, 20.89351656 ], [ -156.670297516, 20.893478919000099 ], [ -156.670302601, 20.893427537 ], [ -156.6702937, 20.89339647 ], [ -156.67028162, 20.8933731700001 ], [ -156.67027589700001, 20.893341504 ], [ -156.670264132999989, 20.893259652 ], [ -156.670244295, 20.89319226 ], [ -156.670222932, 20.893143507 ], [ -156.670204621000011, 20.893099774000099 ], [ -156.670180969, 20.893041701000101 ], [ -156.670159606, 20.892972157 ], [ -156.670149686, 20.892901895 ], [ -156.67014816, 20.892858878 ], [ -156.670161128, 20.892843106 ], [ -156.670185541, 20.892819446 ], [ -156.670190119000011, 20.89279722 ], [ -156.670175623, 20.892771409 ], [ -156.670175623, 20.892760655000099 ], [ -156.670183251, 20.8927463160001 ], [ -156.670186302, 20.892727676 ], [ -156.670174858, 20.892706167 ], [ -156.67014815600001, 20.89268681 ], [ -156.670137474, 20.892671037000099 ], [ -156.67013213300001, 20.892638774 ], [ -156.670136896, 20.892616693 ], [ -156.670141982, 20.8926013980001 ], [ -156.670132827, 20.892588015000101 ], [ -156.670129775, 20.892559337 ], [ -156.670135877, 20.892531614000099 ], [ -156.67015317, 20.8924972 ], [ -156.670200977, 20.8924350630001 ], [ -156.67019284, 20.89242168 ], [ -156.670167408, 20.892404474 ], [ -156.670119599, 20.892380577 ], [ -156.670096202, 20.892369106 ], [ -156.670075857, 20.892351899000101 ], [ -156.670074839, 20.8923327800001 ], [ -156.670076873999989, 20.892309838000099 ], [ -156.67008501, 20.892284028000098 ], [ -156.670093148, 20.892261085 ], [ -156.670106371, 20.89223623 ], [ -156.670139939, 20.892225715000102 ], [ -156.67019792, 20.892195123 ], [ -156.670251833, 20.8921693120001 ], [ -156.670279043, 20.8921490930001 ], [ -156.670290486, 20.892134754 ], [ -156.670289723, 20.892124717000101 ], [ -156.670282856, 20.892108227000101 ], [ -156.670289722, 20.892093170000098 ], [ -156.670300403, 20.8920802660001 ], [ -156.670298877, 20.892064492 ], [ -156.670277515, 20.892048003000099 ], [ -156.670254627, 20.892040834000099 ], [ -156.670240893999988, 20.892004987000099 ], [ -156.67018596, 20.891866616000101 ], [ -156.670149339, 20.891790620000101 ], [ -156.670134843, 20.891778433000098 ], [ -156.67012874, 20.891766961 ], [ -156.670127213, 20.891744735 ], [ -156.670140945000014, 20.891726095 ], [ -156.670159254999987, 20.891696699 ], [ -156.670161543, 20.891672322 ], [ -156.670172986000011, 20.891652965 ], [ -156.670212657, 20.891624286 ], [ -156.670237769000011, 20.891600925 ], [ -156.670256078, 20.891548587 ], [ -156.67025684, 20.8914976830001 ], [ -156.670262179, 20.891466137000101 ], [ -156.670263705, 20.891454666000101 ], [ -156.670289643, 20.891447496000101 ], [ -156.670320923, 20.891446778 ], [ -156.670335418, 20.891432439 ], [ -156.670347623999987, 20.891408779000098 ], [ -156.670369748000013, 20.891385836 ], [ -156.670384243, 20.891362177000101 ], [ -156.670390346, 20.891351422000099 ], [ -156.670419336, 20.891328479 ], [ -156.670426099999986, 20.891328274 ], [ -156.670442986000012, 20.891327761000099 ], [ -156.670458245, 20.891324177000101 ], [ -156.670457524, 20.891315175 ], [ -156.67046617, 20.8913099170001 ], [ -156.670479903, 20.891316130000099 ], [ -156.670484988999988, 20.891322821000099 ], [ -156.67049567, 20.8913280790001 ], [ -156.670511944999987, 20.891329513000102 ], [ -156.67051754, 20.891321387000101 ], [ -156.670517031, 20.891307526 ], [ -156.670519574, 20.891293664 ], [ -156.670526693999989, 20.891281715 ], [ -156.670533305, 20.89126881 ], [ -156.670534323, 20.891262118 ], [ -156.670537883, 20.891257817000099 ], [ -156.670546529, 20.89125447 ], [ -156.670551616000012, 20.891256382000101 ], [ -156.670547038, 20.891272156000099 ], [ -156.670548565, 20.891299877000101 ], [ -156.670547548, 20.8913094370001 ], [ -156.670554669000012, 20.891312783 ], [ -156.670562806, 20.89131087 ], [ -156.6705684, 20.891303223 ], [ -156.670571452, 20.891288406000101 ], [ -156.670579589999988, 20.891277412 ], [ -156.670583658, 20.891272633 ], [ -156.670592813000013, 20.891275500000098 ], [ -156.670607563, 20.891293185000102 ], [ -156.670614175, 20.891303222 ], [ -156.670625365, 20.8913037 ], [ -156.670644692, 20.891298442 ], [ -156.670652321, 20.891305133000099 ], [ -156.670671649000013, 20.891326163 ], [ -156.670686399, 20.891325206 ], [ -156.670694536000013, 20.891318037000101 ], [ -156.670706743000011, 20.891318037000101 ], [ -156.670715898, 20.891326162 ], [ -156.670719459, 20.891337155 ], [ -156.670746415, 20.891345757000099 ], [ -156.670747433, 20.891359619000099 ], [ -156.67076370800001, 20.891365833000101 ], [ -156.670774898, 20.891373479 ], [ -156.670783035999989, 20.891373001 ], [ -156.670792191, 20.891367743 ], [ -156.670799311, 20.8913577060001 ], [ -156.670793715, 20.891342411 ], [ -156.670789138, 20.891333807 ], [ -156.67077744, 20.891324727 ], [ -156.670774388000012, 20.891316123 ], [ -156.67078812, 20.891302739 ], [ -156.670790662, 20.8912960480001 ], [ -156.670788628, 20.891284099000099 ], [ -156.670796255999988, 20.8912630680001 ], [ -156.670795747, 20.891238692000101 ], [ -156.670786084000014, 20.891227699000101 ], [ -156.67076523, 20.891214795000099 ], [ -156.670744885, 20.8912042800001 ], [ -156.670741325, 20.891190896000101 ], [ -156.670748444, 20.891167954 ], [ -156.670747427, 20.891159828000099 ], [ -156.670741324, 20.89115457 ], [ -156.670725048, 20.891145967000099 ], [ -156.670717419, 20.891140232000101 ], [ -156.670714874999987, 20.89112685 ], [ -156.670719961, 20.891114422 ], [ -156.670735219, 20.891104385000101 ], [ -156.67074946, 20.891104384000101 ], [ -156.670767262, 20.891112031 ], [ -156.670799305, 20.891135929 ], [ -156.670818123, 20.891136884 ], [ -156.670832364, 20.891127802 ], [ -156.670847113, 20.891111551000101 ], [ -156.670841518, 20.891096256 ], [ -156.670838466, 20.891089565000101 ], [ -156.670827276000011, 20.891082873000101 ], [ -156.670820664, 20.891076182000099 ], [ -156.670820664, 20.891059453 ], [ -156.670839991, 20.891047982 ], [ -156.670857283, 20.891048459 ], [ -156.67086949, 20.8910451130001 ], [ -156.670883731, 20.891028862 ], [ -156.670893901999989, 20.891006875000102 ], [ -156.67091272, 20.890962424000101 ], [ -156.670915771000011, 20.890944739000101 ], [ -156.670969682, 20.890912714 ], [ -156.670987365, 20.890892113000099 ], [ -156.670993722, 20.890864630000099 ], [ -156.671005165, 20.890846706 ], [ -156.671030595, 20.8908347560001 ], [ -156.671062383, 20.890832365000101 ], [ -156.671082727, 20.89082878 ], [ -156.671119600999987, 20.89082161 ], [ -156.671125958, 20.890794126000099 ], [ -156.671134857999988, 20.890777397 ], [ -156.671138672000012, 20.890747524000101 ], [ -156.671143758, 20.890723626000099 ], [ -156.671156472, 20.890690168 ], [ -156.671165371, 20.8906662690001 ], [ -156.671179357, 20.890635201000102 ], [ -156.671198428999986, 20.890604132000099 ], [ -156.671220044, 20.8905814280001 ], [ -156.671254375, 20.890558724000101 ], [ -156.671298877, 20.890527655 ], [ -156.671340836000013, 20.890506144 ], [ -156.671358637, 20.890493 ], [ -156.671417123999987, 20.890424888 ], [ -156.671490871, 20.890374699000098 ], [ -156.671577332, 20.890324511000099 ], [ -156.671649808000012, 20.89030539 ], [ -156.671721012, 20.8902719290001 ], [ -156.671753011, 20.8902700370001 ], [ -156.671802598999989, 20.890238968000101 ], [ -156.671847101999987, 20.890224627000102 ], [ -156.671858545, 20.890197143 ], [ -156.671867443999986, 20.890166076000099 ], [ -156.671882700999987, 20.8901362020001 ], [ -156.671900502, 20.890121863 ], [ -156.671947548, 20.890105132 ], [ -156.67196662, 20.8900872080001 ], [ -156.671994592, 20.890066893 ], [ -156.672022563000013, 20.890004756000099 ], [ -156.672021289000014, 20.889936646 ], [ -156.672032732, 20.889890043 ], [ -156.672087405000013, 20.8898422450001 ], [ -156.672139536, 20.8898135650001 ], [ -156.67214335, 20.889787277 ], [ -156.672159879, 20.889772937 ], [ -156.672198023, 20.889760987 ], [ -156.672227742, 20.889754072000098 ], [ -156.672249103000013, 20.889738298000101 ], [ -156.672247577, 20.889725393 ], [ -156.672229267, 20.889705319 ], [ -156.67219875, 20.889688829 ], [ -156.67218578, 20.889680226000099 ], [ -156.672165944, 20.889680944000101 ], [ -156.672149161, 20.8896795100001 ], [ -156.67214916, 20.8896608700001 ], [ -156.672154498999987, 20.88963506 ], [ -156.67217586000001, 20.889628606 ], [ -156.672206376, 20.8896271720001 ], [ -156.672239181, 20.889628604000102 ], [ -156.672255965, 20.889621435 ], [ -156.672271222, 20.889599208 ], [ -156.6722758, 20.889586303 ], [ -156.672271220999988, 20.889571964 ], [ -156.672268932, 20.889548305000101 ], [ -156.67227656, 20.889526795000101 ], [ -156.672284952000012, 20.889518192 ], [ -156.672291054999988, 20.8895088720001 ], [ -156.672316231, 20.889521059000099 ], [ -156.672326149000014, 20.889526794000101 ], [ -156.672346747, 20.889526077 ], [ -156.672360479, 20.889505285 ], [ -156.672391579, 20.889472535 ], [ -156.672404293, 20.889434894 ], [ -156.6724151, 20.889409203000099 ], [ -156.672415099, 20.889399644 ], [ -156.672403019, 20.889368576 ], [ -156.672402381000012, 20.88934886 ], [ -156.672404924, 20.8893237670001 ], [ -156.672412552999987, 20.889312415000099 ], [ -156.672425903, 20.8893028540001 ], [ -156.672430988, 20.889290308000099 ], [ -156.672430988, 20.889277164000099 ], [ -156.672423994000013, 20.889269397000099 ], [ -156.672415094, 20.889262826 ], [ -156.672420179, 20.8892544600001 ], [ -156.672427172, 20.889240719 ], [ -156.672424627, 20.889192922000099 ], [ -156.672435433, 20.8891349680001 ], [ -156.672442424, 20.889090756 ], [ -156.672462131, 20.889038776000099 ], [ -156.672462131, 20.889026230000098 ], [ -156.672458316, 20.889013683 ], [ -156.672462765, 20.889004721 ], [ -156.672474844, 20.888996356000099 ], [ -156.67248883100001, 20.888986199 ], [ -156.672492645, 20.888967678 ], [ -156.672512987, 20.888948558 ], [ -156.672526338000011, 20.888934816000098 ], [ -156.672522523, 20.888929439 ], [ -156.67250345, 20.888930634000101 ], [ -156.672488829, 20.888947364 ], [ -156.672480564000011, 20.888952741 ], [ -156.672456405, 20.888952145000101 ], [ -156.672450049, 20.888958717 ], [ -156.672441148, 20.888963496 ], [ -156.672432883, 20.888956925000102 ], [ -156.672429704, 20.888940794000099 ], [ -156.67243034, 20.8889330270001 ], [ -156.672434153000012, 20.88892048 ], [ -156.672435424000014, 20.888909726000101 ], [ -156.672438568, 20.88889557 ], [ -156.672445053, 20.888886249000102 ], [ -156.67245497, 20.888876928000101 ], [ -156.672452682, 20.888871551 ], [ -156.672461836, 20.888864382000101 ], [ -156.67248205300001, 20.88886474 ], [ -156.672491589, 20.888864739 ], [ -156.672493115, 20.888862229 ], [ -156.672484341, 20.888853626000099 ], [ -156.672488537, 20.888847532000099 ], [ -156.672488537, 20.888839287000099 ], [ -156.672488155, 20.888832476000101 ], [ -156.672498454, 20.888827099 ], [ -156.672504176, 20.888832834 ], [ -156.672517527999986, 20.888847531000099 ], [ -156.672535456, 20.888861511000101 ], [ -156.672562158, 20.888874057000098 ], [ -156.672604881000012, 20.888886602000099 ], [ -156.672661718, 20.888890544 ], [ -156.672689182, 20.888882656000099 ], [ -156.672710161, 20.888877278000098 ], [ -156.672732286000013, 20.888876918000101 ], [ -156.672737244, 20.888885522000098 ], [ -156.672745637, 20.888897351 ], [ -156.672760133, 20.888902728000101 ], [ -156.672769287, 20.888903445 ], [ -156.672779204, 20.888903803000101 ], [ -156.672782256, 20.888912765 ], [ -156.672778443, 20.88892316 ], [ -156.672785309, 20.888934631 ], [ -156.672792176, 20.888941442 ], [ -156.672813155, 20.888946101 ], [ -156.672824600000013, 20.888946460000099 ], [ -156.67283375400001, 20.888941441 ], [ -156.672849393, 20.88893212 ], [ -156.672857021999988, 20.888926384000101 ], [ -156.672876857, 20.888915271 ], [ -156.672889444, 20.888903799 ], [ -156.67293598, 20.888879779 ], [ -156.672957340000011, 20.888858986000098 ], [ -156.672973711, 20.88884883 ], [ -156.672991638000013, 20.888824452000101 ], [ -156.672994308, 20.888818717 ], [ -156.673002700000012, 20.888819792 ], [ -156.673008422, 20.888815131000101 ], [ -156.673014142999989, 20.888806169000102 ], [ -156.673014142999989, 20.888799717 ], [ -156.673031308, 20.888797207 ], [ -156.673033976999989, 20.888791113 ], [ -156.673037792, 20.8887810750001 ], [ -156.673032451000012, 20.88876566 ], [ -156.673024059, 20.888763151 ], [ -156.673016811, 20.888757057000099 ], [ -156.673016811, 20.8887502470001 ], [ -156.673024821000013, 20.888746662000099 ], [ -156.673040079, 20.888748812000099 ], [ -156.673052667, 20.888757056 ], [ -156.673056482, 20.8887624340001 ], [ -156.673067544, 20.88876315 ], [ -156.673078225000012, 20.888767093000101 ], [ -156.673086998, 20.8887656580001 ], [ -156.673112936, 20.888743791 ], [ -156.67312743, 20.8887273 ], [ -156.673137348000012, 20.888716187000099 ], [ -156.673142688000013, 20.888713319 ], [ -156.673148409, 20.888705791000099 ], [ -156.673147645, 20.8886918100001 ], [ -156.673136965, 20.8886814150001 ], [ -156.67313238700001, 20.8886710190001 ], [ -156.67313554, 20.888661548000101 ], [ -156.673142659, 20.888651988 ], [ -156.673138591, 20.888648642000099 ], [ -156.67312994400001, 20.888640517000098 ], [ -156.673129943, 20.888628568000101 ], [ -156.673123331, 20.888618531000098 ], [ -156.673122314000011, 20.888608015 ], [ -156.673127399, 20.888601324 ], [ -156.673143675, 20.888593198 ], [ -156.673150795, 20.8885912850001 ], [ -156.673175207000014, 20.888591762 ], [ -156.673180293, 20.888583159000099 ], [ -156.673178767, 20.888573122 ], [ -156.673171645999986, 20.888557349000099 ], [ -156.673161474000011, 20.888546357000099 ], [ -156.673149267000014, 20.888539187 ], [ -156.673135534000011, 20.888524849000099 ], [ -156.673137059999988, 20.8885152890001 ], [ -156.673147231, 20.8885081190001 ], [ -156.673160454, 20.888494735000101 ], [ -156.673164014, 20.888484220000102 ], [ -156.673177237, 20.88848183 ], [ -156.673210297, 20.888485652 ], [ -156.673238270000013, 20.888490909 ], [ -156.673257088000014, 20.888496644 ], [ -156.673255563, 20.888510027000098 ], [ -156.673249969000011, 20.888515285 ], [ -156.673263192, 20.888521498 ], [ -156.673283536000014, 20.888518152000099 ], [ -156.673320155, 20.888516238 ], [ -156.673335413, 20.888510024 ], [ -156.673342024, 20.888502854 ], [ -156.673364912000011, 20.888497595 ], [ -156.673381186, 20.888496639 ], [ -156.673401531, 20.888492337000098 ], [ -156.673417805000014, 20.8884832540001 ], [ -156.673438657, 20.888476084 ], [ -156.673462053, 20.8884760830001 ], [ -156.673487482000013, 20.888466523 ], [ -156.673509352, 20.888464132 ], [ -156.673542919999988, 20.888467477000098 ], [ -156.673574452999986, 20.888467953 ], [ -156.673600392, 20.888467952 ], [ -156.673611580999989, 20.888468429000099 ], [ -156.673623279, 20.888477032 ], [ -156.673637520999989, 20.8884880250001 ], [ -156.673646168, 20.8884951950001 ], [ -156.673664986, 20.888500451 ], [ -156.673697535, 20.888497104000098 ], [ -156.673715634, 20.8884979790001 ], [ -156.673750218, 20.888505148 ], [ -156.673786329, 20.888499411000101 ], [ -156.67380057, 20.888495108 ], [ -156.673806164000013, 20.888483637 ], [ -156.673815827, 20.888481725000101 ], [ -156.673845835, 20.888482202 ], [ -156.673917547, 20.888468815000099 ], [ -156.673949588, 20.888456865 ], [ -156.673960777, 20.888448739000101 ], [ -156.673978577000014, 20.888431053 ], [ -156.673987731000011, 20.888420537000101 ], [ -156.674000954, 20.888404764 ], [ -156.674015194, 20.8883870780001 ], [ -156.674027908, 20.888364135000099 ], [ -156.674050792, 20.8883072560001 ], [ -156.674056385, 20.888279534 ], [ -156.67405435, 20.888260893000101 ], [ -156.674045703, 20.888243687000099 ], [ -156.674021798000012, 20.888223135 ], [ -156.674001960999988, 20.888209753000101 ], [ -156.673896214, 20.88816917 ], [ -156.673880192000013, 20.888163435 ], [ -156.673870273, 20.888144078 ], [ -156.673841283, 20.888120419000099 ], [ -156.673739816, 20.888090311 ], [ -156.673554427999989, 20.888021492000099 ], [ -156.673200439, 20.887912529000101 ], [ -156.672948678000012, 20.887803562 ], [ -156.672861018, 20.887768454 ], [ -156.672798713, 20.887732011 ], [ -156.672768832, 20.887714686 ], [ -156.672730687000012, 20.8877045310001 ], [ -156.672714793000011, 20.887693777 ], [ -156.672700806, 20.887689595 ], [ -156.672681733, 20.887680633000102 ], [ -156.672674104, 20.887667490000101 ], [ -156.672660117, 20.887649567 ], [ -156.672629601000011, 20.887627462000101 ], [ -156.672613706, 20.8876077460001 ], [ -156.672579374, 20.887574887 ], [ -156.672554908, 20.887552722000098 ], [ -156.672544735, 20.88753217 ], [ -156.672530493000011, 20.887505403 ], [ -156.672513708999986, 20.887492022000099 ], [ -156.672506588, 20.887481506 ], [ -156.672505062, 20.8874676450001 ], [ -156.672509639, 20.887454740000098 ], [ -156.672525914, 20.88744996 ], [ -156.672525914, 20.88744279 ], [ -156.672522353, 20.887433231 ], [ -156.67252693, 20.8874203250001 ], [ -156.672528964, 20.8874093330001 ], [ -156.672527946, 20.887390214 ], [ -156.672523367999986, 20.887383523 ], [ -156.672509636, 20.887382566 ], [ -156.672491834999988, 20.887382567 ], [ -156.672481155000014, 20.887378266 ], [ -156.672463861000011, 20.887355324000101 ], [ -156.672435379, 20.887321867 ], [ -156.672408929, 20.887251129 ], [ -156.672409945, 20.887229142 ], [ -156.67239367, 20.887212413 ], [ -156.672384005999987, 20.8871904280001 ], [ -156.67238197, 20.8871579250001 ], [ -156.672359148999988, 20.88710159 ], [ -156.67235152, 20.887082471 ], [ -156.672338803, 20.887050448 ], [ -156.672337277, 20.887039933 ], [ -156.67233219, 20.887029896000101 ], [ -156.672324053000011, 20.887017469000099 ], [ -156.672318458, 20.887011734000101 ], [ -156.672315915000013, 20.887003608 ], [ -156.672315914, 20.886990225 ], [ -156.672315405, 20.886977798 ], [ -156.672311845, 20.886966327 ], [ -156.672305740000013, 20.886948164 ], [ -156.672301162999986, 20.886936215 ], [ -156.672290481, 20.886922832 ], [ -156.672282852, 20.8869056250001 ], [ -156.672280817, 20.886897022 ], [ -156.672277257, 20.886882683000099 ], [ -156.672270136, 20.886855439 ], [ -156.672260472, 20.886842534 ], [ -156.672247247, 20.886822460000101 ], [ -156.672235549, 20.886804776000101 ], [ -156.672227411, 20.886787569 ], [ -156.672213678, 20.886763672 ], [ -156.672201979, 20.886742641000101 ], [ -156.672183161, 20.886727825 ], [ -156.672177057, 20.886711096000099 ], [ -156.672176040000011, 20.886685286 ], [ -156.67217705600001, 20.8866618650001 ], [ -156.67217349500001, 20.886644181000101 ], [ -156.672164442, 20.886642783000099 ], [ -156.672156177, 20.886636808 ], [ -156.672151727, 20.886618287 ], [ -156.672147911, 20.886601558000098 ], [ -156.672139646, 20.886580050000099 ], [ -156.672127565000011, 20.8865495800001 ], [ -156.672112942000012, 20.886528669 ], [ -156.672109127999988, 20.886506563000101 ], [ -156.672106584, 20.886489834 ], [ -156.672097681999986, 20.886464742 ], [ -156.672084331, 20.886439649000099 ], [ -156.672071615, 20.886398424 ], [ -156.672065256, 20.886373332000101 ], [ -156.672049361, 20.886336886 ], [ -156.672032832000014, 20.886313586 ], [ -156.672027109, 20.886304027000101 ], [ -156.672022658, 20.886280129000099 ], [ -156.672010578, 20.886268180000101 ], [ -156.672001677999987, 20.886262802 ], [ -156.67199023500001, 20.886244282000099 ], [ -156.671977519, 20.886226358 ], [ -156.671978153999987, 20.88620007 ], [ -156.671988324000012, 20.886175574 ], [ -156.671995317000011, 20.886169002 ], [ -156.671999768, 20.886154065 ], [ -156.671990867, 20.886150481000101 ], [ -156.671978279, 20.886147175000101 ], [ -156.671965562999986, 20.886126264 ], [ -156.671964291, 20.886103561 ], [ -156.671971284, 20.886094001000099 ], [ -156.671972555, 20.886088624 ], [ -156.671970648000013, 20.8860784670001 ], [ -156.671969376, 20.886062933000101 ], [ -156.671971918, 20.886049192 ], [ -156.671983361, 20.886040827 ], [ -156.671990990000012, 20.886034255 ], [ -156.672005611, 20.886017525000099 ], [ -156.672016418999988, 20.886010356 ], [ -156.672013875, 20.885997212000099 ], [ -156.672013239, 20.885987055 ], [ -156.67201451, 20.885958377000101 ], [ -156.672022773, 20.885948219000099 ], [ -156.672024045, 20.885936867000101 ], [ -156.672020229999987, 20.88591058 ], [ -156.672020229, 20.885890863 ], [ -156.672006243, 20.885884889000099 ], [ -156.672006877, 20.885865173000099 ], [ -156.672008784000013, 20.885850237000099 ], [ -156.672008783, 20.885831715000101 ], [ -156.671995433, 20.885821558 ], [ -156.671978904000014, 20.885822754000099 ], [ -156.671916603, 20.885864579 ], [ -156.671886088, 20.885886088000099 ], [ -156.671854301, 20.885885492000099 ], [ -156.671853029, 20.885881907000101 ], [ -156.671853029, 20.8858765300001 ], [ -156.671868921999987, 20.8858633850001 ], [ -156.671995431, 20.885770774 ], [ -156.671970565, 20.8855198420001 ], [ -156.672236369, 20.885310498 ], [ -156.67230045, 20.885256725 ], [ -156.672346223, 20.88525529 ], [ -156.672468278999986, 20.885134837000098 ], [ -156.672473618999987, 20.885110461000099 ], [ -156.672706291, 20.884922611 ], [ -156.672806988, 20.884840597 ], [ -156.673012347999986, 20.884673339000098 ], [ -156.673381571, 20.884409486 ], [ -156.673444123, 20.884320582 ], [ -156.673444120999989, 20.8842804330001 ], [ -156.673439543, 20.884243151000099 ], [ -156.67339682, 20.884205872000098 ], [ -156.673364776999989, 20.8841642890001 ], [ -156.673264074, 20.884102636 ], [ -156.673189310999987, 20.884094035 ], [ -156.673134385, 20.88410981 ], [ -156.673084036, 20.8841155470001 ], [ -156.672810932, 20.884270419000099 ], [ -156.672573535999987, 20.8844627890001 ], [ -156.672334909999989, 20.884656156000101 ], [ -156.672248758, 20.8847362660001 ], [ -156.67217247100001, 20.884786456 ], [ -156.672083979, 20.884841425 ], [ -156.671927845999988, 20.884931188000099 ], [ -156.671840879, 20.884979944000101 ], [ -156.671805787000011, 20.884991416 ], [ -156.671749334, 20.885017944 ], [ -156.67171882, 20.885038737000102 ], [ -156.671688305, 20.885051644 ], [ -156.671641005999987, 20.885062399 ], [ -156.671602863, 20.885064551 ], [ -156.671528863, 20.885054516 ], [ -156.671502924, 20.885046631 ], [ -156.671372471000012, 20.885035879 ], [ -156.67130610000001, 20.8850523720001 ], [ -156.671257277, 20.885076032 ], [ -156.671187092, 20.885094675000101 ], [ -156.671138269000011, 20.8851262220001 ], [ -156.671106990999988, 20.885143429 ], [ -156.671106038, 20.885160218000099 ], [ -156.671105275, 20.885178859000099 ], [ -156.671128925, 20.8852046690001 ], [ -156.671147998, 20.885221875000099 ], [ -156.671169359, 20.885234062000102 ], [ -156.671176989, 20.885251269 ], [ -156.671179278000011, 20.885269193000099 ], [ -156.671170124000014, 20.885281381 ], [ -156.671152578, 20.885287835 ], [ -156.671093073, 20.885299307 ], [ -156.671045011, 20.885302894000102 ], [ -156.671035094, 20.885296441 ], [ -156.671028227, 20.885285687000099 ], [ -156.671012205000011, 20.885250557000099 ], [ -156.670971009, 20.885221163 ], [ -156.670925235, 20.885183882 ], [ -156.670848944, 20.885085662000101 ], [ -156.67077418, 20.885012534000101 ], [ -156.670576206, 20.884831078 ], [ -156.670525347, 20.8847832820001 ], [ -156.670501443, 20.884763208 ], [ -156.670499917, 20.884759384000098 ], [ -156.670497883, 20.884748392000098 ], [ -156.670500933999989, 20.884727838000099 ], [ -156.670620448, 20.884612168 ], [ -156.670728554, 20.884514643 ], [ -156.670833066, 20.8844114 ], [ -156.670833065000011, 20.884392759 ], [ -156.670819333, 20.884371251000101 ], [ -156.670810178000011, 20.8843597800001 ], [ -156.670781188, 20.884335404000101 ], [ -156.670621742, 20.884192734000099 ], [ -156.670353966, 20.883954712 ], [ -156.669844851, 20.88368682 ], [ -156.669634293, 20.883511888 ], [ -156.669566741000011, 20.883454508000099 ], [ -156.669518270999987, 20.883408051000099 ], [ -156.66949157, 20.883395864 ], [ -156.669469447000012, 20.883395864 ], [ -156.669449612, 20.883399448 ], [ -156.669428251, 20.883410204 ], [ -156.669412994, 20.883425259 ], [ -156.669374852, 20.883475447 ], [ -156.66923906400001, 20.883700572000102 ], [ -156.66920132300001, 20.883755599 ], [ -156.669176529999987, 20.883784875000099 ], [ -156.669132666, 20.883822516000102 ], [ -156.669071, 20.883870313 ], [ -156.668862482, 20.883985028 ], [ -156.668743598, 20.883830288000102 ], [ -156.668744234, 20.883807584000099 ], [ -156.668750591, 20.883774127 ], [ -156.668763941, 20.883737681000099 ], [ -156.668782376, 20.883705418 ], [ -156.668809077, 20.883658219 ], [ -156.668818612, 20.883609823 ], [ -156.668825604, 20.883558442 ], [ -156.668837682, 20.8834980980001 ], [ -156.668847852999988, 20.883446717 ], [ -156.66883952, 20.883420851 ], [ -156.668819686, 20.88341153 ], [ -156.668788408000012, 20.883405078000099 ], [ -156.668737295, 20.883400777000102 ], [ -156.668699151, 20.883394325 ], [ -156.668670924999986, 20.883402211 ], [ -156.668635833, 20.883402212000099 ], [ -156.668602266, 20.883402212000099 ], [ -156.668582431, 20.883396477000101 ], [ -156.668571751, 20.883382855 ], [ -156.668471049, 20.883192147 ], [ -156.668850448, 20.882944571000099 ], [ -156.669072949999986, 20.882790423000099 ], [ -156.66949252500001, 20.882526339 ], [ -156.669612038999986, 20.882422378000101 ], [ -156.669643824, 20.882399675 ], [ -156.669816739, 20.882299299000099 ], [ -156.670039239, 20.882104522000098 ], [ -156.670143495, 20.882035214 ], [ -156.670154645999986, 20.882013706000102 ], [ -156.670153375000012, 20.882000562 ], [ -156.67013176, 20.881988613 ], [ -156.670108874, 20.8819826380001 ], [ -156.670082173999987, 20.8819826390001 ], [ -156.670056058, 20.881984539 ], [ -156.670003165999987, 20.88199171 ], [ -156.669762102, 20.882083484000098 ], [ -156.669528157, 20.882171435 ], [ -156.669026447, 20.882359005000101 ], [ -156.668631028, 20.882505985 ], [ -156.668187294, 20.882699567 ], [ -156.668038535, 20.882758119000101 ], [ -156.667982719, 20.8827669030001 ], [ -156.66795182300001, 20.882766186 ], [ -156.667922833, 20.882759375 ], [ -156.667889648, 20.88274432 ], [ -156.667862948, 20.882736074 ], [ -156.667834721, 20.882735 ], [ -156.66780268, 20.882735717000099 ], [ -156.667781319999989, 20.88273966 ], [ -156.667745083999989, 20.882750056000098 ], [ -156.667725631, 20.88275866 ], [ -156.667714951, 20.882772282000101 ], [ -156.667712663, 20.8827937900001 ], [ -156.667708848, 20.882826412 ], [ -156.667702746, 20.882856165000099 ], [ -156.667687717, 20.882888715 ], [ -156.667664831, 20.88291596 ], [ -156.667626688000013, 20.882948223 ], [ -156.667514544999989, 20.882996259 ], [ -156.667172017000013, 20.883136066000102 ], [ -156.666941629, 20.883240024 ], [ -156.666896068, 20.883248788000099 ], [ -156.666875726, 20.883225845 ], [ -156.666776043, 20.8832793780001 ], [ -156.666448516, 20.883451446 ], [ -156.666277631000014, 20.883558511 ], [ -156.666266443000012, 20.88353748 ], [ -156.666265425, 20.883510714000099 ], [ -156.666265425, 20.883492551000099 ], [ -156.666263392, 20.883472476000101 ], [ -156.66626034, 20.8834533580001 ], [ -156.666258306, 20.883432327 ], [ -156.66626034, 20.883413209 ], [ -156.66626034, 20.883393133 ], [ -156.666256271, 20.883383574 ], [ -156.666252203, 20.883367323000101 ], [ -156.666231859, 20.883367323000101 ], [ -156.666216602, 20.883379751000099 ], [ -156.666200327000013, 20.883426591 ], [ -156.666169812, 20.8834676970001 ], [ -156.666142349000012, 20.883491595000098 ], [ -156.666135228, 20.883508802000101 ], [ -156.666123022, 20.883521228000099 ], [ -156.66610471300001, 20.883521228000099 ], [ -156.666065044, 20.883493507 ], [ -156.66603758, 20.883460048000099 ], [ -156.666014185, 20.883451445 ], [ -156.665978585, 20.883448577 ], [ -156.665924675000014, 20.883454312 ], [ -156.665872799999988, 20.883463871000099 ], [ -156.665859576, 20.883469607000102 ], [ -156.665843301, 20.883469607000102 ], [ -156.665808718, 20.88346196 ], [ -156.66577108300001, 20.883444753 ], [ -156.665743619000011, 20.883438060000099 ], [ -156.665717174, 20.883436149 ], [ -156.665677503000012, 20.883438060000099 ], [ -156.665667332, 20.883458135000101 ], [ -156.665653091, 20.883472473 ], [ -156.66564292000001, 20.883480121 ], [ -156.665621558999987, 20.883479165 ], [ -156.665614440000013, 20.883458134 ], [ -156.665608337, 20.883425633000101 ], [ -156.665610371000014, 20.883400778000102 ], [ -156.665609354, 20.883378791 ], [ -156.6656002, 20.883363497000101 ], [ -156.665503569, 20.883353937 ], [ -156.665434401999988, 20.883334817 ], [ -156.665366252000013, 20.883314742 ], [ -156.665309291, 20.883309006 ], [ -156.6652269, 20.883303270000098 ], [ -156.665098738000012, 20.8832908420001 ], [ -156.665020309999989, 20.883268217 ], [ -156.664908423000014, 20.883261524 ], [ -156.664857563999988, 20.883255788 ], [ -156.664817895, 20.883254832 ], [ -156.664780259, 20.883286377 ], [ -156.664738555000014, 20.883303584 ], [ -156.664714143, 20.8833045390001 ], [ -156.664685662000011, 20.883319834000101 ], [ -156.664662267000011, 20.883332261000099 ], [ -156.664625648999987, 20.883328436000099 ], [ -156.664573773, 20.883341819000101 ], [ -156.664549361000013, 20.883353290000102 ], [ -156.664501554, 20.883357114 ], [ -156.664459852, 20.883324611 ], [ -156.66444256, 20.883305491 ], [ -156.664400855999986, 20.883302623000102 ], [ -156.664384581, 20.88332461 ], [ -156.664379495, 20.883352332000101 ], [ -156.66437746, 20.883381966000101 ], [ -156.664377459, 20.8834202040001 ], [ -156.664368304, 20.883444102000102 ], [ -156.664347961, 20.8834574850001 ], [ -156.664295068, 20.883461308000101 ], [ -156.664270656000014, 20.883489985 ], [ -156.664248278, 20.883499544000099 ], [ -156.66421166, 20.883517707000099 ], [ -156.664157749999987, 20.883547340000099 ], [ -156.664128251, 20.8835521190001 ], [ -156.664092651, 20.883572193000099 ], [ -156.664042809, 20.883586532 ], [ -156.663976692, 20.883645799000099 ], [ -156.663920747, 20.883722273 ], [ -156.663814959, 20.883812129 ], [ -156.663637766, 20.88393181 ], [ -156.663514940999988, 20.884010672 ], [ -156.663471456, 20.884045085 ], [ -156.663457725, 20.8840472360001 ], [ -156.663427972, 20.884044367000101 ], [ -156.663415766000014, 20.8840422160001 ], [ -156.663390591, 20.884051536000101 ], [ -156.663335805, 20.8841587490001 ], [ -156.663260531, 20.884290667000101 ], [ -156.663183225000012, 20.884348022 ], [ -156.663148639000013, 20.884401553 ], [ -156.663132362999988, 20.884456997 ], [ -156.663126259, 20.8845220010001 ], [ -156.663091673, 20.884621418000101 ], [ -156.663024535, 20.884764807000099 ], [ -156.662961466000013, 20.884965552 ], [ -156.662922810999987, 20.885036291000102 ], [ -156.662898399, 20.885051586 ], [ -156.662819058999986, 20.885053495 ], [ -156.662737685, 20.885053493 ], [ -156.662631898, 20.885068786 ], [ -156.662334881, 20.885099368000098 ], [ -156.662072449, 20.885131864000101 ], [ -156.661952878, 20.885153942 ], [ -156.661815559, 20.885181183 ], [ -156.661719434, 20.885217027000099 ], [ -156.661682052, 20.885224196 ], [ -156.661653062999989, 20.885227063000102 ], [ -156.661629414, 20.885240684000099 ], [ -156.661605763000011, 20.885262193000099 ], [ -156.661569144, 20.885282266 ], [ -156.661511927, 20.885313810000099 ], [ -156.661485987, 20.885337469 ], [ -156.66145776, 20.885350373000101 ], [ -156.661440977000012, 20.885357542000101 ], [ -156.661405884, 20.8853582570001 ], [ -156.661396728999989, 20.885361842000101 ], [ -156.661397492, 20.8853768980001 ], [ -156.661387573000013, 20.88539052 ], [ -156.661369264, 20.885398407 ], [ -156.661329594, 20.885401989000101 ], [ -156.661296027, 20.885413460000098 ], [ -156.661291449, 20.885424931 ], [ -156.661283057, 20.885427798 ], [ -156.661262459, 20.885432100000099 ], [ -156.661251778, 20.885447872 ], [ -156.661237283, 20.885457192 ], [ -156.661216685, 20.885457908 ], [ -156.661192273000012, 20.885460775000102 ], [ -156.661171675, 20.885473679 ], [ -156.661151075, 20.885496622000101 ], [ -156.661139631999987, 20.885500923000102 ], [ -156.661124374, 20.88550379 ], [ -156.661103014, 20.88550594 ], [ -156.66107249800001, 20.885510959 ], [ -156.661042746, 20.885513825 ], [ -156.661012993000014, 20.885515975 ], [ -156.661005364, 20.88551956 ], [ -156.660991632, 20.885519559 ], [ -156.660973323, 20.885512389 ], [ -156.66095654, 20.885497332000099 ], [ -156.660922973999988, 20.885482275000101 ], [ -156.660816880999988, 20.885494985 ], [ -156.660686427, 20.885529394000098 ], [ -156.660634918999989, 20.885559082 ], [ -156.660590383, 20.885559082 ], [ -156.66055444700001, 20.885553049000102 ], [ -156.660501044, 20.885554482 ], [ -156.660477787, 20.885559082 ], [ -156.660342072, 20.885559082 ], [ -156.660335498, 20.885554476 ], [ -156.660294304, 20.885515041000101 ], [ -156.660269892, 20.885494966000099 ], [ -156.660247770000012, 20.885467721000101 ], [ -156.660242431, 20.885427572 ], [ -156.660238618, 20.885409647000099 ], [ -156.660247012000013, 20.885370216000101 ], [ -156.66025387900001, 20.8853142930001 ], [ -156.660237097, 20.885287765 ], [ -156.660229469, 20.885266257000101 ], [ -156.660230234000011, 20.885235427000101 ], [ -156.660232523, 20.885213919 ], [ -156.660240916, 20.885190260000101 ], [ -156.660252359999987, 20.8851694690001 ], [ -156.660253886, 20.885156564000098 ], [ -156.660253886, 20.885149394000099 ], [ -156.660235577, 20.885145092000101 ], [ -156.660218794, 20.885160864000099 ], [ -156.660208875, 20.885179505000099 ], [ -156.660185989000013, 20.885180220000102 ], [ -156.660180649000011, 20.885168032 ], [ -156.660177599, 20.8851293160001 ], [ -156.66017226, 20.885101355000099 ], [ -156.660153953, 20.885066224000099 ], [ -156.660150139, 20.885037546 ], [ -156.660111234, 20.8850038480001 ], [ -156.660092162000012, 20.884985923 ], [ -156.660068444, 20.884941278 ], [ -156.660064377, 20.884919292000099 ], [ -156.660039966, 20.884878185 ], [ -156.660022676000011, 20.8848475950001 ], [ -156.660000298, 20.884823696000101 ], [ -156.65998809300001, 20.884797885000101 ], [ -156.659981991, 20.8847787660001 ], [ -156.659978239999987, 20.884771966000098 ], [ -156.659967752, 20.884752955000099 ], [ -156.659959615, 20.884735748 ], [ -156.659949446000013, 20.88469751 ], [ -156.659931138, 20.884665007 ], [ -156.65990978, 20.884618166000099 ], [ -156.659896558000014, 20.88457706 ], [ -156.659882319, 20.884542645000099 ], [ -156.659872149, 20.884505363000098 ], [ -156.659862995999987, 20.884470949 ], [ -156.659851809, 20.884438447 ], [ -156.659861981, 20.884421241 ], [ -156.659895548, 20.884408815 ], [ -156.659944373, 20.884404037 ], [ -156.659963699, 20.8843906550001 ], [ -156.659977941, 20.884373448000101 ], [ -156.660013542, 20.884382053 ], [ -156.660035919, 20.884378231 ], [ -156.660060332, 20.884367716 ], [ -156.660073555999986, 20.884351465000101 ], [ -156.6600939, 20.884334259000099 ], [ -156.660145776, 20.884321834 ], [ -156.66015188, 20.884299848000101 ], [ -156.660154932000012, 20.884282641 ], [ -156.660172225, 20.884259699 ], [ -156.660182397999989, 20.884243449000099 ], [ -156.660224102, 20.884237714000101 ], [ -156.660257669, 20.884235804000099 ], [ -156.660272927, 20.884228157000098 ], [ -156.660293271, 20.88422051 ], [ -156.660296322, 20.884217643000099 ], [ -156.660295306, 20.884207128000099 ], [ -156.660285134, 20.884188008 ], [ -156.660296324, 20.8841679340001 ], [ -156.660341081000013, 20.884151685000099 ], [ -156.660387871000012, 20.8841421270001 ], [ -156.660437713, 20.884139261 ], [ -156.660441780000014, 20.884168895000101 ], [ -156.660438727000013, 20.884204265000101 ], [ -156.660431606, 20.884234854000098 ], [ -156.660457034, 20.884240591 ], [ -156.660485516, 20.884229121 ], [ -156.660575027, 20.8842176530001 ], [ -156.660605543, 20.884204271 ], [ -156.660649282, 20.884201405000098 ], [ -156.660697801, 20.8841990170001 ], [ -156.660722305, 20.88421565 ], [ -156.660725262999989, 20.8842176580001 ], [ -156.660768747, 20.884220527 ], [ -156.660784006, 20.8842040380001 ], [ -156.660796294, 20.884182767 ], [ -156.660798500999988, 20.884178946000102 ], [ -156.6608191, 20.88416174 ], [ -156.660822914, 20.884148118 ], [ -156.660829017999987, 20.884135212 ], [ -156.660836647999986, 20.884123741000099 ], [ -156.660854194, 20.884115856000101 ], [ -156.660894627, 20.884114423 ], [ -156.660909121, 20.884105103 ], [ -156.660952606, 20.884103671 ], [ -156.660962732, 20.884108795 ], [ -156.66097244, 20.884113708 ], [ -156.661011346, 20.8841452560001 ], [ -156.661043385999989, 20.884167483000098 ], [ -156.661071612, 20.884166049 ], [ -156.661099076, 20.884156013000101 ], [ -156.661107469, 20.88414526 ], [ -156.661117386, 20.884132354 ], [ -156.661137985000011, 20.884116582 ], [ -156.661145613, 20.884107978 ], [ -156.661156295000012, 20.884094357 ], [ -156.661154007, 20.884070697 ], [ -156.661154008000011, 20.884059226 ], [ -156.661186811, 20.884048473000099 ], [ -156.661226481, 20.88403557 ], [ -156.661242503000011, 20.884015495 ], [ -156.661237162, 20.8840033070001 ], [ -156.661176895000011, 20.8840033050001 ], [ -156.661158586999989, 20.883997569 ], [ -156.6611484, 20.883990339 ], [ -156.661376953, 20.883361816 ], [ -156.661804198999988, 20.883178712000099 ], [ -156.661922620000013, 20.883073449000101 ], [ -156.661949592000013, 20.883068194 ], [ -156.66205843, 20.883032828000101 ], [ -156.662121495, 20.883010843 ], [ -156.66213573600001, 20.882985988 ], [ -156.662162183, 20.8829592230001 ], [ -156.662200477999988, 20.882860126 ], [ -156.662235285, 20.882795524000102 ], [ -156.662251339, 20.882765728 ], [ -156.662309827, 20.882694034000099 ], [ -156.662345429999988, 20.882633094 ], [ -156.662327631000011, 20.882590076 ], [ -156.662318731999989, 20.882543474 ], [ -156.662321277, 20.882486118 ], [ -156.662355607, 20.882446687 ], [ -156.662402652, 20.882394111000099 ], [ -156.662430625000013, 20.882359459 ], [ -156.662491655999986, 20.882322418000101 ], [ -156.662584472, 20.882318835 ], [ -156.662593376, 20.882317314 ], [ -156.662723027999988, 20.882115633000101 ], [ -156.662662692, 20.882084444 ], [ -156.662605733, 20.882072015000102 ], [ -156.66256403, 20.882049071 ], [ -156.662497914999989, 20.8820375980001 ], [ -156.662447056, 20.882059584 ], [ -156.662413488999988, 20.882096865000101 ], [ -156.662368733, 20.882115027000101 ], [ -156.662324995, 20.882152307000101 ], [ -156.662299566, 20.882174293 ], [ -156.662292444, 20.8822058380001 ], [ -156.662278203, 20.882245988 ], [ -156.662262945, 20.88226415 ], [ -156.662237514999987, 20.882302387 ], [ -156.662204965, 20.882305254000102 ], [ -156.662161228, 20.882306209 ], [ -156.662128677999988, 20.882313855000099 ], [ -156.662080873, 20.882299515000099 ], [ -156.662037136, 20.882264144 ], [ -156.661988313, 20.882238333 ], [ -156.661934403, 20.882234507000099 ], [ -156.661866253999989, 20.8822316370001 ], [ -156.661833705, 20.882230680000099 ], [ -156.661803191, 20.882216341000099 ], [ -156.661802175, 20.8821924420001 ], [ -156.661824553, 20.882153249000101 ], [ -156.661871343, 20.8821370000001 ], [ -156.661955767, 20.882124575 ], [ -156.662017816, 20.882084427000098 ], [ -156.662098171999986, 20.882045236000099 ], [ -156.662136823999987, 20.882029942 ], [ -156.662164288000014, 20.8820165600001 ], [ -156.662207009000014, 20.882010825000101 ], [ -156.662247695, 20.882016562 ], [ -156.662297535, 20.882031858000101 ], [ -156.662365684, 20.882035684000101 ], [ -156.662414508000012, 20.882033773 ], [ -156.662450109, 20.8820194350001 ], [ -156.662466384, 20.8819945810001 ], [ -156.662466386, 20.88195252 ], [ -156.662471472, 20.881922886 ], [ -156.662478594, 20.881875089000101 ], [ -156.662520296999986, 20.881855015 ], [ -156.662730851, 20.881773766 ], [ -156.662778659, 20.881718322 ], [ -156.662840706, 20.8816667030001 ], [ -156.662894615999988, 20.8816552330001 ], [ -156.662998366000011, 20.881624645 ], [ -156.663092962, 20.881592146000099 ], [ -156.663143819999988, 20.881583543 ], [ -156.663221123999989, 20.881579721 ], [ -156.663259776, 20.881568251 ], [ -156.663402178000013, 20.881514721 ], [ -156.663485584999989, 20.8815128100001 ], [ -156.663530454000011, 20.881529742000101 ], [ -156.663543653, 20.8815077080001 ], [ -156.663558148, 20.881490502000101 ], [ -156.663594765999989, 20.881478314 ], [ -156.663622229, 20.881464692000101 ], [ -156.663632517, 20.881455768 ], [ -156.663643961, 20.881429064 ], [ -156.663644353, 20.8814252610001 ], [ -156.663649672, 20.881415739 ], [ -156.663688078, 20.881326126 ], [ -156.663687075000013, 20.881325605 ], [ -156.66367487, 20.881306964 ], [ -156.663655799, 20.881258211 ], [ -156.663652748, 20.881233117 ], [ -156.663651985, 20.8812144770001 ], [ -156.663665718, 20.8812022880001 ], [ -156.663686315, 20.881201572000101 ], [ -156.663739715, 20.88120444 ], [ -156.66373979, 20.8812054640001 ], [ -156.66374124, 20.881225232000101 ], [ -156.663739715, 20.881246024000099 ], [ -156.663738188, 20.881276853 ], [ -156.663758785, 20.881296211000102 ], [ -156.663776331, 20.881295495000099 ], [ -156.6637893, 20.881276137 ], [ -156.663803795, 20.881260364000099 ], [ -156.663806846999989, 20.88123312 ], [ -156.663806846999989, 20.88119799 ], [ -156.663815239, 20.881157123 ], [ -156.663816003, 20.881132029000099 ], [ -156.663822869, 20.8811055030001 ], [ -156.663831236, 20.881083819 ], [ -156.663857936, 20.881063505 ], [ -156.663863023, 20.881033632 ], [ -156.663860481, 20.880991810000101 ], [ -156.663864295, 20.880947598 ], [ -156.663864296000014, 20.880892632 ], [ -156.663857940000014, 20.880871123000102 ], [ -156.663852854999988, 20.880814962 ], [ -156.663851584000014, 20.880775530000101 ], [ -156.663851586, 20.8807062240001 ], [ -156.663843959, 20.880633333 ], [ -156.663840145, 20.880595096 ], [ -156.663839696999986, 20.880587942 ], [ -156.663838874, 20.8805747820001 ], [ -156.663842439, 20.880568751000101 ], [ -156.663851588, 20.8805532740001 ], [ -156.663851588999989, 20.880521011 ], [ -156.663850298999989, 20.880513733 ], [ -156.663845232999989, 20.880485163000099 ], [ -156.663847776000011, 20.880430197000099 ], [ -156.66385540600001, 20.880387180000099 ], [ -156.663855995, 20.880328002000098 ], [ -156.663855996, 20.880302191000101 ], [ -156.663869219, 20.880272557000101 ], [ -156.663879395, 20.880266819 ], [ -156.663879395, 20.88019895 ], [ -156.663879395, 20.879934984 ], [ -156.663883465999987, 20.879920773 ], [ -156.663896689000012, 20.879900698 ], [ -156.663908895, 20.879866284000101 ], [ -156.663922119, 20.879832827 ], [ -156.663927205, 20.879806060000099 ], [ -156.663927283, 20.8798058150001 ], [ -156.664230694999986, 20.879704678000099 ], [ -156.664253013, 20.8797636460001 ], [ -156.664314037999986, 20.8799816000001 ], [ -156.664359045999987, 20.880013147000099 ], [ -156.664446774999988, 20.880016733 ], [ -156.664516195, 20.880005980000099 ], [ -156.664560441, 20.879995225000101 ], [ -156.664610789, 20.879973718 ], [ -156.664640542, 20.879932135 ], [ -156.664661139, 20.879913495 ], [ -156.664692417, 20.879896288000101 ], [ -156.664718353000012, 20.879876214 ], [ -156.664727508, 20.8798590070001 ], [ -156.66471988, 20.879833197 ], [ -156.66470080900001, 20.8798159900001 ], [ -156.664663429, 20.879812404000099 ], [ -156.664614605999986, 20.879818856 ], [ -156.664596298, 20.879808101 ], [ -156.664587144, 20.879785876 ], [ -156.664576463, 20.879772254 ], [ -156.66457341200001, 20.879756481000101 ], [ -156.664574176, 20.8797399910001 ], [ -156.664561207, 20.879712746000099 ], [ -156.664549002, 20.879694106 ], [ -156.664548239999988, 20.8796690130001 ], [ -156.664545951, 20.87963173 ], [ -156.664537561, 20.879590864 ], [ -156.664515438, 20.879564337 ], [ -156.664512387, 20.8795507140001 ], [ -156.664514677, 20.879520602000099 ], [ -156.664519253, 20.879496943 ], [ -156.664530471, 20.8792470130001 ], [ -156.664516741999989, 20.879092151000101 ], [ -156.664525897, 20.879024757 ], [ -156.66455031000001, 20.8789559300001 ], [ -156.664591503, 20.878938724 ], [ -156.664591503999986, 20.8789129140001 ], [ -156.664582349999989, 20.878875632000099 ], [ -156.664570793, 20.878869490000099 ], [ -156.664565707, 20.878860886 ], [ -156.664567742, 20.878846547 ], [ -156.664596222, 20.878840812000099 ], [ -156.664622667, 20.8788446360001 ], [ -156.664629787, 20.878832209000102 ], [ -156.664634874, 20.8788016190001 ], [ -156.664628771, 20.878788236 ], [ -156.664618600000011, 20.878778676 ], [ -156.664623685, 20.878763382 ], [ -156.664648097, 20.8787576460001 ], [ -156.664667423, 20.878751911000101 ], [ -156.66467556, 20.878733749 ], [ -156.664678611999989, 20.878712717 ], [ -156.664640978, 20.878688819 ], [ -156.664599275, 20.878663964000101 ], [ -156.66456978, 20.87862955 ], [ -156.664567745, 20.878614255000102 ], [ -156.664568763, 20.878580797 ], [ -156.664580968, 20.878576974000101 ], [ -156.664597243, 20.8785760170001 ], [ -156.664610466, 20.878549252 ], [ -156.664643015, 20.878519617000102 ], [ -156.664673529, 20.878505279 ], [ -156.664709128999988, 20.878506236000099 ], [ -156.664734557, 20.878510059000099 ], [ -156.664737608, 20.878505280000098 ], [ -156.664748796999987, 20.878487117000098 ], [ -156.664744727999988, 20.8784670420001 ], [ -156.664738626, 20.878446968 ], [ -156.664727438, 20.878437409000099 ], [ -156.664698958, 20.8784345400001 ], [ -156.664683701, 20.878425937 ], [ -156.664671495, 20.878417333000101 ], [ -156.664684719, 20.878403950000099 ], [ -156.664696924999987, 20.878382919 ], [ -156.664714216, 20.878343726 ], [ -156.664738627, 20.878320784 ], [ -156.664745748, 20.878284458000099 ], [ -156.664744731000013, 20.878262472000099 ], [ -156.66472744, 20.8782529120001 ], [ -156.664693875000012, 20.878251 ], [ -156.664672515, 20.878251 ], [ -156.664645052999987, 20.8782347480001 ], [ -156.664625726999986, 20.878207982 ], [ -156.664629796000014, 20.878181216 ], [ -156.66464302, 20.878159229000101 ], [ -156.664620641999988, 20.87814967 ], [ -156.664610471, 20.8781334190001 ], [ -156.664619626, 20.8781152560001 ], [ -156.664652174999986, 20.878087534 ], [ -156.664655226, 20.878063635 ], [ -156.664656244000014, 20.878037825 ], [ -156.66465014100001, 20.878025398 ], [ -156.664636919, 20.8780015 ], [ -156.664620644, 20.877994808 ], [ -156.664617593, 20.877975689 ], [ -156.664629799000011, 20.877965174000099 ], [ -156.66463039300001, 20.877944621 ], [ -156.664621239000013, 20.877925502 ], [ -156.664620222, 20.8778968240001 ], [ -156.664620222, 20.877877705000099 ], [ -156.664589709000012, 20.877858586000102 ], [ -156.66456123, 20.877848071000098 ], [ -156.664523596, 20.877833731000099 ], [ -156.664515459, 20.877810789 ], [ -156.66451546, 20.877794538 ], [ -156.664548008, 20.877785935000102 ], [ -156.664556145, 20.877774463 ], [ -156.664557163000012, 20.877748653 ], [ -156.66455106, 20.8777228430001 ], [ -156.664549026, 20.877692253000099 ], [ -156.664564283, 20.877673134000101 ], [ -156.664567334999987, 20.877647323000101 ], [ -156.664587678, 20.877624381 ], [ -156.664618192, 20.877613867 ], [ -156.664636501, 20.877602396 ], [ -156.664637518, 20.877583277 ], [ -156.664622261, 20.877545039 ], [ -156.664595816, 20.877507757 ], [ -156.664589713999987, 20.877481947 ], [ -156.664612092, 20.877456137 ], [ -156.664614125000014, 20.877445622 ], [ -156.664655828, 20.877432239 ], [ -156.664692444, 20.877419812 ], [ -156.664736182000013, 20.87740165 ], [ -156.664766695, 20.877393047000101 ], [ -156.664791107000013, 20.87737106 ], [ -156.664795175, 20.877340471 ], [ -156.664773816, 20.877303189 ], [ -156.664756563999987, 20.877264736 ], [ -156.664746393, 20.8772241090001 ], [ -156.664734951000014, 20.8772014040001 ], [ -156.664733680000012, 20.877184675 ], [ -156.664733680000012, 20.8771667520001 ], [ -156.664779450999987, 20.877158388000101 ], [ -156.664821407, 20.877155998 ], [ -156.664826493, 20.877138075000101 ], [ -156.664825222, 20.8771261250001 ], [ -156.664801065, 20.877107007000099 ], [ -156.664774365999989, 20.877085498 ], [ -156.664764195, 20.877048455 ], [ -156.664752752, 20.877030531000099 ], [ -156.664733682, 20.877007827000099 ], [ -156.664715883000014, 20.876985124 ], [ -156.664709526, 20.8769719800001 ], [ -156.664695540999986, 20.8769444960001 ], [ -156.664705712, 20.876913428 ], [ -156.664706984, 20.8768799700001 ], [ -156.664717156, 20.876828588 ], [ -156.664734956, 20.876814250000098 ], [ -156.664757841000011, 20.876803496 ], [ -156.664766741, 20.876773623000101 ], [ -156.664759113, 20.87674136 ], [ -156.664766742000012, 20.876711487 ], [ -156.6647642, 20.876673249000099 ], [ -156.664731144, 20.876646961000102 ], [ -156.664731144, 20.876611113 ], [ -156.664740044000013, 20.876582435 ], [ -156.664764201999986, 20.876556147 ], [ -156.664792172, 20.876541808000098 ], [ -156.664811244, 20.876511936 ], [ -156.664813786, 20.876471308000099 ], [ -156.66481633, 20.8764414350001 ], [ -156.664840487, 20.876418732 ], [ -156.664858286999987, 20.8764127580001 ], [ -156.664865915, 20.876368546 ], [ -156.664878628999986, 20.876345842 ], [ -156.664895158, 20.8763231390001 ], [ -156.664900244, 20.876287291 ], [ -156.664888456999989, 20.876251319000101 ], [ -156.664885915000013, 20.8762393690001 ], [ -156.664916428999987, 20.876210691 ], [ -156.664908801, 20.876179623 ], [ -156.664925329, 20.876155725 ], [ -156.664926601, 20.8761342170001 ], [ -156.664908802000014, 20.876113903 ], [ -156.664875746, 20.876070885 ], [ -156.664870661, 20.876031452000099 ], [ -156.664849048, 20.87599441 ], [ -156.664843962, 20.875975291 ], [ -156.664847777, 20.8759525880001 ], [ -156.664875747, 20.875962147000099 ], [ -156.664902446000013, 20.876025479000099 ], [ -156.664957115, 20.876081640000098 ], [ -156.664991443, 20.876095980000098 ], [ -156.66494186, 20.875968123000099 ], [ -156.664939318, 20.875851021000098 ], [ -156.66490244900001, 20.875813977000099 ], [ -156.664865578, 20.875779325000099 ], [ -156.664865579, 20.875745867 ], [ -156.664874479, 20.8757016540001 ], [ -156.664904992, 20.875661027 ], [ -156.664904993, 20.87562518 ], [ -156.66488973700001, 20.875588136 ], [ -156.664868257, 20.875515396 ], [ -156.66482503, 20.875473573 ], [ -156.664809773, 20.875435335000098 ], [ -156.664800875, 20.875377979000099 ], [ -156.664746205, 20.875319427 ], [ -156.66472205, 20.87527163 ], [ -156.664699165, 20.875236977 ], [ -156.664694081, 20.8752011290001 ], [ -156.664655939, 20.875136603 ], [ -156.664617798, 20.875075661 ], [ -156.664594914, 20.875041009 ], [ -156.664594915, 20.87501711 ], [ -156.664649583999989, 20.874997992 ], [ -156.664687726000011, 20.8749848480001 ], [ -156.664727139, 20.874977679 ], [ -156.664761467, 20.874935857 ], [ -156.664771639, 20.874910764 ], [ -156.664776724, 20.874867746000099 ], [ -156.664785625, 20.874840263000099 ], [ -156.664810103, 20.874803062000101 ], [ -156.664829938, 20.874776535 ], [ -156.664853585, 20.874750008 ], [ -156.664871131000012, 20.874727782 ], [ -156.664899356, 20.874714878000098 ], [ -156.664937498, 20.874700539000099 ], [ -156.664962671000012, 20.874693369000099 ], [ -156.664990896, 20.874672579 ], [ -156.66499471, 20.87465322 ], [ -156.665009205, 20.874629562000099 ], [ -156.66503666700001, 20.874604468 ], [ -156.665074808000014, 20.874572205 ], [ -156.665090064999987, 20.874552131 ], [ -156.665103797, 20.874516284 ], [ -156.665086251, 20.874489039 ], [ -156.665032854, 20.8744696810001 ], [ -156.664961148, 20.874457492 ], [ -156.664923769000012, 20.874441719000099 ], [ -156.6649047, 20.874418059 ], [ -156.664855116000012, 20.874414474 ], [ -156.664800953999986, 20.874437415 ], [ -156.664778069, 20.874441 ], [ -156.664752133, 20.874451037 ], [ -156.664717043, 20.874463942 ], [ -156.664701786, 20.874463225000099 ], [ -156.664692632999987, 20.8744460180001 ], [ -156.664694921, 20.874430961 ], [ -156.664694786000013, 20.874419618 ], [ -156.664684614, 20.874399543 ], [ -156.66465105, 20.874411014 ], [ -156.664633759, 20.8744377800001 ], [ -156.664624605, 20.874461678 ], [ -156.664592057, 20.874474106 ], [ -156.664568663000011, 20.874481752000101 ], [ -156.664554423999988, 20.874519990000099 ], [ -156.664534081, 20.874558227 ], [ -156.664501533, 20.8745754330001 ], [ -156.664474071, 20.874602199 ], [ -156.664460849, 20.874583081 ], [ -156.664459833, 20.874505650000099 ], [ -156.664458818000014, 20.8743756420001 ], [ -156.664460854, 20.874279092000101 ], [ -156.664478147000011, 20.874075478000101 ], [ -156.664473062000013, 20.874045843 ], [ -156.664460858000012, 20.874016209 ], [ -156.664445602, 20.873977971 ], [ -156.664447636, 20.873949293000098 ], [ -156.664465944, 20.873918704000101 ], [ -156.664465944999989, 20.873866127 ], [ -156.664475098999986, 20.873807815000099 ], [ -156.66447611800001, 20.873766709000101 ], [ -156.664489339999989, 20.873712221000101 ], [ -156.664490358, 20.873671116 ], [ -156.664498495, 20.8736309670001 ], [ -156.664516260999989, 20.873043931 ], [ -156.664549325, 20.872466783 ], [ -156.664602841, 20.871573779000101 ], [ -156.664603944, 20.871565196000098 ], [ -156.664610977, 20.871510448 ], [ -156.664615047000012, 20.871484638 ], [ -156.664625217, 20.871475079 ], [ -156.664646576, 20.871475079 ], [ -156.664656747, 20.871471255000099 ], [ -156.664662850000013, 20.871453092 ], [ -156.664675055, 20.871435886 ], [ -156.664686244, 20.8713813970001 ], [ -156.664687261000012, 20.871327865000101 ], [ -156.664672005, 20.871287715000101 ], [ -156.664654716, 20.871251389000101 ], [ -156.664645563, 20.871186385 ], [ -156.664638444, 20.871125205000101 ], [ -156.66464963300001, 20.871065937 ], [ -156.664683421, 20.8710090010001 ], [ -156.664708849, 20.870949733 ], [ -156.664706814999988, 20.870885686000101 ], [ -156.664718004, 20.8708053870001 ], [ -156.664721057, 20.870661996 ], [ -156.66473835, 20.870535812000099 ], [ -156.664734281, 20.870518605 ], [ -156.664703769, 20.870505222000101 ], [ -156.664680377, 20.870502353000099 ], [ -156.664655966999987, 20.8705033100001 ], [ -156.664641728, 20.870486103000101 ], [ -156.664646815, 20.870379993 ], [ -156.664635629, 20.870239470000101 ], [ -156.664633165999987, 20.8702062260001 ], [ -156.664642066, 20.870129752 ], [ -156.664640799000011, 20.869817877000099 ], [ -156.664628086, 20.869795173000099 ], [ -156.664628087000011, 20.869748570000102 ], [ -156.664633173, 20.8696971890001 ], [ -156.664634446, 20.8696051800001 ], [ -156.664653515999987, 20.869549019 ], [ -156.664664959, 20.869532290000102 ], [ -156.664694634, 20.8695152230001 ], [ -156.664694634, 20.869502677000099 ], [ -156.66468827700001, 20.8694799730001 ], [ -156.664687643, 20.869434565000098 ], [ -156.664703534000012, 20.86940051 ], [ -156.664721969999988, 20.869378405000099 ], [ -156.664715613, 20.869358688 ], [ -156.664704807, 20.869336582000098 ], [ -156.664711164000011, 20.869309696000101 ], [ -156.664734048000014, 20.869276836 ], [ -156.664740406, 20.869236806000099 ], [ -156.664730872, 20.869135238000101 ], [ -156.664727696, 20.868957791000099 ], [ -156.66469901, 20.868648983000099 ], [ -156.6646024, 20.867825679000099 ], [ -156.664597422000014, 20.867786994 ], [ -156.664601235, 20.86777146 ], [ -156.66463429, 20.867743977 ], [ -156.664659717, 20.867730834 ], [ -156.664666074, 20.867702156000099 ], [ -156.664647003999988, 20.867662722 ], [ -156.664615222, 20.867634044000098 ], [ -156.664607595, 20.867595807 ], [ -156.664619037, 20.8675480100001 ], [ -156.664641921999987, 20.867510968 ], [ -156.664666077, 20.867482290000101 ], [ -156.664660993000012, 20.867407009 ], [ -156.664602515000013, 20.867187142 ], [ -156.664601244000011, 20.867123812 ], [ -156.664579632999988, 20.8671070820001 ], [ -156.664533866, 20.8670652600001 ], [ -156.664522424000012, 20.866995953000099 ], [ -156.664481427, 20.86682376 ], [ -156.664413288, 20.8665637440001 ], [ -156.664347126, 20.866324174000098 ], [ -156.664323792, 20.86623968 ], [ -156.664219888, 20.866028336000099 ], [ -156.664190394, 20.8659786270001 ], [ -156.664174122, 20.8659356090001 ], [ -156.664168021, 20.865896416000101 ], [ -156.664171071999988, 20.865868694 ], [ -156.664180226000013, 20.865840016 ], [ -156.664183278, 20.8658113380001 ], [ -156.664139546, 20.8657138310001 ], [ -156.664005304, 20.865260714 ], [ -156.663868603, 20.864866547000101 ], [ -156.663738429, 20.864489904 ], [ -156.663640799, 20.864220328 ], [ -156.663584281, 20.864068379000098 ], [ -156.663527837, 20.863957968 ], [ -156.663489699, 20.863933591 ], [ -156.663440881000014, 20.86390061 ], [ -156.663402743, 20.8638963070001 ], [ -156.663346298, 20.863893438 ], [ -156.663268494, 20.863926417000101 ], [ -156.66325323800001, 20.8639436240001 ], [ -156.663221201999988, 20.863930717000098 ], [ -156.663175437, 20.863847550000099 ], [ -156.663134250000013, 20.863699856 ], [ -156.663073231, 20.863590878 ], [ -156.663072419, 20.863565928000099 ], [ -156.663144628999987, 20.863469379 ], [ -156.663195482, 20.8634387910001 ], [ -156.663195482, 20.86342254 ], [ -156.663175142999989, 20.863361360000098 ], [ -156.663039887, 20.863010526 ], [ -156.662904524, 20.862701517000101 ], [ -156.662708248, 20.862278986 ], [ -156.662617738, 20.8620983120001 ], [ -156.662492979, 20.8618916070001 ], [ -156.662363315, 20.861649273000101 ], [ -156.662201617, 20.861394033000099 ], [ -156.662082631, 20.861223394 ], [ -156.661937712999986, 20.861011172000101 ], [ -156.661917882000012, 20.860969588 ], [ -156.661901102, 20.860945212 ], [ -156.661864490999989, 20.860928004000101 ], [ -156.661833979, 20.860922267 ], [ -156.661803469, 20.860917964000102 ], [ -156.661748550999988, 20.860913661 ], [ -156.661736346999987, 20.8608907180001 ], [ -156.661713467999988, 20.860803249000099 ], [ -156.661703934, 20.8607710580001 ], [ -156.66169936, 20.860686457 ], [ -156.661716141999989, 20.860652044000101 ], [ -156.661739788, 20.860629818000099 ], [ -156.661754280999986, 20.860616914 ], [ -156.661781741, 20.860607594 ], [ -156.661829794999989, 20.860602577000101 ], [ -156.66187556, 20.860606163000099 ], [ -156.661937344, 20.860607598000101 ], [ -156.661962515, 20.860602581 ], [ -156.661964041, 20.86059326 ], [ -156.661948023, 20.860580355 ], [ -156.661902258, 20.860580354 ], [ -156.661874035000011, 20.860573900000102 ], [ -156.661854205, 20.860555258 ], [ -156.661818610000012, 20.860516749000102 ], [ -156.66173598, 20.860460585000101 ], [ -156.661654621, 20.860412786 ], [ -156.661558004999989, 20.860409198000099 ], [ -156.661474102, 20.860406805 ], [ -156.661402912, 20.860393659000099 ], [ -156.661398475, 20.860385665 ], [ -156.661399237000012, 20.860381722000099 ], [ -156.66141373100001, 20.860380289 ], [ -156.661427841, 20.860380289 ], [ -156.661433943, 20.860375987000101 ], [ -156.661429747999989, 20.860367384 ], [ -156.661429749, 20.860356988 ], [ -156.661436232999989, 20.860335122 ], [ -156.66145263300001, 20.860329028 ], [ -156.661469032000014, 20.860330820000101 ], [ -156.661490855000011, 20.860334709 ], [ -156.661505474, 20.860337399000102 ], [ -156.661514055, 20.860346360000101 ], [ -156.661511512, 20.860357413 ], [ -156.661502931, 20.860366375000101 ], [ -156.661488311, 20.860370558000099 ], [ -156.661476552000011, 20.86037444 ], [ -156.661477187, 20.860381012000101 ], [ -156.661503884000012, 20.860384299 ], [ -156.661521364, 20.860383105 ], [ -156.661535666, 20.860390275 ], [ -156.661552508999989, 20.860388483000101 ], [ -156.661562044, 20.860377132000099 ], [ -156.661563634, 20.860351740000102 ], [ -156.66155124, 20.860336503 ], [ -156.66153535, 20.860317086000101 ], [ -156.661533444000014, 20.860306033 ], [ -156.661527088000014, 20.860272275000099 ], [ -156.66148672700001, 20.860212529 ], [ -156.661470035, 20.860181762 ], [ -156.661470035, 20.860163838000101 ], [ -156.66145223800001, 20.8601518880001 ], [ -156.661428085000011, 20.860144717 ], [ -156.661401388, 20.860135158 ], [ -156.661355623, 20.860132766 ], [ -156.66134291, 20.860150690000101 ], [ -156.661325111999986, 20.860156663000101 ], [ -156.661304772, 20.860154273 ], [ -156.661304773000012, 20.860143519000101 ], [ -156.661299688000014, 20.860125594000099 ], [ -156.661289518, 20.860118425000099 ], [ -156.66126155, 20.860114839000101 ], [ -156.661243752, 20.860114839000101 ], [ -156.661243752, 20.860122009000101 ], [ -156.661227225, 20.860127982000101 ], [ -156.661217056, 20.8601160330001 ], [ -156.661191632, 20.860090939 ], [ -156.661180191, 20.860058675000101 ], [ -156.661163667000011, 20.860021632 ], [ -156.661144599000011, 20.859990564 ], [ -156.661095023, 20.8599128920001 ], [ -156.661077227, 20.859857925 ], [ -156.661068331, 20.8598017620001 ], [ -156.661067061000011, 20.859767110000099 ], [ -156.66106579, 20.859750381 ], [ -156.661040364, 20.85974321 ], [ -156.661020025, 20.859746795 ], [ -156.660986973, 20.8597300640001 ], [ -156.660956464, 20.859685851000101 ], [ -156.660930326, 20.859625457 ], [ -156.660937955, 20.8595896100001 ], [ -156.660958296, 20.859559737 ], [ -156.660993892, 20.859532255 ], [ -156.661012962, 20.859520307 ], [ -156.661030761, 20.859485654 ], [ -156.661039659000011, 20.85947251 ], [ -156.661075257, 20.859425909 ], [ -156.661082885000013, 20.859390061000099 ], [ -156.661087971, 20.859372138 ], [ -156.661081617, 20.859329121 ], [ -156.661079076, 20.8592837140001 ], [ -156.661066364, 20.859263399 ], [ -156.661034583, 20.859256229 ], [ -156.661002802000013, 20.859257422 ], [ -156.660976105, 20.8592610060001 ], [ -156.660945594999987, 20.859256226000099 ], [ -156.660917628, 20.859240691 ], [ -156.660866779, 20.859209621 ], [ -156.660854068, 20.859178553 ], [ -156.660822287, 20.859165408 ], [ -156.660779065000014, 20.859147482 ], [ -156.660710938, 20.859105593 ], [ -156.660652462, 20.859063768000102 ], [ -156.660610513, 20.859022542 ], [ -156.660601614, 20.858993266 ], [ -156.66059526, 20.858973549 ], [ -156.660569835, 20.8589484550001 ], [ -156.660557123, 20.8589412850001 ], [ -156.660546953, 20.858942480000099 ], [ -156.660536783, 20.858938297000101 ], [ -156.660541868, 20.858928141 ], [ -156.660538691, 20.858916191 ], [ -156.660527886000011, 20.858900656000099 ], [ -156.66051708, 20.858894084 ], [ -156.660502462000011, 20.858882732 ], [ -156.660478308, 20.8588636120001 ], [ -156.660478945, 20.85885704 ], [ -156.660490386, 20.858848078000101 ], [ -156.66049865, 20.858837325 ], [ -156.660497379, 20.85882896 ], [ -156.66048848, 20.8588211920001 ], [ -156.660471954, 20.8588152180001 ], [ -156.660463056, 20.858791916 ], [ -156.660446531, 20.858763835 ], [ -156.660435726, 20.858741728 ], [ -156.660417294000013, 20.858723803 ], [ -156.660400769, 20.8587094640001 ], [ -156.660395048999987, 20.8586873570001 ], [ -156.660394414, 20.858665849 ], [ -156.660379159, 20.858658679 ], [ -156.660372169, 20.858624623 ], [ -156.660366449, 20.858612076 ], [ -156.660342931, 20.858601321 ], [ -156.660327676, 20.8585971380001 ], [ -156.660303524, 20.858585188000099 ], [ -156.660278736, 20.858542170000099 ], [ -156.660257952, 20.858515343 ], [ -156.660244605, 20.8584812870001 ], [ -156.660251598, 20.858459779 ], [ -156.660263676, 20.858441258 ], [ -156.660280839, 20.858427516000098 ], [ -156.660304993000011, 20.858408996 ], [ -156.66031707, 20.858398840000099 ], [ -156.660320885, 20.858382112000101 ], [ -156.660306266, 20.858357615 ], [ -156.660282112, 20.858346262000101 ], [ -156.660257325, 20.858329532 ], [ -156.660246906999987, 20.8583247400001 ], [ -156.660227451, 20.858315790000098 ], [ -156.66020965300001, 20.8583056320001 ], [ -156.660191221, 20.858304436 ], [ -156.660174058, 20.858313995000099 ], [ -156.660159439000012, 20.858323553 ], [ -156.660156282, 20.8583247400001 ], [ -156.660146726, 20.858328333 ], [ -156.660139734000012, 20.858329528000102 ], [ -156.660109224, 20.858325344 ], [ -156.660108215, 20.8583247400001 ], [ -156.660095241, 20.858316979000101 ], [ -156.660085707, 20.8583050290001 ], [ -156.660068546, 20.85829547 ], [ -156.660048842, 20.85827635 ], [ -156.660022147, 20.858253048000101 ], [ -156.65999793200001, 20.858206983000098 ], [ -156.659988399000014, 20.8581753170001 ], [ -156.659969331000013, 20.8581556 ], [ -156.659955348000011, 20.858137078 ], [ -156.659915942, 20.858100631000099 ], [ -156.659870815, 20.858043870000099 ], [ -156.65984412, 20.858011009000101 ], [ -156.659830138, 20.857988304000099 ], [ -156.659826324, 20.857980537000099 ], [ -156.659825054, 20.8579644060001 ], [ -156.659821876, 20.857951859 ], [ -156.65982569, 20.857940508000102 ], [ -156.659822513, 20.857917804000099 ], [ -156.659820608, 20.857892711 ], [ -156.659819336999988, 20.857872994 ], [ -156.659816159, 20.857849693 ], [ -156.659803449, 20.8578114540001 ], [ -156.659791373, 20.857789348 ], [ -156.659778026, 20.857770229 ], [ -156.659753238, 20.857755889 ], [ -156.659731626, 20.857752303 ], [ -156.659720185, 20.857756485 ], [ -156.659722091, 20.857773214000101 ], [ -156.659731625, 20.857792333000098 ], [ -156.659730989, 20.85780727 ], [ -156.659739886000011, 20.857830571 ], [ -156.659752597, 20.857852678 ], [ -156.659755139, 20.8578664200001 ], [ -156.659751326, 20.857880161 ], [ -156.659736705, 20.857892109 ], [ -156.659725264, 20.857898682 ], [ -156.659717, 20.857920787000101 ], [ -156.659714457, 20.857928553 ], [ -156.659694753, 20.857935126 ], [ -156.659681404, 20.857938709000098 ], [ -156.659675684, 20.857938709000098 ], [ -156.659655343, 20.8579500600001 ], [ -156.659647716, 20.857948268 ], [ -156.659648352, 20.857941098 ], [ -156.659659793, 20.857927357000101 ], [ -156.659661701, 20.857911823000101 ], [ -156.659661702, 20.857896289000099 ], [ -156.659667423, 20.857886132 ], [ -156.659655982, 20.857884339000101 ], [ -156.659631827999988, 20.857889716 ], [ -156.659607038, 20.8579004690001 ], [ -156.659594325, 20.8579136120001 ], [ -156.659582884, 20.857925561000101 ], [ -156.659588603, 20.85794229 ], [ -156.659594958000014, 20.85795663 ], [ -156.659604492, 20.8579709690001 ], [ -156.659605763, 20.857987101 ], [ -156.659603219, 20.857997257 ], [ -156.659583516, 20.857994269000098 ], [ -156.659556821, 20.857972760000099 ], [ -156.659517414, 20.8579345200001 ], [ -156.659477372, 20.857883734 ], [ -156.659416356, 20.857812634 ], [ -156.659408348999989, 20.85777861 ], [ -156.659376316, 20.8577148000001 ], [ -156.659372506000011, 20.85766533 ], [ -156.659300811, 20.857588612 ], [ -156.659164288999989, 20.857396463 ], [ -156.658986512000013, 20.85720102 ], [ -156.658836516, 20.856988316000098 ], [ -156.658653472, 20.856738568 ], [ -156.658504975999989, 20.856535836 ], [ -156.658374341000012, 20.856642588000099 ], [ -156.658121560000012, 20.856849157000099 ], [ -156.658135733, 20.856882077 ], [ -156.658158611, 20.856945171000099 ], [ -156.658149456, 20.856978868000098 ], [ -156.658142590000011, 20.857008979000099 ], [ -156.658125809000012, 20.857024034000101 ], [ -156.658056397, 20.857068482 ], [ -156.658025124, 20.857087121000099 ], [ -156.658016571, 20.857089069 ], [ -156.658081055, 20.8571777350001 ], [ -156.65807372, 20.857197905000099 ], [ -156.658078507999988, 20.857201120000099 ], [ -156.658101389, 20.857239119 ], [ -156.65811359, 20.857282854000101 ], [ -156.658114351, 20.857318702 ], [ -156.658110536, 20.857350965 ], [ -156.658071634, 20.857381075 ], [ -156.65804036, 20.857409751 ], [ -156.658031206, 20.857426242 ], [ -156.657995357, 20.8574319750001 ], [ -156.657988478, 20.857432321 ], [ -156.657836914, 20.8578491210001 ], [ -156.658020199, 20.858215691000101 ], [ -156.658025404999989, 20.858220374 ], [ -156.658039642, 20.858232324 ], [ -156.658036779000014, 20.858248852 ], [ -156.658042215, 20.858259723000099 ], [ -156.658052352, 20.85827104 ], [ -156.658057945, 20.858291115 ], [ -156.658057974, 20.858291241000099 ], [ -156.65807913, 20.858333553 ], [ -156.658092011, 20.858348473 ], [ -156.658097047000012, 20.858369387 ], [ -156.65809998, 20.858375253000101 ], [ -156.658115400000014, 20.85838719 ], [ -156.658126586, 20.858412523 ], [ -156.658127601, 20.858428296000099 ], [ -156.658131938999986, 20.858439172 ], [ -156.658147052, 20.8584693990001 ], [ -156.658150375, 20.858472358 ], [ -156.658165629, 20.858484308000101 ], [ -156.658200588, 20.8585147800001 ], [ -156.658218383, 20.8585488370001 ], [ -156.658220922, 20.858597231 ], [ -156.658218637, 20.858612568000101 ], [ -156.658238641999986, 20.858652577 ], [ -156.658264159999987, 20.858703613 ], [ -156.658296748, 20.858713640000101 ], [ -156.65843702, 20.858756801 ] ], [ [ -156.658583285, 20.858801806 ], [ -156.65858004, 20.858799191000099 ], [ -156.65856987, 20.858790228 ], [ -156.658546930999989, 20.85879062 ], [ -156.658583285, 20.858801806 ] ], [ [ -156.658546930999989, 20.85879062 ], [ -156.65843702, 20.858756801 ], [ -156.658441474, 20.858782455 ], [ -156.658450372, 20.8587950030001 ], [ -156.658471983, 20.8588027710001 ], [ -156.658513299, 20.858799188 ], [ -156.658534909999986, 20.858790825 ], [ -156.658546930999989, 20.85879062 ] ] ], [ [ [ -156.653401146, 20.852631444000099 ], [ -156.653432205, 20.8526275 ], [ -156.65345000100001, 20.852638256 ], [ -156.653458895999989, 20.85266813 ], [ -156.653484318000011, 20.852698005 ], [ -156.65351991, 20.852724297000101 ], [ -156.653530077, 20.852744611 ], [ -156.653559312999988, 20.852763732 ], [ -156.653627957999987, 20.852763737 ], [ -156.653719484, 20.852768524000101 ], [ -156.65375635, 20.852762552000101 ], [ -156.653790673, 20.852745825000099 ], [ -156.653801727, 20.852729422 ], [ -156.65374755900001, 20.8530273440001 ], [ -156.653401146, 20.852631444000099 ] ] ], [ [ [ -156.653751656999987, 20.852395281 ], [ -156.653869629000013, 20.852355957 ], [ -156.653854548999988, 20.852438898000099 ], [ -156.653828836, 20.852424394 ], [ -156.653751656999987, 20.852395281 ] ] ], [ [ [ -156.653854548999988, 20.852438898000099 ], [ -156.653879682, 20.852453076000099 ], [ -156.653880951, 20.852480559000099 ], [ -156.653889845, 20.852530747000099 ], [ -156.653889838, 20.852613196 ], [ -156.653869496, 20.852644263000101 ], [ -156.653840256, 20.852676524000099 ], [ -156.653814829, 20.8527099790001 ], [ -156.653801727, 20.852729422 ], [ -156.653854548999988, 20.852438898000099 ] ] ] ] } }
]
}
