{
"type": "FeatureCollection",
"name": "spokane_2026_autumn_lane",
"crs": { "type": "name", "properties": { "name": "urn:ogc:def:crs:OGC:1.3:CRS84" } },
"features": [
{ "type": "Feature", "properties": { "OBJECTID": 57153, "poly_SourceOID": 36383, "poly_IncidentName": "AUTUMN LANE", "poly_FeatureCategory": "Wildfire Daily Fire Perimeter", "poly_MapMethod": "IR Image Interpretation", "poly_GISAcres": 5763.7685497969269, "poly_DeleteThis": "No", "poly_FeatureAccess": "Public", "poly_FeatureStatus": "Approved", "poly_IsVisible": "Yes", "poly_CreateDate": 1786122950000, "poly_DateCurrent": 1786467725000, "poly_PolygonDateTime": 1785984300000, "poly_IRWINID": "{31B18BDA-34D0-4DB5-A865-AE2AC65776BE}", "poly_FORID": null, "poly_Acres_AutoCalc": 5762.3172929431048, "poly_SourceGlobalID": "{145B4371-B90E-47A4-980B-600AFC346756}", "poly_Source": "2026 NIFS", "attr_SourceOID": 43306596, "attr_ABCDMisc": null, "attr_ADSPermissionState": "ICS209", "attr_CalculatedAcres": null, "attr_ContainmentDateTime": null, "attr_ControlDateTime": null, "attr_CreatedBySystem": "wildcade", "attr_IncidentSize": 5764, "attr_DiscoveryAcres": 1, "attr_DispatchCenterID": "WANEC", "attr_EstimatedCostToDate": 13071735, "attr_FinalAcres": null, "attr_FFReportApprovedByTitle": null, "attr_FFReportApprovedByUnit": null, "attr_FFReportApprovedDate": null, "attr_FireBehaviorGeneral": "Minimal", "attr_FireBehaviorGeneral1": "Smoldering", "attr_FireBehaviorGeneral2": "Smoldering", "attr_FireBehaviorGeneral3": "Smoldering", "attr_FireCause": "Human", "attr_FireCauseGeneral": null, "attr_FireCauseSpecific": null, "attr_FireCode": "SVW6", "attr_FireDepartmentID": null, "attr_FireDiscoveryDateTime": 1785623580000, "attr_FireMgmtComplexity": null, "attr_FireOutDateTime": null, "attr_FireStrategyConfinePercent": 0, "attr_FireStrategyFullSuppPrcnt": 100, "attr_FireStrategyMonitorPercent": 0, "attr_FireStrategyPointZonePrcnt": 0, "attr_FSJobCode": "PN", "attr_FSOverrideCode": "1542", "attr_GACC": "NWCC", "attr_ICS209ReportDateTime": 1787188625000, "attr_ICS209RptForTimePeriodFrom": 1787186700000, "attr_ICS209RptForTimePeriodTo": 1787187600000, "attr_ICS209ReportStatus": "F", "attr_IncidentManagementOrg": "Type 4 IC", "attr_IncidentName": "AUTUMN LANE", "attr_IncidentShortDescription": "7 Miles NW from Spokane, WA", "attr_IncidentTypeCategory": "WF", "attr_IncidentTypeKind": "FI", "attr_InitialLatitude": 47.7945, "attr_InitialLongitude": -117.612833, "attr_InitialResponseAcres": null, "attr_InitialResponseDateTime": null, "attr_IrwinID": "{31B18BDA-34D0-4DB5-A865-AE2AC65776BE}", "attr_IsFireCauseInvestigated": null, "attr_IsFireCodeRequested": 0, "attr_IsFSAssisted": 1, "attr_IsMultiJurisdictional": 0, "attr_IsQuarantined": 0, "attr_IsReimbursable": 1, "attr_IsTrespass": 0, "attr_IsUnifiedCommand": 0, "attr_IsValid": 1, "attr_LocalIncidentIdentifier": "001857", "attr_ModifiedBySystem": "ics209", "attr_PercentContained": 100, "attr_PercentPerimToBeContained": 100, "attr_POOCity": "Suncrest", "attr_POOCounty": "Spokane", "attr_POODispatchCenterID": "WANEC", "attr_POOFips": "53063", "attr_POOJurisdictionalAgency": null, "attr_POOJurisdictionalUnit": null, "attr_POOJurisdictUnitParentUnit": null, "attr_POOLandownerCategory": "Private", "attr_POOLandownerKind": "Private", "attr_POOLegalDescPrincipalMerid": null, "attr_POOLegalDescQtr": null, "attr_POOLegalDescQtrQtr": null, "attr_POOLegalDescRange": null, "attr_POOLegalDescSection": null, "attr_POOLegalDescTownship": null, "attr_POOPredictiveServiceAreaID": "NW10", "attr_POOProtectingAgency": "DNR", "attr_POOProtectingUnit": "WANES", "attr_POOState": "US-WA", "attr_PredominantFuelGroup": null, "attr_PredominantFuelModel": null, "attr_PrimaryFuelModel": "Timber (Litter and Understory)", "attr_SecondaryFuelModel": "Tall Grass (2.5 feet)", "attr_TotalIncidentPersonnel": 43, "attr_UniqueFireIdentifier": "2026-WANES-001857", "attr_FORID": null, "attr_WFDSSDecisionStatus": "No Decision", "attr_EstimatedFinalCost": null, "attr_OrganizationalAssessment": null, "attr_StratDecisionPublishDate": null, "attr_CreatedOnDateTime_dt": 1785624590443, "attr_ModifiedOnDateTime_dt": 1787188625650, "attr_Source": "IRWIN", "attr_IsCpxChild": 0, "attr_CpxName": null, "attr_CpxID": null, "attr_SourceGlobalID": "{3AB57DE4-10B8-42FB-B74C-A0CE4C82F0D9}", "GlobalID": "f19639ac-50c6-4bfa-afc6-6f972e46fd88", "Shape__Area": 0.002799740235786885, "Shape__Length": 0.7479683301816562, "attr_IncidentComplexityLevel": "Type 5 Incident" }, "geometry": { "type": "MultiPolygon", "coordinates": [ [ [ [ -117.542659785, 47.831082888 ], [ -117.54263649, 47.831073343000099 ], [ -117.542595789, 47.8310562 ], [ -117.542553662, 47.831040786000102 ], [ -117.542545243, 47.831039582000102 ], [ -117.542527408, 47.8310336810001 ], [ -117.54248116, 47.831016643000098 ], [ -117.542443625, 47.830995672 ], [ -117.542441304, 47.830995111 ], [ -117.542400417, 47.830985244 ], [ -117.542342748, 47.830979642 ], [ -117.54228904, 47.830969366 ], [ -117.542233989, 47.830959152 ], [ -117.542195508, 47.830936271 ], [ -117.542155311, 47.830912425000101 ], [ -117.542105464, 47.830920539 ], [ -117.542051268, 47.830914954 ], [ -117.542008469, 47.830903204 ], [ -117.541959506, 47.830890122 ], [ -117.541902335, 47.830892689000102 ], [ -117.541861614, 47.8308897430001 ], [ -117.541819147, 47.83089068 ], [ -117.541755727, 47.830885037 ], [ -117.541710537, 47.830888431000098 ], [ -117.541647338, 47.830891640000097 ], [ -117.541585294, 47.830883713 ], [ -117.5415234, 47.830883596 ], [ -117.54145402, 47.830856654000101 ], [ -117.541405224, 47.830848207 ], [ -117.541358475, 47.830853733 ], [ -117.541336457, 47.830852945000103 ], [ -117.541294698, 47.830843183000098 ], [ -117.541251648, 47.830843025 ], [ -117.541214979, 47.830824432 ], [ -117.541174528, 47.830805568000102 ], [ -117.541118188, 47.830802730000102 ], [ -117.541072363, 47.8308086380001 ], [ -117.541015736, 47.830816754000097 ], [ -117.540979055, 47.830802632 ], [ -117.540964623, 47.8308047680001 ], [ -117.540924843, 47.830811862000097 ], [ -117.540867222, 47.830828481 ], [ -117.540824225, 47.830835269 ], [ -117.540783015, 47.830838207000099 ], [ -117.540725207, 47.8308330630001 ], [ -117.540699751, 47.830820459000101 ], [ -117.540658615, 47.830816808000101 ], [ -117.540619946, 47.8308036540001 ], [ -117.540581083, 47.83079544 ], [ -117.540548177, 47.830778780000102 ], [ -117.540520623, 47.8307508440001 ], [ -117.540487837, 47.830728780000101 ], [ -117.540445195, 47.830699046000099 ], [ -117.540406677, 47.830665659 ], [ -117.540385976, 47.830641107000098 ], [ -117.540336501, 47.830632013000098 ], [ -117.540290904, 47.830628142000101 ], [ -117.540240756, 47.8306362020001 ], [ -117.540195311, 47.830628473 ], [ -117.540156878, 47.830608834 ], [ -117.54018862, 47.830605572000103 ], [ -117.540175451, 47.830588627000097 ], [ -117.540125589, 47.830566224000101 ], [ -117.540117079, 47.83055718 ], [ -117.540094237, 47.830532906 ], [ -117.540065781, 47.830509805000098 ], [ -117.540042073, 47.830475167 ], [ -117.54003596, 47.830446463 ], [ -117.540021132, 47.830419893000098 ], [ -117.539998842, 47.830383651 ], [ -117.539982859, 47.830341995 ], [ -117.53996141, 47.830319239000097 ], [ -117.539955317, 47.830318721 ], [ -117.539931817, 47.830289432 ], [ -117.539905765, 47.830263201 ], [ -117.539903142, 47.830234918 ], [ -117.539902973, 47.830226266000103 ], [ -117.539902577, 47.830205818000103 ], [ -117.539915649, 47.830170124000098 ], [ -117.539905741, 47.830133845 ], [ -117.539845616, 47.83010297 ], [ -117.539887004, 47.830103151000102 ], [ -117.539923971, 47.830086449000099 ], [ -117.539976721, 47.830075974000103 ], [ -117.540031868, 47.830066823 ], [ -117.540094366, 47.830061343000096 ], [ -117.540099533, 47.830060889 ], [ -117.540223585, 47.830047412000098 ], [ -117.54027577, 47.830042672 ], [ -117.540311827, 47.830027050000098 ], [ -117.540339745, 47.829998297 ], [ -117.540348782, 47.829964743000097 ], [ -117.540344428, 47.8299265590001 ], [ -117.540344673, 47.829887025000097 ], [ -117.540374913, 47.829737617 ], [ -117.540396219, 47.829689168000101 ], [ -117.540414154, 47.8296526170001 ], [ -117.540438925, 47.829618406000101 ], [ -117.540441553, 47.829614776 ], [ -117.540472814, 47.829575700000099 ], [ -117.540492357, 47.829531018000097 ], [ -117.540506611, 47.829492353 ], [ -117.540516132, 47.8294499020001 ], [ -117.54051279, 47.829433649000102 ], [ -117.540508428, 47.829412436 ], [ -117.540507016, 47.829374702000102 ], [ -117.540496374, 47.829335096000101 ], [ -117.540482169, 47.829293154 ], [ -117.540465491, 47.829252057000097 ], [ -117.540450252, 47.829218571000098 ], [ -117.540435316, 47.829170254000097 ], [ -117.540398468, 47.829143238 ], [ -117.540358954, 47.829104278 ], [ -117.540315064, 47.82907476 ], [ -117.540262851, 47.829052391000097 ], [ -117.540210443, 47.829038755000099 ], [ -117.540137185, 47.829018831 ], [ -117.54006943, 47.829005826000099 ], [ -117.540045801, 47.829001126 ], [ -117.540045637, 47.828997528000102 ], [ -117.53993715, 47.828980642 ], [ -117.539864367, 47.828967169000101 ], [ -117.53978679, 47.82896035 ], [ -117.539708811, 47.828946525 ], [ -117.53963508, 47.828937321000097 ], [ -117.539555577, 47.828921613 ], [ -117.53948111, 47.828909599 ], [ -117.539401319, 47.828900026 ], [ -117.539332018, 47.828889368 ], [ -117.539255154, 47.828880404000103 ], [ -117.539179537, 47.828868944000099 ], [ -117.539101084, 47.828856734000098 ], [ -117.53901157, 47.828844966000098 ], [ -117.538936775, 47.828836368000097 ], [ -117.538854738, 47.828833643000102 ], [ -117.538778126, 47.82882284 ], [ -117.538704525, 47.8288075460001 ], [ -117.538626086, 47.828795994000103 ], [ -117.538558529, 47.828791769000098 ], [ -117.538481958, 47.828780499000104 ], [ -117.538406345, 47.828769550000104 ], [ -117.538331118, 47.828780078000101 ], [ -117.538267069, 47.8287771110001 ], [ -117.538198469, 47.828766822 ], [ -117.538138802, 47.828765028000099 ], [ -117.538082439, 47.828755536000102 ], [ -117.53799901, 47.828756524 ], [ -117.537954701, 47.828736513000102 ], [ -117.537885031, 47.8287308600001 ], [ -117.537889174, 47.8286959550001 ], [ -117.537901349, 47.828581196000101 ], [ -117.537901999, 47.828569984000097 ], [ -117.537903017, 47.828541 ], [ -117.537903016, 47.828506017000102 ], [ -117.537903016, 47.828466983000098 ], [ -117.537900984, 47.828425033 ], [ -117.537896983, 47.828384016 ], [ -117.537892984, 47.8283440330001 ], [ -117.537872905, 47.828135427000099 ], [ -117.537870033, 47.8281059830001 ], [ -117.537867983, 47.828066 ], [ -117.537864999, 47.828031984000098 ], [ -117.537863984, 47.827996 ], [ -117.537862966, 47.827961033000101 ], [ -117.537862967, 47.8279279670001 ], [ -117.537859984, 47.8279 ], [ -117.537855966, 47.827850983000097 ], [ -117.537680041, 47.827920221000099 ], [ -117.53764365, 47.827935324000102 ], [ -117.537597329, 47.827928763 ], [ -117.537545067, 47.827933964000103 ], [ -117.53749765, 47.827945067 ], [ -117.537433251, 47.827970446000101 ], [ -117.537392198, 47.827976798000101 ], [ -117.537341234, 47.827988799000103 ], [ -117.537295485, 47.827984952000101 ], [ -117.537255458, 47.827990236000097 ], [ -117.537212183, 47.8280073170001 ], [ -117.537168761, 47.8280254760001 ], [ -117.537095074, 47.8280202830001 ], [ -117.53704452, 47.828019238000103 ], [ -117.537001537, 47.828013725000098 ], [ -117.536955757, 47.827998577000102 ], [ -117.536914768, 47.827994847000099 ], [ -117.536866077, 47.827985613000102 ], [ -117.536824809, 47.827972195 ], [ -117.536790712, 47.8279436770001 ], [ -117.536759925, 47.827922431 ], [ -117.536739645, 47.827897162000099 ], [ -117.536685992, 47.827890252 ], [ -117.536636604, 47.827892273 ], [ -117.536596466, 47.827887539000102 ], [ -117.536555262, 47.8278944 ], [ -117.53651027, 47.827906505 ], [ -117.536465706, 47.827917564000103 ], [ -117.536419955, 47.827922813 ], [ -117.536371471, 47.827934142000103 ], [ -117.536326504, 47.827941427 ], [ -117.536285131, 47.827939032000103 ], [ -117.536244108, 47.827950175000097 ], [ -117.536209453, 47.827973380000103 ], [ -117.536182323, 47.8280013500001 ], [ -117.536161215, 47.828031947000099 ], [ -117.536127702, 47.8280495220001 ], [ -117.536081603, 47.828057382000097 ], [ -117.536037147, 47.8280536440001 ], [ -117.535989231, 47.828047582000103 ], [ -117.535939226, 47.82804508 ], [ -117.535936309, 47.828044935 ], [ -117.535891903, 47.8280473350001 ], [ -117.535832298, 47.828040687000097 ], [ -117.53578998, 47.8280524420001 ], [ -117.53575741, 47.828075612000099 ], [ -117.535720423, 47.828110047000102 ], [ -117.53571217, 47.828144565000102 ], [ -117.535692128, 47.828182527000102 ], [ -117.535687746, 47.828209213 ], [ -117.535686107, 47.828219197000102 ], [ -117.535695426, 47.828251383000101 ], [ -117.535700806, 47.828299045000101 ], [ -117.535675835, 47.828322168000099 ], [ -117.535620953, 47.828332328 ], [ -117.535563603, 47.828334274 ], [ -117.535535231, 47.828325632 ], [ -117.535522055, 47.828321620000096 ], [ -117.535491693, 47.828295343 ], [ -117.535444361, 47.828281107000102 ], [ -117.535397661, 47.82829388 ], [ -117.535350889, 47.828297374 ], [ -117.535311021, 47.828304286 ], [ -117.535272595, 47.828322838000098 ], [ -117.535231216, 47.828340286000099 ], [ -117.535196565, 47.828356787000097 ], [ -117.535152258, 47.828355996 ], [ -117.535106873, 47.828357531000101 ], [ -117.53505246, 47.828355079000097 ], [ -117.53499616, 47.828349032000098 ], [ -117.534943029, 47.828337052000101 ], [ -117.534924903, 47.828335622000097 ], [ -117.534899424, 47.828333612000101 ], [ -117.53486143, 47.828320201000103 ], [ -117.534833141, 47.828293005 ], [ -117.534794319, 47.828271874000102 ], [ -117.534750212, 47.828260487000101 ], [ -117.534708243, 47.828250209 ], [ -117.534656441, 47.8282399510001 ], [ -117.534623138, 47.828223817 ], [ -117.534593124, 47.828204453000097 ], [ -117.534558608, 47.828182671 ], [ -117.53450881, 47.828182102 ], [ -117.534458697, 47.828186815 ], [ -117.534432484, 47.828209290000103 ], [ -117.534388919, 47.828231200000097 ], [ -117.534343929, 47.828246233000101 ], [ -117.53429002, 47.828263319 ], [ -117.534238764, 47.828269415000101 ], [ -117.534184487, 47.828259467000102 ], [ -117.534032773, 47.828241043 ], [ -117.533980844, 47.828252850000098 ], [ -117.533940367, 47.828259569000103 ], [ -117.533892022, 47.828268141000102 ], [ -117.533841452, 47.828270463000102 ], [ -117.533792246, 47.8282758490001 ], [ -117.533745872, 47.828280758000098 ], [ -117.533694184, 47.828277542000102 ], [ -117.533646493, 47.8282730540001 ], [ -117.533594662, 47.8282738300001 ], [ -117.533552267, 47.828272469000098 ], [ -117.533503162, 47.828282938 ], [ -117.533454862, 47.828296617 ], [ -117.533412821, 47.828314746 ], [ -117.533408994, 47.828316346000101 ], [ -117.53337815, 47.828329243 ], [ -117.533364421, 47.828361202000103 ], [ -117.533358605, 47.828395248 ], [ -117.533351542, 47.828434087000097 ], [ -117.53337177, 47.828464497 ], [ -117.533395067, 47.828502541 ], [ -117.533434719, 47.828515167 ], [ -117.53346444, 47.8285384180001 ], [ -117.533506694, 47.82855153 ], [ -117.53353873, 47.828574599 ], [ -117.533578615, 47.828587973 ], [ -117.533630824, 47.828602591 ], [ -117.53366798, 47.828622597 ], [ -117.533704392, 47.8286498860001 ], [ -117.533741444, 47.828666696 ], [ -117.533776389, 47.828688044 ], [ -117.533812178, 47.828703671 ], [ -117.53384456, 47.8287292360001 ], [ -117.533883644, 47.828745911000098 ], [ -117.533922026, 47.828765344 ], [ -117.533949838, 47.828788770000102 ], [ -117.533992822, 47.828808161 ], [ -117.534021535, 47.828825653000102 ], [ -117.534030857, 47.828831332 ], [ -117.534066541, 47.828860938 ], [ -117.534099969, 47.828888645000099 ], [ -117.534133217, 47.828914284000099 ], [ -117.534152263, 47.828945213000097 ], [ -117.534160881, 47.828976379 ], [ -117.534171912, 47.829009326000097 ], [ -117.53416468, 47.829037876 ], [ -117.534133261, 47.829067472000098 ], [ -117.534103925, 47.829096837000101 ], [ -117.534077359, 47.829119144000103 ], [ -117.534033215, 47.829145051000097 ], [ -117.534002508, 47.829164180000099 ], [ -117.533984513, 47.829180730000097 ], [ -117.533932457, 47.829248609 ], [ -117.533935725, 47.829278914 ], [ -117.53394265, 47.829307410000098 ], [ -117.533965836, 47.829340053000102 ], [ -117.533996943, 47.8293675520001 ], [ -117.533997299, 47.829367867 ], [ -117.534021451, 47.829398811 ], [ -117.534045697, 47.829434425 ], [ -117.534060754, 47.8294616640001 ], [ -117.534081723, 47.829496491 ], [ -117.534076836, 47.829526740000098 ], [ -117.534077827, 47.82956447 ], [ -117.534098119, 47.829590831000097 ], [ -117.534103786, 47.829621460000098 ], [ -117.53410505, 47.829628298 ], [ -117.534104027, 47.8296593150001 ], [ -117.534097218, 47.829664091 ], [ -117.534072208, 47.829681627000099 ], [ -117.534045642, 47.829649924000101 ], [ -117.534031488, 47.8296183510001 ], [ -117.534004288, 47.829584659 ], [ -117.533973268, 47.829559932000102 ], [ -117.533948928, 47.829535225 ], [ -117.533941941, 47.829524054 ], [ -117.533936451, 47.829515278 ], [ -117.533926169, 47.829498843000103 ], [ -117.533897807, 47.829468932000097 ], [ -117.533859913, 47.829449051 ], [ -117.533815222, 47.829439846000099 ], [ -117.533790493, 47.8294342720001 ], [ -117.53376573, 47.82942869 ], [ -117.533703029, 47.829424113000101 ], [ -117.533655982, 47.829432511 ], [ -117.533614067, 47.829439873000098 ], [ -117.533564189, 47.829451127 ], [ -117.533520638, 47.829469686 ], [ -117.533480009, 47.829490271000097 ], [ -117.533433646, 47.829512350000101 ], [ -117.533393226, 47.829535967 ], [ -117.533360605, 47.829555474000102 ], [ -117.533356334, 47.829558455 ], [ -117.533309095, 47.829575144 ], [ -117.533292139, 47.829595322 ], [ -117.533256336, 47.829606893000097 ], [ -117.533245672, 47.829606686 ], [ -117.533223959, 47.8295801350001 ], [ -117.533187097, 47.829560375 ], [ -117.533153889, 47.829538722000102 ], [ -117.533146144, 47.82950709 ], [ -117.533185607, 47.829482987000098 ], [ -117.533207189, 47.829451209000098 ], [ -117.53317662, 47.829416354 ], [ -117.533141238, 47.8293993630001 ], [ -117.533119602, 47.829373576000101 ], [ -117.533083136, 47.829351891 ], [ -117.533077843, 47.829317901000103 ], [ -117.533038998, 47.829294709000102 ], [ -117.532993829, 47.829285173000102 ], [ -117.532949507, 47.8292712430001 ], [ -117.532903653, 47.829271150000103 ], [ -117.532862503, 47.829275030000098 ], [ -117.532824153, 47.829303932000101 ], [ -117.532798914, 47.829333957000102 ], [ -117.532782307, 47.829369638000102 ], [ -117.532740758, 47.82939135 ], [ -117.532724134, 47.829417006 ], [ -117.532707355, 47.829442400000097 ], [ -117.532671847, 47.829460066000102 ], [ -117.532632647, 47.829439402 ], [ -117.532596753, 47.829420586 ], [ -117.532574968, 47.829393878000097 ], [ -117.532526313, 47.82936907 ], [ -117.532482344, 47.829349114000102 ], [ -117.532439834, 47.829347699 ], [ -117.532400458, 47.8293759640001 ], [ -117.532376443, 47.829404526000097 ], [ -117.532362615, 47.829443721000104 ], [ -117.532336787, 47.829468436000099 ], [ -117.532318509, 47.829500778000103 ], [ -117.532297109, 47.82953231 ], [ -117.532285056, 47.829569744 ], [ -117.532265077, 47.829603644 ], [ -117.532225939, 47.829618887 ], [ -117.532197989, 47.829639841000102 ], [ -117.532149084, 47.829641743000103 ], [ -117.532110771, 47.829652474000099 ], [ -117.532082245, 47.829673630000102 ], [ -117.532033317, 47.829686644 ], [ -117.531988014, 47.829700242000101 ], [ -117.531943818, 47.829729823 ], [ -117.531922363, 47.829755526 ], [ -117.531886891, 47.829787184000097 ], [ -117.531864343, 47.829813379 ], [ -117.531856942, 47.829843188 ], [ -117.531854509, 47.829879855000101 ], [ -117.531850824, 47.829908633000102 ], [ -117.531822103, 47.829932209 ], [ -117.531781825, 47.829958448000099 ], [ -117.531735922, 47.829981632000099 ], [ -117.531693168, 47.82999891 ], [ -117.531669125, 47.8300295700001 ], [ -117.531669978, 47.830063718000098 ], [ -117.531659197, 47.830097209 ], [ -117.531607712, 47.830106968000102 ], [ -117.531563337, 47.8300998610001 ], [ -117.531519825, 47.830094385000102 ], [ -117.531289117, 47.830101352 ], [ -117.531206983, 47.830105122000099 ], [ -117.531157448, 47.830107395 ], [ -117.53105957, 47.830100083 ], [ -117.531016402, 47.830105486 ], [ -117.530944203, 47.830105331 ], [ -117.530888115, 47.830106882000102 ], [ -117.530833119, 47.830119282000098 ], [ -117.530413671, 47.83023518 ], [ -117.530321386, 47.830258789 ], [ -117.53024273, 47.830264492 ], [ -117.530187357, 47.830262355000102 ], [ -117.530090763, 47.830251404000101 ], [ -117.530078512, 47.830242316000103 ], [ -117.530014557, 47.830241952000101 ], [ -117.529949122, 47.830220082 ], [ -117.529916628, 47.8302028700001 ], [ -117.529882557, 47.8301760250001 ], [ -117.529862559, 47.83015061 ], [ -117.529831062, 47.830119446 ], [ -117.529814419, 47.8300881810001 ], [ -117.529790933, 47.830064173 ], [ -117.529768343, 47.8300310280001 ], [ -117.529733269, 47.830005907 ], [ -117.529686809, 47.829987235 ], [ -117.52964523, 47.829978282000098 ], [ -117.529605072, 47.829968077 ], [ -117.529560404, 47.829946472000103 ], [ -117.529539544, 47.8299209730001 ], [ -117.529530389, 47.829890892 ], [ -117.529498446, 47.829864446 ], [ -117.529450637, 47.829842600000099 ], [ -117.52940575, 47.8298151380001 ], [ -117.529355248, 47.8298086080001 ], [ -117.529314974, 47.829823041000097 ], [ -117.529267254, 47.829829868 ], [ -117.529227662, 47.829809373 ], [ -117.529216873, 47.829782646000098 ], [ -117.529214028, 47.829754342000101 ], [ -117.529224283, 47.829715705000098 ], [ -117.529205722, 47.829690045000099 ], [ -117.529169387, 47.829674406 ], [ -117.529124435, 47.829655749 ], [ -117.529084763, 47.829631398000103 ], [ -117.529050246, 47.829606579 ], [ -117.528999769, 47.829592471000097 ], [ -117.528961489, 47.829581304 ], [ -117.528918917, 47.829562418000101 ], [ -117.528871716, 47.829546677000103 ], [ -117.528840314, 47.8295167570001 ], [ -117.528797813, 47.829493194000101 ], [ -117.528757794, 47.829513383000098 ], [ -117.528721727, 47.82952849 ], [ -117.528667976, 47.829541380000101 ], [ -117.52863628, 47.829563612000101 ], [ -117.528613363, 47.829592866 ], [ -117.528600139, 47.829620826000102 ], [ -117.528597098, 47.82965755 ], [ -117.528576018, 47.829685744000102 ], [ -117.528542964, 47.829709098000102 ], [ -117.528508814, 47.829727147 ], [ -117.528461785, 47.829731635 ], [ -117.528410561, 47.829727825000099 ], [ -117.528383024, 47.829752162 ], [ -117.528362744, 47.8297868860001 ], [ -117.528351059, 47.829818136 ], [ -117.528355583, 47.829852879 ], [ -117.528331159, 47.829888147000098 ], [ -117.528324731, 47.829919661000098 ], [ -117.528323389, 47.829921836 ], [ -117.528305478, 47.82995085 ], [ -117.528255406, 47.829948521000098 ], [ -117.52823075, 47.829947291000103 ], [ -117.528209704, 47.829946241000101 ], [ -117.528167598, 47.829940830000098 ], [ -117.528122733, 47.8299284550001 ], [ -117.528111999, 47.829910863000102 ], [ -117.528023077, 47.8299093790001 ], [ -117.528003001, 47.829862481000099 ], [ -117.528005293, 47.829851274000099 ], [ -117.527997295, 47.829848929 ], [ -117.52796982, 47.829819734000097 ], [ -117.527964338, 47.8297909240001 ], [ -117.527958247, 47.829762363 ], [ -117.527929814, 47.829734048 ], [ -117.527908715, 47.8297065450001 ], [ -117.527901015, 47.829664707000099 ], [ -117.527899751, 47.829627588000101 ], [ -117.527884497, 47.829595792000099 ], [ -117.527873169, 47.829562815 ], [ -117.527838503, 47.829546961000098 ], [ -117.52779575, 47.829540767 ], [ -117.527794369, 47.82954119 ], [ -117.527753819, 47.829553596 ], [ -117.527727867, 47.829585499000103 ], [ -117.527718492, 47.829614470000102 ], [ -117.527697366, 47.829634145000099 ], [ -117.527699855, 47.829638297 ], [ -117.52768617, 47.829644571000102 ], [ -117.527682011, 47.829648444 ], [ -117.527659048, 47.829678355000098 ], [ -117.527639392, 47.829711646000099 ], [ -117.527595928, 47.8297386 ], [ -117.527545886, 47.829771268000101 ], [ -117.52749493, 47.829782666 ], [ -117.527438099, 47.829781157000099 ], [ -117.527389599, 47.829780533000097 ], [ -117.527334043, 47.829770993000103 ], [ -117.527296543, 47.829749978000102 ], [ -117.52725986, 47.829735004 ], [ -117.527217921, 47.829727871 ], [ -117.527175671, 47.829712802000103 ], [ -117.527141271, 47.829693046 ], [ -117.527130987, 47.829685545000103 ], [ -117.527109518, 47.829669882000097 ], [ -117.527071645, 47.829653325 ], [ -117.527026475, 47.829638225000103 ], [ -117.526987498, 47.829618263 ], [ -117.526956962, 47.829589276 ], [ -117.52692249, 47.829572975000097 ], [ -117.526867619, 47.829570032 ], [ -117.526807688, 47.829566794000101 ], [ -117.526764307, 47.829571229000102 ], [ -117.526733229, 47.829591540000102 ], [ -117.526687947, 47.829607088 ], [ -117.526653648, 47.829622244000099 ], [ -117.526607328, 47.829616621000099 ], [ -117.526563183, 47.8296058170001 ], [ -117.526514551, 47.829593751000097 ], [ -117.526472045, 47.829577849 ], [ -117.526444804, 47.829553892 ], [ -117.526413411, 47.829531122 ], [ -117.526366833, 47.829522345 ], [ -117.526321961, 47.829534102 ], [ -117.526271665, 47.829522567 ], [ -117.526242495, 47.8295283940001 ], [ -117.526228112, 47.829531267 ], [ -117.526173176, 47.829534786000103 ], [ -117.526118325, 47.829522928000102 ], [ -117.526100643, 47.829497833000097 ], [ -117.526074851, 47.829467108000102 ], [ -117.526067405, 47.829442586 ], [ -117.526066385, 47.829439226 ], [ -117.526071719, 47.829409433000102 ], [ -117.526069032, 47.829381653 ], [ -117.526079136, 47.829352200000102 ], [ -117.526072767, 47.829324759 ], [ -117.526050423, 47.829297191000101 ], [ -117.526012619, 47.8292852820001 ], [ -117.525984484, 47.829256429000097 ], [ -117.525940503, 47.829231646 ], [ -117.5259274, 47.829219769000098 ], [ -117.525974737, 47.829189671000101 ], [ -117.52566977, 47.829066583 ], [ -117.52547683, 47.8289887110001 ], [ -117.525282067, 47.829042928 ], [ -117.525128541, 47.829147820000102 ], [ -117.524838663, 47.829076404 ], [ -117.524599315, 47.829155556 ], [ -117.524461274, 47.829169153000102 ], [ -117.524461399, 47.829125066000103 ], [ -117.524400155, 47.8289209980001 ], [ -117.524357205, 47.828729904000099 ], [ -117.524361039, 47.828218215 ], [ -117.524373814, 47.827999204 ], [ -117.524373813, 47.827824058 ], [ -117.524316968, 47.827745848000099 ], [ -117.52417511, 47.827707215 ], [ -117.524058961, 47.82768321 ], [ -117.524119469, 47.827622486000102 ], [ -117.524265891, 47.827551285 ], [ -117.523909852, 47.827491822000098 ], [ -117.52340464, 47.827407443 ], [ -117.523109591, 47.827128694000102 ], [ -117.522620965, 47.826667053000101 ], [ -117.522217299, 47.826654821 ], [ -117.522050105, 47.8269031620001 ], [ -117.521855584, 47.827246851 ], [ -117.521261707, 47.82724955 ], [ -117.520977194, 47.827079439 ], [ -117.520916824, 47.826698818000096 ], [ -117.520772569, 47.826413802 ], [ -117.520854168, 47.826089672000101 ], [ -117.521387849, 47.825725400000103 ], [ -117.521580872, 47.825724523000098 ], [ -117.521784433, 47.825723598000103 ], [ -117.521639843, 47.825405343000099 ], [ -117.522231788, 47.825212205000099 ], [ -117.522446022, 47.825477618 ], [ -117.522554441, 47.825366478 ], [ -117.522599831, 47.825319949000097 ], [ -117.523339674, 47.825487412 ], [ -117.523580211, 47.825092596 ], [ -117.525149599, 47.824007481000102 ], [ -117.526093973, 47.824346098 ], [ -117.527046299, 47.823032701 ], [ -117.526123783, 47.8203005230001 ], [ -117.5260752, 47.820156627000102 ], [ -117.526038371, 47.820078633 ], [ -117.526398445, 47.819735082000101 ], [ -117.526384521, 47.81973076 ], [ -117.526347074, 47.81975006 ], [ -117.526306883, 47.819761606 ], [ -117.526251876, 47.819759882 ], [ -117.526207321, 47.819757539000101 ], [ -117.526166428, 47.819758943000103 ], [ -117.526122199, 47.819756271000102 ], [ -117.526067651, 47.819762512000104 ], [ -117.526011985, 47.8197600170001 ], [ -117.525962782, 47.81974509 ], [ -117.525949587, 47.819718657000102 ], [ -117.525951113, 47.819690834 ], [ -117.525960144, 47.819651958000101 ], [ -117.525959575, 47.819612667000101 ], [ -117.525950516, 47.819576547000104 ], [ -117.525941235, 47.81954068 ], [ -117.525933079, 47.81950175 ], [ -117.525916691, 47.819467561000103 ], [ -117.525905021, 47.819429005000103 ], [ -117.525882023, 47.81939355 ], [ -117.525859383, 47.819370585000101 ], [ -117.52583639, 47.819337036 ], [ -117.525811432, 47.819302627000098 ], [ -117.525785841, 47.819271017000098 ], [ -117.525770987, 47.819243836000098 ], [ -117.525750426, 47.819208438 ], [ -117.525732259, 47.819171702000098 ], [ -117.525706637, 47.819137528000098 ], [ -117.525680239, 47.819116343000097 ], [ -117.525660027, 47.819084925 ], [ -117.525678133, 47.819053881000102 ], [ -117.525702864, 47.819026908000097 ], [ -117.52572508, 47.819000812000098 ], [ -117.525743401, 47.818972259000098 ], [ -117.525764776, 47.818947185000098 ], [ -117.525787402, 47.818920290000101 ], [ -117.525807703, 47.818893233 ], [ -117.525836968, 47.8188596950001 ], [ -117.525871865, 47.818826588 ], [ -117.525896171, 47.8188034510001 ], [ -117.525918576, 47.818779767000102 ], [ -117.525957943, 47.818748293000098 ], [ -117.5259762, 47.818723526 ], [ -117.526006316, 47.81868989 ], [ -117.526035432, 47.818658695000103 ], [ -117.526054897, 47.818622663 ], [ -117.526078126, 47.818586915 ], [ -117.526100923, 47.818555471000103 ], [ -117.526112872, 47.818521045000097 ], [ -117.526120917, 47.818482015 ], [ -117.526132745, 47.818444098 ], [ -117.526144265, 47.818406516 ], [ -117.526163295, 47.818370165 ], [ -117.526198943, 47.818341074 ], [ -117.526234726, 47.818313037000102 ], [ -117.526274017, 47.818285883 ], [ -117.526316911, 47.8182640570001 ], [ -117.526348889, 47.818231395000097 ], [ -117.526363376, 47.818193521000097 ], [ -117.526360819, 47.818156905000102 ], [ -117.526343754, 47.818119505 ], [ -117.526312759, 47.818086566 ], [ -117.526275451, 47.818059887000103 ], [ -117.526235812, 47.818032329000097 ], [ -117.52619817, 47.818006692 ], [ -117.526154254, 47.817985568 ], [ -117.526107261, 47.817963546 ], [ -117.526059411, 47.817945895 ], [ -117.526011126, 47.817934701000098 ], [ -117.525958265, 47.817921527000102 ], [ -117.525920642, 47.817910986000101 ], [ -117.525880162, 47.817901348000099 ], [ -117.525823186, 47.817895697 ], [ -117.525769369, 47.817878464 ], [ -117.525714112, 47.817869211000101 ], [ -117.525656939, 47.817858435000097 ], [ -117.525605799, 47.8178451160001 ], [ -117.525550946, 47.817839428000099 ], [ -117.52549361, 47.817831934 ], [ -117.525441521, 47.817828630000101 ], [ -117.525384628, 47.817823948000097 ], [ -117.525328675, 47.817812454 ], [ -117.525275463, 47.817802282000102 ], [ -117.525219308, 47.817799666 ], [ -117.525165089, 47.817804395000103 ], [ -117.525111532, 47.8178086200001 ], [ -117.52505467, 47.817813354000101 ], [ -117.524997679, 47.817820062000102 ], [ -117.524973505, 47.817823361000102 ], [ -117.524946002, 47.8178271150001 ], [ -117.524905621, 47.8178336510001 ], [ -117.524848611, 47.817839266000099 ], [ -117.524794803, 47.8178531470001 ], [ -117.524741166, 47.8178570970001 ], [ -117.524683158, 47.8178461030001 ], [ -117.524654735, 47.817826027000102 ], [ -117.524648528, 47.817798434000103 ], [ -117.524666229, 47.817771369000099 ], [ -117.524683664, 47.8177352800001 ], [ -117.52468564, 47.817700812000098 ], [ -117.524690592, 47.817662995 ], [ -117.524694243, 47.817631427 ], [ -117.524680438, 47.817600617 ], [ -117.52465714, 47.817569217 ], [ -117.524630057, 47.817543913000101 ], [ -117.52459397, 47.8175149160001 ], [ -117.524566057, 47.817483978 ], [ -117.52453643, 47.817454209000097 ], [ -117.52450175, 47.817426819 ], [ -117.524484507, 47.817398263 ], [ -117.524498743, 47.817359290000098 ], [ -117.524490269, 47.817326487000102 ], [ -117.524478267, 47.8173000150001 ], [ -117.524465552, 47.817273583 ], [ -117.524457047, 47.817231654000103 ], [ -117.524434537, 47.817195304000101 ], [ -117.524419595, 47.817155976 ], [ -117.524411267, 47.817119716 ], [ -117.524433299, 47.8170950250001 ], [ -117.524473505, 47.817081235 ], [ -117.524512551, 47.817072495 ], [ -117.524572785, 47.8170673770001 ], [ -117.524630203, 47.817060522000098 ], [ -117.524679055, 47.8170480100001 ], [ -117.524733927, 47.817045638000103 ], [ -117.524782792, 47.817047343000098 ], [ -117.524827064, 47.817054335000101 ], [ -117.524867976, 47.81705828 ], [ -117.524910659, 47.817069293 ], [ -117.52495192, 47.817078084000102 ], [ -117.525001308, 47.817090716000102 ], [ -117.525038747, 47.8171099690001 ], [ -117.525043666, 47.817112499000103 ], [ -117.525097758, 47.817128570000101 ], [ -117.525142923, 47.817147843 ], [ -117.525193097, 47.817164856 ], [ -117.525247106, 47.817176344000103 ], [ -117.525302722, 47.817192036000101 ], [ -117.52535307, 47.817207552000099 ], [ -117.525406533, 47.817221634000099 ], [ -117.525458967, 47.817235868000097 ], [ -117.525513678, 47.817243377000104 ], [ -117.525566744, 47.817252059000097 ], [ -117.525620093, 47.817261985000101 ], [ -117.525663505, 47.817269854000102 ], [ -117.525712985, 47.817276660000097 ], [ -117.525763355, 47.817281089000097 ], [ -117.52580893, 47.817289602000102 ], [ -117.525861075, 47.817289046 ], [ -117.525912788, 47.81729577 ], [ -117.525964617, 47.817298003000097 ], [ -117.526019885, 47.81730113 ], [ -117.526078748, 47.817302084000097 ], [ -117.526121438, 47.817300616000097 ], [ -117.526164592, 47.817305775000101 ], [ -117.526216855, 47.817301847000103 ], [ -117.526259202, 47.817296723 ], [ -117.526318645, 47.817298415 ], [ -117.526375388, 47.8173064060001 ], [ -117.526429868, 47.817304830000097 ], [ -117.526484815, 47.817306438000102 ], [ -117.526536153, 47.8173062830001 ], [ -117.526589524, 47.817307769000102 ], [ -117.526649984, 47.817305888000099 ], [ -117.526690593, 47.817301505 ], [ -117.526744344, 47.817297566 ], [ -117.526798034, 47.817294154000102 ], [ -117.526838553, 47.81728401 ], [ -117.526880326, 47.817268031 ], [ -117.526921466, 47.8172504670001 ], [ -117.526967192, 47.817227545 ], [ -117.527015987, 47.817205860000101 ], [ -117.527053873, 47.817178174 ], [ -117.527087546, 47.817150733000098 ], [ -117.527109969, 47.817120963 ], [ -117.527128902, 47.8170890600001 ], [ -117.527124785, 47.817050771 ], [ -117.527145798, 47.817025886000103 ], [ -117.527171093, 47.816994203 ], [ -117.527190637, 47.816956345000101 ], [ -117.527207145, 47.816920661 ], [ -117.527221271, 47.816883174000097 ], [ -117.52723105, 47.816845145000102 ], [ -117.527246699, 47.816809506 ], [ -117.527264582, 47.816773060000102 ], [ -117.527271673, 47.816736164000098 ], [ -117.527336903, 47.8166642240001 ], [ -117.527359245, 47.816628851000097 ], [ -117.527348223, 47.816597273000099 ], [ -117.527340223, 47.816565200000099 ], [ -117.527335282, 47.816533678 ], [ -117.527345843, 47.816498953000099 ], [ -117.52734235, 47.816460881000097 ], [ -117.527331597, 47.816427112 ], [ -117.527315111, 47.816392485000101 ], [ -117.527229295, 47.8163749140001 ], [ -117.527185488, 47.816386394000098 ], [ -117.527127416, 47.816369618000103 ], [ -117.527084039, 47.816351837000099 ], [ -117.527048209, 47.816338745000103 ], [ -117.527005035, 47.816339156 ], [ -117.526956711, 47.816350811000099 ], [ -117.526910131, 47.816362757 ], [ -117.526868644, 47.816385875 ], [ -117.526824278, 47.816399135 ], [ -117.526840945, 47.81636874 ], [ -117.526879832, 47.816354354000097 ], [ -117.52691926, 47.8163472150001 ], [ -117.526957279, 47.816336976000102 ], [ -117.526978944, 47.816312359000101 ], [ -117.526994117, 47.816286466000101 ], [ -117.5269854, 47.816256578 ], [ -117.526990878, 47.816216785000101 ], [ -117.526961593, 47.816192821000101 ], [ -117.526913952, 47.81619427 ], [ -117.526871766, 47.816208418 ], [ -117.526836508, 47.816222981000102 ], [ -117.526791118, 47.816244004000097 ], [ -117.526752159, 47.816272488 ], [ -117.526716173, 47.816297906 ], [ -117.526681275, 47.816330629 ], [ -117.526640816, 47.816357303000103 ], [ -117.526585816, 47.8163617700001 ], [ -117.526544741, 47.816357192000098 ], [ -117.526499194, 47.816370225000099 ], [ -117.526452749, 47.816378638000103 ], [ -117.526410072, 47.816381941 ], [ -117.526355057, 47.816375271 ], [ -117.526383549, 47.816339579 ], [ -117.526423853, 47.8163267830001 ], [ -117.526467272, 47.816303560000101 ], [ -117.52651015, 47.816300202 ], [ -117.526566715, 47.81628327 ], [ -117.526612357, 47.816261580000102 ], [ -117.526646606, 47.816239254 ], [ -117.526685018, 47.816213375000103 ], [ -117.526733921, 47.816186447000099 ], [ -117.526769903, 47.816157521 ], [ -117.526803897, 47.816124026000097 ], [ -117.526831463, 47.816090821 ], [ -117.526859832, 47.816058380000101 ], [ -117.526870931, 47.816023898 ], [ -117.526887378, 47.8159862730001 ], [ -117.526895592, 47.815953338 ], [ -117.526916261, 47.8159187360001 ], [ -117.526913431, 47.815883562000103 ], [ -117.526909528, 47.815850556 ], [ -117.526904586, 47.815818193 ], [ -117.526892908, 47.81578627 ], [ -117.526882951, 47.8157579800001 ], [ -117.526864182, 47.815728691000103 ], [ -117.526848882, 47.815701247 ], [ -117.526831137, 47.8156712850001 ], [ -117.526817794, 47.815640549000101 ], [ -117.526802661, 47.815614447 ], [ -117.526788101, 47.815585828000103 ], [ -117.526767776, 47.815557966 ], [ -117.526743556, 47.815528592000099 ], [ -117.526713683, 47.815498951000102 ], [ -117.526675592, 47.815470562 ], [ -117.526661812, 47.815462591 ], [ -117.526628862, 47.815443531 ], [ -117.526611374, 47.815408919 ], [ -117.52662446, 47.815379273000097 ], [ -117.526618278, 47.815340296 ], [ -117.526624181, 47.815301439000102 ], [ -117.526645044, 47.815277219000102 ], [ -117.526662595, 47.815249890000104 ], [ -117.526676464, 47.815223456000098 ], [ -117.526691376, 47.815196619000098 ], [ -117.526714001, 47.815169938000103 ], [ -117.526756332, 47.815142173 ], [ -117.526791341, 47.815127921000098 ], [ -117.526833851, 47.815130337 ], [ -117.52683838, 47.815130594 ], [ -117.526881977, 47.815145294 ], [ -117.526928047, 47.815155363 ], [ -117.5269663, 47.815169466 ], [ -117.527007293, 47.815174861000102 ], [ -117.52704794, 47.815180147 ], [ -117.527104459, 47.815187034000097 ], [ -117.527146026, 47.81518627 ], [ -117.527199415, 47.815195145000096 ], [ -117.527246008, 47.815192690000103 ], [ -117.527301043, 47.81519202 ], [ -117.527337372, 47.8151796060001 ], [ -117.527388918, 47.815171599000102 ], [ -117.527443404, 47.815164401000096 ], [ -117.527494193, 47.815154765 ], [ -117.527550929, 47.815152431000101 ], [ -117.527611658, 47.815145460000103 ], [ -117.527664971, 47.815145206000103 ], [ -117.52772136, 47.815142428000101 ], [ -117.527768874, 47.815142448000103 ], [ -117.527828525, 47.815142759 ], [ -117.527879976, 47.815137188000101 ], [ -117.527920633, 47.815134071 ], [ -117.527961168, 47.815129977 ], [ -117.528001939, 47.8151228830001 ], [ -117.528042865, 47.815125051000102 ], [ -117.528086063, 47.815126712000101 ], [ -117.528140806, 47.815123236 ], [ -117.528201495, 47.815122188 ], [ -117.528253148, 47.815121302000101 ], [ -117.528302025, 47.815114746000098 ], [ -117.528340551, 47.815101333 ], [ -117.528379378, 47.815088756000101 ], [ -117.528419198, 47.815075373000099 ], [ -117.528454533, 47.815059920000103 ], [ -117.528506779, 47.815045418000103 ], [ -117.528539136, 47.815023072 ], [ -117.528580668, 47.81499188 ], [ -117.528590435, 47.814964866 ], [ -117.528601936, 47.814909831000101 ], [ -117.5285801, 47.814884724000102 ], [ -117.528546482, 47.814864080000099 ], [ -117.528510984, 47.814833458000102 ], [ -117.528488039, 47.814808304000103 ], [ -117.528464516, 47.814777195 ], [ -117.528449213, 47.814749211 ], [ -117.528429096, 47.814719912 ], [ -117.528405441, 47.814694269 ], [ -117.528373285, 47.814663799000101 ], [ -117.528348181, 47.814635545 ], [ -117.528319042, 47.814609050000101 ], [ -117.528286638, 47.814581383000103 ], [ -117.52825444, 47.814557896000103 ], [ -117.528228669, 47.814536074 ], [ -117.528197022, 47.814506734000098 ], [ -117.528164491, 47.814488643000097 ], [ -117.52811326, 47.814467873000098 ], [ -117.528084899, 47.814442646 ], [ -117.528049564, 47.814414822000103 ], [ -117.528028417, 47.81438919 ], [ -117.528002962, 47.814361876000099 ], [ -117.527970869, 47.814340509 ], [ -117.527947989, 47.814316508 ], [ -117.527910312, 47.814290867000103 ], [ -117.527881356, 47.814270278 ], [ -117.527863045, 47.814243659000098 ], [ -117.527838337, 47.814217633000098 ], [ -117.527821299, 47.814186406 ], [ -117.527869788, 47.814174735000101 ], [ -117.527842232, 47.814152986000103 ], [ -117.527827002, 47.814125272000098 ], [ -117.527805392, 47.81409632 ], [ -117.527772097, 47.814063866 ], [ -117.52774563, 47.814034527 ], [ -117.527709919, 47.814000883000098 ], [ -117.52768287, 47.813973094000097 ], [ -117.527659924, 47.813945975000102 ], [ -117.527633057, 47.813917718 ], [ -117.527602497, 47.813892501000097 ], [ -117.527578145, 47.813868762 ], [ -117.527560033, 47.81383479 ], [ -117.527545304, 47.813804755 ], [ -117.527521965, 47.813776595 ], [ -117.527506543, 47.813746521 ], [ -117.527500494, 47.8137173470001 ], [ -117.527481795, 47.813688307000099 ], [ -117.527466082, 47.8136540510001 ], [ -117.527443586, 47.813621972000099 ], [ -117.527435684, 47.813584150000104 ], [ -117.52744122, 47.8135509580001 ], [ -117.527448029, 47.813518219000102 ], [ -117.527466121, 47.813482001000096 ], [ -117.527489874, 47.81345249 ], [ -117.527507452, 47.813420349000097 ], [ -117.527515008, 47.813388159000098 ], [ -117.527523766, 47.813352870000102 ], [ -117.527529349, 47.813322667000101 ], [ -117.527517112, 47.813286874 ], [ -117.527502286, 47.813258705000102 ], [ -117.52748458, 47.813228228000099 ], [ -117.527451935, 47.81319008 ], [ -117.527443497, 47.813153297 ], [ -117.527432861, 47.813120250000097 ], [ -117.527389013, 47.813110602000101 ], [ -117.52734726, 47.813107453 ], [ -117.527304291, 47.813102687 ], [ -117.52726193, 47.813102009 ], [ -117.52721808, 47.813109796 ], [ -117.527175761, 47.813107509000098 ], [ -117.527131669, 47.813113310000098 ], [ -117.527086804, 47.813122318000097 ], [ -117.527027439, 47.813120787000102 ], [ -117.526987564, 47.813129307000104 ], [ -117.52693753, 47.813144716000103 ], [ -117.526889987, 47.813148789000103 ], [ -117.526847287, 47.813157395000097 ], [ -117.526800935, 47.813176675000101 ], [ -117.526756399, 47.813182448000099 ], [ -117.52670606, 47.813190651000099 ], [ -117.52665482, 47.813198548000102 ], [ -117.526603601, 47.8132035410001 ], [ -117.526563739, 47.813190232000103 ], [ -117.526512128, 47.8131778690001 ], [ -117.526472482, 47.8131934150001 ], [ -117.526427755, 47.813209723000099 ], [ -117.5263807, 47.813232204 ], [ -117.526342972, 47.813260003 ], [ -117.526300057, 47.813265502 ], [ -117.526266825, 47.813291503000102 ], [ -117.526233442, 47.813310646 ], [ -117.526197416, 47.813337881000102 ], [ -117.526172496, 47.8133665410001 ], [ -117.526149121, 47.813394743000103 ], [ -117.526128545, 47.813426877 ], [ -117.526118986, 47.813460839000101 ], [ -117.526105535, 47.813497315000099 ], [ -117.526088425, 47.813531281000103 ], [ -117.526058706, 47.813566026 ], [ -117.526040725, 47.813595871000103 ], [ -117.526024467, 47.813628532000102 ], [ -117.526008155, 47.813657612 ], [ -117.525992988, 47.813693764 ], [ -117.52597307, 47.813725409 ], [ -117.525955492, 47.8137563720001 ], [ -117.526025372, 47.813772847000102 ], [ -117.525964859, 47.813798778 ], [ -117.525936312, 47.813822008 ], [ -117.525913994, 47.813847724 ], [ -117.525886755, 47.813883852000103 ], [ -117.525863621, 47.813921069000102 ], [ -117.525838053, 47.813952777000097 ], [ -117.525818109, 47.813983650000097 ], [ -117.525807302, 47.814015970000099 ], [ -117.525793806, 47.814050213 ], [ -117.525779689, 47.814077143000098 ], [ -117.525761829, 47.814111608000097 ], [ -117.52574948, 47.814141593 ], [ -117.525744084, 47.814177448000102 ], [ -117.525740266, 47.814217456000101 ], [ -117.525719412, 47.814246142000101 ], [ -117.525722895, 47.814280465000103 ], [ -117.52571578, 47.814319243000099 ], [ -117.525715169, 47.814354615000099 ], [ -117.525710299, 47.814382919000103 ], [ -117.525709506, 47.814412636 ], [ -117.525706347, 47.814448263 ], [ -117.525702011, 47.814479220000102 ], [ -117.525699096, 47.814513836000103 ], [ -117.525681166, 47.814541928 ], [ -117.525664817, 47.814570466000099 ], [ -117.525667148, 47.814609277 ], [ -117.525670924, 47.8146420590001 ], [ -117.525641312, 47.814680309 ], [ -117.525625699, 47.81470914 ], [ -117.525590487, 47.814745483000102 ], [ -117.525546042, 47.814767426000103 ], [ -117.525506106, 47.814785456 ], [ -117.525470898, 47.814803064 ], [ -117.525435004, 47.8148170320001 ], [ -117.525402709, 47.814833967 ], [ -117.525346267, 47.814844757000103 ], [ -117.525294294, 47.814854288 ], [ -117.525244229, 47.814868151 ], [ -117.525196992, 47.814868079000099 ], [ -117.525143072, 47.8148628430001 ], [ -117.525083828, 47.814854397 ], [ -117.525031831, 47.814839709000097 ], [ -117.524982868, 47.814833093000097 ], [ -117.524935695, 47.814821644000098 ], [ -117.524888776, 47.814807985000101 ], [ -117.524841772, 47.814795634000099 ], [ -117.524799312, 47.814788844000098 ], [ -117.524745946, 47.814785425 ], [ -117.524698984, 47.814780811 ], [ -117.524644176, 47.814774257000103 ], [ -117.52460383, 47.814778549 ], [ -117.524551663, 47.814786106 ], [ -117.524506071, 47.814799761000103 ], [ -117.524458419, 47.814814990000102 ], [ -117.524417039, 47.814832391 ], [ -117.52437849, 47.814848277000102 ], [ -117.524337699, 47.814863092000103 ], [ -117.524299783, 47.814878068 ], [ -117.524268825, 47.814898283 ], [ -117.524233939, 47.814916714 ], [ -117.524208257, 47.814941854 ], [ -117.524180536, 47.814969701000102 ], [ -117.524152786, 47.814999854000099 ], [ -117.52413208, 47.815025759 ], [ -117.524121442, 47.815052319000102 ], [ -117.524106467, 47.815085956000097 ], [ -117.524098971, 47.81510516 ], [ -117.524093024, 47.815120399000101 ], [ -117.5240874, 47.815156124000097 ], [ -117.524079256, 47.815189073000099 ], [ -117.524071405, 47.815222412 ], [ -117.524058981, 47.8152510520001 ], [ -117.524051216, 47.81528826 ], [ -117.524036155, 47.815319701000099 ], [ -117.524020103, 47.815346872000099 ], [ -117.523997724, 47.815373736 ], [ -117.523952519, 47.815387949000097 ], [ -117.523911166, 47.8154073050001 ], [ -117.523872385, 47.815429544 ], [ -117.523826054, 47.815448175 ], [ -117.523780889, 47.815461088000099 ], [ -117.523758995, 47.815467723 ], [ -117.523735976, 47.815474699 ], [ -117.523689475, 47.815491789000099 ], [ -117.523641834, 47.815508285000099 ], [ -117.523605143, 47.815524670000102 ], [ -117.523569803, 47.8155459070001 ], [ -117.523531823, 47.815570572000098 ], [ -117.523492642, 47.815588868000098 ], [ -117.523452176, 47.815607580000098 ], [ -117.523418238, 47.815632958 ], [ -117.523375238, 47.815640648000098 ], [ -117.523331294, 47.815643534000102 ], [ -117.523290243, 47.815642417 ], [ -117.523232708, 47.815637403 ], [ -117.523182144, 47.81561959 ], [ -117.523131897, 47.815625885 ], [ -117.523088339, 47.815634624 ], [ -117.523048788, 47.815653498000103 ], [ -117.523004579, 47.815660819000101 ], [ -117.522964931, 47.815668676 ], [ -117.522920372, 47.815674146 ], [ -117.522890453, 47.815698658 ], [ -117.522851015, 47.815710872000103 ], [ -117.522801543, 47.815720334 ], [ -117.522766231, 47.815740193000103 ], [ -117.522747483, 47.815765214000102 ], [ -117.522711126, 47.815791726 ], [ -117.522673813, 47.815808787 ], [ -117.522652399, 47.815835789000097 ], [ -117.522627533, 47.815860540000102 ], [ -117.522612286, 47.815888346000101 ], [ -117.52261091, 47.815922319 ], [ -117.522591114, 47.815949596000102 ], [ -117.522570326, 47.815982040000101 ], [ -117.522577543, 47.816017398 ], [ -117.522592286, 47.816053139000097 ], [ -117.522591826, 47.816081510000103 ], [ -117.522604379, 47.816116910000098 ], [ -117.52261922, 47.816145109 ], [ -117.522634889, 47.816176883 ], [ -117.522665211, 47.8162107630001 ], [ -117.522684491, 47.816236307000104 ], [ -117.522714903, 47.816264808 ], [ -117.522749498, 47.816290069 ], [ -117.522766848, 47.816321162000101 ], [ -117.522791947, 47.8163471350001 ], [ -117.522805566, 47.816376936 ], [ -117.522802535, 47.816407208 ], [ -117.522809703, 47.816441152 ], [ -117.522815166, 47.816469167 ], [ -117.522811553, 47.816504411 ], [ -117.522813147, 47.816546027000101 ], [ -117.522810611, 47.816582174000096 ], [ -117.522802126, 47.816615509 ], [ -117.522802486, 47.816647699 ], [ -117.522791083, 47.816678936000102 ], [ -117.522748699, 47.816696231 ], [ -117.522704135, 47.816712699 ], [ -117.522667189, 47.816731131 ], [ -117.522629494, 47.8167426730001 ], [ -117.52258397, 47.816760009000099 ], [ -117.52254003, 47.816775192000101 ], [ -117.522509115, 47.8167931770001 ], [ -117.522485625, 47.8168171740001 ], [ -117.522443714, 47.816838729 ], [ -117.522406098, 47.816857459000097 ], [ -117.522377434, 47.816883245 ], [ -117.522353927, 47.816906111 ], [ -117.522331684, 47.816938379000099 ], [ -117.522310732, 47.816965231 ], [ -117.522294913, 47.816995899000098 ], [ -117.522275304, 47.817023431000102 ], [ -117.522258745, 47.817053202000103 ], [ -117.522242515, 47.8170824480001 ], [ -117.522219517, 47.817112317000102 ], [ -117.522200682, 47.817143407000103 ], [ -117.522178631, 47.817173622 ], [ -117.522151146, 47.817204117000102 ], [ -117.522121616, 47.817235757 ], [ -117.522083355, 47.817257454000099 ], [ -117.522033945, 47.817263445 ], [ -117.521980172, 47.817263043 ], [ -117.521941306, 47.817250584000099 ], [ -117.521925618, 47.817217132000103 ], [ -117.521931084, 47.817177699000098 ], [ -117.521937605, 47.817141894 ], [ -117.521944284, 47.817107592000099 ], [ -117.521951055, 47.817075448 ], [ -117.521945583, 47.817040773 ], [ -117.52193771, 47.817004675000099 ], [ -117.521923612, 47.816976844000102 ], [ -117.521889332, 47.816947047 ], [ -117.52184766, 47.8169248250001 ], [ -117.521814834, 47.816906246 ], [ -117.521767102, 47.81688977 ], [ -117.521721135, 47.816880783 ], [ -117.521680805, 47.816874036000101 ], [ -117.52163179, 47.816867049000102 ], [ -117.521585466, 47.816856606 ], [ -117.52153867, 47.816855515 ], [ -117.521498955, 47.81684526 ], [ -117.52145685, 47.8168303140001 ], [ -117.521427933, 47.816804816000101 ], [ -117.521387875, 47.816784778000098 ], [ -117.521348215, 47.816775028000102 ], [ -117.521308742, 47.816767543 ], [ -117.521265519, 47.816758853000103 ], [ -117.521221632, 47.816746431000098 ], [ -117.521174376, 47.816748070000102 ], [ -117.521124739, 47.816757551000102 ], [ -117.521070567, 47.816765199 ], [ -117.521038705, 47.8167921040001 ], [ -117.521013884, 47.81681524 ], [ -117.520981083, 47.816832958000099 ], [ -117.52096769, 47.816867020000103 ], [ -117.520951893, 47.816893056 ], [ -117.520935294, 47.816929618000103 ], [ -117.520925076, 47.816964263 ], [ -117.520911367, 47.817006941 ], [ -117.520902307, 47.817036176 ], [ -117.520882486, 47.817061566000099 ], [ -117.520869513, 47.817090069000102 ], [ -117.520857045, 47.81712129 ], [ -117.520850431, 47.817149143000101 ], [ -117.520837889, 47.817185235000103 ], [ -117.520831456, 47.8172190780001 ], [ -117.520832447, 47.8172543270001 ], [ -117.520830513, 47.817292105 ], [ -117.520815503, 47.817325717000102 ], [ -117.520807109, 47.817352900000103 ], [ -117.520791151, 47.817386818 ], [ -117.520765588, 47.817419828 ], [ -117.520750928, 47.817449941000099 ], [ -117.520697195, 47.817661369000099 ], [ -117.520702805, 47.817632925000098 ], [ -117.520701942, 47.817625521000103 ], [ -117.520643988, 47.817756990000099 ], [ -117.520637636, 47.817788188000101 ], [ -117.520636537, 47.817821583000097 ], [ -117.520621669, 47.817855824 ], [ -117.5206164, 47.817887614 ], [ -117.520617513, 47.817924784000098 ], [ -117.520618959, 47.817960473 ], [ -117.52062003, 47.817998566 ], [ -117.520646869, 47.818033876000101 ], [ -117.520667247, 47.818064090000099 ], [ -117.5206844, 47.818090854 ], [ -117.520717752, 47.818120242000099 ], [ -117.520756113, 47.818136387 ], [ -117.520791424, 47.818157257000102 ], [ -117.520831616, 47.818176363000099 ], [ -117.520867834, 47.818198675000097 ], [ -117.520900634, 47.818232999 ], [ -117.520942991, 47.818249684000101 ], [ -117.520983051, 47.818268594000102 ], [ -117.521020643, 47.81829185 ], [ -117.521064019, 47.818310450000098 ], [ -117.521103443, 47.818330797 ], [ -117.521154307, 47.818350898000098 ], [ -117.521192341, 47.818374380000101 ], [ -117.52123119, 47.818397781 ], [ -117.521270687, 47.818421678 ], [ -117.521294368, 47.818450501 ], [ -117.521315507, 47.818477693 ], [ -117.521335367, 47.8185082950001 ], [ -117.521350382, 47.818543235 ], [ -117.521365628, 47.818575896 ], [ -117.521383449, 47.81860722 ], [ -117.521395172, 47.818642109000102 ], [ -117.521415689, 47.818673104 ], [ -117.521430101, 47.818712360000099 ], [ -117.521445766, 47.818752299 ], [ -117.521457315, 47.818779458000101 ], [ -117.521475799, 47.818815476000097 ], [ -117.52150332, 47.818848984000098 ], [ -117.521539226, 47.818873087 ], [ -117.521577534, 47.81889425 ], [ -117.521583947, 47.818897793000097 ], [ -117.521619653, 47.818911536 ], [ -117.521666422, 47.818921450000097 ], [ -117.52171714, 47.818932957000101 ], [ -117.521772437, 47.818937306000102 ], [ -117.521823714, 47.818935547000102 ], [ -117.521879267, 47.818935506000102 ], [ -117.521935076, 47.818928346000099 ], [ -117.521994729, 47.818920577 ], [ -117.522048671, 47.818913302000098 ], [ -117.522089706, 47.818910131000102 ], [ -117.522130188, 47.818906011000102 ], [ -117.522188892, 47.818898485 ], [ -117.522247378, 47.818892167000101 ], [ -117.522302573, 47.818884630000099 ], [ -117.522357501, 47.818882483 ], [ -117.52241698, 47.818875915 ], [ -117.522472531, 47.818872806000101 ], [ -117.522531918, 47.8188709900001 ], [ -117.522583624, 47.818865606 ], [ -117.522630357, 47.818860584 ], [ -117.522678557, 47.818853407000098 ], [ -117.5227353, 47.818848553000102 ], [ -117.522775628, 47.818843634000103 ], [ -117.5228305, 47.818858512000098 ], [ -117.522840298, 47.818896176000102 ], [ -117.522820073, 47.818929392 ], [ -117.522817099, 47.818962218000102 ], [ -117.522820344, 47.818993944000098 ], [ -117.522827316, 47.819023021000099 ], [ -117.522835221, 47.81905821 ], [ -117.522839876, 47.819086369 ], [ -117.52284013, 47.819113945 ], [ -117.522840956, 47.819143628000099 ], [ -117.522836259, 47.819174353000101 ], [ -117.522840157, 47.819201889000098 ], [ -117.522840397, 47.819237096000101 ], [ -117.522839161, 47.819267499 ], [ -117.522840576, 47.819302241000102 ], [ -117.522840018, 47.819330986000097 ], [ -117.522839, 47.819358488 ], [ -117.52281241, 47.819380269000099 ], [ -117.52276926, 47.819394138000099 ], [ -117.522726419, 47.819403883000099 ], [ -117.522676951, 47.819405456 ], [ -117.522633731, 47.819407805 ], [ -117.522589786, 47.819410924000103 ], [ -117.522536401, 47.819415476000103 ], [ -117.52248442, 47.819419118 ], [ -117.522431936, 47.819423482 ], [ -117.522388452, 47.819426978000102 ], [ -117.522344457, 47.819428893000101 ], [ -117.522295649, 47.819434464 ], [ -117.522244843, 47.8194367460001 ], [ -117.522198091, 47.819441185000102 ], [ -117.522136959, 47.819444504 ], [ -117.522092139, 47.819445706000103 ], [ -117.522054055, 47.819444459000103 ], [ -117.52208784, 47.819472347 ], [ -117.522129822, 47.819485644000103 ], [ -117.522164151, 47.819503189 ], [ -117.522158357, 47.819531169000101 ], [ -117.522111289, 47.819559591 ], [ -117.522058345, 47.819567127 ], [ -117.522021087, 47.819590351 ], [ -117.521983248, 47.819604984000101 ], [ -117.521931975, 47.819614417 ], [ -117.52187803, 47.819624340000097 ], [ -117.521832484, 47.819620755000102 ], [ -117.521803075, 47.819599632000099 ], [ -117.521772218, 47.819565126 ], [ -117.521754274, 47.819527939000103 ], [ -117.5217293, 47.819497995000098 ], [ -117.521683962, 47.819472866000098 ], [ -117.521635215, 47.819473644 ], [ -117.521582977, 47.8194799 ], [ -117.521537073, 47.819478809 ], [ -117.521478214, 47.819474609000103 ], [ -117.521437804, 47.8194973290001 ], [ -117.521409437, 47.819522167000102 ], [ -117.521385304, 47.819554916000101 ], [ -117.521376765, 47.819590804 ], [ -117.521364129, 47.819639432 ], [ -117.521328984, 47.819659361 ], [ -117.521308404, 47.819683338000097 ], [ -117.521284519, 47.819707537000099 ], [ -117.521265904, 47.819732597 ], [ -117.521278808, 47.819770637 ], [ -117.521324704, 47.819790479000098 ], [ -117.521375351, 47.819789278 ], [ -117.521423468, 47.819786006000101 ], [ -117.521487418, 47.819784009 ], [ -117.52154113, 47.819793245 ], [ -117.521592373, 47.819811314 ], [ -117.52163372, 47.8198355970001 ], [ -117.521647148, 47.81986692 ], [ -117.521604631, 47.819889874000097 ], [ -117.521576446, 47.819912063000103 ], [ -117.521553339, 47.819939664000103 ], [ -117.521545435, 47.819970396 ], [ -117.521540219, 47.820004399 ], [ -117.521506995, 47.820030305 ], [ -117.521457974, 47.82004413 ], [ -117.521432858, 47.820074268 ], [ -117.521425448, 47.820104029 ], [ -117.52140332, 47.820127383000099 ], [ -117.521353289, 47.820146958000102 ], [ -117.521300626, 47.820142307 ], [ -117.521254118, 47.82014909 ], [ -117.521209149, 47.820159078000103 ], [ -117.521168, 47.820184971000103 ], [ -117.521143333, 47.820209379000097 ], [ -117.521103056, 47.820229300000101 ], [ -117.521045909, 47.820237019 ], [ -117.521000778, 47.820249334 ], [ -117.520983911, 47.820284363 ], [ -117.520979023, 47.820323753 ], [ -117.520986643, 47.820355084 ], [ -117.520998982, 47.820388054 ], [ -117.521006758, 47.82042599 ], [ -117.520977894, 47.820445881000097 ], [ -117.520941086, 47.820465642 ], [ -117.520897461, 47.820485516000097 ], [ -117.520851276, 47.820501839 ], [ -117.520824097, 47.820533063 ], [ -117.520802541, 47.820557244 ], [ -117.52077923, 47.820587944000103 ], [ -117.520787053, 47.820624957000099 ], [ -117.520819826, 47.82064424 ], [ -117.520877989, 47.82064559 ], [ -117.520914719, 47.820665298000101 ], [ -117.520935151, 47.8206931140001 ], [ -117.520920368, 47.820721362 ], [ -117.52087051, 47.820731956 ], [ -117.520830712, 47.820740644000097 ], [ -117.52079425, 47.820728226 ], [ -117.520749969, 47.820713392000101 ], [ -117.520707166, 47.820709467 ], [ -117.520648237, 47.820710793 ], [ -117.520601694, 47.820709978000103 ], [ -117.520558063, 47.820715082 ], [ -117.520504829, 47.820721792 ], [ -117.52045622, 47.820737261 ], [ -117.520406607, 47.820755935000101 ], [ -117.520365719, 47.820762087 ], [ -117.520309364, 47.820752943000102 ], [ -117.520262831, 47.820747253 ], [ -117.520218277, 47.820753117 ], [ -117.520177954, 47.820746453 ], [ -117.520120371, 47.820781935000099 ], [ -117.520106612, 47.820817955000102 ], [ -117.52009916, 47.82085039 ], [ -117.520106342, 47.820881793000098 ], [ -117.520074224, 47.820908006000103 ], [ -117.520032158, 47.820886148000099 ], [ -117.520026252, 47.820843076000102 ], [ -117.520023674, 47.820808595000102 ], [ -117.519998336, 47.8207748190001 ], [ -117.519958785, 47.820767211 ], [ -117.5199145, 47.820763858000099 ], [ -117.519864088, 47.820769349 ], [ -117.519820917, 47.820776159 ], [ -117.519769462, 47.820769292000101 ], [ -117.519728351, 47.8207587570001 ], [ -117.519677414, 47.820762862 ], [ -117.51963235, 47.820769445000103 ], [ -117.519598042, 47.820797187 ], [ -117.519578568, 47.8208213610001 ], [ -117.5195412, 47.820846771 ], [ -117.519489979, 47.820840107 ], [ -117.519451417, 47.820855010000102 ], [ -117.519405794, 47.820872026000103 ], [ -117.519351686, 47.820879156 ], [ -117.519314991, 47.820858971000099 ], [ -117.519343332, 47.820836523 ], [ -117.519306031, 47.8208184470001 ], [ -117.519264103, 47.820821608000102 ], [ -117.519213452, 47.820840680000103 ], [ -117.519168583, 47.820834134000101 ], [ -117.519129242, 47.820812114 ], [ -117.519163455, 47.820791276000101 ], [ -117.519135007, 47.820751849 ], [ -117.519110554, 47.820722409 ], [ -117.519093174, 47.820695582 ], [ -117.519095153, 47.820666007000099 ], [ -117.519090424, 47.820636425 ], [ -117.519089675, 47.820596806 ], [ -117.519126865, 47.82056778 ], [ -117.51916027, 47.820552108000101 ], [ -117.519205738, 47.820543743 ], [ -117.519252038, 47.820538646 ], [ -117.519270025, 47.820505009 ], [ -117.519267157, 47.820476243 ], [ -117.519296152, 47.820443549000103 ], [ -117.519303321, 47.820404148000101 ], [ -117.519321211, 47.8203735270001 ], [ -117.51930901, 47.820339677 ], [ -117.519321027, 47.820303158000101 ], [ -117.519319733, 47.820275634 ], [ -117.519269954, 47.820261616 ], [ -117.519217912, 47.820261501000097 ], [ -117.519174328, 47.820277499 ], [ -117.519125591, 47.820284546 ], [ -117.51910257, 47.820312442 ], [ -117.519081297, 47.820344374000101 ], [ -117.519058331, 47.820379800000097 ], [ -117.51904873, 47.820407532 ], [ -117.519006278, 47.820434863000102 ], [ -117.518974735, 47.820457690000097 ], [ -117.518958721, 47.8204893220001 ], [ -117.518933889, 47.820517772000102 ], [ -117.518912327, 47.820550748000102 ], [ -117.518882141, 47.820570866 ], [ -117.518814194, 47.820557771 ], [ -117.518770746, 47.820561522 ], [ -117.51871569, 47.820515843000102 ], [ -117.518719462, 47.820487179000096 ], [ -117.518722645, 47.820452513000099 ], [ -117.518721916, 47.820411682 ], [ -117.518671215, 47.820380943 ], [ -117.518688951, 47.820354868 ], [ -117.518698171, 47.820322502000103 ], [ -117.518723902, 47.820285509 ], [ -117.518723869, 47.820248778000099 ], [ -117.518731312, 47.820217369 ], [ -117.518735798, 47.820189755000101 ], [ -117.518758897, 47.820159511 ], [ -117.518911868, 47.820053741 ], [ -117.518897031, 47.820023233 ], [ -117.518872611, 47.819998552000101 ], [ -117.51885394, 47.8199665060001 ], [ -117.518851181, 47.819937331000098 ], [ -117.518865328, 47.819896462 ], [ -117.51885457, 47.81985733 ], [ -117.518844754, 47.819828561000101 ], [ -117.518844476, 47.819799919 ], [ -117.518889666, 47.819770724000101 ], [ -117.518931612, 47.819767561 ], [ -117.518973434, 47.819766869 ], [ -117.519030756, 47.819774077 ], [ -117.519083867, 47.819773272000099 ], [ -117.519125107, 47.819779923000098 ], [ -117.519165149, 47.819785918 ], [ -117.519206882, 47.819787737000098 ], [ -117.519263026, 47.819797279000099 ], [ -117.51932238, 47.819811976 ], [ -117.519384299, 47.819822935 ], [ -117.519437209, 47.819833033000101 ], [ -117.519493559, 47.819835325 ], [ -117.519550176, 47.819834623000098 ], [ -117.519608022, 47.819833337 ], [ -117.519661591, 47.8198410910001 ], [ -117.519690877, 47.819863528 ], [ -117.51973938, 47.819884012 ], [ -117.519794456, 47.819878732000099 ], [ -117.519845896, 47.819872099000101 ], [ -117.519886877, 47.819870890000097 ], [ -117.519938329, 47.819885084000099 ], [ -117.5199843, 47.819886968 ], [ -117.520014678, 47.819851718000102 ], [ -117.520024765, 47.819822514000101 ], [ -117.520045225, 47.819798465000098 ], [ -117.520058593, 47.819761359 ], [ -117.520034901, 47.819738617 ], [ -117.520037123, 47.819705423000102 ], [ -117.520031621, 47.819676726000097 ], [ -117.519993125, 47.819650582000101 ], [ -117.519937921, 47.819634178000101 ], [ -117.51988732, 47.81963935 ], [ -117.519849995, 47.819656114000097 ], [ -117.519811739, 47.819667466000098 ], [ -117.519769733, 47.819666484 ], [ -117.519715047, 47.819661916 ], [ -117.519715594, 47.819628780000102 ], [ -117.519753199, 47.819613078 ], [ -117.519799435, 47.819598916000103 ], [ -117.519833644, 47.819578967 ], [ -117.519837635, 47.819548526000098 ], [ -117.519837603, 47.819520848000103 ], [ -117.5198368, 47.81948321 ], [ -117.519839309, 47.819455129000097 ], [ -117.519840947, 47.819427200000099 ], [ -117.519840709, 47.819399035000103 ], [ -117.519837421, 47.819352947 ], [ -117.519835572, 47.819313183000098 ], [ -117.519841118, 47.819284774 ], [ -117.519840558, 47.819249599 ], [ -117.519840483, 47.819244838 ], [ -117.519839538, 47.8192171600001 ], [ -117.519845019, 47.819177901 ], [ -117.519841811, 47.819136162000099 ], [ -117.519806411, 47.819116871000098 ], [ -117.519762417, 47.819118213000102 ], [ -117.519718859, 47.8191197 ], [ -117.519676431, 47.819119847000103 ], [ -117.51961517, 47.819127986000098 ], [ -117.519555484, 47.819129208 ], [ -117.519494384, 47.81913848 ], [ -117.519447584, 47.819139709000098 ], [ -117.519405064, 47.819123569000098 ], [ -117.519370217, 47.819108145 ], [ -117.519343867, 47.819087083000099 ], [ -117.519315123, 47.819054864000101 ], [ -117.519295418, 47.819030726000101 ], [ -117.519274048, 47.819005706 ], [ -117.519259705, 47.818965034 ], [ -117.519250062, 47.818938048000099 ], [ -117.519244385, 47.818898329 ], [ -117.519240005, 47.818870906 ], [ -117.519229098, 47.818830641 ], [ -117.519226686, 47.818789659000103 ], [ -117.519221551, 47.818748967 ], [ -117.519210405, 47.818710166000102 ], [ -117.519197627, 47.818683768 ], [ -117.519181979, 47.8186582720001 ], [ -117.519151963, 47.818624164 ], [ -117.519109258, 47.8186134910001 ], [ -117.51907011, 47.818605435000102 ], [ -117.519009134, 47.818605316000102 ], [ -117.518978067, 47.8186297250001 ], [ -117.518983091, 47.818663765000103 ], [ -117.518999572, 47.818689346 ], [ -117.519012198, 47.81871691 ], [ -117.519032417, 47.818743680000097 ], [ -117.519040293, 47.818771162000097 ], [ -117.519014559, 47.81879747 ], [ -117.51897762, 47.81881359 ], [ -117.518952223, 47.818835152000098 ], [ -117.51896202, 47.818866083 ], [ -117.518981878, 47.818893917 ], [ -117.519018409, 47.818911916 ], [ -117.51905034, 47.818929268 ], [ -117.519055016, 47.818958374 ], [ -117.519016467, 47.818990836000097 ], [ -117.51897863, 47.819021111 ], [ -117.518953882, 47.819055643000098 ], [ -117.518936103, 47.819088339000103 ], [ -117.518943338, 47.819124022 ], [ -117.518966158, 47.819146841000098 ], [ -117.519008704, 47.819175615000098 ], [ -117.519056521, 47.8191970620001 ], [ -117.519115064, 47.819206867 ], [ -117.519148855, 47.819236393 ], [ -117.519078803, 47.8192372500001 ], [ -117.519037697, 47.819233530000098 ], [ -117.518996505, 47.819229661000101 ], [ -117.518948888, 47.8192282730001 ], [ -117.518899312, 47.819232938 ], [ -117.518857877, 47.819229982000103 ], [ -117.518802092, 47.819234456000103 ], [ -117.518765393, 47.819211165000098 ], [ -117.51876301, 47.819172204 ], [ -117.518760581, 47.819142971000097 ], [ -117.518759265, 47.819113473000101 ], [ -117.518757014, 47.819081491000098 ], [ -117.51870635, 47.819088334000099 ], [ -117.518663764, 47.8191066360001 ], [ -117.518672683, 47.819145673 ], [ -117.518672096, 47.819182762 ], [ -117.518682373, 47.819212241000102 ], [ -117.518689717, 47.819243176 ], [ -117.518699723, 47.819278818 ], [ -117.518658759, 47.819302131 ], [ -117.518604255, 47.819308495 ], [ -117.518578044, 47.8193403000001 ], [ -117.51857357, 47.819377255000099 ], [ -117.51858083, 47.8194074190001 ], [ -117.518576452, 47.819438893 ], [ -117.518597976, 47.819461995 ], [ -117.518565415, 47.8194500560001 ], [ -117.51852427, 47.819454202 ], [ -117.518503425, 47.819479068000099 ], [ -117.518523023, 47.819526772000103 ], [ -117.518474288, 47.819517265000101 ], [ -117.518425954, 47.819519599 ], [ -117.518394652, 47.819498978000098 ], [ -117.518354695, 47.819508989 ], [ -117.51831361, 47.819496032000103 ], [ -117.518321605, 47.819461168 ], [ -117.518364531, 47.819444735 ], [ -117.518415886, 47.819428865000098 ], [ -117.518386527, 47.819395359000097 ], [ -117.51835144, 47.819370168 ], [ -117.518336298, 47.819335912 ], [ -117.518295694, 47.81932111 ], [ -117.518269469, 47.819296963000099 ], [ -117.518250263, 47.819263896000102 ], [ -117.518231791, 47.819237476000097 ], [ -117.518187847, 47.81922372 ], [ -117.518155361, 47.819205439 ], [ -117.518130985, 47.8191794950001 ], [ -117.518098025, 47.8191561410001 ], [ -117.518096692, 47.819121009000099 ], [ -117.518117495, 47.819092281000103 ], [ -117.518116858, 47.819063050000103 ], [ -117.518124114, 47.819033832000102 ], [ -117.518112677, 47.818995279 ], [ -117.518107926, 47.818964599 ], [ -117.518095737, 47.818936523 ], [ -117.518055076, 47.818920654000102 ], [ -117.518026817, 47.818897869000097 ], [ -117.51801538, 47.818864561000098 ], [ -117.518019574, 47.8188300630001 ], [ -117.517994553, 47.818800299 ], [ -117.517955338, 47.818789557000102 ], [ -117.51793138, 47.818765006 ], [ -117.517944386, 47.818734084 ], [ -117.517994401, 47.818719049 ], [ -117.518034379, 47.818706541 ], [ -117.51805056, 47.818602142 ], [ -117.518109679, 47.818614034000099 ], [ -117.518158527, 47.818625496 ], [ -117.518215974, 47.818644672000097 ], [ -117.518275351, 47.818644121 ], [ -117.518331629, 47.818647001 ], [ -117.518373777, 47.818646386000097 ], [ -117.518424714, 47.818648836000101 ], [ -117.518479424, 47.818631283000101 ], [ -117.518519559, 47.818619276 ], [ -117.518566767, 47.818597853 ], [ -117.518600579, 47.818574705000103 ], [ -117.518645967, 47.818598431000098 ], [ -117.518668887, 47.818615534000102 ], [ -117.518706183, 47.818597492 ], [ -117.518715629, 47.818565976000102 ], [ -117.518715951, 47.818527997 ], [ -117.518727396, 47.818487152 ], [ -117.518719932, 47.818450559 ], [ -117.518717178, 47.818410199 ], [ -117.518680198, 47.818287243 ], [ -117.518641641, 47.8182694320001 ], [ -117.518606298, 47.818241362 ], [ -117.518575395, 47.8182185410001 ], [ -117.518513256, 47.818194724000101 ], [ -117.518477703, 47.818172372 ], [ -117.518447508, 47.818144069 ], [ -117.518403375, 47.818126487 ], [ -117.51836508, 47.818115284 ], [ -117.518319629, 47.818103317000102 ], [ -117.518272653, 47.818092855 ], [ -117.518204545, 47.8180943730001 ], [ -117.518162112, 47.818080856000101 ], [ -117.518116648, 47.818090491000099 ], [ -117.518064865, 47.81810047 ], [ -117.518022802, 47.818090958 ], [ -117.5179778, 47.818110524000097 ], [ -117.517941304, 47.818123877000097 ], [ -117.517916767, 47.818148127 ], [ -117.517894506, 47.818175016000097 ], [ -117.517888111, 47.818209776000103 ], [ -117.517886474, 47.818249014000102 ], [ -117.51785497, 47.818276768 ], [ -117.517830657, 47.818306574000097 ], [ -117.517794253, 47.8183354660001 ], [ -117.517723698, 47.818353435000098 ], [ -117.517684673, 47.818321525 ], [ -117.517638684, 47.818290173 ], [ -117.517612552, 47.818263388 ], [ -117.517577535, 47.818245815000097 ], [ -117.517524193, 47.818236382000102 ], [ -117.517481864, 47.818222035000097 ], [ -117.517440103, 47.81821189 ], [ -117.51739356, 47.818209776000103 ], [ -117.517347292, 47.818201996 ], [ -117.517342997, 47.8182005150001 ], [ -117.517308412, 47.81818859 ], [ -117.517268857, 47.818180076 ], [ -117.517225453, 47.818166134000101 ], [ -117.517190917, 47.818142229 ], [ -117.517157301, 47.818115535000103 ], [ -117.517120987, 47.818085300000099 ], [ -117.517097112, 47.8180606660001 ], [ -117.517075959, 47.8180320170001 ], [ -117.517059482, 47.818005744000097 ], [ -117.517025093, 47.8179790390001 ], [ -117.517003144, 47.817952914 ], [ -117.517003686, 47.8179075460001 ], [ -117.516957157, 47.817911203000101 ], [ -117.516923196, 47.817881147 ], [ -117.51689312, 47.817857106000098 ], [ -117.516864841, 47.8178345110001 ], [ -117.516833916, 47.817808953000103 ], [ -117.516806961, 47.817790649000102 ], [ -117.516796024, 47.817783222000102 ], [ -117.516757821, 47.817753618 ], [ -117.516719527, 47.817733029000102 ], [ -117.516693039, 47.817710223000098 ], [ -117.516650016, 47.817691029000102 ], [ -117.516618953, 47.8176682120001 ], [ -117.516582969, 47.817643224000101 ], [ -117.516538797, 47.817652902000098 ], [ -117.51650492, 47.817676819 ], [ -117.51647166, 47.817692707 ], [ -117.516415321, 47.817695148 ], [ -117.516369669, 47.817674948 ], [ -117.516350864, 47.817648935000101 ], [ -117.516329925, 47.817621544000097 ], [ -117.51630867, 47.817592124 ], [ -117.516287979, 47.817559188000097 ], [ -117.516241744, 47.817543722 ], [ -117.51620187, 47.817525192000097 ], [ -117.516166407, 47.817511465000102 ], [ -117.516076605, 47.817479597 ], [ -117.516034936, 47.817480485 ], [ -117.515993898, 47.8174740420001 ], [ -117.515952151, 47.817466499 ], [ -117.515888109, 47.817472175 ], [ -117.515842848, 47.81745227 ], [ -117.515806352, 47.8174757990001 ], [ -117.515822413, 47.817504732 ], [ -117.51572736, 47.817521399 ], [ -117.515702058, 47.8175458790001 ], [ -117.515673085, 47.817568688000101 ], [ -117.515643411, 47.817587962000097 ], [ -117.515604787, 47.817617238 ], [ -117.515577662, 47.817643909 ], [ -117.515531025, 47.817663207000102 ], [ -117.51549426, 47.817677153 ], [ -117.515447143, 47.817681217 ], [ -117.515408181, 47.817669244000101 ], [ -117.515380776, 47.817633919000102 ], [ -117.515338079, 47.817640922000102 ], [ -117.51529759, 47.817632406 ], [ -117.515294983, 47.817664997000101 ], [ -117.515276498, 47.817632169 ], [ -117.515229868, 47.817629795000101 ], [ -117.515186386, 47.817622471 ], [ -117.51513938, 47.81764421 ], [ -117.515120633, 47.8176752050001 ], [ -117.515090471, 47.817701595000102 ], [ -117.515059635, 47.8177256540001 ], [ -117.515041375, 47.817764487 ], [ -117.515067638, 47.817789656000102 ], [ -117.515079115, 47.817818736 ], [ -117.5150779, 47.817849899000102 ], [ -117.515093145, 47.817881485 ], [ -117.515126312, 47.8179052 ], [ -117.515110639, 47.817935717000097 ], [ -117.51510616, 47.817964601 ], [ -117.515102029, 47.8179982770001 ], [ -117.515099478, 47.818032637 ], [ -117.515105499, 47.818061973000098 ], [ -117.51511816, 47.81809151 ], [ -117.515129792, 47.818125091000098 ], [ -117.515130864, 47.81816237 ], [ -117.515130427, 47.818190618000102 ], [ -117.515124492, 47.818218046 ], [ -117.515104026, 47.818254335000098 ], [ -117.515092469, 47.818281383000098 ], [ -117.51506552, 47.818310084000103 ], [ -117.515047503, 47.818334740000097 ], [ -117.515027844, 47.8183624690001 ], [ -117.51500189, 47.818389238000101 ], [ -117.51497396, 47.818414639 ], [ -117.51493781, 47.818435153000102 ], [ -117.514888666, 47.818432222000098 ], [ -117.514843255, 47.818437727000102 ], [ -117.514795749, 47.818414448000098 ], [ -117.514751123, 47.818399416 ], [ -117.514662265, 47.818373675 ], [ -117.514620477, 47.8183719210001 ], [ -117.514587076, 47.818339041000101 ], [ -117.514545715, 47.818339965000099 ], [ -117.514508465, 47.818321749000098 ], [ -117.514500824, 47.818292499000101 ], [ -117.514455525, 47.818277172000101 ], [ -117.514431876, 47.818232707 ], [ -117.514391172, 47.818233563 ], [ -117.514342257, 47.81825452 ], [ -117.51429467, 47.818260381000101 ], [ -117.514255409, 47.8182811040001 ], [ -117.514214859, 47.818291382 ], [ -117.514159273, 47.818288074000101 ], [ -117.514126695, 47.818265634000099 ], [ -117.514111006, 47.818291306 ], [ -117.514128111, 47.818320975000098 ], [ -117.5141768, 47.818383686000097 ], [ -117.514193225, 47.818413155 ], [ -117.514201594, 47.818445292 ], [ -117.514212259, 47.8184747130001 ], [ -117.51419129, 47.81850617 ], [ -117.514218498, 47.818537875000096 ], [ -117.514244689, 47.818563717000103 ], [ -117.514263553, 47.818588439000102 ], [ -117.514276303, 47.81861594 ], [ -117.514284417, 47.8186513160001 ], [ -117.514289413, 47.818689372000101 ], [ -117.514300765, 47.818719749000103 ], [ -117.514287817, 47.818747801 ], [ -117.514250497, 47.818764014000102 ], [ -117.51422898, 47.818790774 ], [ -117.514240954, 47.818813027 ], [ -117.514238824, 47.818849057000101 ], [ -117.51421965, 47.818888443 ], [ -117.514226428, 47.818915774000097 ], [ -117.51424154, 47.818955611 ], [ -117.514254398, 47.818988018 ], [ -117.514276172, 47.819011742 ], [ -117.514291257, 47.819052254 ], [ -117.514312828, 47.819086363000103 ], [ -117.514326882, 47.819123998000101 ], [ -117.514344406, 47.819155086000102 ], [ -117.514363089, 47.819180569 ], [ -117.51440163, 47.819209799000099 ], [ -117.514438684, 47.819240714 ], [ -117.514492504, 47.8192619800001 ], [ -117.514541618, 47.819278917000098 ], [ -117.514597771, 47.819278054000101 ], [ -117.51465272, 47.819279430000101 ], [ -117.51470195, 47.819277074000098 ], [ -117.514746483, 47.819273793 ], [ -117.514794737, 47.819274912 ], [ -117.514846928, 47.8192709590001 ], [ -117.514899567, 47.819267377000102 ], [ -117.514946203, 47.819264219 ], [ -117.514994335, 47.819265878000103 ], [ -117.515038673, 47.819266664000097 ], [ -117.515066492, 47.819338591000097 ], [ -117.515011929, 47.8193568820001 ], [ -117.51499706, 47.819392392000097 ], [ -117.514981633, 47.819424402 ], [ -117.514957445, 47.819461686000103 ], [ -117.514958246, 47.819489620000098 ], [ -117.514941278, 47.819524259 ], [ -117.514911937, 47.819545879 ], [ -117.514863289, 47.819574211 ], [ -117.514867266, 47.819608321 ], [ -117.514854348, 47.819641006 ], [ -117.514849518, 47.819668235000101 ], [ -117.514840961, 47.819708537000103 ], [ -117.514822567, 47.819737914 ], [ -117.514786495, 47.819762563 ], [ -117.514743824, 47.819786807000099 ], [ -117.514725631, 47.8198181980001 ], [ -117.514693269, 47.819840308 ], [ -117.514644026, 47.819844004000103 ], [ -117.514597995, 47.8198418650001 ], [ -117.51455021, 47.819839734 ], [ -117.514500757, 47.819844155000098 ], [ -117.514461392, 47.819828274 ], [ -117.514428077, 47.819854521000103 ], [ -117.514387465, 47.819868415 ], [ -117.514334477, 47.819862131 ], [ -117.514286843, 47.819853302000098 ], [ -117.514238683, 47.81986039 ], [ -117.514192233, 47.819858943 ], [ -117.514145448, 47.819870009000098 ], [ -117.514104309, 47.819879971 ], [ -117.514061558, 47.819883875000102 ], [ -117.514014632, 47.819886645000103 ], [ -117.513959902, 47.819888138000103 ], [ -117.513915661, 47.8198693370001 ], [ -117.513873405, 47.819862703000098 ], [ -117.513830511, 47.819856705000099 ], [ -117.513783483, 47.819846636000101 ], [ -117.51373379, 47.819825995 ], [ -117.513688966, 47.819805302000098 ], [ -117.51364948, 47.81977799 ], [ -117.513603756, 47.819757934000101 ], [ -117.513559902, 47.819735692000101 ], [ -117.513530145, 47.8197168290001 ], [ -117.513493327, 47.819691599000102 ], [ -117.513461148, 47.8196592850001 ], [ -117.51345552, 47.819627335000099 ], [ -117.51341728, 47.819600464000096 ], [ -117.513381862, 47.819568977000102 ], [ -117.513348208, 47.819539559000098 ], [ -117.513289278, 47.819453839000097 ], [ -117.513310227, 47.819426841000102 ], [ -117.513337273, 47.819392046000097 ], [ -117.513333739, 47.819351866 ], [ -117.513322548, 47.8193133360001 ], [ -117.513310611, 47.819276822000099 ], [ -117.513327754, 47.819034955000099 ], [ -117.513268823, 47.819036749000098 ], [ -117.513210499, 47.819038455000097 ], [ -117.513164471, 47.819031947 ], [ -117.513108829, 47.81901831 ], [ -117.513063767, 47.819009230000098 ], [ -117.51301554, 47.819018213 ], [ -117.512972251, 47.819037279 ], [ -117.512933444, 47.819055349000102 ], [ -117.512883711, 47.819055276 ], [ -117.512855801, 47.819075445000102 ], [ -117.512807031, 47.8190989 ], [ -117.512751324, 47.819102625 ], [ -117.512706016, 47.819092731000097 ], [ -117.512658676, 47.819084241 ], [ -117.512629638, 47.819064361000102 ], [ -117.512582766, 47.819037437000098 ], [ -117.512534553, 47.819039298000099 ], [ -117.512489963, 47.819107377000101 ], [ -117.512483699, 47.819102444000102 ], [ -117.51257983, 47.8192023880001 ], [ -117.512571875, 47.81923985 ], [ -117.512528048, 47.819257115 ], [ -117.512519617, 47.819291067000101 ], [ -117.512480547, 47.8193255260001 ], [ -117.51244201, 47.819351524000098 ], [ -117.51238795, 47.819366996 ], [ -117.512337275, 47.819362205000097 ], [ -117.512295063, 47.819364255 ], [ -117.512248796, 47.819363023000101 ], [ -117.512204797, 47.819356291000098 ], [ -117.512162899, 47.819355211000101 ], [ -117.512123183, 47.81934684 ], [ -117.512098301, 47.8193138130001 ], [ -117.512106177, 47.81927877 ], [ -117.512131289, 47.819253652 ], [ -117.512142546, 47.819225763000098 ], [ -117.512164177, 47.819191330000102 ], [ -117.512179135, 47.819164197000099 ], [ -117.512205626, 47.819134676 ], [ -117.512252467, 47.819110275000099 ], [ -117.51229314, 47.819081913 ], [ -117.512303406, 47.819050919000098 ], [ -117.51231259, 47.819012693 ], [ -117.51230688, 47.818919857 ], [ -117.512261181, 47.818880736 ], [ -117.512216259, 47.818842485000097 ], [ -117.512073308, 47.818729016000098 ], [ -117.512018676, 47.818501778 ], [ -117.512016901, 47.818468336000102 ], [ -117.512018585, 47.818432828 ], [ -117.512018952, 47.818398712 ], [ -117.512018324, 47.818355319 ], [ -117.512017923, 47.818311847000103 ], [ -117.512014778, 47.8182707610001 ], [ -117.512014416, 47.818230894000102 ], [ -117.512011648, 47.818189512000103 ], [ -117.51202081, 47.818154541000098 ], [ -117.51202576, 47.818116193 ], [ -117.512043773, 47.818081889 ], [ -117.512066996, 47.818043828 ], [ -117.512084775, 47.818008889000097 ], [ -117.512101804, 47.817962853 ], [ -117.512114785, 47.8179281500001 ], [ -117.512129211, 47.817891263 ], [ -117.512138473, 47.8178585570001 ], [ -117.512137531, 47.817825411000101 ], [ -117.512142575, 47.817789601000101 ], [ -117.512142009, 47.817757249000103 ], [ -117.51213983, 47.817728493000097 ], [ -117.512129518, 47.817696987 ], [ -117.512127263, 47.817667208 ], [ -117.512118387, 47.817632829 ], [ -117.512116595, 47.817599402 ], [ -117.512110174, 47.81756477 ], [ -117.512110931, 47.81753151 ], [ -117.512107115, 47.8174986000001 ], [ -117.512109398, 47.817470189000097 ], [ -117.512089521, 47.817432495 ], [ -117.511973494, 47.817190690000103 ], [ -117.511868782, 47.817128452000098 ], [ -117.511828243, 47.817123984 ], [ -117.511753868, 47.817123176000102 ], [ -117.511705164, 47.817126200000097 ], [ -117.511650665, 47.817130829000099 ], [ -117.511601715, 47.817136706 ], [ -117.511547502, 47.817143979 ], [ -117.511053608, 47.817233156 ], [ -117.51096752, 47.8172402860001 ], [ -117.509870858, 47.8173310970001 ], [ -117.509356478, 47.817373688 ], [ -117.509288413, 47.817514302000099 ], [ -117.509121372, 47.817781669000098 ], [ -117.508925123, 47.817953942 ], [ -117.508501559, 47.818012954 ], [ -117.507879698, 47.818034751 ], [ -117.507538544, 47.817845813000098 ], [ -117.507252457, 47.817504271000097 ], [ -117.507051011, 47.817143311000102 ], [ -117.507188489, 47.816742764 ], [ -117.507524624, 47.816417518 ], [ -117.508027896, 47.816300019 ], [ -117.507886913, 47.8161647700001 ], [ -117.50786234, 47.815997160000101 ], [ -117.50771708, 47.815006323 ], [ -117.507869769, 47.814212318 ], [ -117.507536758, 47.814147872 ], [ -117.506633484, 47.814385374 ], [ -117.505771444, 47.813806227 ], [ -117.50604106, 47.812482689 ], [ -117.5071692, 47.811852911000102 ], [ -117.507049731, 47.811588225 ], [ -117.507010132, 47.811500494 ], [ -117.507300329, 47.811202833 ], [ -117.506413633, 47.810709957 ], [ -117.505609616, 47.810716148 ], [ -117.505294845, 47.8103899480001 ], [ -117.505063073, 47.809925136000103 ], [ -117.504669439, 47.809890747000097 ], [ -117.503940821, 47.810163065 ], [ -117.502640426, 47.80962921 ], [ -117.501616336, 47.809437922 ], [ -117.500889871, 47.809517446 ], [ -117.500785916, 47.809484884 ], [ -117.500751726, 47.809474175 ], [ -117.500752733, 47.809471552 ], [ -117.500764235, 47.809441577 ], [ -117.500771936, 47.809409863 ], [ -117.500778731, 47.809380194 ], [ -117.500799287, 47.809348105 ], [ -117.500829095, 47.809320058 ], [ -117.500854718, 47.809289381 ], [ -117.50087988, 47.80926364 ], [ -117.500905227, 47.809236728 ], [ -117.500928189, 47.809213175000103 ], [ -117.500971174, 47.809187349000098 ], [ -117.501018464, 47.809179143000101 ], [ -117.50104698, 47.809150114 ], [ -117.501052229, 47.809122416 ], [ -117.501081267, 47.809102261000099 ], [ -117.501120649, 47.809073758000103 ], [ -117.501131441, 47.809043073000097 ], [ -117.501118859, 47.809008416 ], [ -117.501101744, 47.8089775 ], [ -117.501076002, 47.8089457660001 ], [ -117.50103941, 47.80892292 ], [ -117.501002433, 47.808899757000098 ], [ -117.500967053, 47.808884338 ], [ -117.500937025, 47.808863526 ], [ -117.50088911, 47.808871793 ], [ -117.500863493, 47.808874415 ], [ -117.500826119, 47.808851450000098 ], [ -117.500811594, 47.808823570000101 ], [ -117.500824507, 47.808797459000097 ], [ -117.500855491, 47.808775337 ], [ -117.500842056, 47.808738709000103 ], [ -117.500822776, 47.808714344000101 ], [ -117.500793223, 47.808680282000097 ], [ -117.500810759, 47.808647235000102 ], [ -117.500803263, 47.808610463 ], [ -117.500786526, 47.808576197 ], [ -117.500768389, 47.80854135 ], [ -117.500747394, 47.808516736000101 ], [ -117.500711089, 47.808495773000097 ], [ -117.50067698, 47.808465195000103 ], [ -117.500705718, 47.808434307 ], [ -117.500729925, 47.808403533 ], [ -117.500732662, 47.808359468 ], [ -117.50070374, 47.808331844000101 ], [ -117.50069822, 47.8082961980001 ], [ -117.500715385, 47.808267714000102 ], [ -117.500756387, 47.808280169000099 ], [ -117.500798345, 47.808260186 ], [ -117.500807531, 47.808231747 ], [ -117.500819468, 47.808202820000098 ], [ -117.500813696, 47.8081753210001 ], [ -117.500855518, 47.808166922000098 ], [ -117.500873526, 47.808135872 ], [ -117.500910008, 47.808112906000098 ], [ -117.500906063, 47.808075980000098 ], [ -117.50088206, 47.80804734 ], [ -117.500897024, 47.808018641 ], [ -117.50087152, 47.80799546 ], [ -117.50085636, 47.807962556000099 ], [ -117.500824925, 47.807935156 ], [ -117.50086744, 47.807932145000102 ], [ -117.50089519, 47.807907426 ], [ -117.500948978, 47.807898815 ], [ -117.500957945, 47.807865125 ], [ -117.500949093, 47.807827301 ], [ -117.500933203, 47.807791277 ], [ -117.500903036, 47.807770771 ], [ -117.500861671, 47.807772740000097 ], [ -117.500832341, 47.807799561000103 ], [ -117.500812257, 47.807811785000098 ], [ -117.500756363, 47.8078204460001 ], [ -117.50070301, 47.807817568000097 ], [ -117.500648677, 47.807827977 ], [ -117.500606042, 47.807835290000099 ], [ -117.500576405, 47.807865772000099 ], [ -117.500570392, 47.807901185 ], [ -117.500584936, 47.807927728 ], [ -117.500555865, 47.807950164 ], [ -117.500499001, 47.8079507160001 ], [ -117.500458868, 47.807942308000101 ], [ -117.500414125, 47.807959333 ], [ -117.500378291, 47.8079741110001 ], [ -117.500328362, 47.807981303000098 ], [ -117.500287923, 47.807993844000102 ], [ -117.500235889, 47.807982817 ], [ -117.500192605, 47.807971085000098 ], [ -117.500139907, 47.807965219 ], [ -117.500082387, 47.807963110000102 ], [ -117.500032675, 47.807962549000102 ], [ -117.499986224, 47.8079623100001 ], [ -117.499934473, 47.8079639850001 ], [ -117.499888908, 47.807965178000103 ], [ -117.499865591, 47.807998930000103 ], [ -117.499890485, 47.808035178000097 ], [ -117.49988919, 47.808069939000099 ], [ -117.49984469, 47.808088491 ], [ -117.499809517, 47.808112001 ], [ -117.49981094, 47.8081429490001 ], [ -117.499763761, 47.808151937 ], [ -117.499709486, 47.808132283000099 ], [ -117.499681252, 47.808119579 ], [ -117.499670694, 47.8081182230001 ], [ -117.49962874, 47.808130687000101 ], [ -117.499591744, 47.808116236 ], [ -117.499610054, 47.808159165000099 ], [ -117.49961029, 47.808159819 ], [ -117.499603709, 47.808191953000097 ], [ -117.499552406, 47.808198058000102 ], [ -117.499498994, 47.808188411000103 ], [ -117.499461362, 47.808199350000102 ], [ -117.499409314, 47.808202664000099 ], [ -117.499358609, 47.808216327 ], [ -117.499309645, 47.808220699000103 ], [ -117.499289147, 47.808193123000102 ], [ -117.499266015, 47.808156784000097 ], [ -117.499227032, 47.8081865360001 ], [ -117.499182656, 47.808172980000101 ], [ -117.499171092, 47.808215656000101 ], [ -117.499142668, 47.808243569000098 ], [ -117.499115501, 47.808271872 ], [ -117.499075936, 47.808262391 ], [ -117.499024396, 47.808277909 ], [ -117.498988994, 47.808294555 ], [ -117.498942538, 47.808296604000098 ], [ -117.498921492, 47.808261768000101 ], [ -117.498916812, 47.808234483 ], [ -117.498897625, 47.808191558 ], [ -117.498877608, 47.808166890000102 ], [ -117.498895867, 47.808129735000101 ], [ -117.498912425, 47.808100417 ], [ -117.498921064, 47.808069971000101 ], [ -117.498888904, 47.808045359000097 ], [ -117.498896861, 47.8080139240001 ], [ -117.498869189, 47.807989836 ], [ -117.498844318, 47.808000390000103 ], [ -117.498803979, 47.807990458000098 ], [ -117.498801515, 47.807958368000101 ], [ -117.498845215, 47.807950819 ], [ -117.49886352, 47.8079225910001 ], [ -117.498873271, 47.807889057000096 ], [ -117.498910566, 47.807869987000103 ], [ -117.498956634, 47.807862605 ], [ -117.498984365, 47.807830352000103 ], [ -117.49898311, 47.807802272000103 ], [ -117.498945489, 47.807783465000099 ], [ -117.498887396, 47.807782700000097 ], [ -117.498838705, 47.807765735 ], [ -117.498798761, 47.807751772000103 ], [ -117.498752985, 47.807743694000102 ], [ -117.498704528, 47.80772756 ], [ -117.498691125, 47.807694983 ], [ -117.498676248, 47.807664151 ], [ -117.498685862, 47.8076339 ], [ -117.498710356, 47.807603422000099 ], [ -117.498708575, 47.8075701550001 ], [ -117.498734419, 47.807542262 ], [ -117.498714437, 47.807507413000103 ], [ -117.498669183, 47.807500131 ], [ -117.498633158, 47.807520046 ], [ -117.498620019, 47.807556521 ], [ -117.498578693, 47.80754997 ], [ -117.498547137, 47.807530363000097 ], [ -117.498530328, 47.80750278 ], [ -117.49848015, 47.807496999000101 ], [ -117.498442056, 47.807487121000101 ], [ -117.4983963, 47.807481892000098 ], [ -117.49836826, 47.807451527000097 ], [ -117.498389463, 47.807426336 ], [ -117.498347848, 47.8074178150001 ], [ -117.498289133, 47.8074103390001 ], [ -117.498258206, 47.807390432 ], [ -117.498211042, 47.807387355000103 ], [ -117.498169734, 47.807375454000102 ], [ -117.49813248, 47.807357589 ], [ -117.498112632, 47.807382875 ], [ -117.498081447, 47.807406767 ], [ -117.498059329, 47.8074309880001 ], [ -117.498035246, 47.807464721 ], [ -117.497988489, 47.807464861 ], [ -117.497939622, 47.807451481 ], [ -117.497891885, 47.807454273000097 ], [ -117.497849387, 47.807457271 ], [ -117.497837631, 47.807488516 ], [ -117.497811176, 47.807507608 ], [ -117.497763912, 47.807520800000098 ], [ -117.497725994, 47.807533684000099 ], [ -117.497685638, 47.807545091000101 ], [ -117.497642047, 47.807550899 ], [ -117.497598852, 47.807562332 ], [ -117.497571843, 47.807594837000103 ], [ -117.497537493, 47.807605913 ], [ -117.497522154, 47.8076108590001 ], [ -117.497467985, 47.807618265 ], [ -117.497425276, 47.807596548 ], [ -117.497394716, 47.807575204 ], [ -117.497383029, 47.807559621000102 ], [ -117.497363336, 47.807524399 ], [ -117.497368374, 47.807487732 ], [ -117.49736084, 47.807451799 ], [ -117.497370468, 47.807424952000098 ], [ -117.497363519, 47.807390342000097 ], [ -117.497360539, 47.807385324000101 ], [ -117.497346673, 47.807361972000102 ], [ -117.497349669, 47.80732829 ], [ -117.497340951, 47.807301086000102 ], [ -117.497328171, 47.807267975000102 ], [ -117.497302389, 47.807246703 ], [ -117.497271416, 47.807225184000103 ], [ -117.49724824, 47.807200566000098 ], [ -117.49724573, 47.807165244 ], [ -117.497271027, 47.807134061000099 ], [ -117.497313715, 47.807113782 ], [ -117.497347117, 47.807093502 ], [ -117.497375446, 47.807069876000099 ], [ -117.497426426, 47.807047968000099 ], [ -117.497457659, 47.807028398000099 ], [ -117.497488303, 47.806996263 ], [ -117.497489327, 47.806962205 ], [ -117.497491825, 47.806917776 ], [ -117.497538533, 47.806904408 ], [ -117.497585246, 47.806894581000101 ], [ -117.497639802, 47.806882114000103 ], [ -117.497607353, 47.806861734000101 ], [ -117.497564808, 47.806843971 ], [ -117.497537351, 47.806818408 ], [ -117.49757093, 47.8067879990001 ], [ -117.497600666, 47.80676656 ], [ -117.497597332, 47.806728371000098 ], [ -117.497617694, 47.806692226000102 ], [ -117.497651322, 47.806675240000096 ], [ -117.497690333, 47.806657733000101 ], [ -117.497710007, 47.806631827 ], [ -117.497726288, 47.806604699 ], [ -117.497730199, 47.806575702 ], [ -117.497743263, 47.806548652000103 ], [ -117.497764222, 47.806510692000103 ], [ -117.497811592, 47.806489064000097 ], [ -117.497852695, 47.806462363 ], [ -117.497863534, 47.806439537000102 ], [ -117.497838996, 47.806417493 ], [ -117.497797361, 47.806397839000098 ], [ -117.497630232, 47.806327409000097 ], [ -117.497576852, 47.806308361 ], [ -117.497528756, 47.806302867000099 ], [ -117.497480441, 47.806277955 ], [ -117.497440156, 47.806264339000101 ], [ -117.497396106, 47.806239160000104 ], [ -117.497363465, 47.806221087 ], [ -117.497320108, 47.806195940000102 ], [ -117.497286354, 47.806177401000099 ], [ -117.497242593, 47.806147012000103 ], [ -117.497196987, 47.806121839000099 ], [ -117.497160776, 47.806098639 ], [ -117.497118741, 47.806079535 ], [ -117.497078101, 47.806067808000101 ], [ -117.497032103, 47.8060591220001 ], [ -117.496990383, 47.806046731 ], [ -117.496953751, 47.80601834 ], [ -117.496941708, 47.805989328000102 ], [ -117.496946933, 47.805957721 ], [ -117.496957658, 47.805929482000103 ], [ -117.496975447, 47.805904051 ], [ -117.496982569, 47.805866897 ], [ -117.496968769, 47.805836535 ], [ -117.49695869, 47.805809458000098 ], [ -117.496941797, 47.805774333 ], [ -117.496915238, 47.805751331000103 ], [ -117.496900395, 47.805724963 ], [ -117.496886859, 47.805687833 ], [ -117.496860929, 47.805656264 ], [ -117.496830477, 47.8056260480001 ], [ -117.496805809, 47.805588061 ], [ -117.496791374, 47.805558964000099 ], [ -117.496784054, 47.805529565 ], [ -117.496771173, 47.805491672000102 ], [ -117.496788033, 47.805453674 ], [ -117.496814686, 47.805419679000103 ], [ -117.496827321, 47.805391874000101 ], [ -117.496831966, 47.805354044000097 ], [ -117.49684402, 47.8053269850001 ], [ -117.496856843, 47.805299393 ], [ -117.496854891, 47.805269981 ], [ -117.496858103, 47.805229602000097 ], [ -117.496881179, 47.80519789 ], [ -117.496959678, 47.805086724 ], [ -117.496915012, 47.805091861000101 ], [ -117.496866768, 47.805080883000102 ], [ -117.496829043, 47.805064656000098 ], [ -117.496783666, 47.805050832000099 ], [ -117.496688521, 47.804996653 ], [ -117.496686285, 47.804966283000098 ], [ -117.49669711, 47.804913129000099 ], [ -117.496738742, 47.804874746000102 ], [ -117.496774651, 47.804859549000099 ], [ -117.495791305, 47.804607734000101 ], [ -117.495739318, 47.804505056 ], [ -117.49561825, 47.804563417000097 ], [ -117.495360736, 47.804497471 ], [ -117.495341186, 47.804522258000098 ], [ -117.495314755, 47.804549340000101 ], [ -117.49526848, 47.804555038 ], [ -117.495214021, 47.804561789 ], [ -117.495161184, 47.804557125 ], [ -117.495101654, 47.804556665000099 ], [ -117.495045875, 47.804554665000097 ], [ -117.494995021, 47.80455005 ], [ -117.494952033, 47.804549716000103 ], [ -117.494879981, 47.804550732000102 ], [ -117.494848173, 47.804554169 ], [ -117.494834521, 47.804555644000096 ], [ -117.494780803, 47.804551702 ], [ -117.494719988, 47.8045515700001 ], [ -117.494693046, 47.804547964000101 ], [ -117.49465559, 47.80454295 ], [ -117.494590304, 47.80453493 ], [ -117.494524037, 47.804529241000097 ], [ -117.494458734, 47.804516941 ], [ -117.49439035, 47.804511266000098 ], [ -117.494324785, 47.804503613000101 ], [ -117.494258693, 47.804495025000101 ], [ -117.494190848, 47.804484826000099 ], [ -117.494125923, 47.804474038000102 ], [ -117.494058705, 47.804462741000101 ], [ -117.493994709, 47.804454503 ], [ -117.493935948, 47.804436352 ], [ -117.49387981, 47.804427999 ], [ -117.493820426, 47.804418643000098 ], [ -117.493761857, 47.80440873 ], [ -117.493706532, 47.804399250000102 ], [ -117.493651511, 47.804387819000098 ], [ -117.493319651, 47.804320674000103 ], [ -117.492986709, 47.804041132000101 ], [ -117.492786419, 47.804144615 ], [ -117.492858319, 47.804348132 ], [ -117.492935353, 47.804606840000098 ], [ -117.493125371, 47.8048414 ], [ -117.493253763, 47.805044914000099 ], [ -117.493094558, 47.805213934000101 ], [ -117.493139742, 47.805266261 ], [ -117.493137819, 47.8052572940001 ], [ -117.493326568, 47.805524656 ], [ -117.493236069, 47.805763737000099 ], [ -117.493642827, 47.805881606000099 ], [ -117.493627478, 47.806112881 ], [ -117.493366814, 47.8061786150001 ], [ -117.49318764, 47.806043238 ], [ -117.492954509, 47.806187727000101 ], [ -117.49187137, 47.806036061 ], [ -117.491717778, 47.806004698 ], [ -117.491794772, 47.805793569000102 ], [ -117.491352649, 47.805437757 ], [ -117.490720817, 47.805515300000103 ], [ -117.490600305, 47.80553009 ], [ -117.49051361, 47.805540729 ], [ -117.490271663, 47.805474023 ], [ -117.490173496, 47.805446958000097 ], [ -117.489464109, 47.805164313 ], [ -117.488896248, 47.804900106 ], [ -117.488243233, 47.804598169 ], [ -117.487758047, 47.804105068000098 ], [ -117.487924084, 47.8037234660001 ], [ -117.487920339, 47.803323542 ], [ -117.487677924, 47.803186484 ], [ -117.487351972, 47.803002195 ], [ -117.487015468, 47.802985983 ], [ -117.487121817, 47.802764583000098 ], [ -117.48729865, 47.802505167 ], [ -117.487319081, 47.802458989000101 ], [ -117.487318539, 47.802450038000103 ], [ -117.48732528, 47.802444978 ], [ -117.487353018, 47.8023822870001 ], [ -117.487400633, 47.802274666000102 ], [ -117.487457517, 47.802080516 ], [ -117.487793582, 47.801687867000098 ], [ -117.487951934, 47.801374817000102 ], [ -117.488086917, 47.801276934 ], [ -117.488114952, 47.801273288000097 ], [ -117.488338117, 47.801244267000101 ], [ -117.488650316, 47.801137450000098 ], [ -117.488575466, 47.801063584000097 ], [ -117.488615966, 47.800865067000103 ], [ -117.488660636, 47.800592682000101 ], [ -117.488652161, 47.800484448000098 ], [ -117.48860466, 47.8003060550001 ], [ -117.488600083, 47.800288867000098 ], [ -117.488595399, 47.800130283 ], [ -117.488636983, 47.799992766000102 ], [ -117.488739183, 47.7998187170001 ], [ -117.488750206, 47.799805890000101 ], [ -117.488762852, 47.799720492000098 ], [ -117.488826971, 47.799716557000103 ], [ -117.48891225, 47.799617317000099 ], [ -117.489120967, 47.7996287 ], [ -117.489271384, 47.7996297 ], [ -117.489311872, 47.799686798 ], [ -117.489453058, 47.799678132000103 ], [ -117.489639436, 47.799540186000101 ], [ -117.4896485, 47.7995334780001 ], [ -117.489669182, 47.799518170000098 ], [ -117.489773792, 47.799265834 ], [ -117.489977837, 47.7987736420001 ], [ -117.490335251, 47.79794845 ], [ -117.490358784, 47.797708633000099 ], [ -117.490333584, 47.797476084 ], [ -117.490315165, 47.797526997 ], [ -117.490218416, 47.797159883000099 ], [ -117.490089584, 47.797137616 ], [ -117.489979966, 47.7970509 ], [ -117.489793917, 47.796870833000099 ], [ -117.4897878, 47.796867617 ], [ -117.489644636, 47.796971098 ], [ -117.48957839, 47.797301092000097 ], [ -117.48958867, 47.797615291000099 ], [ -117.489499317, 47.797768650000101 ], [ -117.48944885, 47.797813033000097 ], [ -117.489343684, 47.7979754670001 ], [ -117.489242933, 47.798131733 ], [ -117.489107884, 47.798305916000103 ], [ -117.488871617, 47.798500100000098 ], [ -117.488714066, 47.798594533 ], [ -117.488537334, 47.798621101 ], [ -117.4883394, 47.798653317000102 ], [ -117.488178317, 47.7986872500001 ], [ -117.488179234, 47.7986873 ], [ -117.48815164, 47.798708321 ], [ -117.487908057, 47.798624602000103 ], [ -117.487712603, 47.798557424000101 ], [ -117.4877339, 47.798511150000103 ], [ -117.487704083, 47.79844115 ], [ -117.487714833, 47.798307466 ], [ -117.487635416, 47.798132684000102 ], [ -117.487547484, 47.797990933000101 ], [ -117.487495733, 47.797837084 ], [ -117.487492454, 47.7977417600001 ], [ -117.487471717, 47.797602667 ], [ -117.487457333, 47.797491917000102 ], [ -117.487449784, 47.797360434 ], [ -117.487438534, 47.7972567670001 ], [ -117.487394583, 47.797183733000097 ], [ -117.487197751, 47.797059917000098 ], [ -117.487006484, 47.797032284000103 ], [ -117.486832533, 47.797039183 ], [ -117.486711967, 47.797013333000102 ], [ -117.485087515, 47.796643989000103 ], [ -117.485201149, 47.797277744 ], [ -117.484707793, 47.797533328 ], [ -117.484676796, 47.79751528 ], [ -117.48463756, 47.797501149 ], [ -117.484496719, 47.797388057 ], [ -117.484442405, 47.797372963 ], [ -117.484399417, 47.797358122 ], [ -117.484322088, 47.797332502000103 ], [ -117.484271563, 47.797324033000102 ], [ -117.484236034, 47.797307474 ], [ -117.484178155, 47.797306615 ], [ -117.484132374, 47.797303706 ], [ -117.484074125, 47.797311431 ], [ -117.484032092, 47.797325627000099 ], [ -117.483976969, 47.797351763000101 ], [ -117.483948046, 47.7973752830001 ], [ -117.483914247, 47.797397704 ], [ -117.483880356, 47.7974247820001 ], [ -117.483855253, 47.797446744000098 ], [ -117.483805466, 47.797468665000103 ], [ -117.483751055, 47.797499788 ], [ -117.483709748, 47.797525024 ], [ -117.483665527, 47.797546792 ], [ -117.483629873, 47.797573115 ], [ -117.483599859, 47.797606652000098 ], [ -117.483558537, 47.797633025 ], [ -117.483511323, 47.797645546000098 ], [ -117.483466704, 47.797643180000101 ], [ -117.483422325, 47.797644224000102 ], [ -117.48338203, 47.797668291 ], [ -117.483385016, 47.797699106 ], [ -117.483430285, 47.797712994000101 ], [ -117.483438117, 47.79774051 ], [ -117.483449333, 47.797761105000099 ], [ -117.483454335, 47.797770288 ], [ -117.483478376, 47.797795675 ], [ -117.48347778, 47.797826886000102 ], [ -117.483512539, 47.797854318000098 ], [ -117.483530537, 47.797882665 ], [ -117.483506972, 47.797911285000097 ], [ -117.483492506, 47.797944458000103 ], [ -117.48347415, 47.797976399 ], [ -117.483226727, 47.797826117000099 ], [ -117.482997986, 47.7976871810001 ], [ -117.482944873, 47.797692733000098 ], [ -117.482792522, 47.79767881 ], [ -117.48275397, 47.797696153000103 ], [ -117.482708229, 47.797712339 ], [ -117.48267207, 47.79774386 ], [ -117.482643132, 47.797771340000097 ], [ -117.482614883, 47.797796707 ], [ -117.482582132, 47.797820442 ], [ -117.482550483, 47.7978396090001 ], [ -117.482408534, 47.797898679000099 ], [ -117.482380021, 47.797920779 ], [ -117.482339641, 47.797915694 ], [ -117.482290088, 47.7979215820001 ], [ -117.482265123, 47.797889055 ], [ -117.482250672, 47.797859486 ], [ -117.482205873, 47.797862409000103 ], [ -117.482174067, 47.797840127 ], [ -117.482155527, 47.79781079 ], [ -117.482140687, 47.797775735000101 ], [ -117.482193659, 47.797622445000101 ], [ -117.48221803, 47.797593804 ], [ -117.482231923, 47.797558744000099 ], [ -117.482216575, 47.797516642000097 ], [ -117.482231947, 47.797485444000102 ], [ -117.482259493, 47.797428841000098 ], [ -117.482289706, 47.797404605000096 ], [ -117.482322495, 47.797387618000101 ], [ -117.482338247, 47.79736167 ], [ -117.482341726, 47.797334354 ], [ -117.48236135, 47.797300008 ], [ -117.48237149, 47.797258928000097 ], [ -117.482383986, 47.797222453000103 ], [ -117.482387235, 47.797190512 ], [ -117.482397645, 47.797154529000103 ], [ -117.482422653, 47.797129303000098 ], [ -117.4824353, 47.797100443 ], [ -117.482460079, 47.797069224 ], [ -117.482461344, 47.7970392820001 ], [ -117.482476202, 47.797012476000099 ], [ -117.482444405, 47.796986663 ], [ -117.482404049, 47.796992241000098 ], [ -117.482369336, 47.797009861 ], [ -117.482346542, 47.797034285000102 ], [ -117.482304036, 47.797058748 ], [ -117.482263832, 47.797065739000097 ], [ -117.482206712, 47.7970872450001 ], [ -117.482158795, 47.797089187 ], [ -117.4821049, 47.797097529 ], [ -117.482060394, 47.797096615 ], [ -117.482034136, 47.797071371000101 ], [ -117.482024022, 47.797044636000102 ], [ -117.481996615, 47.797019968 ], [ -117.481983416, 47.796987794000103 ], [ -117.481964022, 47.796958164 ], [ -117.481934293, 47.796919441000099 ], [ -117.481923094, 47.7968919240001 ], [ -117.481908532, 47.796865583000098 ], [ -117.481891481, 47.796837833 ], [ -117.481883873, 47.796809395 ], [ -117.481866384, 47.796804733 ], [ -117.481862475, 47.796789483000097 ], [ -117.481834967, 47.796756888000097 ], [ -117.481808045, 47.796723728000103 ], [ -117.481823903, 47.796690887000103 ], [ -117.481702857, 47.796626906 ], [ -117.481674068, 47.796602117000099 ], [ -117.48162874, 47.796595082000103 ], [ -117.481595354, 47.796569728000101 ], [ -117.481576774, 47.796544704 ], [ -117.481553243, 47.796515812000102 ], [ -117.481512378, 47.796501108 ], [ -117.48146635, 47.796497439000099 ], [ -117.481418867, 47.796493438 ], [ -117.481380673, 47.796507994000102 ], [ -117.481338781, 47.796504894000101 ], [ -117.481295944, 47.796506991000101 ], [ -117.481568116, 47.796355336 ], [ -117.481555626, 47.79632701 ], [ -117.481509194, 47.796325559000103 ], [ -117.481479878, 47.796301577000101 ], [ -117.481437426, 47.796314688000102 ], [ -117.481391953, 47.796318952 ], [ -117.481343324, 47.796311188000097 ], [ -117.481313686, 47.796289752000099 ], [ -117.481294232, 47.796261288 ], [ -117.48125325, 47.796258260000101 ], [ -117.481204777, 47.79625743 ], [ -117.481167238, 47.796246556 ], [ -117.481117853, 47.796236897 ], [ -117.481081541, 47.796214954 ], [ -117.481043902, 47.796202648000097 ], [ -117.480950886, 47.796144447000103 ], [ -117.480899581, 47.796136216 ], [ -117.480856711, 47.796164485000098 ], [ -117.48080175, 47.796178705 ], [ -117.480751581, 47.796182396000098 ], [ -117.480736487, 47.796217867000102 ], [ -117.480716065, 47.796244661000102 ], [ -117.480657466, 47.796265554000101 ], [ -117.480607002, 47.796244732 ], [ -117.480571609, 47.796228808000102 ], [ -117.480522602, 47.796244779000098 ], [ -117.48050556, 47.796216945 ], [ -117.48022508, 47.796110738 ], [ -117.480226198, 47.796110116000101 ], [ -117.480173805, 47.796097145 ], [ -117.480153538, 47.796070625 ], [ -117.480115824, 47.796035141000097 ], [ -117.480069293, 47.7960207570001 ], [ -117.480106208, 47.795988480000098 ], [ -117.480119674, 47.795949962000101 ], [ -117.480113756, 47.795922709000102 ], [ -117.480118673, 47.7958831810001 ], [ -117.480144733, 47.795848195000097 ], [ -117.480123506, 47.795817639000099 ], [ -117.48008778, 47.795804147000098 ], [ -117.480044392, 47.7957766010001 ], [ -117.480002517, 47.795760309000102 ], [ -117.479959821, 47.795794074000099 ], [ -117.479951499, 47.795828894000103 ], [ -117.479947333, 47.795857265000102 ], [ -117.479913628, 47.795880961000101 ], [ -117.479884089, 47.795902267 ], [ -117.479850586, 47.795876059000101 ], [ -117.47986864, 47.795841240000101 ], [ -117.479896858, 47.79581374 ], [ -117.479869219, 47.795789487 ], [ -117.479852999, 47.795763365 ], [ -117.47987793, 47.795735184000101 ], [ -117.479876922, 47.795705767000101 ], [ -117.479792009, 47.795634815 ], [ -117.479744909, 47.795637941000102 ], [ -117.479699103, 47.795626934 ], [ -117.479655491, 47.795630237000097 ], [ -117.479607813, 47.795623503000101 ], [ -117.47955081, 47.795618175000101 ], [ -117.47949035, 47.795622849 ], [ -117.479448227, 47.795629703 ], [ -117.479406529, 47.7956324620001 ], [ -117.479362829, 47.795645295 ], [ -117.479329437, 47.795673685000096 ], [ -117.479330601, 47.7957012460001 ], [ -117.479339486, 47.795735362000102 ], [ -117.479356668, 47.795765419000098 ], [ -117.479380234, 47.7957994980001 ], [ -117.479408312, 47.795833363 ], [ -117.479436023, 47.795865099 ], [ -117.47946367, 47.795898079 ], [ -117.479493358, 47.795934692000102 ], [ -117.479513862, 47.795968266 ], [ -117.479522972, 47.795972699000103 ], [ -117.479537221, 47.796005726 ], [ -117.479537001, 47.796013736000099 ], [ -117.479536266, 47.796040537000103 ], [ -117.479522887, 47.796080856000103 ], [ -117.47950826, 47.796123793 ], [ -117.47949428, 47.796151304 ], [ -117.479481813, 47.796180283000098 ], [ -117.479467496, 47.796209156 ], [ -117.479448591, 47.796243403000098 ], [ -117.479428047, 47.7962775 ], [ -117.479408692, 47.796308254000103 ], [ -117.479387281, 47.796338122000101 ], [ -117.479368351, 47.796365939000097 ], [ -117.479341905, 47.7963895930001 ], [ -117.479287758, 47.796421478000099 ], [ -117.479100548, 47.796431246000097 ], [ -117.47906691, 47.796371651000101 ], [ -117.479106557, 47.796329506000099 ], [ -117.479134518, 47.796308379 ], [ -117.479167392, 47.796287004000099 ], [ -117.479184259, 47.796258125000101 ], [ -117.47919741, 47.7962268160001 ], [ -117.479207882, 47.796199724000097 ], [ -117.479240639, 47.796137862000101 ], [ -117.479242043, 47.7961096820001 ], [ -117.479241026, 47.7960740360001 ], [ -117.479218643, 47.796031406000097 ], [ -117.479191168, 47.795985198 ], [ -117.479147024, 47.7959467680001 ], [ -117.479097657, 47.795908684 ], [ -117.479040205, 47.795875242000101 ], [ -117.478982531, 47.795845203000098 ], [ -117.478926137, 47.795818071 ], [ -117.478870409, 47.795791947000097 ], [ -117.478816149, 47.795768354000103 ], [ -117.478765169, 47.795749619 ], [ -117.478716005, 47.79573186 ], [ -117.478669805, 47.795714883000102 ], [ -117.478631066, 47.795700812000099 ], [ -117.478597829, 47.795667419 ], [ -117.478541868, 47.795611198000103 ], [ -117.478584751, 47.795602881 ], [ -117.478636341, 47.795596023 ], [ -117.478689056, 47.7955815380001 ], [ -117.47874225, 47.795574453 ], [ -117.478787313, 47.795569657 ], [ -117.478815574, 47.795591736000098 ], [ -117.478846909, 47.795572684 ], [ -117.478904477, 47.795540228 ], [ -117.478918165, 47.795512115000101 ], [ -117.478918628, 47.795474359000103 ], [ -117.478937613, 47.795446346000098 ], [ -117.478943955, 47.795433546 ], [ -117.478953812, 47.7954136540001 ], [ -117.478982061, 47.795392191000097 ], [ -117.479017231, 47.7953700670001 ], [ -117.478993577, 47.795339746000103 ], [ -117.479036012, 47.795313521 ], [ -117.479071465, 47.795287833 ], [ -117.479114066, 47.795281803000101 ], [ -117.479046786, 47.795282357000097 ], [ -117.479077012, 47.795246989000098 ], [ -117.479096475, 47.7952203420001 ], [ -117.479100167, 47.795189532000101 ], [ -117.479083225, 47.79516074 ], [ -117.479068597, 47.795127295 ], [ -117.479026453, 47.795129970000097 ], [ -117.479012758, 47.7950890830001 ], [ -117.478980466, 47.795067338000102 ], [ -117.478995357, 47.795024049000098 ], [ -117.479013299, 47.7949839730001 ], [ -117.479052622, 47.794969996000098 ], [ -117.478914445, 47.794941068000099 ], [ -117.47886605, 47.794886553 ], [ -117.478795101, 47.794677539000098 ], [ -117.478652853, 47.794747668000099 ], [ -117.478644805, 47.794721128 ], [ -117.478602467, 47.794581520000101 ], [ -117.478515831, 47.794544488 ], [ -117.478070098, 47.794706866000098 ], [ -117.477607593, 47.794728418 ], [ -117.476317929, 47.795162927 ], [ -117.476122764, 47.79522868 ], [ -117.476046477, 47.795254381000099 ], [ -117.476013382, 47.795261541000102 ], [ -117.475760574, 47.795316233000101 ], [ -117.475758091, 47.795264251 ], [ -117.475738118, 47.795260742 ], [ -117.475696616, 47.795241920000102 ], [ -117.475654235, 47.795211739000102 ], [ -117.475608743, 47.795186347 ], [ -117.475577935, 47.795161417 ], [ -117.475546975, 47.795130461 ], [ -117.475518125, 47.795090511000097 ], [ -117.475498648, 47.795053299000102 ], [ -117.475475961, 47.79502862 ], [ -117.475465399, 47.794999263000101 ], [ -117.47545592, 47.794963370000097 ], [ -117.475446693, 47.794934057 ], [ -117.475431531, 47.79489475 ], [ -117.475433077, 47.794866870000099 ], [ -117.47543307, 47.794824847 ], [ -117.475426253, 47.794796414000103 ], [ -117.475429352, 47.794756762000098 ], [ -117.475426566, 47.794719165000103 ], [ -117.475418407, 47.794678274 ], [ -117.475423224, 47.794641502 ], [ -117.475428465, 47.794627563000098 ], [ -117.475438164, 47.794601768000099 ], [ -117.475434992, 47.794563901000103 ], [ -117.475448038, 47.794536249 ], [ -117.475462218, 47.794497019000097 ], [ -117.475469144, 47.794460266 ], [ -117.475461318, 47.794433167000101 ], [ -117.47545547, 47.794396362 ], [ -117.475446175, 47.794361144 ], [ -117.475418404, 47.794328211 ], [ -117.475390125, 47.7942924130001 ], [ -117.475366986, 47.794268562000099 ], [ -117.475325038, 47.794241531000097 ], [ -117.475279641, 47.794221551000099 ], [ -117.475257874, 47.794197086000104 ], [ -117.475233656, 47.794162554000103 ], [ -117.475300665, 47.794126349000102 ], [ -117.475355092, 47.794126355000103 ], [ -117.475371401, 47.794099955 ], [ -117.475350941, 47.79407217 ], [ -117.475300197, 47.794063587 ], [ -117.475259209, 47.794082225000103 ], [ -117.47527308, 47.794053287000096 ], [ -117.47522824, 47.794049667000102 ], [ -117.47524421, 47.794020617000101 ], [ -117.475243645, 47.793991404000103 ], [ -117.475203478, 47.793981961 ], [ -117.47515316, 47.793966825 ], [ -117.475129034, 47.793967896 ], [ -117.475097726, 47.793969286 ], [ -117.47508181, 47.793994746000102 ], [ -117.475060908, 47.7940214240001 ], [ -117.475018973, 47.794022747 ], [ -117.474817471, 47.793980549 ], [ -117.474776613, 47.793981981000101 ], [ -117.474750661, 47.794010128000103 ], [ -117.47471215, 47.794060794000103 ], [ -117.474665398, 47.794084768000097 ], [ -117.474674857, 47.794122264000102 ], [ -117.474608133, 47.794205469000097 ], [ -117.474573479, 47.794208419 ], [ -117.474520489, 47.794220772000102 ], [ -117.474472982, 47.794223899 ], [ -117.474245428, 47.794215163 ], [ -117.47435438, 47.794192148 ], [ -117.47413106, 47.794029021 ], [ -117.47414326, 47.794000157 ], [ -117.474132845, 47.793969706 ], [ -117.474140451, 47.79394075 ], [ -117.474149081, 47.793899906 ], [ -117.474150137, 47.7938721680001 ], [ -117.474182222, 47.793850078 ], [ -117.474210236, 47.793826913 ], [ -117.474249061, 47.793809803 ], [ -117.474283218, 47.793792373 ], [ -117.474312271, 47.7937708380001 ], [ -117.4743336, 47.793745574000098 ], [ -117.47437237, 47.793716618000097 ], [ -117.474405587, 47.793700305000101 ], [ -117.474423299, 47.793674343000099 ], [ -117.474465501, 47.793646305 ], [ -117.4744958, 47.793612485 ], [ -117.474533078, 47.793582544000103 ], [ -117.474565649, 47.7935496630001 ], [ -117.474596951, 47.793515903000099 ], [ -117.474637874, 47.793490173000102 ], [ -117.474667511, 47.793456727 ], [ -117.474705039, 47.7934286180001 ], [ -117.474733421, 47.793407870000102 ], [ -117.474761133, 47.793385451000098 ], [ -117.474786764, 47.793361269000101 ], [ -117.474800078, 47.793333456 ], [ -117.474846349, 47.793307361000103 ], [ -117.474863058, 47.793279275 ], [ -117.474894708, 47.793247521000097 ], [ -117.474903447, 47.793219065000102 ], [ -117.47492968, 47.793193939 ], [ -117.474955777, 47.793161958 ], [ -117.474974084, 47.793136547000103 ], [ -117.474987426, 47.793107928 ], [ -117.475011484, 47.793069765 ], [ -117.475031155, 47.793042116 ], [ -117.475065248, 47.793008866 ], [ -117.475074619, 47.79298034 ], [ -117.475099305, 47.7929565210001 ], [ -117.475141761, 47.792926448000102 ], [ -117.475183788, 47.7929150800001 ], [ -117.475207592, 47.792885684000098 ], [ -117.475231273, 47.792849929000099 ], [ -117.475252234, 47.792814274000101 ], [ -117.475271985, 47.792790154 ], [ -117.475279968, 47.792763149000102 ], [ -117.475298388, 47.792746359 ], [ -117.475306034, 47.792739389000097 ], [ -117.475319437, 47.792733332000097 ], [ -117.47541208, 47.792520492000101 ], [ -117.475627242, 47.792415575000099 ], [ -117.475636741, 47.792410944 ], [ -117.47563866, 47.792407243000099 ], [ -117.475657694, 47.792377328 ], [ -117.475662442, 47.7923647860001 ], [ -117.475667828, 47.792350562000102 ], [ -117.475682354, 47.79231093 ], [ -117.475670102, 47.792280144000102 ], [ -117.475665693, 47.792247778 ], [ -117.475653998, 47.792215186000099 ], [ -117.475647335, 47.792184465 ], [ -117.475634157, 47.7921571360001 ], [ -117.475634398, 47.792123991 ], [ -117.475647571, 47.792095889000102 ], [ -117.475647754, 47.792062817 ], [ -117.475652426, 47.792028558 ], [ -117.475651855, 47.79198932 ], [ -117.475637841, 47.791960543000101 ], [ -117.475626407, 47.791919650000096 ], [ -117.475632294, 47.791890984000098 ], [ -117.475620655, 47.791861706000098 ], [ -117.475606752, 47.79183434 ], [ -117.475607039, 47.791797385000102 ], [ -117.475605831, 47.791768842000103 ], [ -117.475604404, 47.79173561 ], [ -117.475598915, 47.791692779000101 ], [ -117.475593356, 47.791662888000097 ], [ -117.475584908, 47.791634363000099 ], [ -117.475579967, 47.791601879 ], [ -117.475574843, 47.791562565 ], [ -117.475560121, 47.791533580000099 ], [ -117.475566398, 47.791491747000101 ], [ -117.475574084, 47.791449644000103 ], [ -117.475568284, 47.791417752 ], [ -117.475558924, 47.791387783000097 ], [ -117.475547462, 47.791358140000099 ], [ -117.475539382, 47.791323444000099 ], [ -117.475529295, 47.791293962000097 ], [ -117.47551776, 47.791267314 ], [ -117.475519149, 47.791238127 ], [ -117.475511347, 47.791210542 ], [ -117.475514007, 47.7911749720001 ], [ -117.475499283, 47.7911395530001 ], [ -117.47547967, 47.791105426000101 ], [ -117.475439484, 47.791096694 ], [ -117.475387024, 47.791095195 ], [ -117.475366613, 47.7910309640001 ], [ -117.475377234, 47.79100421 ], [ -117.4753614, 47.790967652000099 ], [ -117.475376464, 47.790938778000097 ], [ -117.475407475, 47.790914688 ], [ -117.475423976, 47.790878201000098 ], [ -117.4754461, 47.790847239000101 ], [ -117.475467809, 47.790813480000097 ], [ -117.475504872, 47.790802464000102 ], [ -117.475521829, 47.790797424000097 ], [ -117.475562937, 47.790775235000098 ], [ -117.475586127, 47.7907510410001 ], [ -117.475587291, 47.7907176000001 ], [ -117.475572287, 47.790617467000096 ], [ -117.475577138, 47.790589385 ], [ -117.475568165, 47.7905623770001 ], [ -117.475558223, 47.790535693 ], [ -117.475584659, 47.790509272000101 ], [ -117.475576126, 47.79047432 ], [ -117.475566019, 47.790440585000098 ], [ -117.475569926, 47.790406226000101 ], [ -117.475558702, 47.790372445000102 ], [ -117.475550459, 47.790350754 ], [ -117.475547212, 47.790342209000102 ], [ -117.475572744, 47.790319624000098 ], [ -117.475587233, 47.790293337 ], [ -117.475594877, 47.790263463 ], [ -117.475594616, 47.790228870000099 ], [ -117.475596239, 47.790199400000098 ], [ -117.475590904, 47.790167757000098 ], [ -117.475584182, 47.790138695000103 ], [ -117.475591571, 47.790105252 ], [ -117.475592317, 47.790064864 ], [ -117.475578554, 47.790038039000102 ], [ -117.475575666, 47.790010610000103 ], [ -117.475582181, 47.789975772 ], [ -117.475579646, 47.789943183 ], [ -117.475574998, 47.789911353 ], [ -117.475583437, 47.789882169000101 ], [ -117.475581337, 47.789847725000101 ], [ -117.475593308, 47.789813923000096 ], [ -117.475605039, 47.789785477000102 ], [ -117.475622354, 47.789751802000097 ], [ -117.475642931, 47.789724526 ], [ -117.475653117, 47.789688029 ], [ -117.475674315, 47.789654395000099 ], [ -117.475699255, 47.789630391000102 ], [ -117.475709144, 47.789620676 ], [ -117.475724223, 47.789605862 ], [ -117.475729029, 47.789574277 ], [ -117.475753505, 47.789537098 ], [ -117.475764138, 47.789505063 ], [ -117.47575642, 47.789476859 ], [ -117.475746339, 47.789449803 ], [ -117.475751638, 47.789419075000097 ], [ -117.47573225, 47.789392308000103 ], [ -117.475704546, 47.789362230000101 ], [ -117.475677576, 47.789327206000102 ], [ -117.475659382, 47.789298642000098 ], [ -117.475642392, 47.789267582 ], [ -117.475646853, 47.789234169000103 ], [ -117.475635284, 47.789206192000101 ], [ -117.475622274, 47.789173745 ], [ -117.475594212, 47.7891442170001 ], [ -117.475589055, 47.789115569 ], [ -117.475582495, 47.789084940000102 ], [ -117.475579323, 47.7890555560001 ], [ -117.475574172, 47.789015636 ], [ -117.47558383, 47.788988117 ], [ -117.47560796, 47.788957173 ], [ -117.47564585, 47.788936792000101 ], [ -117.475654528, 47.788905577 ], [ -117.475676511, 47.788873482 ], [ -117.475699661, 47.788840020000102 ], [ -117.475728843, 47.788814769000098 ], [ -117.475743338, 47.788780478 ], [ -117.475757616, 47.788746341 ], [ -117.475781667, 47.788717308000102 ], [ -117.475804718, 47.788693098000103 ], [ -117.47580348, 47.788664888 ], [ -117.475810628, 47.7886291350001 ], [ -117.475834253, 47.788601519000103 ], [ -117.475847666, 47.7885676430001 ], [ -117.475827746, 47.788537223 ], [ -117.475832293, 47.788505152 ], [ -117.475830233, 47.788470410000102 ], [ -117.475825833, 47.788441717000097 ], [ -117.475806626, 47.788403511000098 ], [ -117.475819443, 47.788374961 ], [ -117.475843906, 47.788341702 ], [ -117.475892652, 47.788313357 ], [ -117.475946707, 47.788302684 ], [ -117.475993948, 47.788300117000098 ], [ -117.475829349, 47.787939579000103 ], [ -117.475949545, 47.787861871000104 ], [ -117.478625915, 47.786131474000101 ], [ -117.479986491, 47.786375208 ], [ -117.481144452, 47.786582630000098 ], [ -117.481939991, 47.786725125 ], [ -117.482025886, 47.786455699 ], [ -117.482447462, 47.786206344 ], [ -117.482929079, 47.786337633000102 ], [ -117.483353828, 47.78643107 ], [ -117.483919869, 47.786523909 ], [ -117.484057976, 47.786180520000102 ], [ -117.48415398, 47.785997202 ], [ -117.484212777, 47.785884931000098 ], [ -117.48425627, 47.785844196 ], [ -117.484293674, 47.785859194000103 ], [ -117.484337757, 47.785869424000097 ], [ -117.484375799, 47.785883236000103 ], [ -117.484424396, 47.785899548 ], [ -117.484461253, 47.785914940000097 ], [ -117.484505947, 47.785925823000099 ], [ -117.484562082, 47.785934010000098 ], [ -117.48461506, 47.7859343430001 ], [ -117.484660527, 47.785924539000099 ], [ -117.484707024, 47.785917414 ], [ -117.484757107, 47.7859066030001 ], [ -117.484801532, 47.785896806 ], [ -117.484848679, 47.785903186 ], [ -117.484891104, 47.785898258 ], [ -117.48493376, 47.785878467 ], [ -117.484973867, 47.785870456000097 ], [ -117.485009789, 47.785856855000098 ], [ -117.485040869, 47.785837745 ], [ -117.485055141, 47.7858075890001 ], [ -117.485034673, 47.785778605000097 ], [ -117.485030146, 47.78574867 ], [ -117.485020695, 47.78572196 ], [ -117.485025427, 47.785684523 ], [ -117.485009132, 47.785657625000098 ], [ -117.484976973, 47.785637617000098 ], [ -117.484940639, 47.785616426 ], [ -117.484896097, 47.785594428000103 ], [ -117.484846299, 47.785587324000097 ], [ -117.484805788, 47.785578473 ], [ -117.484761204, 47.785570562 ], [ -117.484720811, 47.785565829000099 ], [ -117.484678114, 47.7855462570001 ], [ -117.484635782, 47.785531134000102 ], [ -117.484487329, 47.785490257 ], [ -117.484357827, 47.7854708690001 ], [ -117.484211638, 47.785445901000102 ], [ -117.484090219, 47.785413365000103 ], [ -117.483980012, 47.7854009220001 ], [ -117.483826159, 47.785396508000098 ], [ -117.483831445, 47.785303195 ], [ -117.483791234, 47.785273060000101 ], [ -117.483772042, 47.7852478020001 ], [ -117.48379783, 47.785221619 ], [ -117.483816644, 47.785193822000103 ], [ -117.483838706, 47.785175026 ], [ -117.48384231, 47.785171954000099 ], [ -117.483839202, 47.785166249 ], [ -117.483823506, 47.785137426000098 ], [ -117.48377524, 47.785126977000097 ], [ -117.483745934, 47.7851036160001 ], [ -117.483714623, 47.785081822000102 ], [ -117.483707292, 47.7850468130001 ], [ -117.483701327, 47.785010986 ], [ -117.483698808, 47.784978383000102 ], [ -117.483695868, 47.784944042000099 ], [ -117.48371589, 47.784911305 ], [ -117.483708947, 47.784884002000098 ], [ -117.483682224, 47.784847840000097 ], [ -117.483654535, 47.784825107000103 ], [ -117.48362161, 47.784803638 ], [ -117.48358698, 47.784786677000099 ], [ -117.483556946, 47.784759362 ], [ -117.483520553, 47.784732738000102 ], [ -117.483500859, 47.784704130000101 ], [ -117.483466727, 47.784685175 ], [ -117.483430485, 47.7846583910001 ], [ -117.483412163, 47.784649089 ], [ -117.483362154, 47.784612937000098 ], [ -117.483873406, 47.784562486 ], [ -117.484603481, 47.784064240000099 ], [ -117.485419374, 47.783679896000102 ], [ -117.486017293, 47.783339767 ], [ -117.48609741, 47.783298845 ], [ -117.486101097, 47.783296961000097 ], [ -117.48612243, 47.783318522000101 ], [ -117.48622056, 47.7834176900001 ], [ -117.486475028, 47.7836547960001 ], [ -117.486749129, 47.783910193000096 ], [ -117.487230744, 47.784304895 ], [ -117.487587247, 47.784486175 ], [ -117.488031036, 47.784643299 ], [ -117.488354169, 47.784707663000098 ], [ -117.489433159, 47.784896382000099 ], [ -117.489613145, 47.784927861 ], [ -117.490610922, 47.785054736000099 ], [ -117.492393158, 47.785216077 ], [ -117.492832585, 47.785250369 ], [ -117.493275201, 47.785209361000099 ], [ -117.493586023, 47.785111988 ], [ -117.493674299, 47.785064358000099 ], [ -117.493801805, 47.784995562000098 ], [ -117.494054701, 47.784757119000098 ], [ -117.494240564, 47.784592748000101 ], [ -117.494581286, 47.7843925970001 ], [ -117.49513161, 47.784125014 ], [ -117.495152105, 47.784115048 ], [ -117.495695699, 47.783853712000102 ], [ -117.495716261, 47.783843827000098 ], [ -117.495975443, 47.783683015000101 ], [ -117.496084876, 47.783588226000099 ], [ -117.496215361, 47.783393017 ], [ -117.496221292, 47.783384145000099 ], [ -117.496228736, 47.783057011 ], [ -117.496241852, 47.782897931 ], [ -117.496255486, 47.782833788000097 ], [ -117.496344955, 47.782623794000102 ], [ -117.496793962, 47.782298089000101 ], [ -117.497005015, 47.782279379 ], [ -117.497017646, 47.782049538000102 ], [ -117.497948984, 47.781931232 ], [ -117.498198369, 47.781415938000102 ], [ -117.498848782, 47.781470249000101 ], [ -117.49894523, 47.781845353000101 ], [ -117.498963473, 47.781916302000099 ], [ -117.498985194, 47.782000782000097 ], [ -117.499956355, 47.781984433 ], [ -117.500143213, 47.782167472 ], [ -117.500306251, 47.782152235000098 ], [ -117.500550485, 47.78212941 ], [ -117.500448298, 47.781704479 ], [ -117.500667464, 47.781653256 ], [ -117.500751021, 47.781633727 ], [ -117.501094528, 47.78155344 ], [ -117.501403235, 47.781244292000103 ], [ -117.501546845, 47.781133966 ], [ -117.501873281, 47.781230049 ], [ -117.502013276, 47.7813387 ], [ -117.502721041, 47.781173267 ], [ -117.50339267, 47.781016275000098 ], [ -117.50363187, 47.781049753 ], [ -117.503759793, 47.780825110000102 ], [ -117.503870052, 47.780538953000097 ], [ -117.504491503, 47.780588567000102 ], [ -117.504709631, 47.780528643 ], [ -117.504914215, 47.78047244 ], [ -117.505283, 47.780623175000102 ], [ -117.505708379, 47.780757414 ], [ -117.505878194, 47.7808110020001 ], [ -117.505956207, 47.780806611000102 ], [ -117.506070952, 47.780224551000103 ], [ -117.506661334, 47.779917229 ], [ -117.507082673, 47.779707831000103 ], [ -117.507279964, 47.779609779000097 ], [ -117.508100816, 47.779758507000103 ], [ -117.508188919, 47.780100925000099 ], [ -117.507796176, 47.780459726000103 ], [ -117.50807735, 47.780500537000101 ], [ -117.508305499, 47.780533651 ], [ -117.508411469, 47.78052259 ], [ -117.508759751, 47.780486233 ], [ -117.508728668, 47.780259346 ], [ -117.508637399, 47.780039489 ], [ -117.50909756, 47.780007413000099 ], [ -117.509380751, 47.780106276 ], [ -117.509485702, 47.780205930000101 ], [ -117.5098339, 47.780385849 ], [ -117.509971212, 47.780392948 ], [ -117.510101169, 47.780259662 ], [ -117.51030691, 47.780048648 ], [ -117.510161878, 47.779597006000103 ], [ -117.510500928, 47.779595498 ], [ -117.510737483, 47.779591002000103 ], [ -117.510953299, 47.779581712 ], [ -117.512929454, 47.779543501 ], [ -117.513496378, 47.779429211 ], [ -117.514034854, 47.779363422000102 ], [ -117.514346765, 47.779325312 ], [ -117.514434998, 47.7793447170001 ], [ -117.515197152, 47.779512331 ], [ -117.515825922, 47.779474235000102 ], [ -117.516145462, 47.779650864000097 ], [ -117.516320693, 47.779512331 ], [ -117.516382346, 47.779513241000103 ], [ -117.51730977, 47.779526923 ], [ -117.517708729, 47.779867933 ], [ -117.517547661, 47.780134206000099 ], [ -117.517791272, 47.780289722000099 ], [ -117.517922818, 47.780208842 ], [ -117.518201163, 47.780191943 ], [ -117.518349878, 47.780347153 ], [ -117.518519499, 47.7804309630001 ], [ -117.519632734, 47.780053466 ], [ -117.520050196, 47.7799564950001 ], [ -117.520349121, 47.779779867000101 ], [ -117.52228439, 47.7800074580001 ], [ -117.523441435, 47.780143512000102 ], [ -117.523781532, 47.781113643 ], [ -117.523263999, 47.781321967000103 ], [ -117.523224, 47.781338 ], [ -117.523167, 47.781361000000103 ], [ -117.523101999, 47.781386 ], [ -117.523038983, 47.781410984 ], [ -117.522966984, 47.781436033 ], [ -117.522893999, 47.781462983 ], [ -117.522857, 47.781476017 ], [ -117.522818, 47.781487967 ], [ -117.522778983, 47.781501 ], [ -117.522740016, 47.781513983000103 ], [ -117.522695983, 47.781524983000097 ], [ -117.522651984, 47.7815340000001 ], [ -117.522605, 47.781542966000103 ], [ -117.522553, 47.781550983 ], [ -117.522501, 47.781557966 ], [ -117.522444, 47.781561983000103 ], [ -117.522386017, 47.781565034 ], [ -117.522328, 47.781567000000102 ], [ -117.522269, 47.781568966000101 ], [ -117.522203983, 47.781570999000103 ], [ -117.522143016, 47.781572983 ], [ -117.522076984, 47.781573999 ], [ -117.522008983, 47.781578000000103 ], [ -117.521940017, 47.781585 ], [ -117.521870016, 47.781596 ], [ -117.521802017, 47.7816129670001 ], [ -117.521737984, 47.781633 ], [ -117.521678, 47.781656017 ], [ -117.521621984, 47.781679984 ], [ -117.521567, 47.781704017 ], [ -117.521537831, 47.781716802000098 ], [ -117.521510001, 47.781729 ], [ -117.521455983, 47.781753033 ], [ -117.521404999, 47.7817780170001 ], [ -117.521350983, 47.781804966 ], [ -117.521298, 47.781833017000103 ], [ -117.521251999, 47.781866016 ], [ -117.521212983, 47.781903017 ], [ -117.521186983, 47.781944967000101 ], [ -117.521171, 47.781989983000102 ], [ -117.521167, 47.782036967000103 ], [ -117.521173, 47.782080017000098 ], [ -117.521184984, 47.782123 ], [ -117.521199984, 47.782166984000099 ], [ -117.521219983, 47.782209967 ], [ -117.521242017, 47.782252 ], [ -117.521265001, 47.782294017 ], [ -117.521289, 47.782335033 ], [ -117.521312999, 47.782378001 ], [ -117.521337983, 47.782419017000102 ], [ -117.521365999, 47.782460983000099 ], [ -117.521396, 47.782499 ], [ -117.521428016, 47.782537017 ], [ -117.521464, 47.782578016000102 ], [ -117.521503, 47.782617000000101 ], [ -117.521540983, 47.782658 ], [ -117.521579016, 47.782700983 ], [ -117.521619982, 47.782744983 ], [ -117.521660016, 47.78279 ], [ -117.521698, 47.782832967 ], [ -117.521737001, 47.782873983000101 ], [ -117.521776017, 47.782912000000103 ], [ -117.521815017, 47.782949 ], [ -117.521855, 47.782984983000098 ], [ -117.521896999, 47.783019000000102 ], [ -117.521938984, 47.783052 ], [ -117.521982, 47.783087034000097 ], [ -117.522027017, 47.783123967000101 ], [ -117.522072, 47.7831609670001 ], [ -117.522120983, 47.783197983 ], [ -117.522172001, 47.7832319830001 ], [ -117.522225, 47.783267017000099 ], [ -117.522282, 47.783303 ], [ -117.522340016, 47.783336 ], [ -117.522399017, 47.783370017 ], [ -117.522459, 47.783403017000097 ], [ -117.522519999, 47.783436016000103 ], [ -117.522577, 47.7834700330001 ], [ -117.522633017, 47.783503017 ], [ -117.522690017, 47.7835380000001 ], [ -117.522749999, 47.783575 ], [ -117.522810017, 47.783610033000102 ], [ -117.522869017, 47.783647983 ], [ -117.522928016, 47.783687017 ], [ -117.522988983, 47.783721983000099 ], [ -117.523049, 47.783757016 ], [ -117.523106984, 47.783790966 ], [ -117.523165, 47.783824033 ], [ -117.523222, 47.7838570340001 ], [ -117.523278017, 47.7838869670001 ], [ -117.523332001, 47.783918 ], [ -117.523388983, 47.783949983000099 ], [ -117.523443983, 47.783982017 ], [ -117.523497016, 47.784015966 ], [ -117.523548983, 47.784047 ], [ -117.523598983, 47.784081017000098 ], [ -117.523649, 47.784118016 ], [ -117.523703983, 47.7841540000001 ], [ -117.523753, 47.7841929840001 ], [ -117.523804, 47.784231 ], [ -117.523854, 47.784269016000103 ], [ -117.523907, 47.784306016000102 ], [ -117.523961, 47.784343017 ], [ -117.524015017, 47.784380017 ], [ -117.524068, 47.784417983 ], [ -117.524119, 47.784456 ], [ -117.524170999, 47.784494016000103 ], [ -117.524223017, 47.784533000000103 ], [ -117.524274983, 47.784574 ], [ -117.524322001, 47.784612016 ], [ -117.524368983, 47.784652017 ], [ -117.524416, 47.784694983000101 ], [ -117.524461016, 47.7847389840001 ], [ -117.524508, 47.784782983000099 ], [ -117.524553017, 47.784826983000102 ], [ -117.524595999, 47.784871983000102 ], [ -117.524641001, 47.784914967000098 ], [ -117.524683984, 47.784957 ], [ -117.524726016, 47.784999966 ], [ -117.524766, 47.785043967 ], [ -117.524805983, 47.7850880330001 ], [ -117.524843, 47.785132983 ], [ -117.524877001, 47.785179016 ], [ -117.524908001, 47.785226000000101 ], [ -117.524933999, 47.785272984000102 ], [ -117.524956, 47.785320983000098 ], [ -117.524974001, 47.7853700000001 ], [ -117.524989, 47.785418 ], [ -117.524999017, 47.785462000000102 ], [ -117.525006, 47.78551 ], [ -117.525006999, 47.785562001000102 ], [ -117.525002984, 47.785615033000099 ], [ -117.524995016, 47.785669017 ], [ -117.524983, 47.785722983 ], [ -117.524967984, 47.785777984 ], [ -117.524951999, 47.785832983 ], [ -117.52493, 47.7858879670001 ], [ -117.524903017, 47.785941 ], [ -117.524871983, 47.785994966 ], [ -117.524836983, 47.786049016 ], [ -117.524797, 47.786101983 ], [ -117.524757, 47.786153034000101 ], [ -117.524716, 47.7862030000001 ], [ -117.524674, 47.786249983000097 ], [ -117.524632017, 47.786296017 ], [ -117.524588017, 47.786341033 ], [ -117.524545, 47.786384016000099 ], [ -117.524508001, 47.7864189840001 ], [ -117.524472017, 47.786448983000099 ], [ -117.524429, 47.786477033 ], [ -117.524379983, 47.786503984 ], [ -117.524324984, 47.786527 ], [ -117.524265, 47.786549 ], [ -117.5242, 47.7865669830001 ], [ -117.524133017, 47.786582000000102 ], [ -117.524063999, 47.786595033 ], [ -117.523994983, 47.786609017 ], [ -117.523929001, 47.786621984000099 ], [ -117.523860016, 47.786635017 ], [ -117.523792016, 47.786647984000098 ], [ -117.523727983, 47.78666 ], [ -117.523673, 47.786671 ], [ -117.523631984, 47.786679017 ], [ -117.523559, 47.786694967000102 ], [ -117.523515, 47.786704 ], [ -117.523467983, 47.7867150000001 ], [ -117.523421, 47.786727017 ], [ -117.523371, 47.786739033000103 ], [ -117.523321, 47.786752 ], [ -117.523272, 47.786764967000103 ], [ -117.523222984, 47.786776984 ], [ -117.523174, 47.786789 ], [ -117.523124, 47.786802984000097 ], [ -117.523075017, 47.786816983000101 ], [ -117.523027999, 47.7868289990001 ], [ -117.522980999, 47.786838983000102 ], [ -117.522933, 47.786849984000099 ], [ -117.522886999, 47.786860967000102 ], [ -117.522848, 47.7868700000001 ], [ -117.522809, 47.786879033 ], [ -117.522765983, 47.786890033000098 ], [ -117.522721001, 47.786901033 ], [ -117.522675001, 47.786915017000098 ], [ -117.522629001, 47.786929 ], [ -117.522585018, 47.786942984000099 ], [ -117.522541017, 47.786958 ], [ -117.522496983, 47.786974967 ], [ -117.522452, 47.786993033 ], [ -117.522406, 47.787012983000103 ], [ -117.52236, 47.787033967000099 ], [ -117.522315, 47.7870559670001 ], [ -117.522275983, 47.787076 ], [ -117.522242, 47.787096983 ], [ -117.522203, 47.787120000000101 ], [ -117.522161, 47.787146 ], [ -117.522119999, 47.787173017 ], [ -117.522084017, 47.787199966000102 ], [ -117.522050001, 47.787225983 ], [ -117.522021, 47.787247983 ], [ -117.521980984, 47.7872809670001 ], [ -117.521953017, 47.7873069830001 ], [ -117.521911959, 47.787292083000096 ], [ -117.52187123, 47.787291731 ], [ -117.521824916, 47.787287064000097 ], [ -117.521767804, 47.787278485000101 ], [ -117.52172526, 47.787270615000097 ], [ -117.521668865, 47.787262643000098 ], [ -117.521621525, 47.787243269 ], [ -117.521582612, 47.787231639 ], [ -117.521530206, 47.787214462000101 ], [ -117.521479083, 47.787201635 ], [ -117.521427523, 47.787186929 ], [ -117.521381772, 47.787189871000102 ], [ -117.521330406, 47.787181968 ], [ -117.521290434, 47.787168216000097 ], [ -117.521243395, 47.787164273 ], [ -117.521191544, 47.787147814 ], [ -117.521152482, 47.787122793 ], [ -117.521102746, 47.787088526 ], [ -117.521074308, 47.787067470000103 ], [ -117.521025915, 47.787031519 ], [ -117.520982604, 47.787009484000102 ], [ -117.520936404, 47.786985479000101 ], [ -117.520891642, 47.786971831000102 ], [ -117.520858957, 47.786982040000098 ], [ -117.520849872, 47.786984877000101 ], [ -117.520802121, 47.786986241000101 ], [ -117.520680953, 47.7869876070001 ], [ -117.520638162, 47.7869927610001 ], [ -117.520577422, 47.7869994590001 ], [ -117.520534404, 47.787011536000101 ], [ -117.520500382, 47.787032251 ], [ -117.520482485, 47.787067195000098 ], [ -117.520474926, 47.78709675 ], [ -117.52044681, 47.787128822000099 ], [ -117.520433272, 47.787161432000097 ], [ -117.520423981, 47.78719748 ], [ -117.520395052, 47.787227337 ], [ -117.520381314, 47.787259044000102 ], [ -117.520364935, 47.787286525000098 ], [ -117.520364076, 47.787322203 ], [ -117.52034694, 47.787360548 ], [ -117.520339185, 47.787399988000097 ], [ -117.520333702, 47.787440264000097 ], [ -117.520377103, 47.787453746 ], [ -117.520333816, 47.787467892000102 ], [ -117.520312279, 47.787497914 ], [ -117.520278953, 47.787522887000101 ], [ -117.5202621, 47.787548915000102 ], [ -117.520236053, 47.787581363000101 ], [ -117.520230866, 47.787610970000102 ], [ -117.520227818, 47.787644809 ], [ -117.520209884, 47.787677248000101 ], [ -117.520217457, 47.787714853000097 ], [ -117.520219804, 47.787751331 ], [ -117.520214637, 47.7877869430001 ], [ -117.520208636, 47.787822121 ], [ -117.520207552, 47.7878620400001 ], [ -117.520202704, 47.787899472 ], [ -117.520201343, 47.7879358920001 ], [ -117.520183302, 47.787961784000103 ], [ -117.520197511, 47.7879982380001 ], [ -117.520188662, 47.788025607000101 ], [ -117.520181139, 47.788061228000103 ], [ -117.520165083, 47.788101816000101 ], [ -117.520153452, 47.788131377000099 ], [ -117.520139526, 47.788165778000099 ], [ -117.520143511, 47.788201483000101 ], [ -117.520163606, 47.788225584 ], [ -117.52018937, 47.788260817 ], [ -117.520201149, 47.788297022000101 ], [ -117.520199473, 47.788329048 ], [ -117.520222392, 47.788359888000102 ], [ -117.520262729, 47.7883676450001 ], [ -117.520310939, 47.788372631000101 ], [ -117.520318857, 47.78837264 ], [ -117.520254653, 47.788510427000098 ], [ -117.520224884, 47.788574310000101 ], [ -117.519383569, 47.789225645 ], [ -117.518783819, 47.789287986 ], [ -117.519038555, 47.789603046000103 ], [ -117.519334651, 47.789969252 ], [ -117.519643787, 47.789814857000103 ], [ -117.520491003, 47.789753884 ], [ -117.520948293, 47.79026602 ], [ -117.520839059, 47.790647412000098 ], [ -117.520673304, 47.791029061000103 ], [ -117.520506596, 47.79131549 ], [ -117.520340266, 47.791640006000101 ], [ -117.52006013, 47.791888859 ], [ -117.520713549, 47.792228703 ], [ -117.521106916, 47.791998380000102 ], [ -117.521955117, 47.792032616 ], [ -117.522017552, 47.792622721 ], [ -117.521425594, 47.792777771 ], [ -117.521250191, 47.793167301 ], [ -117.522029503, 47.793258429 ], [ -117.522622154, 47.793327727000097 ], [ -117.522673469, 47.793443350000103 ], [ -117.522733935, 47.7935795920001 ], [ -117.523525524, 47.793625229 ], [ -117.524065175, 47.7938893950001 ], [ -117.523982053, 47.7942502490001 ], [ -117.524356605, 47.794764125 ], [ -117.524302762, 47.795030999000097 ], [ -117.524023011, 47.795317949 ], [ -117.52363316, 47.795605620000103 ], [ -117.524110455, 47.796680939000098 ], [ -117.524206355, 47.7968969900001 ], [ -117.524578208, 47.797124671000098 ], [ -117.525003504, 47.79725604 ], [ -117.525102294, 47.797280181000097 ], [ -117.525237611, 47.797313248000101 ], [ -117.525297892, 47.797410616 ], [ -117.525306704, 47.797440299000101 ], [ -117.525349475, 47.797451873000099 ], [ -117.525385123, 47.797465760000101 ], [ -117.525429994, 47.797468562000098 ], [ -117.525483193, 47.797455983000098 ], [ -117.525525101, 47.7974632150001 ], [ -117.525567064, 47.797466269 ], [ -117.525575132, 47.797434949 ], [ -117.525620253, 47.7974436390001 ], [ -117.525653326, 47.797417870000103 ], [ -117.52565962, 47.797416371000097 ], [ -117.525698182, 47.797407185000097 ], [ -117.52573659, 47.797381892 ], [ -117.5257431, 47.797350089000098 ], [ -117.525698719, 47.797350053000102 ], [ -117.525743346, 47.797343233 ], [ -117.525841132, 47.797337185000103 ], [ -117.525859854, 47.797309900000101 ], [ -117.525991382, 47.7971182040001 ], [ -117.526668934, 47.797038918000098 ], [ -117.527067734, 47.797219461000097 ], [ -117.527200342, 47.797279495000097 ], [ -117.527226172, 47.797492163000101 ], [ -117.527260962, 47.797514221 ], [ -117.527299212, 47.797527357 ], [ -117.527347709, 47.797521267 ], [ -117.52739256, 47.797517282000101 ], [ -117.527416778, 47.797549463000102 ], [ -117.527451234, 47.7975688000001 ], [ -117.527494501, 47.797581406000099 ], [ -117.527539239, 47.79758036 ], [ -117.527576932, 47.797592095 ], [ -117.527630989, 47.797611189000101 ], [ -117.527663221, 47.797590321 ], [ -117.527681643, 47.797565304 ], [ -117.527693744, 47.797537367000103 ], [ -117.527711812, 47.7975058930001 ], [ -117.527841446, 47.797319204000097 ], [ -117.527912664, 47.797318877000102 ], [ -117.528028472, 47.797318344000097 ], [ -117.529157466, 47.797160787000102 ], [ -117.5299773, 47.797176050000097 ], [ -117.530172519, 47.796872024 ], [ -117.530508086, 47.796826589 ], [ -117.534210018, 47.796325280000097 ], [ -117.534772975, 47.796738093 ], [ -117.534918504, 47.796844807000099 ], [ -117.534903522, 47.796962443 ], [ -117.535202537, 47.797289424 ], [ -117.535765635, 47.797704928 ], [ -117.536312455, 47.798116128000103 ], [ -117.53677296, 47.7983482160001 ], [ -117.537045209, 47.798404214000101 ], [ -117.537707018, 47.798889459000101 ], [ -117.538446363, 47.798907803000098 ], [ -117.539780706, 47.799472880000103 ], [ -117.539729703, 47.799933455 ], [ -117.54004022, 47.799966825000098 ], [ -117.540493841, 47.800098004000098 ], [ -117.540781177, 47.800197693 ], [ -117.541052213, 47.8002917250001 ], [ -117.541089582, 47.800304689 ], [ -117.541714087, 47.800406757000097 ], [ -117.541788503, 47.800418919 ], [ -117.541882391, 47.800434263000099 ], [ -117.541983134, 47.800449427 ], [ -117.542250433, 47.80048966 ], [ -117.542930186, 47.8006197610001 ], [ -117.54332853, 47.800868284 ], [ -117.546025406, 47.801929829000102 ], [ -117.548123784, 47.803215761 ], [ -117.552336765, 47.803920739 ], [ -117.55328799, 47.804110081 ], [ -117.553681646, 47.804339032 ], [ -117.55379605, 47.804405571000103 ], [ -117.553943252, 47.80427415 ], [ -117.553984274, 47.804286613 ], [ -117.553985693, 47.804288252 ], [ -117.554006297, 47.8043120580001 ], [ -117.554030612, 47.8043364050001 ], [ -117.554064208, 47.804357496000101 ], [ -117.554091771, 47.804383434 ], [ -117.554115963, 47.804407929 ], [ -117.554156201, 47.804436073 ], [ -117.554168902, 47.804463166000097 ], [ -117.554205692, 47.804502091000103 ], [ -117.5542237, 47.804542605000101 ], [ -117.55425535, 47.804568808000099 ], [ -117.554277782, 47.804592456000101 ], [ -117.554302422, 47.804618241000099 ], [ -117.554316491, 47.8046551260001 ], [ -117.554332056, 47.804680848 ], [ -117.554363373, 47.804708532000099 ], [ -117.55438316, 47.8047342240001 ], [ -117.554405793, 47.80475799 ], [ -117.554422388, 47.804783402000098 ], [ -117.554439176, 47.804810191000101 ], [ -117.554481487, 47.804821449 ], [ -117.554535016, 47.804830734000099 ], [ -117.554568305, 47.804848671000101 ], [ -117.554612818, 47.804854643000098 ], [ -117.554508171, 47.8047110320001 ], [ -117.554524093, 47.804684306000098 ], [ -117.554564041, 47.804670194 ], [ -117.554599064, 47.804654613 ], [ -117.554635192, 47.804639882000103 ], [ -117.554680139, 47.804652611000101 ], [ -117.554733479, 47.80466131 ], [ -117.554764012, 47.804636522000102 ], [ -117.55480757, 47.804619086000102 ], [ -117.554834381, 47.804640654000103 ], [ -117.554880782, 47.804669951000101 ], [ -117.554923764, 47.804661575000097 ], [ -117.554969615, 47.804648685000103 ], [ -117.555009228, 47.8046234810001 ], [ -117.555026037, 47.804590665 ], [ -117.555051489, 47.804561293000098 ], [ -117.555050181, 47.80453348 ], [ -117.55506436, 47.804498910000099 ], [ -117.555100745, 47.804479402 ], [ -117.555141341, 47.804456869 ], [ -117.555152974, 47.804423031000098 ], [ -117.555153152, 47.8043890880001 ], [ -117.555169951, 47.804359719 ], [ -117.55517677, 47.804332264 ], [ -117.555184897, 47.804302712 ], [ -117.555215235, 47.804277073 ], [ -117.55526475, 47.804271329000102 ], [ -117.555312584, 47.804284261000099 ], [ -117.55531469, 47.8043198660001 ], [ -117.555360185, 47.804315222000099 ], [ -117.555405566, 47.804296109000099 ], [ -117.555419757, 47.804266242 ], [ -117.555476787, 47.804257282 ], [ -117.555492839, 47.804222110000097 ], [ -117.555494618, 47.804186857 ], [ -117.55545067, 47.8041809200001 ], [ -117.555454446, 47.80415264 ], [ -117.555465009, 47.804111796 ], [ -117.555512034, 47.804076264000102 ], [ -117.55547288, 47.8040490980001 ], [ -117.555458908, 47.8040153520001 ], [ -117.555438185, 47.803982562 ], [ -117.555417052, 47.803950676000099 ], [ -117.555404457, 47.8039215330001 ], [ -117.555378986, 47.803889873000102 ], [ -117.555354314, 47.803857167 ], [ -117.55532568, 47.803826928 ], [ -117.55529118, 47.803762262000099 ], [ -117.555392912, 47.803633610000098 ], [ -117.55538562, 47.803351022000101 ], [ -117.555834289, 47.803276753 ], [ -117.556137518, 47.803211838 ], [ -117.55633777, 47.803124350000097 ], [ -117.55665671, 47.803061953000103 ], [ -117.556697051, 47.803049081 ], [ -117.556739341, 47.803040544000098 ], [ -117.556778055, 47.803030644 ], [ -117.556837789, 47.803032517000098 ], [ -117.556887214, 47.803035210000097 ], [ -117.556932783, 47.803032669000103 ], [ -117.556989575, 47.803043517 ], [ -117.557051902, 47.803029036000098 ], [ -117.557111791, 47.803029052000099 ], [ -117.55716743, 47.803024319 ], [ -117.557211392, 47.803014008 ], [ -117.55725366, 47.8030146420001 ], [ -117.557305752, 47.803019922 ], [ -117.557347054, 47.803034 ], [ -117.557412194, 47.803029486000099 ], [ -117.557469824, 47.803038398000098 ], [ -117.557528881, 47.803026485 ], [ -117.557574362, 47.803025789000102 ], [ -117.557632316, 47.8030292810001 ], [ -117.557695978, 47.803022349000102 ], [ -117.557767994, 47.803032425 ], [ -117.557818598, 47.803029429 ], [ -117.557863454, 47.8030263220001 ], [ -117.557893505, 47.803004226 ], [ -117.557905866, 47.8029762520001 ], [ -117.557931505, 47.802949712 ], [ -117.557979043, 47.802951286000102 ], [ -117.558020991, 47.802930843000098 ], [ -117.558064709, 47.802928829000102 ], [ -117.558117966, 47.802928918000099 ], [ -117.558157101, 47.802910354000097 ], [ -117.558194398, 47.802898807000098 ], [ -117.55824362, 47.802894983 ], [ -117.558296208, 47.802905843000097 ], [ -117.55833931, 47.80291234 ], [ -117.558381402, 47.802878189000097 ], [ -117.558423492, 47.802867091000103 ], [ -117.558482883, 47.802868 ], [ -117.558526948, 47.802866606000102 ], [ -117.558571875, 47.802864084000099 ], [ -117.558617102, 47.802854374 ], [ -117.558663556, 47.802843549 ], [ -117.558713271, 47.802854036 ], [ -117.558762274, 47.802861339000103 ], [ -117.558800378, 47.80283732 ], [ -117.558850626, 47.802833947000103 ], [ -117.558909367, 47.802830461 ], [ -117.558965419, 47.802817765 ], [ -117.559004568, 47.802808177 ], [ -117.559045716, 47.802811 ], [ -117.559096685, 47.802804233000103 ], [ -117.559142323, 47.802785039000099 ], [ -117.559199341, 47.802793437 ], [ -117.559234428, 47.802813148 ], [ -117.559276862, 47.802825082 ], [ -117.559316473, 47.802816696 ], [ -117.559366217, 47.802815710000097 ], [ -117.559413312, 47.802818619 ], [ -117.559455454, 47.802815271 ], [ -117.559502884, 47.802817287 ], [ -117.559550317, 47.802805721 ], [ -117.559542232, 47.802776881000099 ], [ -117.559589725, 47.802777567000099 ], [ -117.559640524, 47.802772113000103 ], [ -117.559683192, 47.802767279000101 ], [ -117.55972784, 47.802755477000098 ], [ -117.559778979, 47.802750321000097 ], [ -117.559822358, 47.802742664 ], [ -117.559864355, 47.802744143 ], [ -117.559876301, 47.802806974000099 ], [ -117.559932858, 47.802805884000101 ], [ -117.559980011, 47.802798267000099 ], [ -117.560019839, 47.802787366000103 ], [ -117.560068083, 47.802783381 ], [ -117.560111524, 47.80278128 ], [ -117.560175902, 47.802771562 ], [ -117.560219434, 47.802763321 ], [ -117.560275111, 47.802759393 ], [ -117.560328058, 47.802751640000103 ], [ -117.56036021, 47.802732965000096 ], [ -117.560404179, 47.802709917000101 ], [ -117.560434934, 47.80268965 ], [ -117.560491686, 47.802685371000102 ], [ -117.560550067, 47.80267092 ], [ -117.560540621, 47.8026023950001 ], [ -117.560586816, 47.802581690000103 ], [ -117.561137142, 47.802408850000099 ], [ -117.561527479, 47.802086826 ], [ -117.56196279, 47.801966455000098 ], [ -117.562420931, 47.801978631000097 ], [ -117.562918064, 47.802033873 ], [ -117.563361058, 47.801832709000102 ], [ -117.563583315, 47.801808626000103 ], [ -117.56561065, 47.801805695 ], [ -117.566746076, 47.801469177000101 ], [ -117.568767327, 47.800909996 ], [ -117.570306469, 47.800226442000103 ], [ -117.571395401, 47.799467659000101 ], [ -117.571808109, 47.799014342000099 ], [ -117.572624795, 47.7978147950001 ], [ -117.572916896, 47.797185893000098 ], [ -117.573322281, 47.796790279 ], [ -117.573631561, 47.796413858000101 ], [ -117.574758266, 47.796444442000102 ], [ -117.576188024, 47.7962823760001 ], [ -117.577325835, 47.796178087 ], [ -117.578255217, 47.796124124000102 ], [ -117.578714877, 47.796114766000102 ], [ -117.579165656, 47.796246268000097 ], [ -117.580464874, 47.7962137150001 ], [ -117.581259018, 47.796326898000103 ], [ -117.583176836, 47.796826373 ], [ -117.584492434, 47.797344024 ], [ -117.584635298, 47.797400236 ], [ -117.584476988, 47.797507014000097 ], [ -117.584350677, 47.797482426 ], [ -117.584059221, 47.797485101000099 ], [ -117.583893586, 47.797569086000102 ], [ -117.583798823, 47.797713518000101 ], [ -117.583785286, 47.797792152000099 ], [ -117.583725562, 47.7978461800001 ], [ -117.583903141, 47.797970284 ], [ -117.583967644, 47.798142531000103 ], [ -117.583913405, 47.798208767000098 ], [ -117.583884129, 47.798297844 ], [ -117.583884129, 47.798391547000101 ], [ -117.583832465, 47.7984551710001 ], [ -117.583718804, 47.798506072000102 ], [ -117.583618922, 47.798525738000102 ], [ -117.583510426, 47.798593991000097 ], [ -117.583479428, 47.798668027000097 ], [ -117.583274379, 47.798750383 ], [ -117.583237747, 47.798732655 ], [ -117.583196669, 47.798747565 ], [ -117.583165581, 47.79872629 ], [ -117.583126639, 47.798746126 ], [ -117.583092497, 47.7987672510001 ], [ -117.58304699, 47.798789135 ], [ -117.582997444, 47.798789669 ], [ -117.582954171, 47.798774831000102 ], [ -117.582905671, 47.7987770330001 ], [ -117.582853567, 47.798771188 ], [ -117.582822428, 47.798745188000098 ], [ -117.582832292, 47.798714715000102 ], [ -117.582833298, 47.7986802510001 ], [ -117.582822458, 47.7986515320001 ], [ -117.582828774, 47.798620476000103 ], [ -117.582839614, 47.798590204 ], [ -117.582861571, 47.798558452000101 ], [ -117.582853509, 47.798526491000104 ], [ -117.582847244, 47.798495492 ], [ -117.582838589, 47.798460333 ], [ -117.582789476, 47.798443724 ], [ -117.582733626, 47.798438901000097 ], [ -117.582688935, 47.79843993 ], [ -117.582641747, 47.798440601 ], [ -117.582587809, 47.7984368850001 ], [ -117.582552491, 47.798416595 ], [ -117.582505723, 47.798399463000102 ], [ -117.582460459, 47.798376729 ], [ -117.58243174, 47.79834242 ], [ -117.582437682, 47.798308559000098 ], [ -117.582442719, 47.798280983 ], [ -117.582442615, 47.7982469620001 ], [ -117.582446895, 47.798208624 ], [ -117.582460543, 47.798169710000103 ], [ -117.582484448, 47.798132865000099 ], [ -117.582490189, 47.798103746 ], [ -117.5825067, 47.798078295 ], [ -117.58251591, 47.798044904000101 ], [ -117.582509366, 47.798013869 ], [ -117.582470538, 47.797990441000103 ], [ -117.582435663, 47.797968828000101 ], [ -117.582399994, 47.797954772 ], [ -117.582353533, 47.7979496130001 ], [ -117.582300478, 47.797946743000097 ], [ -117.582247653, 47.797942467 ], [ -117.582194029, 47.797945797000096 ], [ -117.582141583, 47.7979560570001 ], [ -117.582098215, 47.797965078000097 ], [ -117.582053059, 47.797983082 ], [ -117.582014989, 47.798002957000101 ], [ -117.581982244, 47.798030494 ], [ -117.581953671, 47.798058454000099 ], [ -117.581932559, 47.798088126 ], [ -117.581913776, 47.79811985 ], [ -117.581909372, 47.798153904000102 ], [ -117.581906294, 47.798190886 ], [ -117.58190434, 47.798227507 ], [ -117.581898972, 47.798261198 ], [ -117.581899017, 47.7982969030001 ], [ -117.581883876, 47.798327651000101 ], [ -117.5818437, 47.798353058 ], [ -117.581795237, 47.7983684390001 ], [ -117.581786983, 47.798396753000098 ], [ -117.581778706, 47.798429096000099 ], [ -117.581737485, 47.798449126 ], [ -117.581693892, 47.798469590000103 ], [ -117.581647363, 47.798470615 ], [ -117.581602304, 47.798486729 ], [ -117.581554523, 47.798486962 ], [ -117.581507257, 47.7984706760001 ], [ -117.581467491, 47.798452245000099 ], [ -117.581414472, 47.798435927000099 ], [ -117.581409589, 47.798407282 ], [ -117.581451877, 47.798387786 ], [ -117.581500115, 47.798376837 ], [ -117.58154215, 47.798374068 ], [ -117.581552248, 47.7983431850001 ], [ -117.581575657, 47.798312198000097 ], [ -117.581588323, 47.798279746 ], [ -117.581590937, 47.7982462780001 ], [ -117.581600588, 47.798210960000098 ], [ -117.581600142, 47.798175599 ], [ -117.581591663, 47.798139396000103 ], [ -117.581628083, 47.798116855 ], [ -117.581677485, 47.798115895000102 ], [ -117.581720889, 47.798099546000103 ], [ -117.581762188, 47.798072284000099 ], [ -117.581767416, 47.798041875000102 ], [ -117.581749391, 47.798015075000102 ], [ -117.581716282, 47.797991772 ], [ -117.581661697, 47.797982861 ], [ -117.581613336, 47.797967317 ], [ -117.581571645, 47.797951259000101 ], [ -117.581534027, 47.797934178 ], [ -117.581489482, 47.797921951 ], [ -117.581445753, 47.797904756 ], [ -117.58139694, 47.797910513 ], [ -117.581359705, 47.797897134 ], [ -117.581318306, 47.797882407 ], [ -117.581276901, 47.7978786030001 ], [ -117.581231623, 47.7978963690001 ], [ -117.581191576, 47.797913986 ], [ -117.581157204, 47.797940252 ], [ -117.581130983, 47.797961673 ], [ -117.581106911, 47.79798736 ], [ -117.581132044, 47.798024406000103 ], [ -117.581160375, 47.798049592 ], [ -117.581154286, 47.79808725 ], [ -117.581149485, 47.798124200000103 ], [ -117.58114688, 47.798158826000098 ], [ -117.581138314, 47.798186944000101 ], [ -117.581113348, 47.798222289000101 ], [ -117.581098329, 47.7982596250001 ], [ -117.58105335, 47.7982641850001 ], [ -117.581017277, 47.798279074 ], [ -117.581029203, 47.798315594 ], [ -117.581036341, 47.798350547 ], [ -117.581036783, 47.798386928000099 ], [ -117.581038531, 47.798422865000099 ], [ -117.581044122, 47.798459186000102 ], [ -117.581053356, 47.798493709000098 ], [ -117.581069673, 47.798526908 ], [ -117.581095842, 47.798562046 ], [ -117.581127581, 47.798586604 ], [ -117.581166909, 47.798615154000103 ], [ -117.581198329, 47.798648210000103 ], [ -117.581229882, 47.798675548000098 ], [ -117.581259189, 47.798704827000101 ], [ -117.581287967, 47.798734951 ], [ -117.581278418, 47.798772251000102 ], [ -117.58126936, 47.7988084240001 ], [ -117.581283091, 47.7988441890001 ], [ -117.581296226, 47.798878994000098 ], [ -117.581303421, 47.7989105770001 ], [ -117.581305331, 47.798945823000103 ], [ -117.58130912, 47.798976398 ], [ -117.581307441, 47.7990131070001 ], [ -117.581302405, 47.799050972 ], [ -117.581287846, 47.7990864450001 ], [ -117.581270133, 47.7991183440001 ], [ -117.581248479, 47.7991493050001 ], [ -117.581223677, 47.799178178 ], [ -117.58121782, 47.799212829000098 ], [ -117.581202875, 47.799245571 ], [ -117.581202189, 47.799281286000102 ], [ -117.581183761, 47.799300831 ], [ -117.58117162, 47.799313707000103 ], [ -117.581136893, 47.799342602000102 ], [ -117.581105435, 47.799378035000103 ], [ -117.581077657, 47.799401696000103 ], [ -117.581053447, 47.799431938000097 ], [ -117.581022307, 47.799458239 ], [ -117.580991865, 47.799486286 ], [ -117.580946227, 47.799506494000099 ], [ -117.580912136, 47.799534718000103 ], [ -117.580878907, 47.7995568810001 ], [ -117.580838794, 47.799587804000097 ], [ -117.58079923, 47.799597242000097 ], [ -117.580756201, 47.7995865460001 ], [ -117.580708881, 47.79957976 ], [ -117.580683846, 47.799578088 ], [ -117.580658811, 47.799576416 ], [ -117.580609031, 47.799581532 ], [ -117.580559875, 47.799587028000097 ], [ -117.580515532, 47.799572572 ], [ -117.580490404, 47.799539950000103 ], [ -117.580484746, 47.799505278 ], [ -117.580474524, 47.799474917000097 ], [ -117.580474356, 47.799461017000098 ], [ -117.580474186, 47.799447119 ], [ -117.580474726, 47.799431746 ], [ -117.580475266, 47.799416373 ], [ -117.580481387, 47.799377759 ], [ -117.58048611, 47.799343084 ], [ -117.580492945, 47.799312037 ], [ -117.580491713, 47.799299526 ], [ -117.580489653, 47.799278584 ], [ -117.580475694, 47.799242204000102 ], [ -117.580462989, 47.799208708 ], [ -117.580458769, 47.799181320000102 ], [ -117.580414966, 47.799174158 ], [ -117.580367056, 47.799160973 ], [ -117.580344503, 47.799129789000098 ], [ -117.580323465, 47.799102164 ], [ -117.580280687, 47.79909845 ], [ -117.580231992, 47.799097697 ], [ -117.580177841, 47.799098140000098 ], [ -117.580125008, 47.799099344000098 ], [ -117.580064367, 47.799099445000103 ], [ -117.580014151, 47.799095931000103 ], [ -117.579961599, 47.799095134 ], [ -117.579919759, 47.799096865000102 ], [ -117.57986061, 47.799098601 ], [ -117.579806447, 47.799086378 ], [ -117.579760462, 47.79906931 ], [ -117.579727866, 47.799044511 ], [ -117.579680988, 47.799050745 ], [ -117.579634709, 47.799047274 ], [ -117.579583853, 47.799039777000097 ], [ -117.579533984, 47.799028789 ], [ -117.579484957, 47.799015156000102 ], [ -117.579448065, 47.798990348000103 ], [ -117.579419651, 47.798960275000098 ], [ -117.579230278, 47.798867335000097 ], [ -117.578474733, 47.798998533 ], [ -117.577965897, 47.799416290000103 ], [ -117.57767036, 47.799519865 ], [ -117.577434653, 47.799392973000103 ], [ -117.577724332, 47.798828249000103 ], [ -117.578492612, 47.797755892000097 ], [ -117.579975315, 47.796831936 ], [ -117.579931912, 47.796831731000097 ], [ -117.579889533, 47.796824589 ], [ -117.579838701, 47.796823257 ], [ -117.579794006, 47.796820541 ], [ -117.579747302, 47.79682087 ], [ -117.579694456, 47.796827106000102 ], [ -117.579647085, 47.796831352 ], [ -117.579593084, 47.796838324000099 ], [ -117.579545075, 47.796844148 ], [ -117.579497612, 47.796848462000099 ], [ -117.579449381, 47.796852302 ], [ -117.579403725, 47.796861719 ], [ -117.579356619, 47.796874689 ], [ -117.579303257, 47.796880566 ], [ -117.579252743, 47.796877797 ], [ -117.579212785, 47.796872427 ], [ -117.579167071, 47.796868332 ], [ -117.579128038, 47.79685992 ], [ -117.579073836, 47.796857312 ], [ -117.579029569, 47.796859481000098 ], [ -117.578982487, 47.796856146 ], [ -117.578849018, 47.796851061 ], [ -117.578824188, 47.796849537000099 ], [ -117.578778637, 47.796852986 ], [ -117.578767352, 47.79685384 ], [ -117.578715208, 47.796858926 ], [ -117.578668161, 47.7968759520001 ], [ -117.578633511, 47.796904831000099 ], [ -117.578596801, 47.796927059 ], [ -117.578545523, 47.7969443900001 ], [ -117.578492875, 47.796949563000098 ], [ -117.578438978, 47.796953188 ], [ -117.578381183, 47.796952100000098 ], [ -117.578330203, 47.796945501 ], [ -117.578287331, 47.796937705000097 ], [ -117.578231994, 47.796931685000096 ], [ -117.578181992, 47.796921500000103 ], [ -117.578133366, 47.796914349000097 ], [ -117.57808873, 47.796903259 ], [ -117.578035844, 47.796893132 ], [ -117.577988865, 47.796886504 ], [ -117.57796459, 47.796883482000098 ], [ -117.577940315, 47.7968804610001 ], [ -117.577889321, 47.796879322000102 ], [ -117.577838842, 47.796880782000102 ], [ -117.57779066, 47.796885956 ], [ -117.577781994, 47.7968872060001 ], [ -117.577569938, 47.796928356000102 ], [ -117.577549867, 47.796933846000101 ], [ -117.577502544, 47.796943955000103 ], [ -117.577455383, 47.796954785 ], [ -117.577414824, 47.796971828 ], [ -117.577374367, 47.796990528 ], [ -117.577330227, 47.797012766000101 ], [ -117.577285112, 47.797031593 ], [ -117.577234243, 47.797043835000103 ], [ -117.577179418, 47.797049822000098 ], [ -117.577041583, 47.797051770000103 ], [ -117.577029205, 47.797079781 ], [ -117.577018815, 47.797110162000102 ], [ -117.576990716, 47.797137798000101 ], [ -117.576948672, 47.797156024000103 ], [ -117.576906127, 47.79717435 ], [ -117.576866477, 47.797194345 ], [ -117.57682064, 47.797212373 ], [ -117.576779575, 47.797231169 ], [ -117.576732266, 47.797247429 ], [ -117.57668732, 47.797260321000103 ], [ -117.576639296, 47.797269824000097 ], [ -117.576587998, 47.797279145000097 ], [ -117.57653702, 47.797284636 ], [ -117.57649115, 47.797293379000102 ], [ -117.576446021, 47.797302807000101 ], [ -117.576397639, 47.797311855 ], [ -117.576349573, 47.797320891 ], [ -117.576304035, 47.797329599000101 ], [ -117.576254738, 47.797337189000103 ], [ -117.576207983, 47.797347734 ], [ -117.576159933, 47.797358699 ], [ -117.576114232, 47.797367014 ], [ -117.576074805, 47.797378241 ], [ -117.576032556, 47.797385403000099 ], [ -117.575986239, 47.797393859000103 ], [ -117.575942411, 47.797399462 ], [ -117.575900692, 47.797407322 ], [ -117.575848771, 47.797416868 ], [ -117.575803689, 47.797424043 ], [ -117.575756902, 47.79743811 ], [ -117.575715513, 47.797448211000102 ], [ -117.5756709, 47.797458464 ], [ -117.575630008, 47.797467873000102 ], [ -117.575580423, 47.797485003000098 ], [ -117.575540119, 47.7974976530001 ], [ -117.575498735, 47.797513577000103 ], [ -117.575458722, 47.797524055000103 ], [ -117.575418143, 47.797542072000098 ], [ -117.575378235, 47.797559030000102 ], [ -117.575340848, 47.797578743 ], [ -117.575301303, 47.797594855000099 ], [ -117.575261457, 47.797611746 ], [ -117.5752249, 47.797633005000101 ], [ -117.575194054, 47.797653699000101 ], [ -117.575155515, 47.797674654 ], [ -117.575122539, 47.797695121000103 ], [ -117.575091986, 47.797712941 ], [ -117.575088782, 47.797714809000098 ], [ -117.575056077, 47.797738094000103 ], [ -117.575024809, 47.7977589770001 ], [ -117.574997265, 47.797782195000103 ], [ -117.574969397, 47.797805272000097 ], [ -117.574944524, 47.79783272 ], [ -117.574924735, 47.7978594960001 ], [ -117.574913863, 47.797892109 ], [ -117.574886818, 47.7979185250001 ], [ -117.574865179, 47.797948594 ], [ -117.574845757, 47.797980151 ], [ -117.574837593, 47.798010573000099 ], [ -117.574838173, 47.798039200000098 ], [ -117.57486248, 47.798066488000103 ], [ -117.574894194, 47.798086365000103 ], [ -117.57492415, 47.798118274 ], [ -117.574953565, 47.798139706 ], [ -117.574989201, 47.798163533 ], [ -117.575021251, 47.798188426000102 ], [ -117.575054559, 47.798207955000102 ], [ -117.575086003, 47.798231088000101 ], [ -117.575121574, 47.798256959000099 ], [ -117.575150258, 47.79827679 ], [ -117.575177022, 47.798306282000098 ], [ -117.575207685, 47.798331236000102 ], [ -117.575228528, 47.798366897000101 ], [ -117.575238168, 47.798402261 ], [ -117.57526587, 47.798432989 ], [ -117.575291041, 47.798468876000101 ], [ -117.575313665, 47.798499476000103 ], [ -117.575335692, 47.7985333170001 ], [ -117.57535679, 47.798564082 ], [ -117.575367295, 47.7985962650001 ], [ -117.575374786, 47.798628937 ], [ -117.575371802, 47.798665964000101 ], [ -117.575372949, 47.798694798 ], [ -117.575361955, 47.7987269280001 ], [ -117.575352782, 47.798761265000103 ], [ -117.575367058, 47.798789069000101 ], [ -117.575388253, 47.798820914 ], [ -117.575367177, 47.798845573000101 ], [ -117.575330136, 47.798869339000099 ], [ -117.575327497, 47.798900695 ], [ -117.575323643, 47.798929087 ], [ -117.575324964, 47.798964309 ], [ -117.575317565, 47.798996384000098 ], [ -117.575299484, 47.799024948000103 ], [ -117.575269661, 47.799045796 ], [ -117.575256956, 47.799075455 ], [ -117.575240048, 47.799108785 ], [ -117.575200826, 47.799133828 ], [ -117.575168992, 47.799156954000097 ], [ -117.575137011, 47.799179996000099 ], [ -117.575107336, 47.799205117 ], [ -117.575075376, 47.7992240660001 ], [ -117.575055982, 47.799252350000103 ], [ -117.575044288, 47.799286725000101 ], [ -117.575033759, 47.799317182 ], [ -117.575020103, 47.799344327 ], [ -117.575019228, 47.799375515000101 ], [ -117.575011411, 47.799408303000099 ], [ -117.575018821, 47.799440831 ], [ -117.575029165, 47.79947201 ], [ -117.57504321, 47.799503448000102 ], [ -117.575081305, 47.799520703 ], [ -117.57513658, 47.799524203 ], [ -117.575160825, 47.799553589 ], [ -117.57517673, 47.799587991000102 ], [ -117.575158024, 47.7996224830001 ], [ -117.575133602, 47.799651962 ], [ -117.575119432, 47.799681591000102 ], [ -117.575164876, 47.799697243 ], [ -117.575194613, 47.799727150000102 ], [ -117.575249407, 47.799755241000099 ], [ -117.575253441, 47.79978678 ], [ -117.575242148, 47.799821336 ], [ -117.575234068, 47.7998516500001 ], [ -117.575235482, 47.799880385000101 ], [ -117.575228182, 47.799908665 ], [ -117.575225165, 47.799936964 ], [ -117.57522107, 47.7999659010001 ], [ -117.575186414, 47.799988703000103 ], [ -117.575206726, 47.800013810000102 ], [ -117.575192052, 47.800043996000099 ], [ -117.575167813, 47.800074740000099 ], [ -117.575185522, 47.800102675000097 ], [ -117.575193909, 47.8001332790001 ], [ -117.575191556, 47.800164839 ], [ -117.575177187, 47.800195486000099 ], [ -117.575161964, 47.800243312000099 ], [ -117.575124715, 47.800274065000103 ], [ -117.575110592, 47.800301661 ], [ -117.575100514, 47.800330971000101 ], [ -117.575105138, 47.800359883000098 ], [ -117.575094731, 47.8003904810001 ], [ -117.575080093, 47.800421403 ], [ -117.575065616, 47.800449851000103 ], [ -117.575050268, 47.800480275 ], [ -117.575032608, 47.800511335000103 ], [ -117.575013235, 47.8005445370001 ], [ -117.574996642, 47.800581152000099 ], [ -117.574976413, 47.800609975 ], [ -117.574959371, 47.800640308 ], [ -117.57492462, 47.8006645560001 ], [ -117.574899588, 47.800687289000102 ], [ -117.574869234, 47.800716703 ], [ -117.574836543, 47.800744485000102 ], [ -117.574812999, 47.800767121 ], [ -117.574809134, 47.8007998470001 ], [ -117.574820761, 47.800830579 ], [ -117.574788447, 47.800851087000098 ], [ -117.574747639, 47.800866451 ], [ -117.574701837, 47.800881293 ], [ -117.57468032, 47.8009062020001 ], [ -117.57464032, 47.80093033 ], [ -117.574600365, 47.800943132 ], [ -117.574555566, 47.8009681710001 ], [ -117.574514333, 47.800984933000102 ], [ -117.574471979, 47.800994773000099 ], [ -117.574433459, 47.801009025 ], [ -117.574391562, 47.801014041 ], [ -117.574346507, 47.801016533000102 ], [ -117.574292905, 47.801006741 ], [ -117.574241499, 47.801004284 ], [ -117.574199118, 47.801007124000101 ], [ -117.574159372, 47.801020415 ], [ -117.574120824, 47.801029402 ], [ -117.57406939, 47.801036786000097 ], [ -117.574019488, 47.801038543000097 ], [ -117.573970685, 47.801039436000103 ], [ -117.573926823, 47.801023877 ], [ -117.573899268, 47.800999145 ], [ -117.573863914, 47.800974946000103 ], [ -117.573812865, 47.800973719000098 ], [ -117.573772289, 47.800988859 ], [ -117.573755164, 47.801014206 ], [ -117.573747401, 47.801048855 ], [ -117.573714401, 47.8010678260001 ], [ -117.573672369, 47.801061367 ], [ -117.573632815, 47.801054026 ], [ -117.573589584, 47.801063109 ], [ -117.57354755, 47.801065883 ], [ -117.57351157, 47.8010793380001 ], [ -117.573485222, 47.801101047 ], [ -117.57344396, 47.801117142000102 ], [ -117.573400073, 47.801114820000102 ], [ -117.573355806, 47.801116266000101 ], [ -117.573309235, 47.801116829000101 ], [ -117.573267607, 47.801112316000101 ], [ -117.573220788, 47.801096434 ], [ -117.57317441, 47.801096392 ], [ -117.573134492, 47.801084282 ], [ -117.573112033, 47.801060229 ], [ -117.573075516, 47.801048075 ], [ -117.573033081, 47.801061525000101 ], [ -117.572993749, 47.801084173 ], [ -117.572960446, 47.801100313000099 ], [ -117.572910043, 47.801114032 ], [ -117.572871889, 47.801128403000099 ], [ -117.572825402, 47.801129801000101 ], [ -117.572782037, 47.801125507000101 ], [ -117.572737673, 47.80112304 ], [ -117.572691901, 47.801116116000102 ], [ -117.572658098, 47.801098771000099 ], [ -117.572620542, 47.801079637 ], [ -117.572589669, 47.801052890000101 ], [ -117.572587231, 47.80102313 ], [ -117.5726111, 47.800997448 ], [ -117.572615954, 47.800966295000102 ], [ -117.572602261, 47.800937074 ], [ -117.572608318, 47.800908005000103 ], [ -117.57263325, 47.800881201 ], [ -117.572674639, 47.800864482000101 ], [ -117.572703754, 47.8008390460001 ], [ -117.572730973, 47.800814159 ], [ -117.572748001, 47.8007863240001 ], [ -117.572764439, 47.8007574270001 ], [ -117.572803144, 47.8007409350001 ], [ -117.572839581, 47.800727632000097 ], [ -117.572868923, 47.800707337000098 ], [ -117.572887389, 47.800682281 ], [ -117.572885542, 47.800652429000102 ], [ -117.572912568, 47.80062515 ], [ -117.572926303, 47.800592573000102 ], [ -117.572968035, 47.800570852000099 ], [ -117.573012613, 47.800575581 ], [ -117.573057514, 47.80057193 ], [ -117.57310068, 47.800565663 ], [ -117.573146608, 47.800555582000101 ], [ -117.573192697, 47.800556398 ], [ -117.573244243, 47.80054188 ], [ -117.573258983, 47.800515892000099 ], [ -117.573281591, 47.8004843840001 ], [ -117.573315988, 47.800463281000098 ], [ -117.573358855, 47.800447491000099 ], [ -117.573399677, 47.800434086000102 ], [ -117.573433224, 47.800417377 ], [ -117.573457128, 47.800391388 ], [ -117.573491898, 47.800370354000101 ], [ -117.573535113, 47.800351601 ], [ -117.573548463, 47.800319952000102 ], [ -117.573542898, 47.800286295 ], [ -117.573539733, 47.800255744 ], [ -117.573521594, 47.800227730000103 ], [ -117.573504005, 47.800201258000101 ], [ -117.573481311, 47.800177155 ], [ -117.573470905, 47.800150622 ], [ -117.57347275, 47.800121378 ], [ -117.57344703, 47.800088867000099 ], [ -117.573429057, 47.800063633 ], [ -117.573408909, 47.800037939 ], [ -117.573386708, 47.800010962 ], [ -117.573361531, 47.799984784000102 ], [ -117.573325371, 47.79996276 ], [ -117.57328782, 47.799944463 ], [ -117.573245541, 47.799938436 ], [ -117.573197372, 47.799939463 ], [ -117.573152081, 47.799959041000101 ], [ -117.573119521, 47.799982825 ], [ -117.57310078, 47.800010904 ], [ -117.573091813, 47.8000405720001 ], [ -117.573056561, 47.800059234000102 ], [ -117.573015368, 47.800074002 ], [ -117.572973238, 47.800098377 ], [ -117.572941607, 47.8001205 ], [ -117.572913892, 47.800146137000098 ], [ -117.572876224, 47.80016476 ], [ -117.572841152, 47.800187253 ], [ -117.572813537, 47.800209485 ], [ -117.572777511, 47.800234329 ], [ -117.572747491, 47.800264892 ], [ -117.572736592, 47.800295798 ], [ -117.572725441, 47.800327643000102 ], [ -117.572706735, 47.800355718 ], [ -117.572685069, 47.800383912 ], [ -117.572664162, 47.800414361 ], [ -117.572633588, 47.800439223000097 ], [ -117.572591069, 47.80045096 ], [ -117.572555779, 47.800479754 ], [ -117.572533677, 47.8005129310001 ], [ -117.572502216, 47.800534689000102 ], [ -117.572476782, 47.800558226000099 ], [ -117.572449332, 47.8005852490001 ], [ -117.572413718, 47.800608545 ], [ -117.572380204, 47.800635688000099 ], [ -117.572346052, 47.800658059000099 ], [ -117.572321123, 47.800684287000102 ], [ -117.572292169, 47.800707999000103 ], [ -117.572254828, 47.800734995 ], [ -117.572233349, 47.8007589690001 ], [ -117.572194104, 47.800775612000102 ], [ -117.572161092, 47.800792481 ], [ -117.57213167, 47.800816929000099 ], [ -117.572105601, 47.800839940000103 ], [ -117.572081981, 47.800864002 ], [ -117.572051808, 47.8008851720001 ], [ -117.57201354, 47.800906543000103 ], [ -117.571986798, 47.800932556000099 ], [ -117.571943237, 47.8009476450001 ], [ -117.571896136, 47.800957604000097 ], [ -117.571856785, 47.800972056 ], [ -117.571827379, 47.800993744 ], [ -117.571792855, 47.801013653 ], [ -117.571759053, 47.801030019000102 ], [ -117.571735902, 47.801055815 ], [ -117.571703297, 47.801081364 ], [ -117.571672204, 47.801099765000103 ], [ -117.571627024, 47.801113259 ], [ -117.571589441, 47.801126698000097 ], [ -117.571544209, 47.801140122 ], [ -117.571510999, 47.801156501 ], [ -117.571473341, 47.801176932 ], [ -117.571440245, 47.8011993430001 ], [ -117.571405176, 47.801217386000097 ], [ -117.571370223, 47.801237814 ], [ -117.571338998, 47.801260560000102 ], [ -117.571314078, 47.8012831120001 ], [ -117.571281485, 47.801307993000101 ], [ -117.571247923, 47.801330577 ], [ -117.571222917, 47.801352745 ], [ -117.571203763, 47.801378140000097 ], [ -117.571195724, 47.801407012 ], [ -117.571196261, 47.801437308000096 ], [ -117.571178012, 47.801471621000097 ], [ -117.571146327, 47.8014897730001 ], [ -117.571118901, 47.8015113370001 ], [ -117.571101351, 47.801536432 ], [ -117.571065992, 47.801564387 ], [ -117.571031347, 47.801579976 ], [ -117.570985295, 47.801586894000103 ], [ -117.570936678, 47.801601455 ], [ -117.570921748, 47.801627857 ], [ -117.570937751, 47.801653499000103 ], [ -117.570957746, 47.801679253 ], [ -117.570987943, 47.80170309 ], [ -117.570978178, 47.801738365000098 ], [ -117.570963407, 47.801764136 ], [ -117.570952895, 47.801794878000102 ], [ -117.570957716, 47.801822799 ], [ -117.570967471, 47.8018494660001 ], [ -117.570973145, 47.801884904000097 ], [ -117.570922057, 47.801964493000099 ], [ -117.570913868, 47.801977251 ], [ -117.570810581, 47.802023405000099 ], [ -117.570571109, 47.802130412000103 ], [ -117.570306778, 47.802095292 ], [ -117.570180422, 47.802242599000103 ], [ -117.569999795, 47.802359369 ], [ -117.569561712, 47.802642571 ], [ -117.56947523, 47.802729085000102 ], [ -117.569263268, 47.8029411260001 ], [ -117.569151813, 47.802958740000101 ], [ -117.56904036, 47.802976355000098 ], [ -117.569008745, 47.802975597000099 ], [ -117.568620768, 47.802966289 ], [ -117.568379127, 47.80284047 ], [ -117.568246145, 47.802622421000102 ], [ -117.568203555, 47.802603918 ], [ -117.56817055, 47.802576800000097 ], [ -117.568140283, 47.802554377 ], [ -117.568100914, 47.8025402640001 ], [ -117.568058938, 47.802527508 ], [ -117.56801051, 47.802524722 ], [ -117.567961127, 47.8025284450001 ], [ -117.567916689, 47.8025332570001 ], [ -117.567866257, 47.802533068000102 ], [ -117.567819358, 47.802531011 ], [ -117.567770098, 47.802531136 ], [ -117.567724857, 47.8025366890001 ], [ -117.567670163, 47.802546918000097 ], [ -117.567631755, 47.802568732000097 ], [ -117.567585753, 47.802557573000101 ], [ -117.567533911, 47.802563142000103 ], [ -117.567499062, 47.802577361 ], [ -117.567498684, 47.802607245 ], [ -117.567506911, 47.802637917 ], [ -117.567484222, 47.802662906000101 ], [ -117.567487608, 47.802693610000098 ], [ -117.567493307, 47.80272318 ], [ -117.567492961, 47.802756919 ], [ -117.567492536, 47.802785569 ], [ -117.567454055, 47.802795327000098 ], [ -117.567408129, 47.802801038 ], [ -117.567361482, 47.802802365 ], [ -117.567311526, 47.80280457 ], [ -117.567256314, 47.802807957 ], [ -117.5672073, 47.802808303000099 ], [ -117.567159336, 47.802803385000097 ], [ -117.567124219, 47.802826889000102 ], [ -117.567135909, 47.802864004000099 ], [ -117.567135827, 47.802894305000102 ], [ -117.567182832, 47.802987141000102 ], [ -117.567189537, 47.8030166120001 ], [ -117.567170773, 47.8030467950001 ], [ -117.567141736, 47.8030796950001 ], [ -117.567101945, 47.803097648000097 ], [ -117.567070982, 47.803125079 ], [ -117.567053941, 47.8031581770001 ], [ -117.567022474, 47.8031899530001 ], [ -117.566987037, 47.803214282000098 ], [ -117.566946869, 47.803224009000097 ], [ -117.566901306, 47.803223844000101 ], [ -117.56685306, 47.8032152930001 ], [ -117.56680524, 47.803216330000097 ], [ -117.566767769, 47.803228539 ], [ -117.5667307, 47.803242907 ], [ -117.566714216, 47.803268938 ], [ -117.566715342, 47.803296801 ], [ -117.566724105, 47.803335998000101 ], [ -117.566725475, 47.803365310000103 ], [ -117.566726824, 47.8034004310001 ], [ -117.566726784, 47.803433808000101 ], [ -117.566722692, 47.803464868 ], [ -117.566712855, 47.803498314000102 ], [ -117.56669737, 47.80352967 ], [ -117.566672212, 47.803558780000103 ], [ -117.566650041, 47.803588669000099 ], [ -117.566619558, 47.803611204 ], [ -117.56657931, 47.803626809 ], [ -117.566534267, 47.803644195000103 ], [ -117.566479281, 47.803647391 ], [ -117.566426536, 47.803647126 ], [ -117.56637556, 47.803635052000097 ], [ -117.566332453, 47.803618658000097 ], [ -117.56628095, 47.803604624000101 ], [ -117.566235917, 47.803599990000102 ], [ -117.566184083, 47.803593355 ], [ -117.566141553, 47.803612533 ], [ -117.566120291, 47.803639937000099 ], [ -117.5661012, 47.803669198000101 ], [ -117.566080963, 47.803696057000103 ], [ -117.566088358, 47.8037287820001 ], [ -117.566092722, 47.803761217 ], [ -117.566090433, 47.803792824 ], [ -117.566080096, 47.803825502000102 ], [ -117.566054713, 47.803849223 ], [ -117.566052181, 47.803877839000101 ], [ -117.566056572, 47.803910645 ], [ -117.566035822, 47.80393995 ], [ -117.56602235, 47.8039685970001 ], [ -117.566007945, 47.803996898 ], [ -117.566001191, 47.804010743 ], [ -117.565994438, 47.804024588000097 ], [ -117.565984576, 47.804056761 ], [ -117.565968041, 47.804087137000103 ], [ -117.565944183, 47.804112840000101 ], [ -117.565913655, 47.80413939 ], [ -117.56590198, 47.804169548000097 ], [ -117.565888238, 47.804201812 ], [ -117.565860769, 47.80422371 ], [ -117.565838161, 47.80424722 ], [ -117.565828757, 47.804276550000097 ], [ -117.565822239, 47.804283337000101 ], [ -117.565803162, 47.804303202 ], [ -117.565785323, 47.804328171000101 ], [ -117.56579374, 47.804360299000102 ], [ -117.565783289, 47.8043895220001 ], [ -117.565762183, 47.8044169140001 ], [ -117.565734487, 47.804445463 ], [ -117.565722474, 47.804474009 ], [ -117.565708379, 47.804502702 ], [ -117.5656923, 47.804529421 ], [ -117.565668631, 47.804557460000098 ], [ -117.565634789, 47.804588982 ], [ -117.565609848, 47.804616924000101 ], [ -117.56558358, 47.804640728 ], [ -117.56555879, 47.804664427 ], [ -117.565536737, 47.804695685000098 ], [ -117.565513489, 47.804726375 ], [ -117.565482048, 47.804744906000103 ], [ -117.565451532, 47.804768074 ], [ -117.565400707, 47.804767536 ], [ -117.56535918, 47.804766137000101 ], [ -117.565313565, 47.804761311 ], [ -117.565269658, 47.8047485270001 ], [ -117.565226729, 47.804748920000101 ], [ -117.565146372, 47.804716985 ], [ -117.565105737, 47.804700889000102 ], [ -117.565064595, 47.804680266 ], [ -117.565023683, 47.804667626 ], [ -117.564978693, 47.804657692 ], [ -117.564924711, 47.804653848 ], [ -117.56486806, 47.804654604000099 ], [ -117.564821819, 47.804662336 ], [ -117.564780075, 47.804658043000103 ], [ -117.564734875, 47.8046421660001 ], [ -117.564695898, 47.8046201780001 ], [ -117.564648988, 47.804629573000099 ], [ -117.564608724, 47.804642772000101 ], [ -117.564567634, 47.804662855000103 ], [ -117.564530149, 47.804679429 ], [ -117.564479243, 47.804691238 ], [ -117.564430161, 47.804697447000102 ], [ -117.564395237, 47.804676612 ], [ -117.564365718, 47.804649561000097 ], [ -117.564350328, 47.804636229 ], [ -117.564333131, 47.804621334 ], [ -117.564288879, 47.804590897 ], [ -117.564275332, 47.804560814000098 ], [ -117.564249087, 47.804529802 ], [ -117.564229886, 47.804503767 ], [ -117.564232275, 47.804475846000102 ], [ -117.564244805, 47.804441798 ], [ -117.564268974, 47.804408632 ], [ -117.564284584, 47.804371655000097 ], [ -117.564295967, 47.804344232000098 ], [ -117.5643054, 47.804310201000099 ], [ -117.564314911, 47.804275867000101 ], [ -117.564350618, 47.8042558080001 ], [ -117.564389511, 47.804238899 ], [ -117.564431049, 47.804230214 ], [ -117.564460988, 47.804209767 ], [ -117.564487252, 47.804184703 ], [ -117.564511071, 47.804156065 ], [ -117.564528594, 47.804131017 ], [ -117.564545428, 47.804103651 ], [ -117.564557649, 47.8040766250001 ], [ -117.564583383, 47.804049596 ], [ -117.564629538, 47.804045007000099 ], [ -117.564666948, 47.804027368 ], [ -117.564691292, 47.804002629000102 ], [ -117.564720968, 47.803980755000097 ], [ -117.564751572, 47.803959632 ], [ -117.564758167, 47.803926452 ], [ -117.56474202, 47.803893787 ], [ -117.564711083, 47.803864289 ], [ -117.564679631, 47.8038365620001 ], [ -117.564655805, 47.803808367 ], [ -117.564629784, 47.803781692 ], [ -117.564603092, 47.803755545000101 ], [ -117.564570179, 47.803730543 ], [ -117.564538777, 47.803702722 ], [ -117.564504011, 47.803680019000097 ], [ -117.564467832, 47.803666851000102 ], [ -117.564419575, 47.803656244000102 ], [ -117.564365043, 47.803659418000102 ], [ -117.564322082, 47.803676572 ], [ -117.564280727, 47.803699214000098 ], [ -117.564249012, 47.803718969 ], [ -117.564203331, 47.803733289 ], [ -117.564207498, 47.803765496 ], [ -117.564206106, 47.803797718000098 ], [ -117.564183355, 47.803825111 ], [ -117.564187972, 47.803858743 ], [ -117.564222524, 47.803883586 ], [ -117.564200845, 47.803914786000099 ], [ -117.564189843, 47.803948146 ], [ -117.564181388, 47.803983706000103 ], [ -117.564178869, 47.804012568000097 ], [ -117.564178001, 47.804040162 ], [ -117.564172595, 47.804075053000098 ], [ -117.564158816, 47.804105533 ], [ -117.564158286, 47.8041372590001 ], [ -117.564162726, 47.804166998 ], [ -117.564158854, 47.80419455 ], [ -117.564141087, 47.804230718 ], [ -117.564102855, 47.804273188000103 ], [ -117.564072298, 47.804294527000103 ], [ -117.564041053, 47.804316779 ], [ -117.564008441, 47.804335414 ], [ -117.563966088, 47.80435549 ], [ -117.563919214, 47.804359797000103 ], [ -117.563876259, 47.804380377 ], [ -117.563846766, 47.804407465000097 ], [ -117.563821782, 47.804431535 ], [ -117.56378727, 47.804457174 ], [ -117.563747568, 47.804472675000099 ], [ -117.563715422, 47.804493547 ], [ -117.563670182, 47.804483754 ], [ -117.563629968, 47.804457745 ], [ -117.563605217, 47.804434026000102 ], [ -117.56357702, 47.804406571000101 ], [ -117.563550518, 47.804370454 ], [ -117.563573656, 47.804336375 ], [ -117.563584867, 47.804303916 ], [ -117.563596998, 47.804270127000102 ], [ -117.563607691, 47.804243261000103 ], [ -117.563643195, 47.804228224 ], [ -117.563645629, 47.804196339 ], [ -117.563653822, 47.804161826 ], [ -117.563659729, 47.804134135 ], [ -117.563664382, 47.804100475 ], [ -117.563661678, 47.804071173000096 ], [ -117.5636633, 47.804040081 ], [ -117.563660575, 47.8040073230001 ], [ -117.56365395, 47.803972819000101 ], [ -117.563651096, 47.803945066 ], [ -117.563641658, 47.803916788 ], [ -117.563618381, 47.803882585000103 ], [ -117.563605345, 47.803854785000098 ], [ -117.563568392, 47.803828769000098 ], [ -117.563535436, 47.803809230000098 ], [ -117.563500196, 47.803790844 ], [ -117.563453215, 47.803767154000099 ], [ -117.563411555, 47.803768403 ], [ -117.563369648, 47.803779687 ], [ -117.563326603, 47.803785191 ], [ -117.563278958, 47.803795757 ], [ -117.56323689, 47.8038140210001 ], [ -117.563193654, 47.803820482 ], [ -117.563149173, 47.803831381000101 ], [ -117.563106677, 47.803840319000102 ], [ -117.563060372, 47.803856028 ], [ -117.56301933, 47.803870694000103 ], [ -117.562977968, 47.803878571 ], [ -117.562940435, 47.803895665 ], [ -117.562900525, 47.803914872000099 ], [ -117.562863916, 47.803939321 ], [ -117.562838279, 47.8039697070001 ], [ -117.562814317, 47.803998932000098 ], [ -117.562769541, 47.804014404 ], [ -117.562711944, 47.804023145 ], [ -117.562667015, 47.804017318 ], [ -117.562629606, 47.804003589 ], [ -117.562586229, 47.804004677000101 ], [ -117.562543662, 47.80401894 ], [ -117.562497322, 47.8040362 ], [ -117.562454804, 47.804050983000103 ], [ -117.562429265, 47.804077992 ], [ -117.562475058, 47.804094974000101 ], [ -117.562503043, 47.804118526000103 ], [ -117.562487498, 47.804150488000097 ], [ -117.56246324, 47.804179706000099 ], [ -117.562433406, 47.804205092000103 ], [ -117.562411769, 47.804233158 ], [ -117.562399083, 47.804269186000099 ], [ -117.562428404, 47.804294665 ], [ -117.562472153, 47.804294602 ], [ -117.562513504, 47.804304539 ], [ -117.562527982, 47.804334725 ], [ -117.562529779, 47.804368765 ], [ -117.562546954, 47.8044026950001 ], [ -117.562562391, 47.804435432 ], [ -117.562532745, 47.804460071000101 ], [ -117.562494695, 47.804486656000101 ], [ -117.562461791, 47.8045149370001 ], [ -117.562424817, 47.804535110000103 ], [ -117.562386589, 47.804564231 ], [ -117.562367151, 47.804592879 ], [ -117.562326852, 47.804604963 ], [ -117.562277404, 47.804618819 ], [ -117.562258574, 47.804650164000101 ], [ -117.562237456, 47.804681305 ], [ -117.562218459, 47.804713583000101 ], [ -117.562199159, 47.804748204000099 ], [ -117.562178615, 47.804778564000102 ], [ -117.562160782, 47.804812861000102 ], [ -117.56215508, 47.804847250000101 ], [ -117.562153704, 47.804879889000098 ], [ -117.562147755, 47.804913982000102 ], [ -117.562147468, 47.80491641 ], [ -117.562143365, 47.804951234 ], [ -117.562102228, 47.804974928 ], [ -117.56206063, 47.804966737 ], [ -117.562006414, 47.804951092000103 ], [ -117.561958197, 47.804960627000099 ], [ -117.561921953, 47.804982458 ], [ -117.561884769, 47.805009568000102 ], [ -117.561858725, 47.805038812000099 ], [ -117.56181942, 47.805058556000098 ], [ -117.561782281, 47.805075379000101 ], [ -117.561729327, 47.805085294 ], [ -117.561670696, 47.805081165 ], [ -117.561623294, 47.805072099 ], [ -117.561573921, 47.805061480000099 ], [ -117.561519127, 47.805059414 ], [ -117.561470496, 47.805059772 ], [ -117.561421983, 47.805055225 ], [ -117.561371239, 47.805059645 ], [ -117.56131613, 47.805067305000101 ], [ -117.561267759, 47.8050744190001 ], [ -117.561217485, 47.805088752000103 ], [ -117.561168358, 47.805078916000099 ], [ -117.561117707, 47.805074101000102 ], [ -117.561101991, 47.805042385 ], [ -117.561136557, 47.805022697 ], [ -117.561171929, 47.804996343 ], [ -117.561222069, 47.804986427000102 ], [ -117.561253639, 47.804978079000101 ], [ -117.561268649, 47.804974111 ], [ -117.561325003, 47.804973698 ], [ -117.561375252, 47.804980282 ], [ -117.561431305, 47.804983654000097 ], [ -117.561479937, 47.804986467 ], [ -117.56151735, 47.804973483 ], [ -117.561538639, 47.804945663000098 ], [ -117.561558899, 47.804907976 ], [ -117.56156681, 47.804872530000097 ], [ -117.561589488, 47.804836095 ], [ -117.561610727, 47.8048104430001 ], [ -117.561617998, 47.804780208000103 ], [ -117.561620717, 47.804752126 ], [ -117.561632603, 47.804716446 ], [ -117.561638704, 47.804684416 ], [ -117.56166222, 47.804654 ], [ -117.561678111, 47.804612658000103 ], [ -117.561680324, 47.804570533000103 ], [ -117.561636942, 47.804543692 ], [ -117.561597273, 47.804514555 ], [ -117.56156508, 47.804493659000102 ], [ -117.561529747, 47.804474101 ], [ -117.561495031, 47.804444645 ], [ -117.561460839, 47.804427582000102 ], [ -117.561421181, 47.804405614000103 ], [ -117.56137131, 47.804394302 ], [ -117.561321602, 47.804385930000102 ], [ -117.561267342, 47.804387698 ], [ -117.561217141, 47.804400101000098 ], [ -117.561169376, 47.804410786000098 ], [ -117.561131344, 47.804427286000099 ], [ -117.561081249, 47.804440327000101 ], [ -117.561053785, 47.804461976 ], [ -117.561015968, 47.804485742000097 ], [ -117.560980837, 47.804501692 ], [ -117.560909864, 47.804516214 ], [ -117.560868816, 47.804513916000097 ], [ -117.560825755, 47.804512844 ], [ -117.560783917, 47.804517776000097 ], [ -117.560735399, 47.804517571000098 ], [ -117.560686841, 47.804522092000099 ], [ -117.560643368, 47.804513486000097 ], [ -117.560595254, 47.804526127 ], [ -117.560543995, 47.804539456 ], [ -117.560498717, 47.8045423780001 ], [ -117.560385288, 47.804562156 ], [ -117.560354639, 47.804582779 ], [ -117.5603436, 47.804616415000098 ], [ -117.560368029, 47.804648951 ], [ -117.560367715, 47.804682774000099 ], [ -117.560391952, 47.804713684 ], [ -117.56037787, 47.804747565000099 ], [ -117.56033629, 47.804751759000098 ], [ -117.560288155, 47.804778281 ], [ -117.560244851, 47.804788916000099 ], [ -117.560191604, 47.804799536000097 ], [ -117.560142686, 47.804818878 ], [ -117.560093229, 47.80482648 ], [ -117.560045521, 47.804836879 ], [ -117.560010364, 47.80485106 ], [ -117.559964826, 47.804807812 ], [ -117.559925851, 47.804794524 ], [ -117.559900567, 47.804764596 ], [ -117.559952045, 47.804771640000098 ], [ -117.55990137, 47.804737726 ], [ -117.559861172, 47.804720662000101 ], [ -117.559878655, 47.804690865000097 ], [ -117.559790083, 47.804630390000099 ], [ -117.55975166, 47.804607922000102 ], [ -117.5597354, 47.804581273000103 ], [ -117.559710747, 47.804556189 ], [ -117.559675043, 47.804533866 ], [ -117.559644766, 47.804509983000102 ], [ -117.55959389, 47.804499942000099 ], [ -117.559552133, 47.804520883000102 ], [ -117.559509274, 47.804542104000099 ], [ -117.559478185, 47.804560075 ], [ -117.559432419, 47.804581482000103 ], [ -117.559393284, 47.804594496 ], [ -117.559358771, 47.804613038000099 ], [ -117.559337699, 47.804648411000102 ], [ -117.559333219, 47.804675823 ], [ -117.559341345, 47.80471472 ], [ -117.559338533, 47.804742763 ], [ -117.559358014, 47.804769548000102 ], [ -117.55934644, 47.804811857000097 ], [ -117.559344646, 47.804849594000103 ], [ -117.559337807, 47.804890099 ], [ -117.559355189, 47.804920696000103 ], [ -117.559361604, 47.804955997 ], [ -117.559364525, 47.804992418 ], [ -117.559373382, 47.805033169000097 ], [ -117.559335174, 47.805050007 ], [ -117.559308873, 47.805021029 ], [ -117.559290396, 47.804996019 ], [ -117.559256208, 47.8049737750001 ], [ -117.559220456, 47.804952236000098 ], [ -117.559188792, 47.8049302310001 ], [ -117.559165136, 47.804903517000099 ], [ -117.559124634, 47.804883892000099 ], [ -117.559081422, 47.804864989000102 ], [ -117.559030865, 47.804856488 ], [ -117.558998582, 47.804832205 ], [ -117.558987427, 47.804804137000097 ], [ -117.558942215, 47.8047876850001 ], [ -117.55892645, 47.804757919000103 ], [ -117.558923689, 47.804729852 ], [ -117.558881218, 47.804719181000102 ], [ -117.558841457, 47.804725113000103 ], [ -117.558794987, 47.804726376000097 ], [ -117.558747933, 47.804732829 ], [ -117.55870772, 47.804743547 ], [ -117.558665641, 47.804744887 ], [ -117.558610969, 47.804750696 ], [ -117.558561912, 47.804765602 ], [ -117.558517239, 47.804780873 ], [ -117.558474813, 47.80479129 ], [ -117.558455116, 47.804816511000098 ], [ -117.558406331, 47.804822202 ], [ -117.558359112, 47.804830909 ], [ -117.558320425, 47.804845011000097 ], [ -117.5582772, 47.804860414000103 ], [ -117.558237804, 47.804869762000102 ], [ -117.558187161, 47.804877174000097 ], [ -117.558136142, 47.804889552000098 ], [ -117.558091636, 47.804909903000102 ], [ -117.558048761, 47.804938297 ], [ -117.558047757, 47.804966033 ], [ -117.558062354, 47.804995457000103 ], [ -117.558072787, 47.805027433000099 ], [ -117.558073844, 47.805061187 ], [ -117.55809063, 47.805091636 ], [ -117.558098592, 47.805120042000098 ], [ -117.558066868, 47.805144193 ], [ -117.558032035, 47.805160107000098 ], [ -117.557995116, 47.805178222000102 ], [ -117.557961871, 47.805197236 ], [ -117.557923535, 47.805213733000102 ], [ -117.557879048, 47.805217305 ], [ -117.557838029, 47.805221933 ], [ -117.557792262, 47.805225128000103 ], [ -117.557743858, 47.805223500000103 ], [ -117.557694087, 47.805222796000102 ], [ -117.557639787, 47.805224355000099 ], [ -117.557596574, 47.805214064 ], [ -117.557546187, 47.805212948000097 ], [ -117.557491424, 47.80520841 ], [ -117.557435212, 47.8052200240001 ], [ -117.557401107, 47.805241110000097 ], [ -117.557367447, 47.805267309 ], [ -117.557340034, 47.805298870000101 ], [ -117.557315406, 47.805332844000098 ], [ -117.557282662, 47.805358577 ], [ -117.557259499, 47.805383169 ], [ -117.557222899, 47.805411132000103 ], [ -117.557208294, 47.80544388 ], [ -117.557203708, 47.805471191 ], [ -117.557197782, 47.80550972 ], [ -117.557128968, 47.805521436 ], [ -117.557083744, 47.805524971000096 ], [ -117.557042427, 47.8055147970001 ], [ -117.557005744, 47.805493172000098 ], [ -117.55695717, 47.805492472 ], [ -117.556907738, 47.805502034 ], [ -117.556874155, 47.805517652 ], [ -117.556847535, 47.805547715 ], [ -117.556817213, 47.805582544000103 ], [ -117.556790896, 47.805621820000098 ], [ -117.556760897, 47.805640446 ], [ -117.556742247, 47.805684434000099 ], [ -117.556710521, 47.805721068 ], [ -117.55667219, 47.805736190000097 ], [ -117.55661578, 47.805736336000102 ], [ -117.55655586, 47.805744017000102 ], [ -117.556503741, 47.805731322 ], [ -117.556444013, 47.805738512000097 ], [ -117.556409766, 47.805754881 ], [ -117.556413645, 47.805782793 ], [ -117.556371001, 47.805805955 ], [ -117.556327568, 47.805821084000101 ], [ -117.556288418, 47.805807044000098 ], [ -117.556245649, 47.805792586000102 ], [ -117.556204452, 47.805784215000102 ], [ -117.556170523, 47.805762399000102 ], [ -117.556118381, 47.805767823000103 ], [ -117.556065403, 47.80576281 ], [ -117.556028964, 47.805747919000098 ], [ -117.555984859, 47.805756231 ], [ -117.555942375, 47.805763631 ], [ -117.555894639, 47.805776881 ], [ -117.555857671, 47.805802974000102 ], [ -117.555817015, 47.8058273440001 ], [ -117.555785422, 47.805848353 ], [ -117.555752825, 47.80586844 ], [ -117.555723249, 47.805895109000097 ], [ -117.555686036, 47.805915900000102 ], [ -117.55565301, 47.805941204000099 ], [ -117.55561782, 47.805970732 ], [ -117.555637586, 47.806002876 ], [ -117.555831849, 47.806040691000099 ], [ -117.555895252, 47.806048772000103 ], [ -117.555950233, 47.806059816000101 ], [ -117.555987835, 47.806071182 ], [ -117.556065047, 47.806093265000101 ], [ -117.556124316, 47.806113481000096 ], [ -117.556175418, 47.806124280000098 ], [ -117.556217842, 47.806138098000098 ], [ -117.556264589, 47.806143674000097 ], [ -117.556305763, 47.806151018 ], [ -117.556345286, 47.806159023000099 ], [ -117.556413222, 47.806170889 ], [ -117.556463296, 47.806175689 ], [ -117.55650094, 47.806191811000097 ], [ -117.556542398, 47.806216294000102 ], [ -117.556587206, 47.80621237 ], [ -117.556626506, 47.8062232340001 ], [ -117.556656867, 47.806241875000097 ], [ -117.556701967, 47.806248769 ], [ -117.556730012, 47.806268845 ], [ -117.556760529, 47.806288358000103 ], [ -117.556639173, 47.806463147 ], [ -117.556587443, 47.806472471000099 ], [ -117.556557907, 47.806495427000101 ], [ -117.556508261, 47.806508642 ], [ -117.556497668, 47.806544642000098 ], [ -117.556477706, 47.806569235 ], [ -117.556441628, 47.806599035 ], [ -117.556429211, 47.806632028000102 ], [ -117.556411239, 47.806666654 ], [ -117.556430671, 47.806695415 ], [ -117.556470678, 47.806711879 ], [ -117.556493022, 47.806734808 ], [ -117.556533534, 47.806746858000103 ], [ -117.556583322, 47.806753729 ], [ -117.556624022, 47.806760265 ], [ -117.556666364, 47.8067668730001 ], [ -117.55671287, 47.806776331 ], [ -117.55670067, 47.806809428000101 ], [ -117.556679178, 47.806833016 ], [ -117.556636963, 47.806843674 ], [ -117.556590883, 47.806843308000097 ], [ -117.556537209, 47.806852313 ], [ -117.556499602, 47.806875516 ], [ -117.556504671, 47.806903102 ], [ -117.556542053, 47.806925049 ], [ -117.556561414, 47.806950201000099 ], [ -117.556543996, 47.806983882000097 ], [ -117.556518593, 47.8070125610001 ], [ -117.556497002, 47.807041951 ], [ -117.556474481, 47.807069946000098 ], [ -117.55647184, 47.807100720000101 ], [ -117.556468303, 47.807132333 ], [ -117.556482177, 47.807159221000099 ], [ -117.556468804, 47.807186233 ], [ -117.556495738, 47.807217267000098 ], [ -117.556504214, 47.807246101 ], [ -117.556512389, 47.807273163 ], [ -117.556540164, 47.807305649000099 ], [ -117.556508794, 47.807332035000101 ], [ -117.556461894, 47.80734225 ], [ -117.556421454, 47.807323895000103 ], [ -117.556386726, 47.807341978000103 ], [ -117.556345379, 47.807357317 ], [ -117.556328902, 47.807388357 ], [ -117.556311585, 47.80742237 ], [ -117.556297055, 47.807453995000103 ], [ -117.556282003, 47.8074845 ], [ -117.55629192, 47.807519822000103 ], [ -117.556289551, 47.807549030000096 ], [ -117.556303142, 47.807580563 ], [ -117.55631218, 47.8076083280001 ], [ -117.556382256, 47.80771767 ], [ -117.556408294, 47.807749078 ], [ -117.556428359, 47.807781347000102 ], [ -117.556444854, 47.807809506000098 ], [ -117.556449587, 47.807842546000103 ], [ -117.556445773, 47.807874601 ], [ -117.556454038, 47.807902575000099 ], [ -117.556476676, 47.807932421 ], [ -117.556497189, 47.807959861 ], [ -117.556492562, 47.807996606000103 ], [ -117.556481513, 47.808025276000102 ], [ -117.556472073, 47.808055481000103 ], [ -117.556488154, 47.808081236000099 ], [ -117.556508596, 47.808107427 ], [ -117.556525326, 47.808133472000101 ], [ -117.556548197, 47.808157026000103 ], [ -117.556574007, 47.808193506000102 ], [ -117.556590192, 47.8082230320001 ], [ -117.556592066, 47.808251645 ], [ -117.556558836, 47.8082810760001 ], [ -117.556536894, 47.808305695000101 ], [ -117.556508024, 47.808335739 ], [ -117.556475674, 47.808361601000101 ], [ -117.556442178, 47.808389955000102 ], [ -117.556401251, 47.808412515 ], [ -117.556366145, 47.808431516 ], [ -117.556329834, 47.808445161000101 ], [ -117.556294771, 47.808464488 ], [ -117.556253506, 47.808490609 ], [ -117.55620896, 47.808514409000097 ], [ -117.556177066, 47.808539626 ], [ -117.556147735, 47.8085628010001 ], [ -117.556126045, 47.808590585 ], [ -117.556091729, 47.808608237 ], [ -117.556054923, 47.808627485 ], [ -117.55601424, 47.808648495000099 ], [ -117.555968188, 47.808665036 ], [ -117.555924842, 47.808683574 ], [ -117.555882293, 47.808695687000103 ], [ -117.555856627, 47.808707791000103 ], [ -117.555895911, 47.808700986000098 ], [ -117.555780513, 47.808738169 ], [ -117.555754866, 47.8087492760001 ], [ -117.555707197, 47.808763202000101 ], [ -117.55568602, 47.808768616000101 ], [ -117.555664844, 47.808774029000098 ], [ -117.555622584, 47.808789950000097 ], [ -117.555578644, 47.808800079 ], [ -117.555553355, 47.808808524 ], [ -117.555528068, 47.808816968 ], [ -117.555503606, 47.808819932000098 ], [ -117.555479143, 47.808822897 ], [ -117.555430099, 47.80882461 ], [ -117.555384056, 47.808816936 ], [ -117.555347009, 47.808811510000098 ], [ -117.555330731, 47.808798878000097 ], [ -117.555318483, 47.808789374000099 ], [ -117.555283665, 47.808770766000102 ], [ -117.555276336, 47.8087406920001 ], [ -117.555230618, 47.808733327 ], [ -117.555212367, 47.808706199 ], [ -117.555170444, 47.808692529 ], [ -117.555129087, 47.80868682 ], [ -117.555087755, 47.808681458000102 ], [ -117.555041642, 47.808686831 ], [ -117.555034879, 47.808718845 ], [ -117.555023369, 47.808748751000103 ], [ -117.555004453, 47.80877854 ], [ -117.554996579, 47.8088108090001 ], [ -117.554998666, 47.808838695000098 ], [ -117.55499549, 47.808856942 ], [ -117.554993169, 47.808870278 ], [ -117.554954078, 47.808883057000102 ], [ -117.554913369, 47.808884828 ], [ -117.554904239, 47.808872746000098 ], [ -117.554892867, 47.808857696000103 ], [ -117.554883513, 47.808830151000102 ], [ -117.554884644, 47.808798319000097 ], [ -117.554861158, 47.808772056000102 ], [ -117.554834173, 47.808745393 ], [ -117.554810961, 47.808714004000102 ], [ -117.554761142, 47.808715712 ], [ -117.554716382, 47.808716176000097 ], [ -117.554697772, 47.808737194000102 ], [ -117.554587043, 47.808913548000099 ], [ -117.554580304, 47.808982560000103 ], [ -117.554573617, 47.809017205 ], [ -117.554566466, 47.809062631000103 ], [ -117.554561275, 47.809109711000097 ], [ -117.554556507, 47.809157304000102 ], [ -117.554550943, 47.809205932000097 ], [ -117.554545086, 47.809252581000102 ], [ -117.554536218, 47.809294428 ], [ -117.554527861, 47.809337367000097 ], [ -117.5545228, 47.809376731 ], [ -117.554519694, 47.809418401000102 ], [ -117.554520185, 47.809457814 ], [ -117.554518295, 47.809499786000103 ], [ -117.554517342, 47.809544438 ], [ -117.554519078, 47.809588764000097 ], [ -117.554518823, 47.80963344 ], [ -117.554519704, 47.809677110000102 ], [ -117.554529373, 47.809718137000097 ], [ -117.554538064, 47.809760442 ], [ -117.554552375, 47.809802 ], [ -117.5545717, 47.809842582 ], [ -117.554590907, 47.809883973000098 ], [ -117.554612784, 47.8099253090001 ], [ -117.554640355, 47.809965624 ], [ -117.554667279, 47.810004273000096 ], [ -117.554696319, 47.810042453000101 ], [ -117.55472614, 47.810081177 ], [ -117.554757863, 47.810118892 ], [ -117.554794763, 47.810154207 ], [ -117.554833254, 47.810187959000103 ], [ -117.554872858, 47.810221561 ], [ -117.554914568, 47.810254761000103 ], [ -117.554956249, 47.810287588000101 ], [ -117.554998382, 47.810316684 ], [ -117.555041831, 47.810346011 ], [ -117.555086102, 47.810372788000102 ], [ -117.555128326, 47.810397411000103 ], [ -117.555162475, 47.810417760000099 ], [ -117.555213555, 47.810446290000101 ], [ -117.5552115, 47.810491119000098 ], [ -117.55521104, 47.810501171000098 ], [ -117.555181342, 47.810529377000101 ], [ -117.555181458, 47.810530445 ], [ -117.555172313, 47.810537008 ], [ -117.555124518, 47.810542996 ], [ -117.555152155, 47.810581126 ], [ -117.555183451, 47.810595719 ], [ -117.555185757, 47.810596795 ], [ -117.555201418, 47.810610972000099 ], [ -117.555230681, 47.8106321980001 ], [ -117.555203049, 47.810654773000103 ], [ -117.55519079, 47.81068544 ], [ -117.555196993, 47.810722889 ], [ -117.555178362, 47.810750113 ], [ -117.555138593, 47.810789024 ], [ -117.555109487, 47.810817945000103 ], [ -117.555093335, 47.810850956000102 ], [ -117.555120127, 47.810873608000101 ], [ -117.555132253, 47.810903142 ], [ -117.55512873, 47.810909908 ], [ -117.555116912, 47.810932602 ], [ -117.555122021, 47.810957575 ], [ -117.555124719, 47.81097076 ], [ -117.555129976, 47.810992085000102 ], [ -117.555179427, 47.810982900000099 ], [ -117.555191353, 47.810986343000103 ], [ -117.555222305, 47.8109952780001 ], [ -117.555237045, 47.811003628 ], [ -117.555254625, 47.811013587 ], [ -117.555280476, 47.811007280000098 ], [ -117.555376458, 47.810983861000103 ], [ -117.555404985, 47.8109925360001 ], [ -117.555429054, 47.810981999 ], [ -117.555478587, 47.810992298 ], [ -117.555520994, 47.811000171 ], [ -117.55556658, 47.811021807 ], [ -117.555617988, 47.811036964 ], [ -117.555649835, 47.811055118000098 ], [ -117.555688883, 47.811081069000103 ], [ -117.555708925, 47.811105517 ], [ -117.555732784, 47.81112991 ], [ -117.555764363, 47.811159702000097 ], [ -117.555776567, 47.81119965 ], [ -117.555784365, 47.811237707 ], [ -117.555782485, 47.811250251 ], [ -117.555789207, 47.811296932000097 ], [ -117.555807462, 47.811328207 ], [ -117.555818622, 47.81136481 ], [ -117.555817954, 47.811402694 ], [ -117.55580512, 47.811437434 ], [ -117.555784945, 47.811475362000103 ], [ -117.555775569, 47.8115065490001 ], [ -117.555763867, 47.811535651 ], [ -117.555736727, 47.811578083 ], [ -117.55572606, 47.811593526000102 ], [ -117.555718643, 47.811604263 ], [ -117.555695624, 47.811630690000101 ], [ -117.555680013, 47.811657034000099 ], [ -117.555664709, 47.811683484000099 ], [ -117.555641435, 47.811710982000101 ], [ -117.555623971, 47.811737107000098 ], [ -117.555619566, 47.811766393 ], [ -117.555599628, 47.811795447000101 ], [ -117.555571651, 47.8118284110001 ], [ -117.555554908, 47.811861609000097 ], [ -117.555530366, 47.811887573 ], [ -117.555512425, 47.811913907000097 ], [ -117.555490624, 47.811941677 ], [ -117.555473542, 47.811981157 ], [ -117.555451594, 47.812005732 ], [ -117.555426573, 47.812036646000102 ], [ -117.555418394, 47.812072134000097 ], [ -117.555406996, 47.812103999 ], [ -117.555395185, 47.812130694000103 ], [ -117.555393308, 47.812165341000103 ], [ -117.555384453, 47.812217764000103 ], [ -117.555395488, 47.812255488000098 ], [ -117.555405345, 47.812285517000099 ], [ -117.555417549, 47.812317916 ], [ -117.555433895, 47.812343271 ], [ -117.555458458, 47.812377511000101 ], [ -117.555479283, 47.812401504 ], [ -117.555494759, 47.812439744000102 ], [ -117.555517297, 47.812470921000099 ], [ -117.55557594, 47.812610940000098 ], [ -117.555686052, 47.812898402 ], [ -117.555896399, 47.813540143000097 ], [ -117.555962138, 47.813876457 ], [ -117.556015026, 47.814147025000103 ], [ -117.556129016, 47.814766652000102 ], [ -117.556121519, 47.8149589880001 ], [ -117.55613823, 47.814985394000097 ], [ -117.556177347, 47.814994326 ], [ -117.556193115, 47.815024899 ], [ -117.556149871, 47.8150392800001 ], [ -117.556118245, 47.815042958 ], [ -117.55611726, 47.81506821 ], [ -117.556053203, 47.815512486 ], [ -117.55604998, 47.815534848 ], [ -117.55604908, 47.815548164000099 ], [ -117.556044955, 47.815578591000097 ], [ -117.556038607, 47.81561372 ], [ -117.55608275, 47.815640236 ], [ -117.556129707, 47.815653338000097 ], [ -117.556155692, 47.815675607000102 ], [ -117.556186225, 47.815698507 ], [ -117.556192666, 47.815737073 ], [ -117.556208887, 47.815767558000097 ], [ -117.556198528, 47.815806292 ], [ -117.556207825, 47.815845095 ], [ -117.556192841, 47.815872721000098 ], [ -117.556151199, 47.815888523000098 ], [ -117.556131547, 47.815916632 ], [ -117.556125417, 47.815946430000103 ], [ -117.556141754, 47.815973961000097 ], [ -117.556136877, 47.816007068 ], [ -117.556128326, 47.816036182000097 ], [ -117.556109402, 47.816066646000102 ], [ -117.556077809, 47.816098998 ], [ -117.556047324, 47.816126357 ], [ -117.555995478, 47.816132406000101 ], [ -117.555975119, 47.816143187000101 ], [ -117.555969643, 47.816146087 ], [ -117.555967341, 47.8161926020001 ], [ -117.555967596, 47.816236851 ], [ -117.555965367, 47.816274304 ], [ -117.555962852, 47.816312558 ], [ -117.555954973, 47.816352673 ], [ -117.555939651, 47.8163829860001 ], [ -117.555940145, 47.816413076000103 ], [ -117.55594516, 47.816441966000099 ], [ -117.555953397, 47.816468954000101 ], [ -117.555990279, 47.816506178000097 ], [ -117.556018096, 47.816536804000101 ], [ -117.556048007, 47.816567979000098 ], [ -117.556071894, 47.8165927740001 ], [ -117.556094287, 47.8166161770001 ], [ -117.556101678, 47.816647625 ], [ -117.556121571, 47.816677549000097 ], [ -117.556157079, 47.816706354000097 ], [ -117.556178412, 47.816736588 ], [ -117.55620152, 47.816766993 ], [ -117.55621008, 47.816794649 ], [ -117.556232649, 47.816826396000103 ], [ -117.556261566, 47.816854009000103 ], [ -117.556280385, 47.81688274 ], [ -117.556286339, 47.816915392000098 ], [ -117.556324965, 47.816937901000102 ], [ -117.556366901, 47.816956674 ], [ -117.556403354, 47.816973194000099 ], [ -117.556447665, 47.816984594000097 ], [ -117.556491021, 47.816997195000098 ], [ -117.556535485, 47.817008104000102 ], [ -117.556589174, 47.817006589000101 ], [ -117.556586389, 47.817037120000101 ], [ -117.556520908, 47.817042814 ], [ -117.556482509, 47.817067712 ], [ -117.556468632, 47.817099226 ], [ -117.55645488, 47.817132582000099 ], [ -117.556454348, 47.817169738000104 ], [ -117.556459728, 47.817207545 ], [ -117.556480355, 47.817242703 ], [ -117.556495252, 47.817279445000104 ], [ -117.556503678, 47.817316379 ], [ -117.556513916, 47.817353209 ], [ -117.556516323, 47.817389496 ], [ -117.556513839, 47.817425555000099 ], [ -117.556500158, 47.817462074 ], [ -117.556498423, 47.817499744 ], [ -117.556506038, 47.817535835000101 ], [ -117.556533316, 47.8175654180001 ], [ -117.556553245, 47.817591966000101 ], [ -117.556564485, 47.817629427 ], [ -117.556554163, 47.817664564 ], [ -117.556549953, 47.817702577 ], [ -117.556548026, 47.8177384520001 ], [ -117.556537215, 47.817773844 ], [ -117.556544519, 47.817811078 ], [ -117.556549025, 47.817845585 ], [ -117.556561368, 47.817878278000101 ], [ -117.556581768, 47.817909492000098 ], [ -117.556603813, 47.817935692 ], [ -117.556610216, 47.817969192000099 ], [ -117.556625277, 47.817996479 ], [ -117.556633763, 47.818025128 ], [ -117.556655267, 47.818057252000102 ], [ -117.556667003, 47.818093157000099 ], [ -117.556679265, 47.818128043000101 ], [ -117.556687697, 47.818163666 ], [ -117.556697389, 47.818197952 ], [ -117.556709745, 47.818231063 ], [ -117.556736272, 47.818259226000102 ], [ -117.556748388, 47.818291110000096 ], [ -117.556754826, 47.818327797000101 ], [ -117.556743411, 47.818364460000097 ], [ -117.556735117, 47.818399597000102 ], [ -117.556736372, 47.818433127 ], [ -117.556735506, 47.818467169 ], [ -117.556737675, 47.818505512000101 ], [ -117.556741667, 47.818543341000101 ], [ -117.556728193, 47.818569884000098 ], [ -117.556709753, 47.8185952380001 ], [ -117.556716819, 47.818634612 ], [ -117.556703317, 47.81866575 ], [ -117.556696367, 47.818696033 ], [ -117.556710669, 47.818723958000099 ], [ -117.556700466, 47.818753266 ], [ -117.556703528, 47.8187888900001 ], [ -117.55670629, 47.818824810000102 ], [ -117.556709679, 47.818860464000103 ], [ -117.556712104, 47.818898426 ], [ -117.55673685, 47.818933024 ], [ -117.55673497, 47.818969704 ], [ -117.556746668, 47.819005283000102 ], [ -117.556764462, 47.819042038000099 ], [ -117.556784548, 47.819066802000101 ], [ -117.556806023, 47.819093497 ], [ -117.556814166, 47.819129915000097 ], [ -117.556812467, 47.819163357 ], [ -117.556824031, 47.8191952600001 ], [ -117.556832355, 47.819232282 ], [ -117.556844213, 47.8192601820001 ], [ -117.556883712, 47.819290696000103 ], [ -117.556923845, 47.819316693000097 ], [ -117.556965571, 47.819343718 ], [ -117.557023326, 47.8193750410001 ], [ -117.557085443, 47.819363384 ], [ -117.557135441, 47.819350242 ], [ -117.557174129, 47.819334564 ], [ -117.557218727, 47.819307095000099 ], [ -117.557268038, 47.819288063 ], [ -117.557318812, 47.819270733000103 ], [ -117.557361996, 47.819247572000101 ], [ -117.55739538, 47.819231794000103 ], [ -117.557531682, 47.819155860000102 ], [ -117.557509196, 47.8192059 ], [ -117.557478122, 47.819261885000103 ], [ -117.557477205, 47.819303234000103 ], [ -117.557467587, 47.819348737 ], [ -117.55745764, 47.819396670000103 ], [ -117.557461373, 47.819449646000102 ], [ -117.557454348, 47.819505306000103 ], [ -117.557461732, 47.819562022000099 ], [ -117.557466953, 47.819623841000102 ], [ -117.557478845, 47.819687918000099 ], [ -117.557491947, 47.819749753000103 ], [ -117.557510244, 47.819809425000102 ], [ -117.557527027, 47.8198748820001 ], [ -117.557555424, 47.819937499 ], [ -117.557583687, 47.820002722 ], [ -117.557612131, 47.82006814 ], [ -117.557649345, 47.820128860000104 ], [ -117.55768768, 47.820189495000101 ], [ -117.557726009, 47.820251730000102 ], [ -117.55777198, 47.820313288000101 ], [ -117.557819719, 47.820372856000098 ], [ -117.557871186, 47.820430302 ], [ -117.557924613, 47.820487663000101 ], [ -117.557981927, 47.820544044 ], [ -117.558045633, 47.8205946510001 ], [ -117.55811526, 47.820645011000103 ], [ -117.55817717, 47.820695925000102 ], [ -117.558230954, 47.820745402000099 ], [ -117.55830044, 47.820794316 ], [ -117.558364708, 47.820835532 ], [ -117.558424389, 47.820881587 ], [ -117.558499806, 47.82092161 ], [ -117.558549007, 47.820971818 ], [ -117.558607695, 47.8210156210001 ], [ -117.558668945, 47.821052990000098 ], [ -117.558739172, 47.821096347 ], [ -117.55879407, 47.821142090000102 ], [ -117.55885123, 47.821188127 ], [ -117.558918543, 47.8212302210001 ], [ -117.558978005, 47.821274013 ], [ -117.559039287, 47.8213186 ], [ -117.559098502, 47.821358712000098 ], [ -117.559156941, 47.821400901000104 ], [ -117.559212856, 47.821442408000102 ], [ -117.559265003, 47.821481734 ], [ -117.559319271, 47.821518508000104 ], [ -117.559370487, 47.8215543580001 ], [ -117.559419467, 47.821590916 ], [ -117.559460869, 47.821627197000097 ], [ -117.559506135, 47.821663792 ], [ -117.559553599, 47.821694511 ], [ -117.559598252, 47.821725746 ], [ -117.559639494, 47.821758844 ], [ -117.559679954, 47.821790248000099 ], [ -117.559719355, 47.821821193000098 ], [ -117.559755932, 47.821849136 ], [ -117.55979358, 47.821878060000103 ], [ -117.559822952, 47.821907317000097 ], [ -117.559865678, 47.821937533 ], [ -117.559902018, 47.821961620000103 ], [ -117.559941542, 47.821987992000103 ], [ -117.559970045, 47.822010138000103 ], [ -117.559996416, 47.822034314000099 ], [ -117.560035397, 47.822068081000097 ], [ -117.56009972, 47.822082732000098 ], [ -117.560074101, 47.822092989000097 ], [ -117.560061864, 47.822123846000103 ], [ -117.560038151, 47.822152553000102 ], [ -117.560019426, 47.822184006 ], [ -117.56002524, 47.822215205000099 ], [ -117.559971217, 47.822235559 ], [ -117.559916606, 47.822253044 ], [ -117.559877108, 47.8222644350001 ], [ -117.559831345, 47.822282970000103 ], [ -117.559854183, 47.822313225000102 ], [ -117.559855987, 47.822340823 ], [ -117.559832651, 47.822371234000101 ], [ -117.559825722, 47.822408753 ], [ -117.559832655, 47.822436102 ], [ -117.559800883, 47.822472433 ], [ -117.559801637, 47.8225018360001 ], [ -117.559834936, 47.822528019000103 ], [ -117.559862111, 47.822559521000102 ], [ -117.559892781, 47.822593424 ], [ -117.559885065, 47.822625557 ], [ -117.559871719, 47.822654766 ], [ -117.559818309, 47.82266435 ], [ -117.5597841, 47.822683289000103 ], [ -117.559740163, 47.822694706 ], [ -117.559719884, 47.822722564000102 ], [ -117.55971101, 47.822754785 ], [ -117.559739602, 47.822787310000102 ], [ -117.559762775, 47.822810710000098 ], [ -117.559777634, 47.822846283 ], [ -117.559767797, 47.82287882 ], [ -117.559756919, 47.822907026000102 ], [ -117.559719923, 47.822918657000102 ], [ -117.559577268, 47.822998512 ], [ -117.559556018, 47.822963894000097 ], [ -117.559492583, 47.8228975910001 ], [ -117.5593718, 47.822866613 ], [ -117.559158928, 47.822850918 ], [ -117.558993667, 47.822787654000102 ], [ -117.558907059, 47.822705611000103 ], [ -117.558866274, 47.822628712 ], [ -117.558721206, 47.822561595000103 ], [ -117.558584546, 47.822514706 ], [ -117.558500234, 47.822395743000101 ], [ -117.558374067, 47.822318376000098 ], [ -117.558195327, 47.822244871000102 ], [ -117.557982893, 47.822342362 ], [ -117.557883934, 47.822478164000103 ], [ -117.558018872, 47.8227660700001 ], [ -117.557872558, 47.822918612000102 ], [ -117.557732979, 47.823023587000101 ], [ -117.557534492, 47.823129865000098 ], [ -117.557599753, 47.823224024000098 ], [ -117.557689417, 47.823230557 ], [ -117.55770012, 47.823303029 ], [ -117.557765899, 47.823362571000096 ], [ -117.557828039, 47.823403051000099 ], [ -117.557893931, 47.823445484 ], [ -117.558034091, 47.823448311 ], [ -117.558300485, 47.823544827 ], [ -117.55849849, 47.823585935 ], [ -117.558704313, 47.823555559000098 ], [ -117.55886117, 47.823581505 ], [ -117.558846406, 47.823764387 ], [ -117.558796786, 47.823963735000099 ], [ -117.558794409, 47.824047724000103 ], [ -117.558829893, 47.824142854000101 ], [ -117.55884856, 47.824148286000103 ], [ -117.558848179, 47.824095889 ], [ -117.558851468, 47.824056121000098 ], [ -117.558889637, 47.824015655 ], [ -117.558928412, 47.823966302 ], [ -117.558962426, 47.823930868 ], [ -117.559006783, 47.823898828 ], [ -117.559086653, 47.823836603000103 ], [ -117.559157482, 47.823801741000104 ], [ -117.559230725, 47.823785225000101 ], [ -117.559403196, 47.823792508000103 ], [ -117.559449712, 47.823817668000103 ], [ -117.559504566, 47.823829038 ], [ -117.559522653, 47.823842037000098 ], [ -117.559523195, 47.823857717000102 ], [ -117.55950658, 47.823911548000098 ], [ -117.559502444, 47.823948138 ], [ -117.559509648, 47.823961167 ], [ -117.559515832, 47.823965412000099 ], [ -117.559536086, 47.823979412 ], [ -117.55954547, 47.823985191000098 ], [ -117.55954976, 47.824000997 ], [ -117.559535961, 47.8240160020001 ], [ -117.559527393, 47.824037894000099 ], [ -117.559525721, 47.824056237 ], [ -117.559516922, 47.824068802000099 ], [ -117.559511185, 47.824077385000102 ], [ -117.559507289, 47.824088298 ], [ -117.559488332, 47.824108665 ], [ -117.559485406, 47.824118052000102 ], [ -117.559488049, 47.824132358 ], [ -117.559475939, 47.824162759 ], [ -117.559443892, 47.824181876000097 ], [ -117.559399256, 47.824186335 ], [ -117.559359531, 47.824198695000099 ], [ -117.559303531, 47.824192789000101 ], [ -117.559251912, 47.824192754000102 ], [ -117.559239303, 47.824231309 ], [ -117.559237005, 47.824265151000098 ], [ -117.559238447, 47.8242967 ], [ -117.55924999, 47.82433467 ], [ -117.559248889, 47.8243663800001 ], [ -117.559216401, 47.824333218 ], [ -117.559151143, 47.824371902000102 ], [ -117.55909553, 47.824395914 ], [ -117.559101902, 47.824414946 ], [ -117.559114294, 47.8244890920001 ], [ -117.559192453, 47.824556367000099 ], [ -117.559215542, 47.82458509 ], [ -117.559303955, 47.824710164000102 ], [ -117.559338047, 47.824731408 ], [ -117.559378972, 47.824754163000101 ], [ -117.559408796, 47.824774183 ], [ -117.559442435, 47.82479785 ], [ -117.559477191, 47.824825189000101 ], [ -117.559502267, 47.824857069000103 ], [ -117.55952141, 47.824884286 ], [ -117.559531811, 47.8249143 ], [ -117.559559015, 47.8249408880001 ], [ -117.559598302, 47.824960061000098 ], [ -117.559625364, 47.824982435 ], [ -117.559657539, 47.825017177000099 ], [ -117.559704036, 47.825037151000103 ], [ -117.559725985, 47.825049092 ], [ -117.559781933, 47.825079372000097 ], [ -117.559800277, 47.825089268000099 ], [ -117.559830285, 47.825113322 ], [ -117.559852385, 47.825149692 ], [ -117.559861459, 47.825185097 ], [ -117.559861097, 47.8251869710001 ], [ -117.559855001, 47.825218588 ], [ -117.559872013, 47.825231823000102 ], [ -117.559872298, 47.825258326 ], [ -117.55985865, 47.825276976000097 ], [ -117.559842092, 47.825349781000099 ], [ -117.559841885, 47.825350691 ], [ -117.559838326, 47.825353825 ], [ -117.559827463, 47.825348494000103 ], [ -117.559785263, 47.825337012 ], [ -117.559728625, 47.825330712 ], [ -117.559679337, 47.825345001000102 ], [ -117.559645775, 47.825365439000102 ], [ -117.559604319, 47.825390207000098 ], [ -117.559559677, 47.825413677 ], [ -117.559558823, 47.825415340000099 ], [ -117.559555188, 47.825422411 ], [ -117.559544194, 47.825443804 ], [ -117.559538834, 47.825444582 ], [ -117.559507341, 47.825449152 ], [ -117.559485256, 47.825468573000101 ], [ -117.559465674, 47.825489745 ], [ -117.559441201, 47.825521605000098 ], [ -117.559406069, 47.825544110000102 ], [ -117.559393354, 47.825581426 ], [ -117.559393278, 47.825609272000101 ], [ -117.559392899, 47.825646804 ], [ -117.559381674, 47.825673890000097 ], [ -117.559355504, 47.825706825000097 ], [ -117.559347943, 47.825715839000097 ], [ -117.559326988, 47.825740824 ], [ -117.559312188, 47.825769346000101 ], [ -117.559225381, 47.825777608000102 ], [ -117.559224096, 47.825777546 ], [ -117.559093386, 47.825771278 ], [ -117.558867229, 47.825765397000097 ], [ -117.558745246, 47.825775560000103 ], [ -117.558697209, 47.825779563 ], [ -117.558664472, 47.825798336 ], [ -117.55862473, 47.8257898190001 ], [ -117.55859994, 47.8257695080001 ], [ -117.558596008, 47.825766288000104 ], [ -117.558591165, 47.825763178 ], [ -117.558565293, 47.825746565 ], [ -117.558526652, 47.825727235 ], [ -117.558490317, 47.825706707000101 ], [ -117.558440158, 47.825700721 ], [ -117.558399774, 47.825712805000101 ], [ -117.558357995, 47.825709807000102 ], [ -117.558314216, 47.825701608 ], [ -117.558267902, 47.825692038000099 ], [ -117.558225362, 47.825677987000098 ], [ -117.558178825, 47.825674885000097 ], [ -117.558129624, 47.825678486000101 ], [ -117.5580839, 47.825678767000099 ], [ -117.558048186, 47.825693642 ], [ -117.557997795, 47.825696631 ], [ -117.55795153, 47.825692373 ], [ -117.557901726, 47.825684558 ], [ -117.557858827, 47.825685665 ], [ -117.557809138, 47.825679679000103 ], [ -117.557756504, 47.8256783100001 ], [ -117.557715427, 47.825678078000102 ], [ -117.5576729, 47.8256703650001 ], [ -117.557642355, 47.825651307 ], [ -117.55759483, 47.8256414210001 ], [ -117.557549873, 47.825642387000102 ], [ -117.557500846, 47.825636075 ], [ -117.557458239, 47.825649463 ], [ -117.557420856, 47.825663105 ], [ -117.55738394, 47.825681121000102 ], [ -117.557352883, 47.825703519000101 ], [ -117.557332637, 47.825728033000097 ], [ -117.557336534, 47.825757538000097 ], [ -117.557329647, 47.825788948000103 ], [ -117.557308419, 47.825813769 ], [ -117.557277718, 47.825835308000102 ], [ -117.557270631, 47.825841832 ], [ -117.557262274, 47.825849525000102 ], [ -117.557250503, 47.825860361 ], [ -117.557244129, 47.825866832 ], [ -117.557235146, 47.825875948 ], [ -117.557221443, 47.825889857 ], [ -117.557186052, 47.825914502 ], [ -117.557156486, 47.825943644000098 ], [ -117.557147901, 47.8259756510001 ], [ -117.557138727, 47.826005368 ], [ -117.55712061, 47.826030437 ], [ -117.557096039, 47.825997973 ], [ -117.557055235, 47.825963814 ], [ -117.557028731, 47.825937344000103 ], [ -117.556995385, 47.825907532 ], [ -117.556962098, 47.825891267 ], [ -117.556917008, 47.825866803000103 ], [ -117.556876356, 47.825843273 ], [ -117.556850242, 47.825821570000102 ], [ -117.556820416, 47.825797514 ], [ -117.556775534, 47.825772544000102 ], [ -117.556740759, 47.825746907000102 ], [ -117.556709831, 47.825726816 ], [ -117.556674143, 47.825701789 ], [ -117.556631516, 47.825689004 ], [ -117.556595053, 47.825673223000102 ], [ -117.556548033, 47.825649184 ], [ -117.556509994, 47.825627355000101 ], [ -117.5564745, 47.8256033750001 ], [ -117.556413491, 47.825571305 ], [ -117.556324715, 47.825523505 ], [ -117.556318666, 47.825520248 ], [ -117.556238863, 47.825473603 ], [ -117.556155304, 47.825413091 ], [ -117.556137617, 47.8253935910001 ], [ -117.556118074, 47.825382364000099 ], [ -117.556131068, 47.825386371 ], [ -117.556066113, 47.8253147570001 ], [ -117.555991943, 47.825253614000097 ], [ -117.555943593, 47.825234235 ], [ -117.555899522, 47.825229823 ], [ -117.555858761, 47.825233404000102 ], [ -117.555816666, 47.825233294 ], [ -117.555760846, 47.825236101 ], [ -117.555709822, 47.825232101 ], [ -117.555668081, 47.825238182000099 ], [ -117.55566543, 47.825242801000101 ], [ -117.555650918, 47.825268085000097 ], [ -117.555641849, 47.825299138 ], [ -117.55560284, 47.825318456 ], [ -117.555574101, 47.825339319000101 ], [ -117.555551675, 47.825358589000103 ], [ -117.555546141, 47.825363344 ], [ -117.555500948, 47.825387948000099 ], [ -117.5554469, 47.825401301000099 ], [ -117.555390088, 47.825418946000099 ], [ -117.555342051, 47.825433862000096 ], [ -117.55529565, 47.825458606 ], [ -117.55525251, 47.825443665000101 ], [ -117.555211895, 47.82543444 ], [ -117.555167, 47.8254274230001 ], [ -117.555117687, 47.825451476000097 ], [ -117.555067708, 47.825469670000103 ], [ -117.555015919, 47.825469767000101 ], [ -117.554976082, 47.825446252000098 ], [ -117.554959147, 47.825415643 ], [ -117.55494845, 47.825400048000098 ], [ -117.554937499, 47.825384083000102 ], [ -117.554929758, 47.825354426 ], [ -117.554936432, 47.825337369000103 ], [ -117.554941875, 47.825323457000103 ], [ -117.554970064, 47.825290089000099 ], [ -117.554980396, 47.825257722000103 ], [ -117.554978564, 47.825229753 ], [ -117.55499228, 47.825197016000097 ], [ -117.55496767, 47.825163859 ], [ -117.554930513, 47.825132057000097 ], [ -117.554884595, 47.825103855000101 ], [ -117.554844805, 47.825084802 ], [ -117.554803576, 47.825062334000101 ], [ -117.554729774, 47.825046959000098 ], [ -117.554677195, 47.82504089 ], [ -117.554622981, 47.82505009 ], [ -117.554598926, 47.825086342000098 ], [ -117.554642106, 47.825108058000097 ], [ -117.554652836, 47.825146436000097 ], [ -117.554570303, 47.825242167000098 ], [ -117.554568252, 47.8252440810001 ], [ -117.554532448, 47.825277499 ], [ -117.554566025, 47.825290979 ], [ -117.554626077, 47.825315088000103 ], [ -117.554460535, 47.825281745 ], [ -117.554257747, 47.825213669 ], [ -117.554096344, 47.825116419 ], [ -117.553945288, 47.825026115000099 ], [ -117.553874933, 47.824880237000102 ], [ -117.553952384, 47.824709902000102 ], [ -117.553966661, 47.824693318000101 ], [ -117.554020883, 47.824630337 ], [ -117.554070005, 47.8245560350001 ], [ -117.554080477, 47.824540196 ], [ -117.554146237, 47.824490066000102 ], [ -117.554210626, 47.8243875060001 ], [ -117.554166786, 47.824296445000101 ], [ -117.554003758, 47.824385667000101 ], [ -117.553912654, 47.824387967000099 ], [ -117.55390238, 47.824373732 ], [ -117.553864569, 47.82432134 ], [ -117.553859309, 47.8243163060001 ], [ -117.5537652, 47.824250155000101 ], [ -117.55373149, 47.824230997 ], [ -117.553692147, 47.824211463 ], [ -117.553690745, 47.824175027000102 ], [ -117.553700789, 47.824166485 ], [ -117.55371698, 47.8241527160001 ], [ -117.55370811, 47.824140883 ], [ -117.553692168, 47.824119615 ], [ -117.553685033, 47.8240851750001 ], [ -117.553646835, 47.824054789000101 ], [ -117.553687045, 47.824029889 ], [ -117.553744256, 47.824014468 ], [ -117.553744326, 47.824014449000103 ], [ -117.553782029, 47.823989646 ], [ -117.553776396, 47.823960126 ], [ -117.553781044, 47.823920306 ], [ -117.553780274, 47.823888498 ], [ -117.553780227, 47.823886557 ], [ -117.553780921, 47.823886235 ], [ -117.553821584, 47.8238673990001 ], [ -117.553832548, 47.823832295 ], [ -117.553838918, 47.823804857 ], [ -117.553873427, 47.823784362 ], [ -117.553909067, 47.823751249000097 ], [ -117.553919899, 47.823745423 ], [ -117.55394161, 47.823733748000102 ], [ -117.553976267, 47.8237159540001 ], [ -117.554017083, 47.823694799000101 ], [ -117.554052414, 47.823676051000099 ], [ -117.554081313, 47.823649256000103 ], [ -117.554120915, 47.823629695000101 ], [ -117.5541494, 47.823600006 ], [ -117.554202912, 47.823599388 ], [ -117.554244161, 47.823580390000103 ], [ -117.554255198, 47.823547900000101 ], [ -117.554240349, 47.823513693000102 ], [ -117.554212649, 47.823487583 ], [ -117.554178439, 47.823466406000101 ], [ -117.554142226, 47.823452202000098 ], [ -117.554105992, 47.823434866000099 ], [ -117.554071847, 47.823415673000099 ], [ -117.554065924, 47.8234080450001 ], [ -117.554051793, 47.823389850000098 ], [ -117.554003156, 47.823377616000101 ], [ -117.553987761, 47.823350328000103 ], [ -117.553956227, 47.823333948 ], [ -117.553952455, 47.823331989000103 ], [ -117.553956399, 47.823331242000101 ], [ -117.553994959, 47.823323941000098 ], [ -117.553963866, 47.823318806 ], [ -117.553985351, 47.823302526000099 ], [ -117.553998018, 47.823258000000102 ], [ -117.554092793, 47.822885846000098 ], [ -117.554104162, 47.822841205 ], [ -117.554219924, 47.822618471000098 ], [ -117.554163531, 47.822577147000104 ], [ -117.554142146, 47.822548759 ], [ -117.554111547, 47.822521357 ], [ -117.554079401, 47.822488408 ], [ -117.554030472, 47.822449724000101 ], [ -117.553980818, 47.822432900000102 ], [ -117.553966134, 47.822404887000097 ], [ -117.553952632, 47.822395159000102 ], [ -117.553848072, 47.822412559 ], [ -117.553804218, 47.822400984000097 ], [ -117.553767187, 47.82239121 ], [ -117.553724057, 47.822379744 ], [ -117.553703992, 47.822344023 ], [ -117.553705822, 47.822308387000099 ], [ -117.55371026, 47.82228172 ], [ -117.553705435, 47.8222647750001 ], [ -117.55366856, 47.822232389000099 ], [ -117.553663666, 47.822197436000103 ], [ -117.553661828, 47.822168427000101 ], [ -117.553651275, 47.822133513 ], [ -117.553647393, 47.822094211 ], [ -117.553612075, 47.8220751590001 ], [ -117.553562515, 47.822072425 ], [ -117.553520202, 47.822051494 ], [ -117.553524306, 47.822021611 ], [ -117.553480063, 47.822012976000103 ], [ -117.553437976, 47.821994767 ], [ -117.553438576, 47.821960047000097 ], [ -117.553443761, 47.821933535 ], [ -117.553445061, 47.821926891 ], [ -117.55340445, 47.821908992 ], [ -117.55336804, 47.821892939000101 ], [ -117.553315357, 47.8218797420001 ], [ -117.553275267, 47.821860906 ], [ -117.553234535, 47.821832132000097 ], [ -117.553214037, 47.821798765 ], [ -117.553183375, 47.821763955000101 ], [ -117.553156368, 47.821742933000102 ], [ -117.553105257, 47.821743862000098 ], [ -117.553066075, 47.821734029 ], [ -117.553108786, 47.821709568000102 ], [ -117.55312731, 47.821684615 ], [ -117.553143927, 47.821657769000097 ], [ -117.55315073, 47.8216267130001 ], [ -117.55314745, 47.8215941180001 ], [ -117.553112064, 47.821579762000098 ], [ -117.553050631, 47.821591702 ], [ -117.553003091, 47.821605382 ], [ -117.552948263, 47.821612399000102 ], [ -117.552895679, 47.8216129260001 ], [ -117.552856261, 47.821603690000103 ], [ -117.552814019, 47.821600090000103 ], [ -117.552772855, 47.821597584000102 ], [ -117.552729015, 47.821600649000104 ], [ -117.552715867, 47.821596989000099 ], [ -117.552703287, 47.821593487 ], [ -117.552689873, 47.821589753000097 ], [ -117.552671666, 47.821604867000097 ], [ -117.552488409, 47.821821843000102 ], [ -117.552466932, 47.821847272000099 ], [ -117.552417445, 47.821905863 ], [ -117.551604494, 47.821886344000099 ], [ -117.551595832, 47.821885706 ], [ -117.551490502, 47.821877953000097 ], [ -117.551487602, 47.821898137000098 ], [ -117.551485576, 47.821912242000103 ], [ -117.551480329, 47.821944919 ], [ -117.551480153, 47.821946023000102 ], [ -117.551483097, 47.821981623000099 ], [ -117.551478179, 47.822017932000101 ], [ -117.551494274, 47.822052239000101 ], [ -117.55150013, 47.822083854 ], [ -117.551500859, 47.822122397 ], [ -117.551501962, 47.822152438 ], [ -117.551568295, 47.822299249 ], [ -117.551555482, 47.822391647000103 ], [ -117.551529873, 47.82246716 ], [ -117.551512291, 47.822503883000103 ], [ -117.551473344, 47.822546828 ], [ -117.551436111, 47.822650081000099 ], [ -117.551439504, 47.822700101000102 ], [ -117.551417726, 47.82271897 ], [ -117.551395838, 47.822737934 ], [ -117.551384461, 47.822765505000099 ], [ -117.551368043, 47.822804516000097 ], [ -117.551350123, 47.822841688 ], [ -117.551339196, 47.8228700660001 ], [ -117.551317999, 47.822894319000099 ], [ -117.551285244, 47.822929487000103 ], [ -117.551268719, 47.822967073 ], [ -117.551274638, 47.822999659000097 ], [ -117.551300708, 47.823028927000102 ], [ -117.55130335, 47.823061153 ], [ -117.551289403, 47.823095699000099 ], [ -117.551241892, 47.823119947000102 ], [ -117.551219358, 47.823154915 ], [ -117.551196471, 47.823181147000099 ], [ -117.551156419, 47.823192158 ], [ -117.551107827, 47.823199425 ], [ -117.551057883, 47.823200321000101 ], [ -117.551013694, 47.823204551000103 ], [ -117.550962488, 47.823216359000099 ], [ -117.550939523, 47.823240397000099 ], [ -117.5509164, 47.823267642000097 ], [ -117.550904408, 47.82330453 ], [ -117.55086393, 47.823312758 ], [ -117.550824682, 47.823322355000101 ], [ -117.550807039, 47.823320538000097 ], [ -117.550784564, 47.823318223000101 ], [ -117.550768975, 47.823316618 ], [ -117.550763676, 47.823316969000103 ], [ -117.550719218, 47.823319917 ], [ -117.550694958, 47.823324663000101 ], [ -117.550671454, 47.823329262000101 ], [ -117.55060995, 47.823335199 ], [ -117.55058953, 47.823346855000104 ], [ -117.550576361, 47.8233543710001 ], [ -117.550552919, 47.823384404000102 ], [ -117.550552414, 47.823385052 ], [ -117.55055229, 47.823385967 ], [ -117.550541573, 47.823412601 ], [ -117.550505566, 47.823437991 ], [ -117.550461806, 47.823464458 ], [ -117.550413304, 47.823485991 ], [ -117.550395952, 47.823519877000102 ], [ -117.550349988, 47.823544596 ], [ -117.550314956, 47.823558965000103 ], [ -117.550277436, 47.823571918 ], [ -117.550242204, 47.823593712 ], [ -117.550195191, 47.823610942000101 ], [ -117.550169728, 47.8236212750001 ], [ -117.550157916, 47.823626068000102 ], [ -117.550102921, 47.823625622000101 ], [ -117.550089085, 47.823625368000101 ], [ -117.550036695, 47.823627637000101 ], [ -117.550025886, 47.823624295000101 ], [ -117.550005706, 47.823618059000097 ], [ -117.549960149, 47.823620577 ], [ -117.549939526, 47.823622296000103 ], [ -117.549908451, 47.823624886000097 ], [ -117.549868845, 47.8236503850001 ], [ -117.549836213, 47.823679097000102 ], [ -117.549823819, 47.823702571000098 ], [ -117.549816705, 47.823716043 ], [ -117.549799828, 47.823747129 ], [ -117.549796603, 47.823760998000097 ], [ -117.549793201, 47.823775624000099 ], [ -117.549748727, 47.8238222270001 ], [ -117.549726065, 47.823836122 ], [ -117.549687014, 47.823864930000099 ], [ -117.549642172, 47.823897134 ], [ -117.549633365, 47.823907832 ], [ -117.549614358, 47.823930918 ], [ -117.549592008, 47.823954584 ], [ -117.54955545, 47.823968932000099 ], [ -117.54955344, 47.823970197000101 ], [ -117.549528946, 47.823991478 ], [ -117.54950718, 47.824017921000099 ], [ -117.54947736, 47.824037577000098 ], [ -117.549450255, 47.824039627 ], [ -117.549420528, 47.824041876000102 ], [ -117.549407014, 47.8240556330001 ], [ -117.549391531, 47.824071394 ], [ -117.549389455, 47.824073509000101 ], [ -117.549352718, 47.824091233 ], [ -117.549345695, 47.824094622000104 ], [ -117.549326778, 47.824119418000102 ], [ -117.549302577, 47.82414522 ], [ -117.549278818, 47.824177776000099 ], [ -117.549261716, 47.8242003780001 ], [ -117.549257507, 47.824212765 ], [ -117.549217748, 47.824227571000101 ], [ -117.549181739, 47.824207144000098 ], [ -117.549171232, 47.824202666000097 ], [ -117.549156493, 47.824201212 ], [ -117.549115707, 47.824207442 ], [ -117.549068728, 47.824225547 ], [ -117.54904183, 47.824252982000097 ], [ -117.549022718, 47.824270066000103 ], [ -117.549018619, 47.824290238000103 ], [ -117.548994547, 47.824317001000097 ], [ -117.548956963, 47.824330515 ], [ -117.548922028, 47.824348911000101 ], [ -117.548880388, 47.824356482 ], [ -117.548869534, 47.824358262 ], [ -117.548887886, 47.824386925000098 ], [ -117.548893272, 47.824421118 ], [ -117.548917196, 47.824444146000097 ], [ -117.548932267, 47.824477234 ], [ -117.548970015, 47.824499031000101 ], [ -117.548966307, 47.82452292 ], [ -117.549028337, 47.824595158000101 ], [ -117.54906187, 47.824609439 ], [ -117.549102891, 47.824626910000099 ], [ -117.549142704, 47.824631161000099 ], [ -117.549151544, 47.824632106000102 ], [ -117.549159191, 47.824632923000102 ], [ -117.549152819, 47.824665436 ], [ -117.549133704, 47.824698963000102 ], [ -117.549135329, 47.824733866 ], [ -117.549122964, 47.824765679000102 ], [ -117.549092421, 47.824803247 ], [ -117.549055816, 47.824835546 ], [ -117.549024821, 47.824857794000103 ], [ -117.549008924, 47.82486434 ], [ -117.548986372, 47.824873628 ], [ -117.548982801, 47.824875687 ], [ -117.548948662, 47.824895366000099 ], [ -117.548917002, 47.824914278000101 ], [ -117.548891031, 47.824937385000098 ], [ -117.548849403, 47.824963926000102 ], [ -117.54880077, 47.824991827000098 ], [ -117.548767817, 47.825024998000103 ], [ -117.548738168, 47.825057496000099 ], [ -117.548714266, 47.825092238000103 ], [ -117.548676525, 47.825115982000099 ], [ -117.548636878, 47.8251449320001 ], [ -117.548635574, 47.825145885 ], [ -117.548602756, 47.825167808000103 ], [ -117.548566576, 47.825191462000099 ], [ -117.548542075, 47.8252274110001 ], [ -117.548536791, 47.82525645 ], [ -117.548534807, 47.825268635 ], [ -117.548531681, 47.825287822000099 ], [ -117.548514412, 47.825320948000098 ], [ -117.548488992, 47.825345795 ], [ -117.548475819, 47.8253785590001 ], [ -117.548448283, 47.825420090000101 ], [ -117.548412699, 47.825446657 ], [ -117.548402444, 47.825484847 ], [ -117.54836428, 47.825502459000099 ], [ -117.548317657, 47.825519628000102 ], [ -117.548262292, 47.825530556 ], [ -117.548220195, 47.825531222000102 ], [ -117.548169067, 47.825514431 ], [ -117.548115106, 47.825509774000103 ], [ -117.548066986, 47.825491236000097 ], [ -117.54802212, 47.825500229000099 ], [ -117.547972206, 47.825503678000103 ], [ -117.547927277, 47.825506312000101 ], [ -117.547885447, 47.82548431 ], [ -117.547830621, 47.825482073 ], [ -117.547766055, 47.825475841000099 ], [ -117.547716191, 47.82548884 ], [ -117.547668606, 47.825498424 ], [ -117.547647902, 47.825503521 ], [ -117.54761625, 47.825511313 ], [ -117.547576543, 47.825523733000097 ], [ -117.547528834, 47.825536093 ], [ -117.547497468, 47.825553974000101 ], [ -117.547459414, 47.825572400000098 ], [ -117.547410478, 47.825581604 ], [ -117.547389702, 47.825592891 ], [ -117.547379596, 47.825598381000098 ], [ -117.547371059, 47.825603018 ], [ -117.547344695, 47.825628855 ], [ -117.547325101, 47.825660594000098 ], [ -117.547309851, 47.825692701 ], [ -117.547287207, 47.825726053 ], [ -117.547259663, 47.825747333 ], [ -117.547238905, 47.825774736 ], [ -117.547220086, 47.825812110000101 ], [ -117.547215682, 47.825848576000098 ], [ -117.547218778, 47.82588452 ], [ -117.547228731, 47.825915554000098 ], [ -117.547216434, 47.825933912 ], [ -117.547203094, 47.825953827 ], [ -117.547189691, 47.8259725140001 ], [ -117.547182622, 47.825982370000098 ], [ -117.54718063, 47.825991489 ], [ -117.547176245, 47.82601156 ], [ -117.547135946, 47.826052163 ], [ -117.54710261, 47.826083124 ], [ -117.547093494, 47.826087073000103 ], [ -117.547067281, 47.826098428000101 ], [ -117.547038319, 47.826132195000099 ], [ -117.547006042, 47.826164592000097 ], [ -117.546977194, 47.82618402 ], [ -117.546948357, 47.8262079470001 ], [ -117.54694923, 47.826213335 ], [ -117.546949832, 47.826217048 ], [ -117.546953069, 47.8262370240001 ], [ -117.546924102, 47.826260947 ], [ -117.546919116, 47.826295524 ], [ -117.546888035, 47.826333390000102 ], [ -117.546851175, 47.826353521 ], [ -117.546826084, 47.826379193 ], [ -117.546815822, 47.826417735000099 ], [ -117.546803692, 47.826458921 ], [ -117.546778636, 47.826484790000102 ], [ -117.546766997, 47.826527408000103 ], [ -117.546763943, 47.826554833 ], [ -117.546767499, 47.826588537000099 ], [ -117.546759197, 47.826632106 ], [ -117.546749149, 47.826658919000103 ], [ -117.546743017, 47.826687374000102 ], [ -117.546719049, 47.826731185 ], [ -117.546735443, 47.8267628770001 ], [ -117.54672665, 47.8267965040001 ], [ -117.546712082, 47.826823434000097 ], [ -117.546699399, 47.826859568 ], [ -117.546677393, 47.826905186 ], [ -117.546656408, 47.826936612000097 ], [ -117.546648114, 47.826976645000101 ], [ -117.546671063, 47.827012591 ], [ -117.546704522, 47.827039896 ], [ -117.546753304, 47.827038602000101 ], [ -117.546770011, 47.827033331000102 ], [ -117.546793527, 47.827025912000103 ], [ -117.5468331, 47.827014068 ], [ -117.546834594, 47.826972255 ], [ -117.546834722, 47.826968665 ], [ -117.546848533, 47.826942646000099 ], [ -117.546868103, 47.826923548000103 ], [ -117.546876494, 47.826915359000097 ], [ -117.546906664, 47.826918062000097 ], [ -117.546954176, 47.826917480000098 ], [ -117.547004699, 47.8269105050001 ], [ -117.547053912, 47.826911438000103 ], [ -117.547112047, 47.826902602000096 ], [ -117.547161235, 47.826913135 ], [ -117.547189739, 47.82693278 ], [ -117.547222766, 47.8269461410001 ], [ -117.547250213, 47.826950621 ], [ -117.547256679, 47.8269516760001 ], [ -117.547306786, 47.826967181 ], [ -117.547338953, 47.826988199 ], [ -117.547388838, 47.8270092220001 ], [ -117.547409794, 47.827014579 ], [ -117.547435061, 47.827021041000101 ], [ -117.547443095, 47.82702412 ], [ -117.5474775, 47.827037306000101 ], [ -117.547498189, 47.827061869 ], [ -117.547500938, 47.827065134000101 ], [ -117.547502864, 47.827076017000103 ], [ -117.547504019, 47.827082537000102 ], [ -117.547504933, 47.827087696 ], [ -117.547505744, 47.827092283000098 ], [ -117.547507564, 47.827095209 ], [ -117.547536278, 47.827123073000102 ], [ -117.547542286, 47.827132650000102 ], [ -117.547552586, 47.827149074 ], [ -117.547581095, 47.827162995 ], [ -117.547588742, 47.827166729000098 ], [ -117.547595901, 47.827191438000099 ], [ -117.547597561, 47.827197166000097 ], [ -117.547595019, 47.827217981 ], [ -117.547585848, 47.827246065000097 ], [ -117.547553717, 47.827268489000097 ], [ -117.547540966, 47.8273048040001 ], [ -117.547547027, 47.827311342 ], [ -117.547544497, 47.827330461 ], [ -117.54757878, 47.827357688000099 ], [ -117.547619508, 47.82737143 ], [ -117.547628669, 47.827374521000102 ], [ -117.547663964, 47.827390519000097 ], [ -117.54767634, 47.827417176 ], [ -117.547673752, 47.827449035 ], [ -117.547675739, 47.827484939 ], [ -117.547679101, 47.827516435000099 ], [ -117.547673208, 47.827549783000102 ], [ -117.547657445, 47.827587939000097 ], [ -117.547634287, 47.827634043 ], [ -117.547613456, 47.827667838000103 ], [ -117.547611886, 47.827680781 ], [ -117.547607675, 47.8277155050001 ], [ -117.547614046, 47.827748921000101 ], [ -117.547610305, 47.827784659 ], [ -117.547591528, 47.827814891000102 ], [ -117.547570466, 47.827840593000097 ], [ -117.547575576, 47.827877219000101 ], [ -117.547579165, 47.827905978 ], [ -117.547584712, 47.827935019000101 ], [ -117.547616993, 47.828011182000097 ], [ -117.54761995, 47.828049785000097 ], [ -117.547601964, 47.828083946 ], [ -117.547651147, 47.8281897620001 ], [ -117.547662035, 47.828236193000102 ], [ -117.54766281, 47.8282391340001 ], [ -117.547662891, 47.828239995 ], [ -117.547663305, 47.828241015000103 ], [ -117.547667945, 47.82825861 ], [ -117.547673686, 47.828266545000098 ], [ -117.547696285, 47.828297777 ], [ -117.547718908, 47.828331098 ], [ -117.547710862, 47.828362817 ], [ -117.547670813, 47.828377390000099 ], [ -117.547623645, 47.828387462000101 ], [ -117.547580717, 47.828393945000101 ], [ -117.547534006, 47.828408451 ], [ -117.547539896, 47.828437847 ], [ -117.54754037, 47.828467252000102 ], [ -117.547548716, 47.828505153 ], [ -117.547554419, 47.828542933000101 ], [ -117.547517941, 47.828566602000102 ], [ -117.547462351, 47.828570580000097 ], [ -117.547412805, 47.828568350000097 ], [ -117.547392376, 47.828598786 ], [ -117.547390117, 47.828627849 ], [ -117.547416763, 47.828649724000101 ], [ -117.547429858, 47.828676238000099 ], [ -117.547406241, 47.828714569000098 ], [ -117.547367363, 47.828736556000102 ], [ -117.547322449, 47.828737273000101 ], [ -117.547285225, 47.828753847 ], [ -117.547263412, 47.828782801 ], [ -117.547258114, 47.828811067000103 ], [ -117.547248973, 47.8288524230001 ], [ -117.547242632, 47.828886024 ], [ -117.547245315, 47.8289222820001 ], [ -117.547235415, 47.828949053 ], [ -117.547212466, 47.828984309000099 ], [ -117.547195316, 47.829021753000099 ], [ -117.547165052, 47.829051492000097 ], [ -117.547182336, 47.829091252000097 ], [ -117.547189714, 47.829125054 ], [ -117.547161335, 47.829155937000102 ], [ -117.547130534, 47.829174866000102 ], [ -117.547079967, 47.829191589000096 ], [ -117.547034886, 47.8292077770001 ], [ -117.547012044, 47.829230846 ], [ -117.546978945, 47.829263816 ], [ -117.54695479, 47.829294404000102 ], [ -117.546919503, 47.829319907000098 ], [ -117.546877918, 47.829343878 ], [ -117.546839523, 47.829355556000102 ], [ -117.546823494, 47.829360430000101 ], [ -117.546775244, 47.829367486000102 ], [ -117.546718346, 47.829384328000103 ], [ -117.546673349, 47.829397031 ], [ -117.546655684, 47.829396824000099 ], [ -117.546659091, 47.829409406000103 ], [ -117.546604407, 47.829437032 ], [ -117.546572666, 47.829460147000098 ], [ -117.546559424, 47.829487773 ], [ -117.546545439, 47.829516627 ], [ -117.54653289, 47.829555007000103 ], [ -117.546541556, 47.829583719 ], [ -117.54653642, 47.829613163 ], [ -117.546552184, 47.829643110000099 ], [ -117.546512227, 47.829668345000101 ], [ -117.546483032, 47.829704287 ], [ -117.546469482, 47.829754567000101 ], [ -117.546441717, 47.829787614000097 ], [ -117.546435123, 47.829818250000102 ], [ -117.546446788, 47.829848856000098 ], [ -117.546437817, 47.829875998 ], [ -117.546394191, 47.82989617 ], [ -117.546343135, 47.829907904 ], [ -117.546288099, 47.829912620000101 ], [ -117.546261378, 47.829918483 ], [ -117.54624471, 47.8299221400001 ], [ -117.54619914, 47.829925885000101 ], [ -117.546187721, 47.829926822000097 ], [ -117.54614942, 47.829945564000099 ], [ -117.546098145, 47.829975206 ], [ -117.546068205, 47.829995965000101 ], [ -117.546038681, 47.830013617000098 ], [ -117.546032382, 47.830017382000101 ], [ -117.545994034, 47.8300272440001 ], [ -117.545956256, 47.830035230000099 ], [ -117.545951428, 47.830037414000103 ], [ -117.545937724, 47.830061733 ], [ -117.545937605, 47.830061896000103 ], [ -117.545919631, 47.830086615 ], [ -117.545921458, 47.830113796 ], [ -117.545907863, 47.830134902000097 ], [ -117.545886934, 47.830159400000099 ], [ -117.545856753, 47.830179262000101 ], [ -117.545854612, 47.830182893 ], [ -117.545831645, 47.830194066 ], [ -117.545809295, 47.830227925 ], [ -117.545778483, 47.830262771 ], [ -117.545750117, 47.830288486 ], [ -117.545749912, 47.830288671000098 ], [ -117.545709898, 47.8303001 ], [ -117.545678691, 47.830300012000102 ], [ -117.545665491, 47.830299975000102 ], [ -117.545637889, 47.830321006000098 ], [ -117.545595365, 47.830348752000099 ], [ -117.545569487, 47.8303643180001 ], [ -117.545562394, 47.830368584 ], [ -117.545525639, 47.830383207000096 ], [ -117.545483661, 47.830386278 ], [ -117.545426749, 47.830390857000097 ], [ -117.545384968, 47.830386906000101 ], [ -117.545335175, 47.830393162000099 ], [ -117.545275804, 47.830401447 ], [ -117.545215728, 47.830395931000098 ], [ -117.545171297, 47.830395031000101 ], [ -117.545119752, 47.830405657 ], [ -117.545080631, 47.830420938 ], [ -117.545053854, 47.830437913 ], [ -117.545014797, 47.830465682000103 ], [ -117.54496631, 47.830486048000097 ], [ -117.544926057, 47.83049443 ], [ -117.544915753, 47.830498484 ], [ -117.54486209, 47.830513255 ], [ -117.544811319, 47.830506494000097 ], [ -117.544754903, 47.830513722 ], [ -117.544712336, 47.830528016000102 ], [ -117.544708078, 47.830529446000099 ], [ -117.544683177, 47.830557391000099 ], [ -117.544674398, 47.830567507000097 ], [ -117.544659305, 47.830584897000101 ], [ -117.544613651, 47.830596323000101 ], [ -117.544565772, 47.830610586 ], [ -117.544515736, 47.830632034000097 ], [ -117.544471505, 47.8306334070001 ], [ -117.544419276, 47.83064719 ], [ -117.544381953, 47.830633978 ], [ -117.54434825, 47.830612780000102 ], [ -117.544322667, 47.830610343 ], [ -117.544297182, 47.830618005000098 ], [ -117.54423965, 47.830632702000102 ], [ -117.544212145, 47.830627419000102 ], [ -117.544195237, 47.830624171000103 ], [ -117.544136572, 47.830630439000103 ], [ -117.544098769, 47.830615342 ], [ -117.544042327, 47.8306109050001 ], [ -117.543981635, 47.830612960000103 ], [ -117.543933726, 47.830632335000097 ], [ -117.543902211, 47.830670440000098 ], [ -117.543895702, 47.830679056000101 ], [ -117.543885843, 47.83068768 ], [ -117.543864249, 47.830715266 ], [ -117.543841931, 47.830750561000102 ], [ -117.543828087, 47.830779507 ], [ -117.543823613, 47.830785309000099 ], [ -117.543808073, 47.830805464 ], [ -117.543784158, 47.8308167490001 ], [ -117.543760098, 47.830828102000098 ], [ -117.543714687, 47.830849848000099 ], [ -117.543679984, 47.830877182000101 ], [ -117.543656457, 47.830903238000097 ], [ -117.543635174, 47.830941185 ], [ -117.543623483, 47.830970549 ], [ -117.543592669, 47.831000012000104 ], [ -117.54354224, 47.831008572 ], [ -117.543498857, 47.831019767 ], [ -117.543450263, 47.831035278000101 ], [ -117.543432322, 47.831040447000099 ], [ -117.543400709, 47.831049555 ], [ -117.54336904, 47.831045383000102 ], [ -117.543356749, 47.831043763 ], [ -117.543326114, 47.831050856 ], [ -117.543301312, 47.8310565990001 ], [ -117.543245199, 47.831067037 ], [ -117.543212623, 47.831065471 ], [ -117.543186329, 47.831064207000097 ], [ -117.543129315, 47.831064072000103 ], [ -117.543071847, 47.831072583 ], [ -117.543014395, 47.8310747620001 ], [ -117.542973303, 47.831087021 ], [ -117.5429198, 47.831078083000101 ], [ -117.542866788, 47.8310848 ], [ -117.542825256, 47.831091677000103 ], [ -117.542769735, 47.831095605 ], [ -117.542715009, 47.831091961 ], [ -117.542660271, 47.831083033 ], [ -117.542659785, 47.831082888 ] ] ], [ [ [ -117.474677205, 47.787490342000098 ], [ -117.47464457, 47.787487864000099 ], [ -117.474576076, 47.7874892520001 ], [ -117.474562207, 47.787490378 ], [ -117.474534974, 47.787492589000102 ], [ -117.474493136, 47.787491389000103 ], [ -117.47445023, 47.787476468000101 ], [ -117.474403302, 47.787460901 ], [ -117.47436284, 47.787442777000102 ], [ -117.474327641, 47.787424387 ], [ -117.474292709, 47.787406012000098 ], [ -117.474263165, 47.787384897 ], [ -117.474243251, 47.787367346000103 ], [ -117.47423468, 47.787364215 ], [ -117.474232283, 47.787359515 ], [ -117.474199009, 47.787345481 ], [ -117.474157812, 47.787324066000103 ], [ -117.47412245, 47.787293132000102 ], [ -117.474122373, 47.787277101 ], [ -117.474122303, 47.787262681000101 ], [ -117.474130494, 47.787256673000101 ], [ -117.474156691, 47.7872374620001 ], [ -117.47418102, 47.787206281000103 ], [ -117.474210707, 47.787172405 ], [ -117.474239422, 47.787147458 ], [ -117.474255681, 47.787117517000098 ], [ -117.474289628, 47.787087754 ], [ -117.474344487, 47.787103631 ], [ -117.474379603, 47.787087762000098 ], [ -117.474424798, 47.787075751 ], [ -117.474474445, 47.787065016 ], [ -117.47451484, 47.787048092000099 ], [ -117.474529831, 47.787037697000102 ], [ -117.474547679, 47.787025320000097 ], [ -117.47456519, 47.787003905000098 ], [ -117.474572244, 47.786995240000103 ], [ -117.474657329, 47.786890726000102 ], [ -117.474701641, 47.786880768000103 ], [ -117.474745664, 47.7868803530001 ], [ -117.474779002, 47.786902230000102 ], [ -117.474786737, 47.786934866000102 ], [ -117.474821321, 47.786960797000098 ], [ -117.474856918, 47.7869882110001 ], [ -117.474897826, 47.787010412 ], [ -117.474930557, 47.787034132 ], [ -117.474970537, 47.787051302000101 ], [ -117.475016794, 47.787067333 ], [ -117.475050834, 47.787092113 ], [ -117.475040062, 47.78712202 ], [ -117.47503371, 47.787155361 ], [ -117.475020488, 47.787183752 ], [ -117.47499342, 47.787215964 ], [ -117.474986649, 47.787230569 ], [ -117.47497824, 47.787252749000103 ], [ -117.474972179, 47.787263153 ], [ -117.474965099, 47.787275304 ], [ -117.474961429, 47.787281604 ], [ -117.47492609, 47.787305204000099 ], [ -117.474892336, 47.78733362 ], [ -117.474900373, 47.787362307000102 ], [ -117.474868329, 47.787388439 ], [ -117.474857296, 47.787418383 ], [ -117.474852303, 47.787445858000098 ], [ -117.474826196, 47.787474635000102 ], [ -117.474795257, 47.787494585 ], [ -117.474762147, 47.787516368000098 ], [ -117.474719195, 47.787507632 ], [ -117.474677205, 47.787490342000098 ] ] ], [ [ [ -117.595722343, 47.78523756 ], [ -117.595736566, 47.785236516000097 ], [ -117.595773098, 47.785233833000099 ], [ -117.595818215, 47.785229443 ], [ -117.595863751, 47.785211186 ], [ -117.595903979, 47.785197245000099 ], [ -117.595954691, 47.785205481 ], [ -117.59601196, 47.785207162000098 ], [ -117.59605793, 47.785203350000103 ], [ -117.596115577, 47.785206436000102 ], [ -117.596156331, 47.78521341 ], [ -117.596203844, 47.785219384000101 ], [ -117.596245039, 47.78523684 ], [ -117.596280159, 47.785256509000099 ], [ -117.596302098, 47.785286757000101 ], [ -117.596318333, 47.785319834000099 ], [ -117.596361572, 47.785342509 ], [ -117.596386193, 47.7853706430001 ], [ -117.59641664, 47.785402489 ], [ -117.596434024, 47.7854360810001 ], [ -117.596466831, 47.78546505 ], [ -117.596506651, 47.78548041 ], [ -117.596543989, 47.785506349000102 ], [ -117.59658441, 47.785527221000102 ], [ -117.596612766, 47.785550549 ], [ -117.596637646, 47.785578148000099 ], [ -117.596660997, 47.785601842000098 ], [ -117.596693641, 47.785625106000097 ], [ -117.59672906, 47.785650096 ], [ -117.596729622, 47.785650641000103 ], [ -117.596917439, 47.785893018000102 ], [ -117.596917006, 47.785906396 ], [ -117.596893634, 47.785942905000098 ], [ -117.596878854, 47.785977538000097 ], [ -117.596855422, 47.786009695000097 ], [ -117.596873566, 47.786047538 ], [ -117.596883483, 47.78607456 ], [ -117.596908382, 47.7861032100001 ], [ -117.596921847, 47.786141504000099 ], [ -117.596928392, 47.786171876 ], [ -117.596933815, 47.786213943000099 ], [ -117.596949149, 47.786247621 ], [ -117.596965463, 47.786275580000101 ], [ -117.596993307, 47.786303845000099 ], [ -117.597042368, 47.786304412 ], [ -117.597093747, 47.7862931760001 ], [ -117.597146817, 47.786285721000098 ], [ -117.597202657, 47.786287473000101 ], [ -117.597240386, 47.786302778 ], [ -117.597283123, 47.786319384000102 ], [ -117.597325025, 47.786341100000101 ], [ -117.597366672, 47.786358339000103 ], [ -117.5973974, 47.786386005000097 ], [ -117.597426586, 47.7864135290001 ], [ -117.597455284, 47.786438876 ], [ -117.597503485, 47.786447032000098 ], [ -117.597552107, 47.786430504000101 ], [ -117.597590391, 47.786413919 ], [ -117.59762246, 47.786394615000098 ], [ -117.59764837, 47.7863710190001 ], [ -117.597668429, 47.786345368000099 ], [ -117.597688705, 47.786315843000096 ], [ -117.597707485, 47.786287839000103 ], [ -117.59773099, 47.786251742 ], [ -117.597754142, 47.786222176000102 ], [ -117.5977808, 47.786193350000097 ], [ -117.597820312, 47.786170378000101 ], [ -117.597841649, 47.78619961 ], [ -117.597878465, 47.786182219000104 ], [ -117.597916949, 47.78616262 ], [ -117.597963252, 47.786143543 ], [ -117.59796957, 47.7861395790001 ], [ -117.598008268, 47.786115296 ], [ -117.59804311, 47.786094732 ], [ -117.598083112, 47.786065755 ], [ -117.598118319, 47.786041466 ], [ -117.598168638, 47.786022706 ], [ -117.598466453, 47.785951948 ], [ -117.598520267, 47.785942944000098 ], [ -117.598564131, 47.785926348 ], [ -117.598608449, 47.7859051 ], [ -117.598646441, 47.785893377 ], [ -117.598691261, 47.785868563000101 ], [ -117.598719559, 47.7858386710001 ], [ -117.598755388, 47.785808476000099 ], [ -117.598783644, 47.785780037000102 ], [ -117.598812424, 47.785749415000097 ], [ -117.598839279, 47.785718072000101 ], [ -117.59885518, 47.785686375000097 ], [ -117.598864157, 47.7856484590001 ], [ -117.598871628, 47.785610367000103 ], [ -117.598875985, 47.785571239 ], [ -117.59888186, 47.785536739000101 ], [ -117.59888749, 47.785498486000101 ], [ -117.598891891, 47.785462496 ], [ -117.598894786, 47.785425976000099 ], [ -117.598901018, 47.7853919880001 ], [ -117.598909499, 47.785358397 ], [ -117.598919977, 47.785321345000099 ], [ -117.598935753, 47.7852892780001 ], [ -117.598981652, 47.785274571000102 ], [ -117.599023976, 47.785283052000104 ], [ -117.599057382, 47.785302090000101 ], [ -117.599100287, 47.785328402000097 ], [ -117.599135881, 47.78535872 ], [ -117.59915262, 47.785388194000099 ], [ -117.599170615, 47.785418489000101 ], [ -117.599195606, 47.785450693 ], [ -117.599237102, 47.785472509 ], [ -117.599286833, 47.785483701 ], [ -117.599341451, 47.785493139 ], [ -117.599384638, 47.785487326000101 ], [ -117.599444541, 47.785487723000102 ], [ -117.59950264, 47.785490808000098 ], [ -117.599561366, 47.785490799000101 ], [ -117.599621354, 47.7854913 ], [ -117.599680441, 47.785493393000102 ], [ -117.599736572, 47.78549 ], [ -117.599792593, 47.785496555000101 ], [ -117.59985301, 47.7855009 ], [ -117.599911014, 47.78550842 ], [ -117.599966561, 47.785505829 ], [ -117.600020444, 47.785506255 ], [ -117.600074911, 47.785514069 ], [ -117.600134173, 47.785521074 ], [ -117.60019289, 47.785528048000103 ], [ -117.600232297, 47.7855350520001 ], [ -117.600273356, 47.785538764000101 ], [ -117.600317145, 47.785545476 ], [ -117.60037836, 47.7855509460001 ], [ -117.600421453, 47.785554162 ], [ -117.600483414, 47.785559558 ], [ -117.600537985, 47.785551128000101 ], [ -117.600593803, 47.785552988000099 ], [ -117.600649896, 47.785561413 ], [ -117.60070925, 47.785563558 ], [ -117.600768209, 47.7855697520001 ], [ -117.600808084, 47.7855830560001 ], [ -117.600864009, 47.785591751 ], [ -117.600901303, 47.785610543000097 ], [ -117.600939041, 47.785642882 ], [ -117.600962921, 47.785671100000101 ], [ -117.60097933, 47.785699586000099 ], [ -117.600994967, 47.785726230000101 ], [ -117.601021068, 47.785751541000103 ], [ -117.60105587, 47.785787648000102 ], [ -117.60108069, 47.785810095 ], [ -117.601130937, 47.785836551 ], [ -117.601164972, 47.785852729000098 ], [ -117.601197479, 47.785882264000101 ], [ -117.601234715, 47.785908484000103 ], [ -117.601264521, 47.785944119000099 ], [ -117.601304598, 47.78597389 ], [ -117.601351495, 47.785991383000102 ], [ -117.601398274, 47.786006423000103 ], [ -117.601444052, 47.78601194 ], [ -117.601498721, 47.786026977000098 ], [ -117.601558124, 47.786035046000102 ], [ -117.601590898, 47.786051803000099 ], [ -117.601625717, 47.786075818 ], [ -117.601665851, 47.786083134000101 ], [ -117.601705795, 47.7861065640001 ], [ -117.601739676, 47.7861272210001 ], [ -117.601774524, 47.786144601 ], [ -117.601806193, 47.786163208000097 ], [ -117.601848507, 47.786190013000102 ], [ -117.601895816, 47.786206842000098 ], [ -117.601931648, 47.786223283 ], [ -117.60197806, 47.786243843000101 ], [ -117.601995057, 47.7862845880001 ], [ -117.602006525, 47.786324462 ], [ -117.602004607, 47.786353920000103 ], [ -117.602013582, 47.786389871 ], [ -117.60201405, 47.78642819 ], [ -117.6020187, 47.786458375000102 ], [ -117.601991726, 47.786488326 ], [ -117.601973444, 47.786520799000101 ], [ -117.601950647, 47.786551528000103 ], [ -117.601918708, 47.786576285000102 ], [ -117.601871745, 47.786591359000099 ], [ -117.601880579, 47.7866262000001 ], [ -117.601893962, 47.786663952 ], [ -117.601893244, 47.786700894 ], [ -117.601896133, 47.786728954000097 ], [ -117.601904581, 47.786765954 ], [ -117.601915031, 47.786794333 ], [ -117.601918501, 47.786826671 ], [ -117.60190816, 47.7868596100001 ], [ -117.601916525, 47.786886953000099 ], [ -117.601900898, 47.786921726000102 ], [ -117.601891643, 47.786956577000097 ], [ -117.601879869, 47.786987657000097 ], [ -117.601893357, 47.787014282 ], [ -117.601894598, 47.787016730000097 ], [ -117.601893365, 47.787050468000103 ], [ -117.60188273, 47.787082259 ], [ -117.601897645, 47.787119708 ], [ -117.601902194, 47.787149098 ], [ -117.601956055, 47.787163647000099 ], [ -117.602002595, 47.7871573460001 ], [ -117.602057124, 47.787157837000102 ], [ -117.602110307, 47.787156665000097 ], [ -117.602166554, 47.787152261000102 ], [ -117.602217225, 47.787159196000097 ], [ -117.602271896, 47.787176673 ], [ -117.602324003, 47.787179924 ], [ -117.602366549, 47.787182096 ], [ -117.602408163, 47.787187557 ], [ -117.602448388, 47.787195458 ], [ -117.602498547, 47.787207283 ], [ -117.602528046, 47.787211733 ], [ -117.602553049, 47.787215504000102 ], [ -117.60260926, 47.787215474 ], [ -117.602662552, 47.787228547 ], [ -117.602671215, 47.787230365 ], [ -117.602716407, 47.787239851 ], [ -117.602765167, 47.787257142 ], [ -117.602814997, 47.787254115000103 ], [ -117.602870658, 47.787252654 ], [ -117.602916087, 47.787263257000099 ], [ -117.602965372, 47.7872707000001 ], [ -117.603017104, 47.787281739 ], [ -117.603061018, 47.787296097000102 ], [ -117.603109053, 47.787293327 ], [ -117.60315524, 47.787298459000098 ], [ -117.603207837, 47.7873030330001 ], [ -117.603243054, 47.787326829000101 ], [ -117.603295999, 47.787338275000103 ], [ -117.603340881, 47.7873453220001 ], [ -117.603390401, 47.787352746000103 ], [ -117.60343193, 47.7873504780001 ], [ -117.603465052, 47.787366498 ], [ -117.603515485, 47.787378010000097 ], [ -117.603557431, 47.787384261000099 ], [ -117.603595251, 47.787402250000099 ], [ -117.603650148, 47.787417668 ], [ -117.603691356, 47.787432557 ], [ -117.603732094, 47.787442952 ], [ -117.603770261, 47.787460466 ], [ -117.603815473, 47.787466356 ], [ -117.603865071, 47.787468569000097 ], [ -117.603905837, 47.787474307 ], [ -117.603961395, 47.787473812 ], [ -117.604008753, 47.787470171000102 ], [ -117.604060448, 47.787479891 ], [ -117.604104941, 47.787482989000097 ], [ -117.604153, 47.787476133 ], [ -117.604185523, 47.787455302000097 ], [ -117.604227239, 47.787452917000103 ], [ -117.604270797, 47.787440384 ], [ -117.604326991, 47.787441566 ], [ -117.604367501, 47.787437490000102 ], [ -117.60441695, 47.787449663000103 ], [ -117.604467059, 47.78747846 ], [ -117.604500338, 47.787497905000102 ], [ -117.604539315, 47.787515300000102 ], [ -117.604574701, 47.787542642000098 ], [ -117.604613357, 47.787564885000101 ], [ -117.604670901, 47.787572706 ], [ -117.604712875, 47.787581530000097 ], [ -117.604766882, 47.787582365 ], [ -117.604810441, 47.78758437 ], [ -117.604862938, 47.787597912000102 ], [ -117.604914721, 47.7875964 ], [ -117.604968251, 47.78760436 ], [ -117.60501093, 47.787600781 ], [ -117.605053735, 47.787602332000098 ], [ -117.605099693, 47.787599008 ], [ -117.605146791, 47.787604226 ], [ -117.605185508, 47.787613394000097 ], [ -117.605245181, 47.787613053 ], [ -117.605286672, 47.787618742000099 ], [ -117.60532747, 47.787641413000102 ], [ -117.605378554, 47.787632463000101 ], [ -117.605424167, 47.787639891 ], [ -117.605458019, 47.787622656000103 ], [ -117.605475196, 47.787596865000097 ], [ -117.605517662, 47.787583424 ], [ -117.605559431, 47.787567632 ], [ -117.605597934, 47.787551113000099 ], [ -117.605635083, 47.787539465000101 ], [ -117.605688119, 47.787534347000097 ], [ -117.60574445, 47.787535991 ], [ -117.60580094, 47.787530632 ], [ -117.605849982, 47.787542467 ], [ -117.605911235, 47.787538795 ], [ -117.60595119, 47.78753269 ], [ -117.606008794, 47.787525776000102 ], [ -117.606066099, 47.787522245 ], [ -117.606123333, 47.787519866 ], [ -117.606176281, 47.787515041000098 ], [ -117.606226324, 47.7875178560001 ], [ -117.60618651, 47.7875331380001 ], [ -117.60622967, 47.787528747000103 ], [ -117.60628493, 47.787528478000098 ], [ -117.606325999, 47.787527393000097 ], [ -117.606375335, 47.787520480000097 ], [ -117.606420247, 47.787523359 ], [ -117.606462382, 47.7875230880001 ], [ -117.60652643, 47.787517661 ], [ -117.606584702, 47.787517192000102 ], [ -117.606628962, 47.787521135000098 ], [ -117.606688829, 47.7875210300001 ], [ -117.60673597, 47.787513654000101 ], [ -117.606778364, 47.787490916000102 ], [ -117.606830858, 47.787480744 ], [ -117.606875325, 47.78747581 ], [ -117.606911888, 47.787463780000103 ], [ -117.606958567, 47.787454060000101 ], [ -117.606999299, 47.787462184 ], [ -117.607040122, 47.787469042000097 ], [ -117.607085633, 47.7874743080001 ], [ -117.607135289, 47.787491362 ], [ -117.607173729, 47.787505575000097 ], [ -117.607226404, 47.787521186 ], [ -117.607271641, 47.787523676 ], [ -117.607415778, 47.787563898 ], [ -117.607451357, 47.787579892000103 ], [ -117.607478022, 47.787601344000102 ], [ -117.607519165, 47.787611486000102 ], [ -117.607570733, 47.787622822000102 ], [ -117.607612553, 47.787625197000096 ], [ -117.60765391, 47.787625469 ], [ -117.60766539, 47.787652606000101 ], [ -117.607716016, 47.78764038 ], [ -117.607774714, 47.787645292 ], [ -117.607828547, 47.78765837 ], [ -117.60787797, 47.787657276000097 ], [ -117.607916707, 47.787668963 ], [ -117.607960941, 47.787675189 ], [ -117.608003094, 47.787683443 ], [ -117.608046128, 47.787697488 ], [ -117.60808832, 47.787706504 ], [ -117.608130494, 47.787715308 ], [ -117.608171629, 47.78773563 ], [ -117.608215513, 47.787753770000101 ], [ -117.608252527, 47.787772766 ], [ -117.608293995, 47.787790155 ], [ -117.608310625, 47.78782174 ], [ -117.60830951, 47.787850467000098 ], [ -117.608326061, 47.787884046 ], [ -117.608365519, 47.787903097 ], [ -117.6084194, 47.787925725 ], [ -117.60846336, 47.787943009000102 ], [ -117.608504809, 47.787946706000099 ], [ -117.608564497, 47.787958587 ], [ -117.608598672, 47.7879848420001 ], [ -117.608630649, 47.788008897000097 ], [ -117.608666743, 47.788031192000098 ], [ -117.608691003, 47.788059809000103 ], [ -117.608726662, 47.788086069 ], [ -117.608755608, 47.788113223 ], [ -117.608787197, 47.788135272 ], [ -117.608830571, 47.788159103000098 ], [ -117.608855215, 47.788183006000096 ], [ -117.608906642, 47.788204324 ], [ -117.608935957, 47.788224736000103 ], [ -117.608972522, 47.78824195 ], [ -117.609009016, 47.788260231 ], [ -117.609045481, 47.788273308 ], [ -117.609073604, 47.788294343000103 ], [ -117.609104077, 47.788316853 ], [ -117.609141391, 47.788328558 ], [ -117.609192383, 47.788348039 ], [ -117.609235341, 47.7883703030001 ], [ -117.609274438, 47.788381504 ], [ -117.609320918, 47.788407181 ], [ -117.609373721, 47.788421260000099 ], [ -117.609423154, 47.788440192000103 ], [ -117.609456457, 47.78845649 ], [ -117.609498035, 47.7884663130001 ], [ -117.609542375, 47.788485 ], [ -117.609598688, 47.788497289000098 ], [ -117.609637751, 47.788506907000098 ], [ -117.609666447, 47.788527222 ], [ -117.609710325, 47.788551208000101 ], [ -117.609761225, 47.788570038 ], [ -117.609799832, 47.788580175 ], [ -117.609830019, 47.788601173000103 ], [ -117.609875537, 47.788620486000099 ], [ -117.609917471, 47.7886197280001 ], [ -117.609951813, 47.788636689 ], [ -117.609998593, 47.788652551 ], [ -117.610044744, 47.7886704860001 ], [ -117.610096721, 47.788690993 ], [ -117.610148751, 47.788701116 ], [ -117.61020147, 47.788709052000101 ], [ -117.610243757, 47.788703596000097 ], [ -117.610283726, 47.7887112700001 ], [ -117.610323774, 47.788721340000102 ], [ -117.610362848, 47.788730382 ], [ -117.610416155, 47.788743318000101 ], [ -117.610452456, 47.788756202000101 ], [ -117.610484679, 47.788774662 ], [ -117.610540505, 47.7887893830001 ], [ -117.610589763, 47.788806032 ], [ -117.610636181, 47.788814385000101 ], [ -117.610671813, 47.788834196 ], [ -117.610727323, 47.788847954000097 ], [ -117.610753013, 47.788871558 ], [ -117.610797184, 47.788890009000099 ], [ -117.610840814, 47.7889047130001 ], [ -117.610877289, 47.788922303 ], [ -117.610930678, 47.788944876000102 ], [ -117.610987541, 47.788964753000101 ], [ -117.611033091, 47.788979658000102 ], [ -117.611064945, 47.78899698 ], [ -117.611112336, 47.789020792 ], [ -117.611165406, 47.789041127000097 ], [ -117.611196323, 47.789059422 ], [ -117.611247392, 47.789072180000097 ], [ -117.611291023, 47.789074259000103 ], [ -117.611345383, 47.789089915 ], [ -117.611385051, 47.789100645000097 ], [ -117.61142421, 47.789111181000102 ], [ -117.611475293, 47.789126579 ], [ -117.611532116, 47.789135034 ], [ -117.611589572, 47.789139876 ], [ -117.611643331, 47.789149317000103 ], [ -117.611683758, 47.789152462000096 ], [ -117.611724838, 47.789156808 ], [ -117.61178416, 47.789153308 ], [ -117.611845245, 47.789155741000101 ], [ -117.611889794, 47.789157459000101 ], [ -117.611948865, 47.789164072000098 ], [ -117.612008114, 47.789168195000101 ], [ -117.61206272, 47.78917506 ], [ -117.612119043, 47.789181166 ], [ -117.612166324, 47.789189811 ], [ -117.612217821, 47.789201580000103 ], [ -117.612266352, 47.789201931 ], [ -117.612316674, 47.78920994 ], [ -117.612379159, 47.789210294 ], [ -117.612442616, 47.789204277000103 ], [ -117.6124951, 47.789196874 ], [ -117.61255166, 47.789201135 ], [ -117.612606465, 47.789198427 ], [ -117.612653432, 47.7891973690001 ], [ -117.612693506, 47.789204750000103 ], [ -117.612740153, 47.789199572 ], [ -117.612797106, 47.789201505000101 ], [ -117.612841455, 47.789215504 ], [ -117.612902891, 47.789223252000099 ], [ -117.612948504, 47.789227712000098 ], [ -117.613004016, 47.789238004 ], [ -117.613044168, 47.789247206 ], [ -117.613087845, 47.78926998 ], [ -117.613130033, 47.789285628000101 ], [ -117.613167745, 47.789307175 ], [ -117.613202265, 47.7893231460001 ], [ -117.613233668, 47.789343680000101 ], [ -117.613265406, 47.789379055 ], [ -117.613301738, 47.789407045000097 ], [ -117.613326726, 47.789429574000103 ], [ -117.613345173, 47.789455233000098 ], [ -117.613354246, 47.789487137 ], [ -117.61337322, 47.789520253 ], [ -117.613385903, 47.789557319 ], [ -117.613397437, 47.7895918460001 ], [ -117.613415472, 47.789617785000097 ], [ -117.61341521, 47.789645218 ], [ -117.613396671, 47.789676738 ], [ -117.613392111, 47.789709034000097 ], [ -117.613396272, 47.789745866 ], [ -117.613396783, 47.789779291000102 ], [ -117.613393964, 47.789812612 ], [ -117.613406107, 47.789838864 ], [ -117.613411179, 47.789870744 ], [ -117.613439852, 47.789902026 ], [ -117.613440267, 47.789930072000097 ], [ -117.61347169, 47.789947566000102 ], [ -117.613455662, 47.789972844 ], [ -117.613474836, 47.789997460000102 ], [ -117.613500205, 47.790026013 ], [ -117.613539816, 47.790055379000101 ], [ -117.613566854, 47.7900809920001 ], [ -117.613594506, 47.790108999 ], [ -117.613614003, 47.790140279000099 ], [ -117.613617886, 47.79016891 ], [ -117.61362479, 47.7901403870001 ], [ -117.613660025, 47.790113096 ], [ -117.613705439, 47.790092294 ], [ -117.613755861, 47.79008903 ], [ -117.613816346, 47.790095788 ], [ -117.613862636, 47.790099479 ], [ -117.61391684, 47.790106618 ], [ -117.613962735, 47.790125574000101 ], [ -117.614004712, 47.7901412800001 ], [ -117.614054834, 47.790161628000099 ], [ -117.614080306, 47.79018962 ], [ -117.614124578, 47.790212805000102 ], [ -117.614165942, 47.790218840000101 ], [ -117.614210887, 47.790222301 ], [ -117.614265195, 47.790220383000097 ], [ -117.614314951, 47.790207439 ], [ -117.614352789, 47.790190386000098 ], [ -117.614371875, 47.790161144000102 ], [ -117.614401018, 47.790132773 ], [ -117.614430985, 47.79010269 ], [ -117.614454215, 47.790072370000097 ], [ -117.614480272, 47.790045889000098 ], [ -117.614507146, 47.790015058000101 ], [ -117.614535006, 47.789984459 ], [ -117.614561789, 47.789955285000097 ], [ -117.614595382, 47.789928657000097 ], [ -117.614620943, 47.789905218000101 ], [ -117.614653658, 47.789872898000098 ], [ -117.614658858, 47.789869675 ], [ -117.614761931, 47.789805791 ], [ -117.614815958, 47.789788636 ], [ -117.614907346, 47.789813212000098 ], [ -117.61491858, 47.78984618 ], [ -117.614915288, 47.789880803000102 ], [ -117.61490969, 47.789917902000099 ], [ -117.614902749, 47.789950762 ], [ -117.614893842, 47.789992185000102 ], [ -117.614884482, 47.790019129 ], [ -117.614876239, 47.7900557130001 ], [ -117.61486687, 47.790094144000101 ], [ -117.614868418, 47.790127470000101 ], [ -117.614861511, 47.790161791000102 ], [ -117.614852849, 47.790195058000101 ], [ -117.614838327, 47.790229536 ], [ -117.614831853, 47.790268483 ], [ -117.61482318, 47.790304586 ], [ -117.614814602, 47.790339806000098 ], [ -117.61480408, 47.790377047 ], [ -117.614798996, 47.7903904940001 ], [ -117.614789952, 47.7904144090001 ], [ -117.614779667, 47.790449362000103 ], [ -117.614770506, 47.7904845 ], [ -117.614758595, 47.7905167710001 ], [ -117.614745354, 47.790550215000103 ], [ -117.614728706, 47.790582768 ], [ -117.614720784, 47.790616669 ], [ -117.614709205, 47.7906506630001 ], [ -117.614702642, 47.790682243 ], [ -117.614686981, 47.7907167770001 ], [ -117.614668164, 47.790752711 ], [ -117.614661738, 47.790781754000101 ], [ -117.614654349, 47.790819196 ], [ -117.61465721, 47.790851219 ], [ -117.614692144, 47.790870234000103 ], [ -117.614744665, 47.790863918000099 ], [ -117.614783769, 47.790842940000097 ], [ -117.614973482, 47.790798115 ], [ -117.615093669, 47.790919301 ], [ -117.615129668, 47.790955600000103 ], [ -117.615074852, 47.791056214 ], [ -117.615102414, 47.791078805 ], [ -117.615133103, 47.791099557000102 ], [ -117.615172483, 47.791121757 ], [ -117.615214321, 47.791135791 ], [ -117.615255218, 47.791152636 ], [ -117.615307562, 47.791166754000102 ], [ -117.615347886, 47.791175631 ], [ -117.61534882, 47.791175836 ], [ -117.615387102, 47.791187102 ], [ -117.615435723, 47.791195116 ], [ -117.615473949, 47.791211638 ], [ -117.615518737, 47.791229704 ], [ -117.615560583, 47.791233807 ], [ -117.615602266, 47.791235749000101 ], [ -117.615657876, 47.791234293000102 ], [ -117.615700137, 47.791254808000097 ], [ -117.615732301, 47.791284175 ], [ -117.615769446, 47.7913059360001 ], [ -117.615795632, 47.791331435000103 ], [ -117.615819048, 47.791360879000102 ], [ -117.615834559, 47.7913933520001 ], [ -117.615840648, 47.791422014 ], [ -117.615846862, 47.791455682 ], [ -117.615854112, 47.791491035 ], [ -117.615871847, 47.791523090000098 ], [ -117.61588488, 47.791551783 ], [ -117.615896406, 47.791584660000098 ], [ -117.615897871, 47.791613743 ], [ -117.615884083, 47.791652385000098 ], [ -117.615878288, 47.791684962 ], [ -117.615877915, 47.791710054000099 ], [ -117.615877768, 47.791719904 ], [ -117.615875771, 47.791751897 ], [ -117.615879799, 47.79178749 ], [ -117.615900476, 47.791822174000103 ], [ -117.615926009, 47.791853946000103 ], [ -117.615927184, 47.791884528 ], [ -117.615939491, 47.791916547 ], [ -117.615983859, 47.791936819000099 ], [ -117.61602853, 47.791949585000097 ], [ -117.616067836, 47.791971021000101 ], [ -117.616083939, 47.791998286000101 ], [ -117.616088932, 47.792039014000103 ], [ -117.616090777, 47.792071293 ], [ -117.616059663, 47.792102414000098 ], [ -117.616038671, 47.792128952 ], [ -117.616035101, 47.792156951 ], [ -117.616066163, 47.792178919 ], [ -117.616096303, 47.792199704 ], [ -117.616137418, 47.792216506 ], [ -117.61615943, 47.792241411000099 ], [ -117.616194346, 47.792272954000097 ], [ -117.616211786, 47.792309842000101 ], [ -117.616219487, 47.792354249 ], [ -117.616213667, 47.792387654 ], [ -117.616213947, 47.79242486 ], [ -117.616235133, 47.792452148000102 ], [ -117.616284, 47.792473137000101 ], [ -117.616327317, 47.792486942 ], [ -117.616371181, 47.7924874 ], [ -117.616421609, 47.792499287000098 ], [ -117.616466376, 47.792503253000099 ], [ -117.616517193, 47.792518576000099 ], [ -117.616565558, 47.792515692000102 ], [ -117.616614018, 47.792534985 ], [ -117.61666184, 47.792558601000103 ], [ -117.616710812, 47.792574979000101 ], [ -117.616739083, 47.7925962300001 ], [ -117.616780371, 47.792610533000101 ], [ -117.616812982, 47.792633647000102 ], [ -117.616854307, 47.792660321 ], [ -117.616888682, 47.7926848110001 ], [ -117.616890557, 47.792714921 ], [ -117.616900313, 47.79275275 ], [ -117.616894382, 47.792783122000102 ], [ -117.616885418, 47.792811974000102 ], [ -117.616863267, 47.792840825 ], [ -117.616839756, 47.792875331000097 ], [ -117.616843279, 47.792905930000103 ], [ -117.616820122, 47.792935785000097 ], [ -117.616808114, 47.792962169000099 ], [ -117.616798028, 47.792995551 ], [ -117.616840742, 47.793016749000103 ], [ -117.616876148, 47.793034345000102 ], [ -117.616904266, 47.793059003000103 ], [ -117.616946104, 47.793079648000102 ], [ -117.616970598, 47.79310165 ], [ -117.617009071, 47.793122053 ], [ -117.617044101, 47.793146975000099 ], [ -117.617084531, 47.793163943000103 ], [ -117.617120368, 47.793180281 ], [ -117.617165263, 47.793201463000102 ], [ -117.617204041, 47.7932128140001 ], [ -117.617247197, 47.793226686 ], [ -117.617298761, 47.793226949 ], [ -117.617357975, 47.793229643000103 ], [ -117.617401536, 47.793230890000103 ], [ -117.617440962, 47.793240155 ], [ -117.617503657, 47.793245133 ], [ -117.617546525, 47.793248212 ], [ -117.617603134, 47.793257431 ], [ -117.617648891, 47.793261911000101 ], [ -117.617695997, 47.7932718610001 ], [ -117.617733298, 47.793291098000097 ], [ -117.617776075, 47.793305948000103 ], [ -117.617819829, 47.7933179 ], [ -117.617848223, 47.7933240260001 ], [ -117.617870091, 47.7933287440001 ], [ -117.617907199, 47.793342596000102 ], [ -117.617940133, 47.793359977000101 ], [ -117.617963813, 47.793385360000102 ], [ -117.618015382, 47.793408362 ], [ -117.61805634, 47.793416399000101 ], [ -117.618110267, 47.793430491 ], [ -117.618154202, 47.793440322 ], [ -117.618197907, 47.793465455 ], [ -117.618218383, 47.793501491 ], [ -117.618232299, 47.793538518 ], [ -117.618227423, 47.793575051000097 ], [ -117.618209345, 47.793610396000098 ], [ -117.618208796, 47.793611469 ], [ -117.618189171, 47.793641153000102 ], [ -117.618178484, 47.793673342 ], [ -117.618146248, 47.793701058000103 ], [ -117.61826384, 47.793768212 ], [ -117.61830208, 47.793778918 ], [ -117.618340834, 47.793799912000097 ], [ -117.618368152, 47.793825671 ], [ -117.618400276, 47.7938526840001 ], [ -117.618426035, 47.793878325 ], [ -117.618462619, 47.793905718000097 ], [ -117.618477514, 47.793933217000102 ], [ -117.618515688, 47.793954800000101 ], [ -117.618551851, 47.793977300000101 ], [ -117.618606416, 47.793988938 ], [ -117.618648711, 47.793993836 ], [ -117.6186897, 47.7940012870001 ], [ -117.618722344, 47.794035438 ], [ -117.618762124, 47.794065395000104 ], [ -117.618792305, 47.794099974000098 ], [ -117.618824242, 47.794131820000104 ], [ -117.618823714, 47.794160324000103 ], [ -117.618797796, 47.794186145 ], [ -117.618777693, 47.794222432 ], [ -117.618771121, 47.794260323000103 ], [ -117.61879683, 47.7942910290001 ], [ -117.618802499, 47.794330336 ], [ -117.618791515, 47.7943684580001 ], [ -117.618785365, 47.794402899 ], [ -117.618788561, 47.794439866000097 ], [ -117.618789727, 47.794474395000101 ], [ -117.618777479, 47.79450596 ], [ -117.618769248, 47.794537754 ], [ -117.618758557, 47.7945717200001 ], [ -117.618736601, 47.794597061 ], [ -117.618717563, 47.794635787000097 ], [ -117.618698084, 47.794664883000102 ], [ -117.618671575, 47.794691744 ], [ -117.618636022, 47.794710316000099 ], [ -117.618597898, 47.7947325270001 ], [ -117.618560804, 47.794759858000099 ], [ -117.618507557, 47.794786258 ], [ -117.618468978, 47.794799926000103 ], [ -117.618441309, 47.794820870000102 ], [ -117.61839766, 47.794834768 ], [ -117.618359509, 47.794857926000098 ], [ -117.618319656, 47.794876173 ], [ -117.618285345, 47.794893098 ], [ -117.618262449, 47.794920468 ], [ -117.618245834, 47.794946888 ], [ -117.618238169, 47.794975282000102 ], [ -117.618211617, 47.795006368 ], [ -117.618355471, 47.795047776 ], [ -117.618398654, 47.795053978000098 ], [ -117.618446609, 47.7950597130001 ], [ -117.618487397, 47.795052530000099 ], [ -117.618534954, 47.7950570960001 ], [ -117.618590387, 47.795058776000097 ], [ -117.618646829, 47.795055487000099 ], [ -117.618689979, 47.795048062 ], [ -117.618739579, 47.7950464460001 ], [ -117.618795598, 47.795049719000097 ], [ -117.618846978, 47.795047869 ], [ -117.618898967, 47.795051031000099 ], [ -117.618940513, 47.795054650000097 ], [ -117.618982399, 47.795052634000101 ], [ -117.619030189, 47.795052783000102 ], [ -117.61907211, 47.795053684 ], [ -117.619128848, 47.795052527000102 ], [ -117.619181056, 47.795047937 ], [ -117.619234301, 47.795051062 ], [ -117.619292156, 47.795045089 ], [ -117.619351248, 47.7950410340001 ], [ -117.619393526, 47.7950439950001 ], [ -117.619435911, 47.795042264000102 ], [ -117.61949168, 47.795041266000098 ], [ -117.619544672, 47.79504281 ], [ -117.619596513, 47.795047232000101 ], [ -117.619645935, 47.795046474000102 ], [ -117.619695444, 47.795050311000097 ], [ -117.619736766, 47.7950502 ], [ -117.619787801, 47.795050939000099 ], [ -117.619830495, 47.795045393000102 ], [ -117.619887577, 47.795044999 ], [ -117.619930521, 47.795041408 ], [ -117.619980168, 47.795040584 ], [ -117.620031216, 47.795038177 ], [ -117.620086447, 47.795040622 ], [ -117.620127349, 47.795040874000101 ], [ -117.620183223, 47.795040246 ], [ -117.620238532, 47.795041337 ], [ -117.620296498, 47.795039513000098 ], [ -117.620354275, 47.795039436000103 ], [ -117.620395202, 47.795040113 ], [ -117.620454217, 47.795043342 ], [ -117.620504197, 47.795045071000096 ], [ -117.62054565, 47.795044562 ], [ -117.620603692, 47.795048090000101 ], [ -117.620657599, 47.795053612000103 ], [ -117.620712586, 47.795054748 ], [ -117.620766542, 47.7950524600001 ], [ -117.62080837, 47.79505342 ], [ -117.62086468, 47.795057869000097 ], [ -117.620920137, 47.795057953 ], [ -117.620979478, 47.795060712000101 ], [ -117.621037809, 47.7950620780001 ], [ -117.621099976, 47.795065628 ], [ -117.621156925, 47.795065419 ], [ -117.621216412, 47.795067220000099 ], [ -117.621276178, 47.7950694560001 ], [ -117.621317565, 47.795071283 ], [ -117.621376708, 47.795071331 ], [ -117.621434977, 47.7950706190001 ], [ -117.621493073, 47.795073071 ], [ -117.621536165, 47.795070481 ], [ -117.621577583, 47.795069904000101 ], [ -117.621618939, 47.795067703 ], [ -117.62167695, 47.795065421000103 ], [ -117.621732261, 47.795059178 ], [ -117.621776693, 47.795054278000102 ], [ -117.621817266, 47.7950499660001 ], [ -117.621862885, 47.795043465 ], [ -117.621923938, 47.795033758 ], [ -117.621965612, 47.7950246710001 ], [ -117.622006281, 47.795017184000102 ], [ -117.622047078, 47.79500771 ], [ -117.622086842, 47.795000427 ], [ -117.62212327, 47.7949865840001 ], [ -117.622159213, 47.794972816 ], [ -117.622205341, 47.794953486000097 ], [ -117.62225373, 47.794932587000098 ], [ -117.622291386, 47.794906515 ], [ -117.622320686, 47.794893753000103 ], [ -117.622336851, 47.794888834000098 ], [ -117.622410886, 47.794866302000102 ], [ -117.622447894, 47.794881662000101 ], [ -117.622472743, 47.794909930000102 ], [ -117.622473143, 47.794946719000102 ], [ -117.622454715, 47.794971981000103 ], [ -117.622454459, 47.795003804 ], [ -117.622446764, 47.795017583000103 ], [ -117.622429778, 47.795047999000097 ], [ -117.622453602, 47.795071237000101 ], [ -117.622481902, 47.795065873000098 ], [ -117.622503753, 47.7950617320001 ], [ -117.622534861, 47.795083069 ], [ -117.622586848, 47.7950961700001 ], [ -117.6226057, 47.7951222310001 ], [ -117.622594189, 47.795150757 ], [ -117.622579646, 47.79518403 ], [ -117.622623045, 47.795199505 ], [ -117.622636879, 47.795227584 ], [ -117.622619356, 47.795254782 ], [ -117.622683874, 47.795343450000097 ], [ -117.622888136, 47.795503667 ], [ -117.62290854, 47.7954987580001 ], [ -117.62293972, 47.795517505000099 ], [ -117.622931762, 47.795537885 ], [ -117.622928728, 47.795545657 ], [ -117.622922618, 47.795577436 ], [ -117.622927605, 47.795605342 ], [ -117.622919823, 47.795632755 ], [ -117.622947918, 47.795654164 ], [ -117.622987889, 47.795668262 ], [ -117.623016298, 47.7956897460001 ], [ -117.623060745, 47.795687009000098 ], [ -117.623096323, 47.795709071 ], [ -117.623087236, 47.795746101000098 ], [ -117.623098493, 47.795778752 ], [ -117.623133349, 47.7957996270001 ], [ -117.623160548, 47.7958232 ], [ -117.623164451, 47.795825387 ], [ -117.623193395, 47.795841608 ], [ -117.623185948, 47.795873808000103 ], [ -117.623192501, 47.7959021200001 ], [ -117.623205939, 47.795930634000101 ], [ -117.62320868, 47.795961661 ], [ -117.623221531, 47.79598837 ], [ -117.623190476, 47.796013423 ], [ -117.623146588, 47.796019930000099 ], [ -117.623118067, 47.796040249 ], [ -117.623079898, 47.7960596570001 ], [ -117.623033722, 47.796058722000097 ], [ -117.623000101, 47.7960745600001 ], [ -117.622978042, 47.796097642000099 ], [ -117.622935246, 47.7961099400001 ], [ -117.622890913, 47.796120597 ], [ -117.622861417, 47.796141084000098 ], [ -117.622865534, 47.796175676000097 ], [ -117.622849123, 47.796203906000102 ], [ -117.622800964, 47.796204788000097 ], [ -117.622765185, 47.796220072 ], [ -117.622716968, 47.7962265520001 ], [ -117.622676862, 47.796236411000102 ], [ -117.622688174, 47.796263789000101 ], [ -117.622661497, 47.796291639000103 ], [ -117.622623559, 47.796308954 ], [ -117.622578972, 47.796308709000101 ], [ -117.622542863, 47.796292457 ], [ -117.622526629, 47.796260655 ], [ -117.622508642, 47.796244726000097 ], [ -117.622500505, 47.79623752 ], [ -117.622451525, 47.79624262 ], [ -117.622405844, 47.796235709 ], [ -117.622357662, 47.796233828 ], [ -117.622313618, 47.796225243 ], [ -117.622274685, 47.796242373 ], [ -117.622254631, 47.796268498000103 ], [ -117.622209422, 47.796272834 ], [ -117.622159101, 47.796276934 ], [ -117.622120411, 47.796291671000098 ], [ -117.622082725, 47.796310949 ], [ -117.622037256, 47.7963206310001 ], [ -117.622031561, 47.7963540370001 ], [ -117.621993636, 47.796368022000102 ], [ -117.621955371, 47.7963855940001 ], [ -117.62193461, 47.796413034000103 ], [ -117.62191912, 47.796446709000101 ], [ -117.621935598, 47.796473373 ], [ -117.62195539, 47.796498824 ], [ -117.621985539, 47.7965197360001 ], [ -117.622006695, 47.796546612 ], [ -117.622002065, 47.7965756 ], [ -117.622016062, 47.796604252000101 ], [ -117.622011773, 47.796635237 ], [ -117.622011216, 47.796639261000102 ], [ -117.622033539, 47.796662225 ], [ -117.621988029, 47.796692318000098 ], [ -117.62198578, 47.796697357 ], [ -117.621981907, 47.796726390000103 ], [ -117.621981188, 47.7967618160001 ], [ -117.621982691, 47.796774326 ], [ -117.621986906, 47.796809414000101 ], [ -117.621969336, 47.796838973 ], [ -117.62196592, 47.796867685000102 ], [ -117.621963977, 47.796896916 ], [ -117.621952775, 47.796925907000102 ], [ -117.621947837, 47.79695546 ], [ -117.621949062, 47.796990345 ], [ -117.621959762, 47.797024471 ], [ -117.621958116, 47.797054427 ], [ -117.621952859, 47.797093946000103 ], [ -117.621955832, 47.7971225410001 ], [ -117.621959814, 47.797151121000098 ], [ -117.621955662, 47.797181748000099 ], [ -117.621958524, 47.797213562000103 ], [ -117.621966737, 47.797240976000097 ], [ -117.621965387, 47.797274061000103 ], [ -117.621948537, 47.797308141 ], [ -117.62192552, 47.797334814000102 ], [ -117.621912753, 47.797374857000101 ], [ -117.621900266, 47.79740352 ], [ -117.621883558, 47.797435696 ], [ -117.621866198, 47.797460909000101 ], [ -117.621840235, 47.797482853000098 ], [ -117.621812315, 47.797514040000102 ], [ -117.621800345, 47.797540516 ], [ -117.621763037, 47.797565682 ], [ -117.621731993, 47.797584365 ], [ -117.62171235, 47.797610504 ], [ -117.621690823, 47.797642176000103 ], [ -117.621648387, 47.7976552760001 ], [ -117.621626738, 47.797685259 ], [ -117.621588535, 47.797707505000098 ], [ -117.621551957, 47.797731039 ], [ -117.621525171, 47.797762270000099 ], [ -117.621496667, 47.797784878000101 ], [ -117.621471181, 47.797815898000103 ], [ -117.621437801, 47.797841780000098 ], [ -117.621408442, 47.797865508 ], [ -117.62140913, 47.797829464000102 ], [ -117.621377687, 47.797850286 ], [ -117.621345546, 47.797871087 ], [ -117.621308743, 47.797891908000103 ], [ -117.621282338, 47.797925981 ], [ -117.621260692, 47.797951637 ], [ -117.621232021, 47.797984853000102 ], [ -117.62119022, 47.798004520000099 ], [ -117.621167067, 47.798032784 ], [ -117.6211307, 47.798059005 ], [ -117.621099769, 47.798088067 ], [ -117.621068734, 47.798117219000098 ], [ -117.621026485, 47.798143388 ], [ -117.620997432, 47.798170661 ], [ -117.620957019, 47.798196509 ], [ -117.620925362, 47.798223104 ], [ -117.62089193, 47.798252465000097 ], [ -117.620874252, 47.798262252 ], [ -117.62130005, 47.798588219000102 ], [ -117.621562428, 47.798789079000102 ], [ -117.621552815, 47.798927334 ], [ -117.621944941, 47.79903806 ], [ -117.621947839, 47.799051424 ], [ -117.622002574, 47.799079568000103 ], [ -117.622041149, 47.799110277000104 ], [ -117.622077062, 47.799133839 ], [ -117.62211882, 47.799157760000099 ], [ -117.62213929, 47.799187913 ], [ -117.62213644, 47.799216286 ], [ -117.622113696, 47.799253501000102 ], [ -117.622090178, 47.799283013 ], [ -117.622066539, 47.799308090000103 ], [ -117.62205876, 47.799340308000097 ], [ -117.622081079, 47.799365255000097 ], [ -117.622121395, 47.799372923000099 ], [ -117.622156601, 47.799398376000099 ], [ -117.622152667, 47.799426301 ], [ -117.622131597, 47.799458173000097 ], [ -117.622114365, 47.799493186000099 ], [ -117.622097443, 47.799521005 ], [ -117.622093448, 47.799548392000098 ], [ -117.622101706, 47.799582094000101 ], [ -117.622113401, 47.799608868000099 ], [ -117.622091492, 47.799637263000101 ], [ -117.622067855, 47.799661748000098 ], [ -117.622056208, 47.799690768000097 ], [ -117.622048904, 47.799720306 ], [ -117.622022835, 47.799742556000098 ], [ -117.622000275, 47.799767699 ], [ -117.621963984, 47.799788734000103 ], [ -117.621926592, 47.799799742000097 ], [ -117.62188088, 47.799818804 ], [ -117.621849634, 47.799836737000099 ], [ -117.621815001, 47.799861075000102 ], [ -117.621770786, 47.79987449 ], [ -117.621756665, 47.799903637000099 ], [ -117.621743926, 47.799935920000102 ], [ -117.621728998, 47.799963565 ], [ -117.621706339, 47.799986826000101 ], [ -117.621673964, 47.800003936000103 ], [ -117.621644957, 47.800025598 ], [ -117.621608502, 47.800046459 ], [ -117.62157626, 47.800063619000099 ], [ -117.621559698, 47.800091080000101 ], [ -117.621537144, 47.800115646000101 ], [ -117.62151546, 47.800140038000102 ], [ -117.621473354, 47.80016901 ], [ -117.621425236, 47.800187175000097 ], [ -117.62138998, 47.8002053230001 ], [ -117.621349859, 47.800228647 ], [ -117.621307377, 47.800237564 ], [ -117.621266742, 47.800241709 ], [ -117.621233989, 47.800265887000101 ], [ -117.621231746, 47.800294867 ], [ -117.621193456, 47.800309586 ], [ -117.62115712, 47.8003301970001 ], [ -117.62112427, 47.800350594000101 ], [ -117.621109823, 47.800389160000101 ], [ -117.621085345, 47.800415241000103 ], [ -117.621079891, 47.800454378 ], [ -117.621073054, 47.800488468 ], [ -117.621045882, 47.8005126730001 ], [ -117.621001252, 47.800526485 ], [ -117.620948157, 47.800525107000098 ], [ -117.620902477, 47.800523360000099 ], [ -117.620853892, 47.800540949 ], [ -117.620805931, 47.800551552000101 ], [ -117.620768256, 47.800562992 ], [ -117.620730726, 47.800582598000098 ], [ -117.620700462, 47.800602086 ], [ -117.620670352, 47.800622801 ], [ -117.620631328, 47.800642666 ], [ -117.620586267, 47.800655443 ], [ -117.62053866, 47.800652857 ], [ -117.620491821, 47.800637378 ], [ -117.620448817, 47.8006311030001 ], [ -117.62040141, 47.800633174 ], [ -117.620358035, 47.800638331000101 ], [ -117.620312778, 47.800644723000097 ], [ -117.620321705, 47.800375568 ], [ -117.620322514, 47.800351181000103 ], [ -117.6203108, 47.800325890000103 ], [ -117.620258877, 47.800323038 ], [ -117.620221021, 47.800336184000102 ], [ -117.620182939, 47.800347877 ], [ -117.620148776, 47.800309506000097 ], [ -117.620125717, 47.800332193 ], [ -117.620082204, 47.8003316960001 ], [ -117.620043231, 47.8003408000001 ], [ -117.620000032, 47.800349346000097 ], [ -117.619959096, 47.800345664000098 ], [ -117.619948049, 47.800319177000098 ], [ -117.619943847, 47.800292899000098 ], [ -117.619942244, 47.800282880000097 ], [ -117.619919277, 47.800258839 ], [ -117.619909046, 47.800226292 ], [ -117.619875883, 47.800204452000102 ], [ -117.619836656, 47.800224661000101 ], [ -117.619798674, 47.800247168000098 ], [ -117.619798409, 47.800278236000104 ], [ -117.619794764, 47.800287164000103 ], [ -117.619787136, 47.800305847000097 ], [ -117.619744935, 47.800326831000099 ], [ -117.619694598, 47.800339612000101 ], [ -117.619676735, 47.800367593 ], [ -117.619669838, 47.800395844 ], [ -117.619694295, 47.800423096 ], [ -117.619657576, 47.800443623 ], [ -117.619622652, 47.800421114000102 ], [ -117.619611635, 47.8003886340001 ], [ -117.619565372, 47.800377759000099 ], [ -117.619521313, 47.800381161000097 ], [ -117.619497582, 47.8004133150001 ], [ -117.619457369, 47.800403652000099 ], [ -117.619416314, 47.8004056 ], [ -117.619376079, 47.8004116050001 ], [ -117.619377318, 47.800271102000103 ], [ -117.619323476, 47.80026903 ], [ -117.619269635, 47.800266958000101 ], [ -117.619132972, 47.800261699 ], [ -117.619135991, 47.800258883 ], [ -117.619140073, 47.80023142 ], [ -117.619131623, 47.800201572 ], [ -117.619100038, 47.800176343 ], [ -117.619061948, 47.800156994000098 ], [ -117.61902617, 47.80014011 ], [ -117.61898225, 47.800126550000101 ], [ -117.618933556, 47.800115937 ], [ -117.61889409, 47.800102596 ], [ -117.618864335, 47.800080651 ], [ -117.618853906, 47.80005264 ], [ -117.618807782, 47.800061633 ], [ -117.618772853, 47.800045432 ], [ -117.618741275, 47.800028140000101 ], [ -117.618781683, 47.800006838000101 ], [ -117.618785085, 47.80000561 ], [ -117.618758554, 47.7999492490001 ], [ -117.618740531, 47.799940074000098 ], [ -117.618716377, 47.799908016000103 ], [ -117.618688357, 47.799884724 ], [ -117.618646659, 47.799868085000099 ], [ -117.618606843, 47.799854846000102 ], [ -117.618565558, 47.799842070000103 ], [ -117.618524773, 47.799819729 ], [ -117.618481528, 47.79980928 ], [ -117.618430877, 47.799801567 ], [ -117.618391599, 47.799787187 ], [ -117.618350665, 47.799797773000101 ], [ -117.618319048, 47.799819107000097 ], [ -117.618268674, 47.799820387000103 ], [ -117.618225743, 47.799808851000101 ], [ -117.618181874, 47.7998024 ], [ -117.618141066, 47.799792804 ], [ -117.618102103, 47.799782345 ], [ -117.618061108, 47.799789410000102 ], [ -117.618088987, 47.799742779 ], [ -117.618115284, 47.799721662000103 ], [ -117.618126127, 47.799692361 ], [ -117.618172762, 47.799683436000102 ], [ -117.618132002, 47.799663165 ], [ -117.618077632, 47.799636123 ], [ -117.618107507, 47.799672215 ], [ -117.618061437, 47.799690558000101 ], [ -117.618025736, 47.799670652 ], [ -117.617990295, 47.799692965000098 ], [ -117.617955244, 47.799717744000098 ], [ -117.617970739, 47.799745581000103 ], [ -117.617973636, 47.799774510000098 ], [ -117.617973026, 47.799775694000097 ], [ -117.617957918, 47.7998050530001 ], [ -117.617953317, 47.799837762 ], [ -117.617922657, 47.799856770000098 ], [ -117.617876221, 47.799877989 ], [ -117.617833002, 47.799868562 ], [ -117.617780065, 47.799849846 ], [ -117.6177445, 47.7998284660001 ], [ -117.617716766, 47.799803213000096 ], [ -117.617703926, 47.799772622 ], [ -117.617719652, 47.799738979 ], [ -117.617719452, 47.799706560000097 ], [ -117.617698943, 47.799679016 ], [ -117.617728313, 47.799647071 ], [ -117.617730291, 47.799643366000097 ], [ -117.617742233, 47.799620999000098 ], [ -117.617760705, 47.799585470000103 ], [ -117.61772872, 47.7995622010001 ], [ -117.617687635, 47.799558964 ], [ -117.617659747, 47.799537678 ], [ -117.617659825, 47.799506090000101 ], [ -117.617656475, 47.799476919 ], [ -117.617618445, 47.799463571 ], [ -117.6176336, 47.799437660000102 ], [ -117.617668458, 47.799423010000098 ], [ -117.617666672, 47.79939562 ], [ -117.617628595, 47.799376269 ], [ -117.61761911, 47.799347405 ], [ -117.617609412, 47.799319435 ], [ -117.617573345, 47.799301366000101 ], [ -117.617534793, 47.799286759 ], [ -117.617490134, 47.799272339 ], [ -117.617447162, 47.799270682 ], [ -117.61741641, 47.7992888570001 ], [ -117.617377127, 47.7992968470001 ], [ -117.617357497, 47.799301120000102 ], [ -117.617337866, 47.7993053920001 ], [ -117.61729445, 47.799311159000098 ], [ -117.61725162, 47.799307593 ], [ -117.617212219, 47.799320863 ], [ -117.617172522, 47.79933565 ], [ -117.61716604, 47.799335757000101 ], [ -117.617128868, 47.79933637 ], [ -117.617088705, 47.799351708000103 ], [ -117.617087717, 47.799379726 ], [ -117.617060248, 47.799404444000103 ], [ -117.61701238, 47.799404623 ], [ -117.616971994, 47.799395615 ], [ -117.61693263, 47.799405541000098 ], [ -117.616887435, 47.799419374000102 ], [ -117.616846421, 47.799407712000097 ], [ -117.616781238, 47.799411971 ], [ -117.616737469, 47.799389836 ], [ -117.616691618, 47.7993933710001 ], [ -117.616644706, 47.799391601000103 ], [ -117.616638369, 47.799383922000096 ], [ -117.616635118, 47.799387934 ], [ -117.616558729, 47.799439933 ], [ -117.616554322, 47.799474888000098 ], [ -117.616503829, 47.799467603 ], [ -117.61651517, 47.799536507 ], [ -117.616505852, 47.799604561000102 ], [ -117.61642989, 47.799637768 ], [ -117.61635139, 47.799620661000098 ], [ -117.616249856, 47.7996082720001 ], [ -117.616261493, 47.799664157000102 ], [ -117.616187403, 47.799663027000101 ], [ -117.616186288, 47.799635434 ], [ -117.61614885, 47.799619880000101 ], [ -117.616118501, 47.799600391000098 ], [ -117.616081139, 47.79958607 ], [ -117.616045997, 47.799562847000097 ], [ -117.61600832, 47.79957719 ], [ -117.615966188, 47.79957713 ], [ -117.615915924, 47.799591936000098 ], [ -117.615892527, 47.799553026000098 ], [ -117.615863693, 47.7995215380001 ], [ -117.615845381, 47.799494566000099 ], [ -117.615799443, 47.7994949980001 ], [ -117.615759064, 47.799500594000101 ], [ -117.615718958, 47.79948992 ], [ -117.6157181, 47.799489692000101 ], [ -117.615735769, 47.799459356000099 ], [ -117.615747797, 47.799427961 ], [ -117.615740926, 47.799399230000098 ], [ -117.615707686, 47.7993806960001 ], [ -117.615673897, 47.799407845000097 ], [ -117.615628877, 47.799410550000097 ], [ -117.615593098, 47.799393756 ], [ -117.615574403, 47.799363239000101 ], [ -117.615574465, 47.799394328000098 ], [ -117.615563117, 47.799421943 ], [ -117.615512153, 47.799432118 ], [ -117.615467241, 47.799444946000101 ], [ -117.615424553, 47.799431402 ], [ -117.615412616, 47.799400879000103 ], [ -117.615395831, 47.799369185 ], [ -117.615352863, 47.799355661 ], [ -117.615311077, 47.799361358000098 ], [ -117.615265797, 47.799354803 ], [ -117.615220027, 47.799362074 ], [ -117.615174257, 47.799357216 ], [ -117.615131144, 47.799357716 ], [ -117.615090393, 47.799366207 ], [ -117.615047303, 47.799363675000102 ], [ -117.615014322, 47.799390053000103 ], [ -117.61497559, 47.799412269000101 ], [ -117.614929717, 47.799421796 ], [ -117.614910346, 47.799427159000103 ], [ -117.614890975, 47.799432521 ], [ -117.614848665, 47.799429965000101 ], [ -117.614793901, 47.799428093000103 ], [ -117.614753486, 47.7994246310001 ], [ -117.614710564, 47.79942071 ], [ -117.614662642, 47.799415154 ], [ -117.614636445, 47.799417924000103 ], [ -117.614619031, 47.799419766 ], [ -117.614582848, 47.799440159 ], [ -117.614528118, 47.799450390000104 ], [ -117.614484254, 47.799448139 ], [ -117.614437485, 47.799441297 ], [ -117.614390343, 47.799429773 ], [ -117.614347024, 47.799407624 ], [ -117.614306574, 47.799402743 ], [ -117.61425299, 47.799392734 ], [ -117.614218077, 47.799373583 ], [ -117.61417758, 47.799365326 ], [ -117.614136537, 47.799363400000097 ], [ -117.614082641, 47.799356501 ], [ -117.6140388, 47.799350974 ], [ -117.61401642, 47.799323093000098 ], [ -117.613986291, 47.799302344000097 ], [ -117.613985093, 47.799301519 ], [ -117.613925346, 47.799273751 ], [ -117.613898564, 47.799245279 ], [ -117.613873286, 47.7992111840001 ], [ -117.61383866, 47.799187297000103 ], [ -117.613817029, 47.799217126 ], [ -117.61376998, 47.799228330000098 ], [ -117.613729715, 47.799223100000098 ], [ -117.613691982, 47.799198875000101 ], [ -117.613435286, 47.799011150000098 ], [ -117.61347285, 47.798996533 ], [ -117.613426654, 47.79896846 ], [ -117.613367984, 47.7989698760001 ], [ -117.613328606, 47.798980748000098 ], [ -117.613294327, 47.799025083000103 ], [ -117.613273776, 47.799051565000099 ], [ -117.613251388, 47.799075683000098 ], [ -117.613225297, 47.7991140620001 ], [ -117.613204084, 47.799145052 ], [ -117.613181254, 47.799175179 ], [ -117.61319177, 47.799226843 ], [ -117.613149432, 47.799254793 ], [ -117.613124657, 47.799284833000101 ], [ -117.613135445, 47.799331852000101 ], [ -117.613151748, 47.799369301000098 ], [ -117.613177505, 47.799404283000101 ], [ -117.613209835, 47.799425474 ], [ -117.613253352, 47.799436775000103 ], [ -117.613299255, 47.799428344 ], [ -117.613351148, 47.79942477 ], [ -117.613407483, 47.799420295000097 ], [ -117.613433198, 47.799444276 ], [ -117.613453219, 47.799472907000101 ], [ -117.613465404, 47.799504029 ], [ -117.613463594, 47.7995326160001 ], [ -117.613483319, 47.799561844 ], [ -117.61350768, 47.799600567 ], [ -117.613534664, 47.799632721000101 ], [ -117.613561313, 47.799662626 ], [ -117.613539164, 47.799698375 ], [ -117.613520367, 47.799735489000099 ], [ -117.613492414, 47.799757233 ], [ -117.613465134, 47.7997977220001 ], [ -117.613462204, 47.7998323 ], [ -117.613486618, 47.799861697 ], [ -117.613518314, 47.7999008520001 ], [ -117.613524332, 47.799929977 ], [ -117.613550719, 47.799957838000097 ], [ -117.61361925, 47.80002297 ], [ -117.613687782, 47.8000881030001 ], [ -117.613728488, 47.80012679 ], [ -117.613707968, 47.800119708000103 ], [ -117.613729363, 47.800132369 ], [ -117.613721483, 47.800144956000103 ], [ -117.613712376, 47.8001870840001 ], [ -117.613700449, 47.800227711 ], [ -117.613716331, 47.800264156 ], [ -117.613722095, 47.800301931 ], [ -117.613751525, 47.800338211000103 ], [ -117.613719167, 47.800361828000099 ], [ -117.613714931, 47.800329828 ], [ -117.613710654, 47.8002983760001 ], [ -117.613714993, 47.800265069 ], [ -117.613665096, 47.800275246000098 ], [ -117.613637459, 47.800302729000101 ], [ -117.613580955, 47.8003275250001 ], [ -117.613561645, 47.800368345 ], [ -117.613470067, 47.800292051 ], [ -117.61341146, 47.800243223000102 ], [ -117.613222688, 47.800085952000103 ], [ -117.613217355, 47.800093788 ], [ -117.613186929, 47.800131051000101 ], [ -117.613155638, 47.80014922 ], [ -117.613140097, 47.800162771 ], [ -117.613124557, 47.800176323000102 ], [ -117.613137273, 47.800207475 ], [ -117.61313891, 47.800242186 ], [ -117.613137369, 47.80026989 ], [ -117.613091769, 47.800308883000099 ], [ -117.613118326, 47.800341939000099 ], [ -117.613117317, 47.800374323 ], [ -117.613118769, 47.800411518 ], [ -117.613115871, 47.800439262000097 ], [ -117.613109558, 47.8004718930001 ], [ -117.613113953, 47.800492001000102 ], [ -117.613116258, 47.800502549 ], [ -117.613102504, 47.800533909000102 ], [ -117.613072188, 47.80055378 ], [ -117.613061214, 47.800587594 ], [ -117.613034341, 47.800614824 ], [ -117.613012011, 47.80063883 ], [ -117.61300283, 47.800680073000102 ], [ -117.612971605, 47.800699953 ], [ -117.612952962, 47.800732876 ], [ -117.61295076, 47.800761952000101 ], [ -117.612952015, 47.800794255 ], [ -117.612939161, 47.80082329 ], [ -117.612916004, 47.800860572 ], [ -117.612864456, 47.800927195 ], [ -117.612847479, 47.800954181000101 ], [ -117.612783071, 47.800950784000101 ], [ -117.612783107, 47.800963487 ], [ -117.612705024, 47.800961274 ], [ -117.612708762, 47.8009804020001 ], [ -117.612719454, 47.801019274000097 ], [ -117.612690988, 47.80104412 ], [ -117.612660366, 47.801070004000103 ], [ -117.61261502, 47.801087173 ], [ -117.612564898, 47.801092230000101 ], [ -117.612524053, 47.801106899 ], [ -117.612446792, 47.801111373 ], [ -117.612403061, 47.801101883000101 ], [ -117.612349056, 47.801086877 ], [ -117.612302925, 47.801068364000102 ], [ -117.612265002, 47.801041144000102 ], [ -117.612234484, 47.801003337000097 ], [ -117.612214838, 47.80097549 ], [ -117.612182941, 47.8009476880001 ], [ -117.61215753, 47.800899747000102 ], [ -117.612132983, 47.800869499 ], [ -117.612122008, 47.800843445000098 ], [ -117.612121443, 47.8008421050001 ], [ -117.612091572, 47.800813076000097 ], [ -117.612051472, 47.80079053 ], [ -117.612000529, 47.800782297000097 ], [ -117.611947436, 47.800764337 ], [ -117.611927567, 47.800726076 ], [ -117.611887224, 47.8006986010001 ], [ -117.61180797, 47.800711818000103 ], [ -117.611834085, 47.800741256 ], [ -117.611854662, 47.800787681 ], [ -117.611815465, 47.80077048 ], [ -117.611779244, 47.800756279 ], [ -117.611737068, 47.800729399 ], [ -117.61168703, 47.800708597 ], [ -117.611629266, 47.800711766000099 ], [ -117.611589887, 47.8007199830001 ], [ -117.611542615, 47.800726791 ], [ -117.611493122, 47.800714242 ], [ -117.611458639, 47.800687547000102 ], [ -117.611447498, 47.800652242000098 ], [ -117.611430537, 47.800618175000103 ], [ -117.611390785, 47.800608593 ], [ -117.611340087, 47.800591662 ], [ -117.61131136, 47.800570184 ], [ -117.611273173, 47.800574484 ], [ -117.61126702, 47.800575177 ], [ -117.611294706, 47.800881331 ], [ -117.611328289, 47.800903402000102 ], [ -117.611350461, 47.800936274 ], [ -117.611383456, 47.800968372000099 ], [ -117.611402338, 47.801002966000098 ], [ -117.611431192, 47.801025171 ], [ -117.611460727, 47.8010518500001 ], [ -117.611488167, 47.801077931000101 ], [ -117.611530105, 47.801107718 ], [ -117.611546949, 47.8011382440001 ], [ -117.611548507, 47.801176188000099 ], [ -117.611542568, 47.801214684000101 ], [ -117.611537889, 47.801239823000103 ], [ -117.611536854, 47.801245381000101 ], [ -117.611557305, 47.801280074 ], [ -117.611564804, 47.801313449000098 ], [ -117.611552846, 47.801355788000102 ], [ -117.611551468, 47.801386986000097 ], [ -117.611565186, 47.801416387000103 ], [ -117.611563836, 47.801457654 ], [ -117.611561137, 47.801490057000102 ], [ -117.6115692, 47.8015316830001 ], [ -117.611558519, 47.801561688 ], [ -117.611576671, 47.801602474 ], [ -117.611556102, 47.801628566 ], [ -117.611549211, 47.801665963000097 ], [ -117.61155994, 47.801707169000103 ], [ -117.611538926, 47.801740997000103 ], [ -117.611491271, 47.801778435000102 ], [ -117.611463616, 47.801798787000102 ], [ -117.611454683, 47.801829522 ], [ -117.611485731, 47.801850372 ], [ -117.6114616, 47.801903027 ], [ -117.611437821, 47.801930146000103 ], [ -117.6114272, 47.801971564 ], [ -117.611427209, 47.802003556 ], [ -117.611415587, 47.802036511 ], [ -117.611418651, 47.802073624000101 ], [ -117.611414673, 47.8021335460001 ], [ -117.611356758, 47.802156749000098 ], [ -117.611299079, 47.8021434300001 ], [ -117.6112562, 47.802137237000103 ], [ -117.611252857, 47.802137755 ], [ -117.611282123, 47.802163311000101 ], [ -117.611233929, 47.802165855000098 ], [ -117.611186776, 47.802174928000099 ], [ -117.611147403, 47.802188235000102 ], [ -117.611110636, 47.802200262 ], [ -117.611069003, 47.802203859 ], [ -117.611027906, 47.802204366000097 ], [ -117.610985202, 47.802208517000103 ], [ -117.610942231, 47.802213902000098 ], [ -117.610901826, 47.802226363 ], [ -117.610848709, 47.802225849000102 ], [ -117.610800847, 47.802224285000101 ], [ -117.610770692, 47.802223924 ], [ -117.610740538, 47.802223563 ], [ -117.610688602, 47.802219083000097 ], [ -117.610646537, 47.802216996 ], [ -117.610603989, 47.802213304000098 ], [ -117.61059462, 47.802212491 ], [ -117.610231049, 47.802242255000102 ], [ -117.610198752, 47.802232903000103 ], [ -117.610138625, 47.802228613000104 ], [ -117.610103493, 47.802248857000102 ], [ -117.61003799, 47.802232943 ], [ -117.609992678, 47.802243047 ], [ -117.609949561, 47.802247369 ], [ -117.609906407, 47.802268162000097 ], [ -117.609860555, 47.802286303000102 ], [ -117.609839228, 47.802311906000099 ], [ -117.609822433, 47.802342376000098 ], [ -117.609780191, 47.802346642 ], [ -117.609744661, 47.802331161 ], [ -117.609679262, 47.8023299440001 ], [ -117.609664543, 47.802304321000101 ], [ -117.609616219, 47.802316589 ], [ -117.60959403, 47.802351064 ], [ -117.609579313, 47.802380284 ], [ -117.609590092, 47.80243045 ], [ -117.60962226, 47.802454027000103 ], [ -117.609662861, 47.802476782 ], [ -117.609675842, 47.802506053000101 ], [ -117.609685142, 47.802533109000102 ], [ -117.609700408, 47.802560102 ], [ -117.609664498, 47.80258639 ], [ -117.609625005, 47.802612410000101 ], [ -117.609594167, 47.802647757 ], [ -117.609583051, 47.802675673000103 ], [ -117.609589731, 47.802713115000103 ], [ -117.609616734, 47.802738682 ], [ -117.609644604, 47.802762659000102 ], [ -117.609657945, 47.802795335 ], [ -117.609667549, 47.802823001 ], [ -117.609682892, 47.802864316000097 ], [ -117.60969178, 47.8028978930001 ], [ -117.609693477, 47.802936614 ], [ -117.609699518, 47.802963951 ], [ -117.609693388, 47.8029993070001 ], [ -117.609696171, 47.803032058 ], [ -117.60969622, 47.803059753000099 ], [ -117.6096974, 47.803088282 ], [ -117.609709054, 47.8031188510001 ], [ -117.609728194, 47.803149268 ], [ -117.609750645, 47.8031730390001 ], [ -117.609798403, 47.803186891000102 ], [ -117.609648411, 47.803347985000102 ], [ -117.60962446, 47.803378048000098 ], [ -117.609590978, 47.803404467000099 ], [ -117.609588547, 47.803433663000099 ], [ -117.609344561, 47.803752305 ], [ -117.60930075, 47.803777663000098 ], [ -117.60926347, 47.803792704 ], [ -117.609226331, 47.803808592000102 ], [ -117.609205426, 47.803810424000098 ], [ -117.609184522, 47.8038122560001 ], [ -117.60912039, 47.803826087000097 ], [ -117.609104412, 47.803859587 ], [ -117.609099688, 47.8039014 ], [ -117.609099548, 47.803928779 ], [ -117.609099528, 47.803932599000099 ], [ -117.609069119, 47.8039628450001 ], [ -117.609073349, 47.803995754 ], [ -117.609039175, 47.804024256 ], [ -117.609021304, 47.804059290000097 ], [ -117.609023499, 47.804096560000097 ], [ -117.609026828, 47.804126799000102 ], [ -117.609035813, 47.804172925 ], [ -117.609039387, 47.804207471 ], [ -117.60904437, 47.804235717 ], [ -117.609087681, 47.804256364 ], [ -117.609127496, 47.804269498000103 ], [ -117.609168046, 47.804289211 ], [ -117.609216502, 47.804299595 ], [ -117.609258677, 47.804313793000098 ], [ -117.60931384, 47.804320077000099 ], [ -117.609277506, 47.804334168 ], [ -117.609233064, 47.804353395000099 ], [ -117.609185293, 47.804323976 ], [ -117.609149676, 47.804309929000098 ], [ -117.609100102, 47.804324819 ], [ -117.609068774, 47.804342373000097 ], [ -117.609110191, 47.8043593 ], [ -117.609096165, 47.804395234 ], [ -117.609097994, 47.804431152000099 ], [ -117.609066738, 47.804453163000098 ], [ -117.609042003, 47.804476389000101 ], [ -117.609056306, 47.804502404000097 ], [ -117.609013012, 47.804518411000103 ], [ -117.60896398, 47.804527112000102 ], [ -117.60893197, 47.804547021000097 ], [ -117.608889382, 47.804539188 ], [ -117.608858219, 47.804562319000098 ], [ -117.608908946, 47.804588299 ], [ -117.608874853, 47.804613941000099 ], [ -117.608832032, 47.804609761000101 ], [ -117.60885912, 47.804580911000102 ], [ -117.608852591, 47.804548258000104 ], [ -117.608814042, 47.804537881 ], [ -117.6087543, 47.804544835000101 ], [ -117.608745663, 47.804509333000098 ], [ -117.608705442, 47.804517110000099 ], [ -117.608706777, 47.804524831 ], [ -117.608739858, 47.804595535 ], [ -117.608524174, 47.804542528000098 ], [ -117.608482282, 47.804516389000099 ], [ -117.60846445, 47.8044871990001 ], [ -117.60840781, 47.804493805 ], [ -117.608343035, 47.804517614000098 ], [ -117.608345594, 47.8045291070001 ], [ -117.608317446, 47.804541143000101 ], [ -117.608260738, 47.8045083310001 ], [ -117.608239628, 47.804500280000099 ], [ -117.608210791, 47.804456083 ], [ -117.608168175, 47.8044268310001 ], [ -117.60812865, 47.804401444000099 ], [ -117.608096004, 47.804384343 ], [ -117.608068051, 47.804355521 ], [ -117.608003159, 47.804333422000099 ], [ -117.607977399, 47.804304714000097 ], [ -117.607936815, 47.804288347000103 ], [ -117.607884581, 47.804263319 ], [ -117.607836139, 47.804267274 ], [ -117.607769819, 47.804270513000098 ], [ -117.607727186, 47.804265486000098 ], [ -117.60768216, 47.80427373 ], [ -117.607632412, 47.804267172 ], [ -117.607585768, 47.804259049000102 ], [ -117.607545744, 47.804246689000102 ], [ -117.607504009, 47.804228745 ], [ -117.607471922, 47.804206064 ], [ -117.60743066, 47.804201191000097 ], [ -117.607388138, 47.804183974000097 ], [ -117.607354722, 47.804154091 ], [ -117.607333003, 47.804129828 ], [ -117.60731241, 47.804101959 ], [ -117.607262567, 47.8040891220001 ], [ -117.607236857, 47.804062019000099 ], [ -117.607178991, 47.804035769000102 ], [ -117.607121314, 47.804037331000103 ], [ -117.607084328, 47.804055523 ], [ -117.607044144, 47.804078696 ], [ -117.607026818, 47.804049920000097 ], [ -117.607001555, 47.804018167 ], [ -117.606955852, 47.804007706 ], [ -117.606909962, 47.80400289 ], [ -117.606857706, 47.803993942 ], [ -117.606814487, 47.803975099000098 ], [ -117.606776196, 47.803955827 ], [ -117.606735919, 47.803928124 ], [ -117.606684966, 47.803914703 ], [ -117.606630821, 47.8038982590001 ], [ -117.606569914, 47.803891319000101 ], [ -117.606506095, 47.803884748 ], [ -117.606376411, 47.803920704000099 ], [ -117.604181985, 47.802647714 ], [ -117.603153696, 47.802202667000103 ], [ -117.601435438, 47.800653398000101 ], [ -117.600053048, 47.8001775050001 ], [ -117.596861112, 47.799128261000099 ], [ -117.595458233, 47.798109669 ], [ -117.595282436, 47.797982022 ], [ -117.595076092, 47.798057552 ], [ -117.594867042, 47.798000129000101 ], [ -117.594896613, 47.797701875 ], [ -117.594625644, 47.79750512 ], [ -117.593161242, 47.796441759000103 ], [ -117.592929682, 47.796273609000103 ], [ -117.592424388, 47.796067523 ], [ -117.591951212, 47.7962256590001 ], [ -117.591525327, 47.796056451 ], [ -117.591636686, 47.795746247000103 ], [ -117.591275296, 47.795598846000097 ], [ -117.591218545, 47.795575699 ], [ -117.591100771, 47.795527662 ], [ -117.59070619, 47.795366720000096 ], [ -117.590618828, 47.795331086 ], [ -117.58959627, 47.794913991 ], [ -117.586825422, 47.793783702 ], [ -117.585461656, 47.793610660000098 ], [ -117.584548627, 47.793494800000097 ], [ -117.584436287, 47.793480544 ], [ -117.583152083, 47.793317569000102 ], [ -117.582317501, 47.793211646 ], [ -117.578615187, 47.792741679000102 ], [ -117.574548556, 47.793370079000098 ], [ -117.573452313, 47.793539449 ], [ -117.573324267, 47.79351375 ], [ -117.573333292, 47.793445232000103 ], [ -117.573313118, 47.793442777000102 ], [ -117.573270995, 47.793436726 ], [ -117.573217713, 47.793444879 ], [ -117.573177904, 47.793438449000099 ], [ -117.573130558, 47.793426080000103 ], [ -117.573086681, 47.793428186 ], [ -117.573034284, 47.793427851 ], [ -117.572983102, 47.793414834 ], [ -117.572945268, 47.793404183000099 ], [ -117.572907944, 47.793383490000103 ], [ -117.572856806, 47.793366717 ], [ -117.572803537, 47.793360167000102 ], [ -117.572758955, 47.793362989000101 ], [ -117.572709242, 47.793345875000099 ], [ -117.57266653, 47.793322297 ], [ -117.572735443, 47.793307083000101 ], [ -117.572769204, 47.793291025 ], [ -117.572807572, 47.793280542 ], [ -117.572841187, 47.79325541 ], [ -117.572885754, 47.793240309000097 ], [ -117.572913608, 47.7932097240001 ], [ -117.572954192, 47.793198522000097 ], [ -117.573000609, 47.793184996 ], [ -117.573040428, 47.793161611000102 ], [ -117.573044959, 47.79313132 ], [ -117.573072266, 47.793109835000102 ], [ -117.573115363, 47.793097965000101 ], [ -117.573161634, 47.793091500000102 ], [ -117.573204095, 47.7930895000001 ], [ -117.573189301, 47.793063063 ], [ -117.573153394, 47.793039324000098 ], [ -117.573120949, 47.793021417 ], [ -117.573068059, 47.793011026 ], [ -117.573032417, 47.792982694 ], [ -117.573065241, 47.792962004000103 ], [ -117.573040986, 47.792937916 ], [ -117.57301297, 47.792903423 ], [ -117.572985624, 47.792871043 ], [ -117.572971132, 47.792837217000098 ], [ -117.572953471, 47.792805063000102 ], [ -117.572926045, 47.792771423 ], [ -117.572906027, 47.7927466 ], [ -117.572872063, 47.79271737 ], [ -117.572824708, 47.792698782000102 ], [ -117.572784406, 47.792721910000097 ], [ -117.572747525, 47.792744343 ], [ -117.572706874, 47.792763622000102 ], [ -117.572676847, 47.792790581000098 ], [ -117.572531566, 47.792776986 ], [ -117.572525755, 47.792747494 ], [ -117.572534285, 47.792703854000102 ], [ -117.572521706, 47.7926705960001 ], [ -117.572491307, 47.792640798 ], [ -117.572446333, 47.792622238 ], [ -117.572389964, 47.7926220740001 ], [ -117.572364462, 47.792652524000097 ], [ -117.572321205, 47.792663904000101 ], [ -117.572280014, 47.792655683000099 ], [ -117.572226042, 47.792642795000098 ], [ -117.572192667, 47.792660997 ], [ -117.572143955, 47.792658200000098 ], [ -117.572104458, 47.792631354 ], [ -117.57210347, 47.792600540000102 ], [ -117.5720854, 47.792566503 ], [ -117.572043975, 47.792526848000101 ], [ -117.572006366, 47.792512399 ], [ -117.57195225, 47.792502473000098 ], [ -117.571907665, 47.792506406 ], [ -117.571856346, 47.792486407000098 ], [ -117.5718087, 47.792475719 ], [ -117.57175644, 47.792458854000103 ], [ -117.57171309, 47.792454626000101 ], [ -117.571657894, 47.792439837000103 ], [ -117.571601801, 47.792423552000102 ], [ -117.571560836, 47.7924151510001 ], [ -117.571515417, 47.792402855 ], [ -117.571469963, 47.792398356 ], [ -117.571431195, 47.792389757000102 ], [ -117.571393812, 47.792378942 ], [ -117.571350882, 47.792376346 ], [ -117.571298209, 47.792360874000103 ], [ -117.571257303, 47.792353379000097 ], [ -117.571216348, 47.792348639000103 ], [ -117.571175918, 47.7923391510001 ], [ -117.571131481, 47.792333303000099 ], [ -117.571074942, 47.792323813000102 ], [ -117.571012922, 47.792316361000097 ], [ -117.570970395, 47.792313494 ], [ -117.570930643, 47.792302697 ], [ -117.57087293, 47.792295306 ], [ -117.570814138, 47.792288732 ], [ -117.570775056, 47.792278214000099 ], [ -117.570736754, 47.792264005 ], [ -117.570677096, 47.792250134 ], [ -117.570619075, 47.792234526000101 ], [ -117.570574951, 47.792228874 ], [ -117.570532906, 47.792221708000099 ], [ -117.57049136, 47.792216041000103 ], [ -117.570445426, 47.792210943 ], [ -117.570408154, 47.792197578000099 ], [ -117.57035556, 47.792189068 ], [ -117.570313137, 47.792182946 ], [ -117.570259724, 47.792169942 ], [ -117.570221886, 47.792152951 ], [ -117.570182796, 47.792131164000097 ], [ -117.570150436, 47.792105800000101 ], [ -117.570129189, 47.792080349000102 ], [ -117.570123082, 47.792050956 ], [ -117.570104662, 47.79202459 ], [ -117.570080491, 47.791988602000103 ], [ -117.570077308, 47.791949561000102 ], [ -117.57005565, 47.791922175000103 ], [ -117.570036852, 47.791892525 ], [ -117.57000636, 47.791870313000103 ], [ -117.569959365, 47.791869563 ], [ -117.56991551, 47.791892033000103 ], [ -117.569889576, 47.791915779000099 ], [ -117.569855658, 47.791932106 ], [ -117.569816202, 47.791951766000103 ], [ -117.569781018, 47.791969433000098 ], [ -117.569752096, 47.792000383000101 ], [ -117.569730851, 47.792025212000098 ], [ -117.569691258, 47.792044085 ], [ -117.569642761, 47.792042502000101 ], [ -117.569593332, 47.792044585 ], [ -117.569552087, 47.792034336 ], [ -117.569508677, 47.792030157000099 ], [ -117.569448915, 47.792038986000101 ], [ -117.569394634, 47.792040637000099 ], [ -117.569354396, 47.792047120000099 ], [ -117.569321004, 47.792071827 ], [ -117.569308397, 47.792105656 ], [ -117.569276068, 47.792127544 ], [ -117.569242185, 47.7921460600001 ], [ -117.569208924, 47.792174730000099 ], [ -117.569186316, 47.7922050130001 ], [ -117.569190916, 47.792234137 ], [ -117.569191291, 47.792272883000102 ], [ -117.569188048, 47.792309965000101 ], [ -117.569177147, 47.792347585000101 ], [ -117.569179893, 47.792382124 ], [ -117.569180336, 47.792410862000096 ], [ -117.569164239, 47.7924429380001 ], [ -117.569160149, 47.79249058 ], [ -117.569164816, 47.792518676 ], [ -117.569166159, 47.792555421 ], [ -117.569161386, 47.792586619000097 ], [ -117.5691629, 47.792618159 ], [ -117.56916336, 47.792653995000101 ], [ -117.569177448, 47.792681327 ], [ -117.569190762, 47.792717119 ], [ -117.569203676, 47.7927471080001 ], [ -117.569213064, 47.792783822 ], [ -117.569237717, 47.792813106 ], [ -117.569254566, 47.792841325 ], [ -117.569261854, 47.79286875 ], [ -117.569282932, 47.792901133 ], [ -117.56931364, 47.792932662000098 ], [ -117.569338268, 47.792957572 ], [ -117.569371292, 47.792983625 ], [ -117.569401157, 47.793019975 ], [ -117.569412621, 47.79305293 ], [ -117.569414916, 47.793088451000102 ], [ -117.569414185, 47.793090015000097 ], [ -117.569401082, 47.793089511000098 ], [ -117.569264348, 47.7930842540001 ], [ -117.569082153, 47.793077249000099 ], [ -117.569056815, 47.792990939 ], [ -117.569044754, 47.792985517 ], [ -117.569004663, 47.792992397 ], [ -117.568954931, 47.7929878240001 ], [ -117.568908971, 47.792963800000102 ], [ -117.568877343, 47.792931254000102 ], [ -117.568844294, 47.7929139620001 ], [ -117.568826368, 47.792888488000102 ], [ -117.568795671, 47.7928600810001 ], [ -117.568777827, 47.792832670000102 ], [ -117.568761515, 47.792811408 ], [ -117.568753263, 47.792800652 ], [ -117.568719314, 47.792774403000102 ], [ -117.56869102, 47.792743358000102 ], [ -117.568659143, 47.7927181680001 ], [ -117.5686473, 47.792679691 ], [ -117.568663269, 47.79264513 ], [ -117.568608231, 47.792654949000102 ], [ -117.568555538, 47.792644083 ], [ -117.568503884, 47.792628661 ], [ -117.568445992, 47.792624266000097 ], [ -117.568405506, 47.792621442 ], [ -117.568350533, 47.792615625000103 ], [ -117.568292884, 47.792621565 ], [ -117.568252369, 47.792625348000101 ], [ -117.568192967, 47.79262665 ], [ -117.568138123, 47.792623035000098 ], [ -117.56808152, 47.792622313 ], [ -117.568022544, 47.792615178000098 ], [ -117.567980049, 47.792607925 ], [ -117.567927674, 47.792599387000102 ], [ -117.567869965, 47.792606715 ], [ -117.567817769, 47.792592778 ], [ -117.567774821, 47.792598162 ], [ -117.567731602, 47.792586886 ], [ -117.56769133, 47.792581393 ], [ -117.567636245, 47.792593412 ], [ -117.56757942, 47.792586962 ], [ -117.567526259, 47.792583191000098 ], [ -117.567469303, 47.792581759 ], [ -117.567403319, 47.792586077000102 ], [ -117.567358391, 47.792581123 ], [ -117.567312824, 47.792594041 ], [ -117.567248716, 47.7925924 ], [ -117.567199773, 47.792595559000098 ], [ -117.567144971, 47.792598229000099 ], [ -117.567091239, 47.792591077000097 ], [ -117.56704278, 47.792592381000098 ], [ -117.566999505, 47.792583105000098 ], [ -117.566970975, 47.792606421000102 ], [ -117.566929194, 47.792612256 ], [ -117.566918028, 47.79264153 ], [ -117.566890373, 47.79268161 ], [ -117.566866054, 47.7927080420001 ], [ -117.566833151, 47.792745453000101 ], [ -117.566804691, 47.792772683000102 ], [ -117.566770885, 47.792795324000103 ], [ -117.566747312, 47.792819775000098 ], [ -117.566723719, 47.792855240000101 ], [ -117.566694131, 47.792889055 ], [ -117.566674925, 47.792923364 ], [ -117.566668882, 47.792956817000103 ], [ -117.566660543, 47.792985132000098 ], [ -117.566604134, 47.793004429000099 ], [ -117.566587663, 47.7930364650001 ], [ -117.566594039, 47.793076247 ], [ -117.566589105, 47.793105957000101 ], [ -117.566573291, 47.793135094 ], [ -117.566555711, 47.793160801000099 ], [ -117.566516618, 47.793189654000102 ], [ -117.566518614, 47.793231417000101 ], [ -117.566512964, 47.793262558 ], [ -117.566468293, 47.793255871 ], [ -117.566375255, 47.793254124 ], [ -117.566333787, 47.7932446 ], [ -117.566308459, 47.7932693240001 ], [ -117.566263425, 47.793294185 ], [ -117.566205643, 47.793300551000101 ], [ -117.566164511, 47.793292290000103 ], [ -117.566116816, 47.7932867600001 ], [ -117.56606746, 47.793274645000103 ], [ -117.566007734, 47.793278133000101 ], [ -117.565948821, 47.793281891 ], [ -117.565919014, 47.793302241 ], [ -117.565911787, 47.793332951000103 ], [ -117.565899794, 47.793367195 ], [ -117.565900266, 47.793398306 ], [ -117.565892714, 47.793433368000102 ], [ -117.565888378, 47.793467993 ], [ -117.565875144, 47.793498121 ], [ -117.565868071, 47.793527854 ], [ -117.565859429, 47.793560350000099 ], [ -117.565849654, 47.793589634000099 ], [ -117.565820918, 47.7936250280001 ], [ -117.565799112, 47.793649169 ], [ -117.565789416, 47.793683740000098 ], [ -117.565795646, 47.793714225 ], [ -117.56578261, 47.793741483000098 ], [ -117.565728833, 47.793761276000097 ], [ -117.565688174, 47.7937644900001 ], [ -117.565650448, 47.793775036000099 ], [ -117.565635585, 47.793778766000102 ], [ -117.564838519, 47.79367942 ], [ -117.564821539, 47.793673550000101 ], [ -117.564770415, 47.793657520000103 ], [ -117.564727877, 47.793655624000102 ], [ -117.564685827, 47.793650411 ], [ -117.56462994, 47.793638321000103 ], [ -117.564570396, 47.793634748 ], [ -117.564512802, 47.793623008000097 ], [ -117.564452451, 47.793613846 ], [ -117.564392991, 47.793604303000102 ], [ -117.564354154, 47.793595555000103 ], [ -117.564296921, 47.793583770000097 ], [ -117.564255873, 47.793575415000099 ], [ -117.564200089, 47.79355968 ], [ -117.564148825, 47.793541174 ], [ -117.564106321, 47.793530892 ], [ -117.564074067, 47.7935130340001 ], [ -117.564041543, 47.7934902820001 ], [ -117.563987642, 47.793467701000097 ], [ -117.563951468, 47.793451616 ], [ -117.563913303, 47.793435739000103 ], [ -117.563881389, 47.793416962 ], [ -117.563844624, 47.793388228 ], [ -117.563805184, 47.793358897000097 ], [ -117.563772431, 47.793339837000097 ], [ -117.56374332, 47.793320502 ], [ -117.563715068, 47.793298082 ], [ -117.563692025, 47.7932713000001 ], [ -117.563670469, 47.793240133 ], [ -117.563307403, 47.792504876000102 ], [ -117.563156269, 47.792478938 ], [ -117.561991143, 47.792187127 ], [ -117.561553681, 47.792422620000103 ], [ -117.561224183, 47.79277209 ], [ -117.561249469, 47.792914354000096 ], [ -117.561021896, 47.792958715000097 ], [ -117.56082734, 47.792966636000102 ], [ -117.560750696, 47.793003075000101 ], [ -117.560646932, 47.792984855 ], [ -117.56054081, 47.793005451000099 ], [ -117.56044648, 47.793054565 ], [ -117.56036512, 47.793057733000097 ], [ -117.560334461, 47.793085459000103 ], [ -117.560271967, 47.793086251 ], [ -117.560154055, 47.7930149580001 ], [ -117.559970111, 47.793019710000102 ], [ -117.559846302, 47.793071992000101 ], [ -117.559705985, 47.793129027000099 ], [ -117.559625804, 47.793144078000097 ], [ -117.559421814, 47.793148832 ], [ -117.559188346, 47.793190815000102 ], [ -117.559009119, 47.793205074000099 ], [ -117.558877056, 47.793201113000102 ], [ -117.558740277, 47.793222501000102 ], [ -117.558642409, 47.793178933 ], [ -117.558582273, 47.793172596 ], [ -117.558417195, 47.7931527920001 ], [ -117.558316968, 47.793173387000103 ], [ -117.558184906, 47.793169426000098 ], [ -117.558039872, 47.793190023000101 ], [ -117.557946721, 47.793146455000098 ], [ -117.557794614, 47.793101302 ], [ -117.557714432, 47.793105263 ], [ -117.557618922, 47.793061695000098 ], [ -117.557542279, 47.793057734000101 ], [ -117.557427903, 47.793049812 ], [ -117.557261645, 47.793005451000099 ], [ -117.557126046, 47.7930133730001 ], [ -117.557015207, 47.793056149000101 ], [ -117.556818291, 47.793106848 ], [ -117.556759335, 47.793153584 ], [ -117.556694483, 47.793167051000097 ], [ -117.55661784, 47.793149623 ], [ -117.55653648, 47.793062487 ], [ -117.556462194, 47.7930220860001 ], [ -117.556398522, 47.792967429 ], [ -117.556398522, 47.7929159380001 ], [ -117.556348997, 47.792826424000097 ], [ -117.556212218, 47.792772558000102 ], [ -117.556049498, 47.792772558000102 ], [ -117.55589857, 47.792753546 ], [ -117.55578773, 47.792698888000103 ], [ -117.555549546, 47.79269255 ], [ -117.555492948, 47.792606205 ], [ -117.555409229, 47.792599868000103 ], [ -117.555305466, 47.7925420400001 ], [ -117.555186374, 47.792587193 ], [ -117.555023654, 47.792567389000098 ], [ -117.554987101, 47.792604620000098 ], [ -117.554833813, 47.792660864 ], [ -117.554719437, 47.7926069970001 ], [ -117.554552001, 47.79258244 ], [ -117.554575584, 47.792465992000103 ], [ -117.554564971, 47.792387569 ], [ -117.554488327, 47.792371725000102 ], [ -117.554455311, 47.792275081000099 ], [ -117.55437749, 47.792206955 ], [ -117.554358624, 47.792156257 ], [ -117.554416401, 47.792094467 ], [ -117.554468282, 47.792105557000099 ], [ -117.554546105, 47.792077832000103 ], [ -117.554625107, 47.792092091 ], [ -117.554549642, 47.792001783 ], [ -117.554462387, 47.791799780000098 ], [ -117.554398713, 47.791654812 ], [ -117.554325608, 47.791585101000102 ], [ -117.554366877, 47.791499546000097 ], [ -117.55436334, 47.7914203280001 ], [ -117.554330324, 47.791365668 ], [ -117.554330324, 47.791341110000097 ], [ -117.554435267, 47.791296748 ], [ -117.554382206, 47.791257139 ], [ -117.554534314, 47.791044042000102 ], [ -117.554483612, 47.791003641 ], [ -117.55444352, 47.791003641 ], [ -117.554357444, 47.791036120000101 ], [ -117.554278443, 47.791013147000101 ], [ -117.554204157, 47.791015524 ], [ -117.554109827, 47.790986213000103 ], [ -117.554074453, 47.790934720000102 ], [ -117.554019033, 47.7908261910001 ], [ -117.554007242, 47.79072796 ], [ -117.553925882, 47.790680429000098 ], [ -117.553835564, 47.790593878 ], [ -117.553849963, 47.790557918 ], [ -117.554301799, 47.790173603 ], [ -117.554458849, 47.790231256 ], [ -117.554579121, 47.790360383000099 ], [ -117.55466048, 47.790357215 ], [ -117.554753633, 47.790319981 ], [ -117.554837351, 47.790245516 ], [ -117.554830276, 47.7902074900001 ], [ -117.554908099, 47.790148075 ], [ -117.554888053, 47.790061726 ], [ -117.554932861, 47.7900316220001 ], [ -117.555093223, 47.7899928040001 ], [ -117.555246509, 47.789912000000101 ], [ -117.555428096, 47.789881104000102 ], [ -117.555528321, 47.7898446620001 ], [ -117.555658027, 47.789790001 ], [ -117.555728775, 47.7897884160001 ], [ -117.555890315, 47.789805844000099 ], [ -117.556066006, 47.789793962 ], [ -117.556280607, 47.789806637 ], [ -117.556284146, 47.789738507 ], [ -117.556225189, 47.7896513640001 ], [ -117.556150904, 47.789541248 ], [ -117.55611553, 47.789396274000097 ], [ -117.55611435, 47.789245754 ], [ -117.556163874, 47.789094442000099 ], [ -117.556152084, 47.789055623000102 ], [ -117.556162695, 47.788905103 ], [ -117.556149724, 47.78876488 ], [ -117.556113171, 47.788640501 ], [ -117.55610138, 47.78845433 ], [ -117.556108454, 47.788306976000101 ], [ -117.556165053, 47.788223792000103 ], [ -117.556070722, 47.788224585000101 ], [ -117.556014124, 47.788261027 ], [ -117.555910361, 47.7883030140001 ], [ -117.555883241, 47.788238845000102 ], [ -117.555876414, 47.788182161000101 ], [ -117.556065841, 47.788089299 ], [ -117.556064827, 47.788208740000101 ], [ -117.556165053, 47.788197649 ], [ -117.556281787, 47.788158829000103 ], [ -117.556499926, 47.788032073000103 ], [ -117.556656752, 47.787967110000103 ], [ -117.556788813, 47.787944928000101 ], [ -117.55702582, 47.787885510000102 ], [ -117.557141772, 47.787869427 ], [ -117.557249755, 47.7877745810001 ], [ -117.558726893, 47.787534842000099 ], [ -117.558972425, 47.788002435000102 ], [ -117.559238481, 47.788467333 ], [ -117.559530089, 47.788428448 ], [ -117.559578912, 47.788439375000102 ], [ -117.559627904, 47.788430827000099 ], [ -117.559663851, 47.788416289000097 ], [ -117.559742236, 47.788392755000103 ], [ -117.559803825, 47.788362663 ], [ -117.559780032, 47.788321417000098 ], [ -117.559790071, 47.7882928000001 ], [ -117.559833616, 47.788263853 ], [ -117.559886645, 47.788247899000098 ], [ -117.559923198, 47.788225055000098 ], [ -117.559951279, 47.788204251000103 ], [ -117.559995902, 47.7881690460001 ], [ -117.560031404, 47.78814298 ], [ -117.560080536, 47.788131061000101 ], [ -117.560132032, 47.788110062 ], [ -117.560171093, 47.788091519 ], [ -117.560234391, 47.788063376 ], [ -117.560255704, 47.788038960000101 ], [ -117.560272476, 47.788004288000103 ], [ -117.560307619, 47.7879887920001 ], [ -117.560344591, 47.7879653480001 ], [ -117.560387581, 47.787937232 ], [ -117.560430409, 47.787912420000097 ], [ -117.560474359, 47.787893035000103 ], [ -117.560484686, 47.787866430000101 ], [ -117.560478315, 47.787836304000102 ], [ -117.560540423, 47.787810006 ], [ -117.560566724, 47.7878027840001 ], [ -117.56056471, 47.787808009000102 ], [ -117.560616381, 47.787795210000098 ], [ -117.560645041, 47.787817961 ], [ -117.560695157, 47.787838249000103 ], [ -117.560736851, 47.787850998000103 ], [ -117.560774197, 47.787880372000103 ], [ -117.56082538, 47.787898154000104 ], [ -117.560860609, 47.787920853000102 ], [ -117.560889844, 47.787946494 ], [ -117.560930954, 47.787969456 ], [ -117.560995748, 47.787983080000103 ], [ -117.561022553, 47.7880064020001 ], [ -117.561075572, 47.788032712000103 ], [ -117.561103931, 47.788055154000098 ], [ -117.561138292, 47.788074324 ], [ -117.561165804, 47.788097315000101 ], [ -117.561207358, 47.788103833 ], [ -117.561250952, 47.788119431 ], [ -117.561282146, 47.788148756000098 ], [ -117.561315957, 47.7881654030001 ], [ -117.56182871, 47.788304899000103 ], [ -117.56184703, 47.788261707000103 ], [ -117.561854137, 47.788232654000097 ], [ -117.561850612, 47.788197057 ], [ -117.561825078, 47.788157072 ], [ -117.56179324, 47.788137352 ], [ -117.56174596, 47.788132618000098 ], [ -117.561714872, 47.7881003950001 ], [ -117.561675876, 47.78808158 ], [ -117.561661183, 47.78805291 ], [ -117.561636945, 47.788017902 ], [ -117.56160084, 47.787989584000101 ], [ -117.56161538, 47.787958565000103 ], [ -117.561632868, 47.787923876 ], [ -117.561629003, 47.7878881460001 ], [ -117.56164015, 47.787853255000101 ], [ -117.561668771, 47.787829248 ], [ -117.561712141, 47.787839014 ], [ -117.561770576, 47.787832935 ], [ -117.561819753, 47.7878222780001 ], [ -117.561841423, 47.787797191 ], [ -117.561904459, 47.787774728 ], [ -117.56192651, 47.787742069 ], [ -117.561968113, 47.787722945 ], [ -117.562009876, 47.787707341 ], [ -117.562026484, 47.787671527 ], [ -117.562033336, 47.787638436000101 ], [ -117.562054917, 47.787610882000102 ], [ -117.562081988, 47.787582678 ], [ -117.562109283, 47.787552733 ], [ -117.562159013, 47.787544858 ], [ -117.562207493, 47.787556483000103 ], [ -117.562250847, 47.7875541760001 ], [ -117.562293279, 47.787539963 ], [ -117.562340462, 47.787531744 ], [ -117.562382196, 47.787536495 ], [ -117.562438548, 47.787539781000099 ], [ -117.562472681, 47.787556274000103 ], [ -117.562495104, 47.787583716 ], [ -117.562555666, 47.787583016 ], [ -117.562601444, 47.787592620000098 ], [ -117.562641146, 47.787620702 ], [ -117.562692039, 47.7876194830001 ], [ -117.562740046, 47.787620336 ], [ -117.56281999, 47.787604925 ], [ -117.56286931, 47.787593991000101 ], [ -117.562897186, 47.787563315000099 ], [ -117.562929187, 47.7875202600001 ], [ -117.562969079, 47.787498809000098 ], [ -117.56301507, 47.7874759870001 ], [ -117.563052188, 47.787453503000101 ], [ -117.563077751, 47.787420512 ], [ -117.563084427, 47.7873892100001 ], [ -117.563113853, 47.7873696670001 ], [ -117.563143247, 47.787337349 ], [ -117.563150715, 47.787307070000097 ], [ -117.563165828, 47.787281160000099 ], [ -117.563174685, 47.787246631000102 ], [ -117.563154536, 47.787203806 ], [ -117.56316141, 47.787173310000099 ], [ -117.563172598, 47.787141138 ], [ -117.563209429, 47.7871102350001 ], [ -117.563257926, 47.787094071000098 ], [ -117.563326463, 47.787082197000103 ], [ -117.563371677, 47.787082487000099 ], [ -117.563445515, 47.787083221 ], [ -117.563488631, 47.7870789850001 ], [ -117.563528486, 47.787089733000101 ], [ -117.56357136, 47.787089015 ], [ -117.56360192, 47.787059373 ], [ -117.563620781, 47.787035053000103 ], [ -117.563628126, 47.787007911 ], [ -117.563658706, 47.786984081000099 ], [ -117.563691482, 47.786962866000103 ], [ -117.5637238, 47.786935879000097 ], [ -117.563744674, 47.786908993000097 ], [ -117.563768987, 47.786878978000097 ], [ -117.563794377, 47.786856956000101 ], [ -117.563821268, 47.786821817 ], [ -117.56384272, 47.786783926000098 ], [ -117.563885499, 47.786755574 ], [ -117.56392547, 47.786768125 ], [ -117.563973396, 47.786789835 ], [ -117.564064821, 47.786792717 ], [ -117.564100612, 47.786759561000103 ], [ -117.564117029, 47.786734374 ], [ -117.564141494, 47.786693816000103 ], [ -117.564171487, 47.786667117 ], [ -117.564212407, 47.786655931 ], [ -117.564267938, 47.786641843 ], [ -117.564311016, 47.786655066 ], [ -117.564367192, 47.7866547080001 ], [ -117.564411587, 47.786636025000099 ], [ -117.564446091, 47.7866180830001 ], [ -117.564493611, 47.786620011 ], [ -117.56456207, 47.786622527000098 ], [ -117.56460226, 47.786615506 ], [ -117.56463821, 47.786596483 ], [ -117.564699795, 47.7865730030001 ], [ -117.564767222, 47.7865730010001 ], [ -117.564809086, 47.786586345 ], [ -117.564861628, 47.786580291000099 ], [ -117.564924092, 47.786561310000103 ], [ -117.564984771, 47.786556958000098 ], [ -117.565008845, 47.786555842 ], [ -117.565032921, 47.786554727000102 ], [ -117.565119788, 47.786552668000098 ], [ -117.565142881, 47.786526173 ], [ -117.565423783, 47.786463994 ], [ -117.565443051, 47.786467991000102 ], [ -117.565490101, 47.786480191000102 ], [ -117.565551263, 47.7864644490001 ], [ -117.565601738, 47.786464697 ], [ -117.565662767, 47.786438056000101 ], [ -117.565701849, 47.786421678000103 ], [ -117.565736179, 47.786401792 ], [ -117.565763008, 47.786388903 ], [ -117.565821108, 47.786376043000097 ], [ -117.565841505, 47.786395881 ], [ -117.56588631, 47.786386749 ], [ -117.565935879, 47.7863881480001 ], [ -117.565983185, 47.786386641 ], [ -117.566025886, 47.7863906850001 ], [ -117.566076886, 47.786387833 ], [ -117.566116921, 47.786381958 ], [ -117.56617948, 47.78637688 ], [ -117.566221406, 47.786353303000098 ], [ -117.566248948, 47.786383358000101 ], [ -117.566309288, 47.786380396 ], [ -117.56633755, 47.786359749 ], [ -117.566352376, 47.786324670000099 ], [ -117.566398651, 47.786306352000103 ], [ -117.566452889, 47.786288601000102 ], [ -117.566495192, 47.786267648 ], [ -117.566502276, 47.786238806 ], [ -117.566512972, 47.786222888000097 ], [ -117.566580892, 47.7862078530001 ], [ -117.566629567, 47.786216688000103 ], [ -117.566667105, 47.786231039 ], [ -117.566715605, 47.7862482990001 ], [ -117.566752187, 47.786261876 ], [ -117.566791756, 47.786274415 ], [ -117.566828388, 47.786287270000102 ], [ -117.566867281, 47.786300893 ], [ -117.566921703, 47.786317150000102 ], [ -117.566977385, 47.786334002 ], [ -117.567021147, 47.7863538840001 ], [ -117.56707094, 47.786366066 ], [ -117.567125008, 47.786378773000102 ], [ -117.567177765, 47.786393596 ], [ -117.567232076, 47.786408139000102 ], [ -117.567284546, 47.786418125000097 ], [ -117.567340187, 47.786435908 ], [ -117.567377005, 47.786448861000103 ], [ -117.567430285, 47.786467917 ], [ -117.567485785, 47.786485938000098 ], [ -117.567536161, 47.786498079000097 ], [ -117.567584146, 47.786510349 ], [ -117.567623692, 47.786529333 ], [ -117.567671649, 47.786549789 ], [ -117.567721748, 47.7865618820001 ], [ -117.567769323, 47.786577671 ], [ -117.567824342, 47.786589486 ], [ -117.567850472, 47.786611921 ], [ -117.567882796, 47.786634779000103 ], [ -117.567925172, 47.7866468080001 ], [ -117.567966781, 47.7866572410001 ], [ -117.568005187, 47.7866677640001 ], [ -117.568045847, 47.786661791 ], [ -117.568087015, 47.786668402 ], [ -117.568106238, 47.786673388000096 ], [ -117.568249941, 47.786575395000099 ], [ -117.568285887, 47.786560873 ], [ -117.568288664, 47.786516127 ], [ -117.568305214, 47.786486895000102 ], [ -117.568295657, 47.786453716 ], [ -117.568309071, 47.786404797 ], [ -117.568340087, 47.7863730340001 ], [ -117.568373307, 47.7863469260001 ], [ -117.568388729, 47.786308565000098 ], [ -117.568389632, 47.786277380000101 ], [ -117.568394676, 47.786242599 ], [ -117.568445419, 47.786214545000099 ], [ -117.568455939, 47.786173475000098 ], [ -117.568443351, 47.786138398 ], [ -117.56847436, 47.786106574 ], [ -117.56846534, 47.786070131 ], [ -117.568493579, 47.786034949000097 ], [ -117.568486675, 47.786006464000103 ], [ -117.568538372, 47.786012625000097 ], [ -117.568590081, 47.78600113 ], [ -117.568629065, 47.786012654 ], [ -117.568672867, 47.785993140000102 ], [ -117.568710972, 47.785974405 ], [ -117.568758236, 47.785967393000099 ], [ -117.568794857, 47.785937465000103 ], [ -117.568824882, 47.785915614 ], [ -117.568843319, 47.785868934000099 ], [ -117.568891072, 47.785878848 ], [ -117.568934784, 47.785871871 ], [ -117.568980533, 47.785871358000101 ], [ -117.569037863, 47.785845162 ], [ -117.569085214, 47.785835082000098 ], [ -117.569118018, 47.785815052 ], [ -117.569134675, 47.785789823000101 ], [ -117.569112076, 47.785765314000102 ], [ -117.569133577, 47.785737708000099 ], [ -117.569166999, 47.785713482000098 ], [ -117.569146311, 47.785673853 ], [ -117.569129915, 47.785636985000103 ], [ -117.569085885, 47.785619286 ], [ -117.569045957, 47.785597327000097 ], [ -117.56900699, 47.785580217000103 ], [ -117.56901122, 47.785542578 ], [ -117.568962963, 47.785529708000098 ], [ -117.568924164, 47.785508306000096 ], [ -117.568880297, 47.78548972 ], [ -117.568852263, 47.785477767 ], [ -117.568843705, 47.7854656700001 ], [ -117.56884249, 47.785437471000101 ], [ -117.56879564, 47.785409601 ], [ -117.56874954, 47.785398616000101 ], [ -117.568700576, 47.785386923 ], [ -117.568646572, 47.785381513000097 ], [ -117.568595542, 47.785385826 ], [ -117.568549185, 47.785371327000099 ], [ -117.568508881, 47.785354305000098 ], [ -117.568460313, 47.785359613 ], [ -117.568421558, 47.785372049 ], [ -117.568378693, 47.785373858000099 ], [ -117.568322834, 47.7853719820001 ], [ -117.568282997, 47.785346557 ], [ -117.56824371, 47.785324967000101 ], [ -117.568214801, 47.785298492 ], [ -117.568211498, 47.785270613000101 ], [ -117.568160275, 47.785258623000097 ], [ -117.568119283, 47.785259604 ], [ -117.568076942, 47.785272128 ], [ -117.56803516, 47.785266523000097 ], [ -117.567992551, 47.785241711 ], [ -117.567978778, 47.785204156000098 ], [ -117.567949004, 47.785169701 ], [ -117.567957416, 47.785133858000101 ], [ -117.567992049, 47.785099607000099 ], [ -117.56802714, 47.785068392 ], [ -117.568062715, 47.785039711000103 ], [ -117.568111035, 47.785019982000101 ], [ -117.568153756, 47.784998425 ], [ -117.568194486, 47.784980039000096 ], [ -117.56823462, 47.784972020000097 ], [ -117.568263051, 47.784939472000097 ], [ -117.568281611, 47.784906701000097 ], [ -117.568341044, 47.784887522000098 ], [ -117.568375325, 47.784858842000098 ], [ -117.568404542, 47.784836163000101 ], [ -117.568443583, 47.784827892000102 ], [ -117.568492294, 47.7848197920001 ], [ -117.568541297, 47.784799241 ], [ -117.568582934, 47.784789660000101 ], [ -117.56861806, 47.784771674000098 ], [ -117.56865177, 47.7847517800001 ], [ -117.568666609, 47.784723672 ], [ -117.568673789, 47.78469053 ], [ -117.568683865, 47.784656956 ], [ -117.568723555, 47.784630809000099 ], [ -117.568739336, 47.784602621 ], [ -117.568747547, 47.784563427000101 ], [ -117.568761626, 47.784535597000101 ], [ -117.568772098, 47.784509075000102 ], [ -117.568826709, 47.784510024 ], [ -117.56886557, 47.784494845 ], [ -117.568906551, 47.784488044000099 ], [ -117.568959512, 47.784475056000097 ], [ -117.568986467, 47.7844500590001 ], [ -117.569016953, 47.784431035000097 ], [ -117.569047073, 47.7844120520001 ], [ -117.569076359, 47.7843897670001 ], [ -117.56909771, 47.78435834 ], [ -117.569139819, 47.784322982 ], [ -117.569133649, 47.784294864000103 ], [ -117.569146961, 47.784264508 ], [ -117.569156308, 47.784233031 ], [ -117.569158281, 47.784203767000101 ], [ -117.569167895, 47.784172626 ], [ -117.56920559, 47.784149983000098 ], [ -117.569267654, 47.784146112 ], [ -117.569308157, 47.784143209 ], [ -117.569360115, 47.784117705 ], [ -117.569398591, 47.784096760000097 ], [ -117.56943097, 47.784069719000101 ], [ -117.569448352, 47.784036103000098 ], [ -117.569482788, 47.784006005 ], [ -117.569492253, 47.783986952000099 ], [ -117.56950172, 47.783967897 ], [ -117.569541535, 47.7839408130001 ], [ -117.569576854, 47.783924155000101 ], [ -117.569606908, 47.783902687000101 ], [ -117.569623008, 47.783870939000103 ], [ -117.569641212, 47.78383532 ], [ -117.569634642, 47.783799647000102 ], [ -117.569643424, 47.7837619270001 ], [ -117.56962829, 47.783724077 ], [ -117.56961285, 47.783691141000098 ], [ -117.569609515, 47.783654209000098 ], [ -117.569567264, 47.783628599000103 ], [ -117.569562287, 47.7835966970001 ], [ -117.569561009, 47.783588502 ], [ -117.569569994, 47.783552708000101 ], [ -117.569619351, 47.783542396 ], [ -117.569632585, 47.78352263 ], [ -117.569645819, 47.783502864000098 ], [ -117.569675264, 47.783492207000101 ], [ -117.569697643, 47.783484107 ], [ -117.569745601, 47.783478063000103 ], [ -117.569782497, 47.783502707 ], [ -117.569828016, 47.783505015000102 ], [ -117.569871819, 47.7835114270001 ], [ -117.56989795, 47.783540129000102 ], [ -117.56994776, 47.783551822 ], [ -117.570007604, 47.783560857000097 ], [ -117.570047653, 47.783578858000098 ], [ -117.570089213, 47.783603956 ], [ -117.570110307, 47.783636491 ], [ -117.570160065, 47.783647861000098 ], [ -117.570203814, 47.783657925000099 ], [ -117.570254281, 47.783682142 ], [ -117.570308688, 47.7836924490001 ], [ -117.570347841, 47.783681567 ], [ -117.570393261, 47.783698106 ], [ -117.570417345, 47.783735169000103 ], [ -117.570432138, 47.783764932000103 ], [ -117.570465323, 47.783781664000102 ], [ -117.570513764, 47.783791606000101 ], [ -117.5705663, 47.78379282 ], [ -117.570603944, 47.783806493 ], [ -117.57066364, 47.783823553 ], [ -117.570724141, 47.783836576000098 ], [ -117.570717972, 47.78386779 ], [ -117.570713843, 47.783897190000097 ], [ -117.570735641, 47.783932632000102 ], [ -117.570766579, 47.783952434000099 ], [ -117.570757283, 47.783992228 ], [ -117.570786373, 47.784022914 ], [ -117.570822701, 47.7840391760001 ], [ -117.570875941, 47.784061475 ], [ -117.570929883, 47.784070368000101 ], [ -117.57097684, 47.78408118 ], [ -117.571036291, 47.784090823 ], [ -117.571085232, 47.784080879 ], [ -117.571136894, 47.784091167 ], [ -117.571184886, 47.784103405000103 ], [ -117.571223679, 47.784125385 ], [ -117.571255938, 47.784150010000097 ], [ -117.57127984, 47.784173943 ], [ -117.571304329, 47.784206506 ], [ -117.571333656, 47.784236419000102 ], [ -117.571343427, 47.784271223000097 ], [ -117.571372706, 47.784301608000099 ], [ -117.571415186, 47.784319058000101 ], [ -117.571460963, 47.784341252 ], [ -117.571453965, 47.784381966000097 ], [ -117.571478628, 47.784415095 ], [ -117.571477296, 47.784454322 ], [ -117.571490042, 47.784494619 ], [ -117.571526722, 47.784520286 ], [ -117.57155615, 47.784551606 ], [ -117.571600506, 47.7845766350001 ], [ -117.571640513, 47.784605520000099 ], [ -117.571679969, 47.784629944000102 ], [ -117.571730619, 47.784647648 ], [ -117.571773069, 47.784672195 ], [ -117.571824651, 47.784684843 ], [ -117.571873706, 47.784704371 ], [ -117.571904387, 47.784732701000102 ], [ -117.571928015, 47.784755423 ], [ -117.571984729, 47.784764907000103 ], [ -117.572024405, 47.7847565880001 ], [ -117.572068162, 47.784777255000101 ], [ -117.572116777, 47.784797475000097 ], [ -117.572158566, 47.784795159000097 ], [ -117.572204249, 47.784820915000097 ], [ -117.572237019, 47.784839058 ], [ -117.572278944, 47.784865866000104 ], [ -117.572307879, 47.784886459000099 ], [ -117.572355748, 47.784904609000101 ], [ -117.572389277, 47.784932165 ], [ -117.572444075, 47.784942580000099 ], [ -117.572488712, 47.784937998 ], [ -117.572530217, 47.784937149 ], [ -117.572585501, 47.784937316 ], [ -117.572629031, 47.784937121 ], [ -117.572671008, 47.78493458 ], [ -117.572722969, 47.784943186000099 ], [ -117.572768952, 47.784951257 ], [ -117.572775492, 47.7849890150001 ], [ -117.572776949, 47.785017283000101 ], [ -117.572776959, 47.785048614000097 ], [ -117.572815344, 47.785077283000099 ], [ -117.572848326, 47.785108535000099 ], [ -117.572897802, 47.785129213000097 ], [ -117.572943172, 47.785153935 ], [ -117.572979719, 47.7851840370001 ], [ -117.573025912, 47.785201585 ], [ -117.573066422, 47.785211228 ], [ -117.573109048, 47.785224617 ], [ -117.573153304, 47.7852384440001 ], [ -117.573194554, 47.785237293000101 ], [ -117.573241661, 47.785251529 ], [ -117.573281078, 47.785243991000101 ], [ -117.573326436, 47.785225105000102 ], [ -117.573340256, 47.785195571 ], [ -117.573364652, 47.785163575000098 ], [ -117.573398584, 47.785133404000099 ], [ -117.573418999, 47.785107157 ], [ -117.573415327, 47.785067706000099 ], [ -117.5734239, 47.785033371000097 ], [ -117.57341754, 47.784996233000101 ], [ -117.573418223, 47.784967944000101 ], [ -117.573416129, 47.784938635000103 ], [ -117.573434908, 47.784907297000103 ], [ -117.57345372, 47.784870962000099 ], [ -117.573482057, 47.784846228 ], [ -117.573487824, 47.784814534000098 ], [ -117.573512895, 47.78479093 ], [ -117.573541181, 47.784762281 ], [ -117.573538092, 47.784734098000101 ], [ -117.573539118, 47.784699105000101 ], [ -117.573522761, 47.784666548000096 ], [ -117.573488584, 47.784636396000103 ], [ -117.573444601, 47.784619468000102 ], [ -117.573412085, 47.784597341000101 ], [ -117.573382546, 47.784572095 ], [ -117.573373634, 47.784542810000097 ], [ -117.573407782, 47.7845247610001 ], [ -117.573444567, 47.784502087000099 ], [ -117.573475257, 47.784480093000099 ], [ -117.573501931, 47.7844568840001 ], [ -117.573547557, 47.784460092000103 ], [ -117.573593044, 47.784453758 ], [ -117.57362938, 47.784436592000098 ], [ -117.573665056, 47.784410692000101 ], [ -117.573698756, 47.784381172000103 ], [ -117.573731235, 47.784368548 ], [ -117.573860594, 47.784418859 ], [ -117.573862365, 47.784422461000098 ], [ -117.573907094, 47.784439346000099 ], [ -117.573938658, 47.784458634 ], [ -117.573995352, 47.784479386 ], [ -117.574043737, 47.784499338 ], [ -117.574052819, 47.784527823000097 ], [ -117.57409464, 47.784552445 ], [ -117.574109119, 47.784579582 ], [ -117.574160269, 47.7845983240001 ], [ -117.574200071, 47.784617136000101 ], [ -117.574245042, 47.784633294000102 ], [ -117.574289228, 47.784655040000096 ], [ -117.574317934, 47.784678516 ], [ -117.574361047, 47.784707688 ], [ -117.574391065, 47.784726931000101 ], [ -117.574423223, 47.784746893 ], [ -117.574459882, 47.784766154000103 ], [ -117.574484666, 47.784790074000099 ], [ -117.574538638, 47.784800538000098 ], [ -117.57460794, 47.784824207 ], [ -117.57462737, 47.784855507 ], [ -117.574658567, 47.784878600000098 ], [ -117.574697327, 47.784891856000101 ], [ -117.574746458, 47.784921753 ], [ -117.574772918, 47.784947877 ], [ -117.574804209, 47.784968165000102 ], [ -117.574808977, 47.784996688 ], [ -117.574855917, 47.785015704 ], [ -117.574888846, 47.785040552000098 ], [ -117.574920122, 47.785072229 ], [ -117.574953598, 47.785089438000099 ], [ -117.574995382, 47.785118792 ], [ -117.575016835, 47.785144612000103 ], [ -117.575057648, 47.7851691400001 ], [ -117.575093639, 47.785191034 ], [ -117.575093408, 47.785220232 ], [ -117.575123832, 47.7852541130001 ], [ -117.575139979, 47.785279995000103 ], [ -117.575178708, 47.785309704 ], [ -117.575205924, 47.785340926000103 ], [ -117.575237753, 47.785371928000103 ], [ -117.575265367, 47.785392489000103 ], [ -117.575301131, 47.785421294000102 ], [ -117.5753382, 47.785455357 ], [ -117.575339771, 47.785493678000101 ], [ -117.575363162, 47.7855232960001 ], [ -117.575405814, 47.7855537390001 ], [ -117.575437977, 47.785574514000103 ], [ -117.575460949, 47.785601097 ], [ -117.575512152, 47.7856197770001 ], [ -117.57555603, 47.785624594000097 ], [ -117.575588747, 47.785655553 ], [ -117.575621797, 47.785672641000097 ], [ -117.575660409, 47.785684985 ], [ -117.575693306, 47.785702584 ], [ -117.575744534, 47.785719099000097 ], [ -117.57578492, 47.785747152000098 ], [ -117.575809435, 47.785770868 ], [ -117.575852774, 47.785791328000101 ], [ -117.575881392, 47.785814646000098 ], [ -117.575946895, 47.785828459000101 ], [ -117.575970608, 47.785856725 ], [ -117.57601011, 47.785871736 ], [ -117.57605426, 47.785880785000103 ], [ -117.576093467, 47.785897328 ], [ -117.57615119, 47.785924608000101 ], [ -117.576203146, 47.785919631000098 ], [ -117.576250135, 47.785904197 ], [ -117.576283751, 47.785871889000099 ], [ -117.576288302, 47.785838532000099 ], [ -117.576286778, 47.7858068150001 ], [ -117.576291641, 47.7857735320001 ], [ -117.576273084, 47.785748904000101 ], [ -117.576268339, 47.785706699000102 ], [ -117.57625403, 47.7856728410001 ], [ -117.576227915, 47.7856515510001 ], [ -117.576202741, 47.7856145800001 ], [ -117.576157997, 47.785588223 ], [ -117.576216571, 47.785575286 ], [ -117.576176084, 47.785559256000099 ], [ -117.576133666, 47.78553384 ], [ -117.576098223, 47.7855177120001 ], [ -117.576055813, 47.785490925 ], [ -117.576027615, 47.785467368000099 ], [ -117.575990461, 47.785452201000098 ], [ -117.57597166, 47.785423219000101 ], [ -117.575939454, 47.785398001 ], [ -117.575920837, 47.785368871000102 ], [ -117.575892476, 47.785332995 ], [ -117.575885832, 47.785302264000102 ], [ -117.575873022, 47.785264488000102 ], [ -117.575863551, 47.785225709 ], [ -117.575872822, 47.785198015 ], [ -117.575844575, 47.785178366 ], [ -117.575863695, 47.785148030000101 ], [ -117.575916984, 47.785140754000103 ], [ -117.575954712, 47.785161368 ], [ -117.575999109, 47.785177031 ], [ -117.576039102, 47.785200257 ], [ -117.576065563, 47.785223040000098 ], [ -117.576092498, 47.785254002 ], [ -117.57612768, 47.785271476 ], [ -117.576161654, 47.785289511 ], [ -117.576176297, 47.785316550000097 ], [ -117.576177573, 47.7853199360001 ], [ -117.576188975, 47.785350188000102 ], [ -117.576218124, 47.785371699000102 ], [ -117.576248079, 47.785398460000103 ], [ -117.576307093, 47.785417973000101 ], [ -117.576364193, 47.78543482 ], [ -117.576407344, 47.785415036000103 ], [ -117.576412871, 47.785411440000097 ], [ -117.57645437, 47.785384441000097 ], [ -117.576481733, 47.785352935 ], [ -117.576522835, 47.785341858 ], [ -117.576583174, 47.785339009 ], [ -117.576618941, 47.785357351000101 ], [ -117.576647257, 47.7853814650001 ], [ -117.576649033, 47.785409503 ], [ -117.576668626, 47.785434243000097 ], [ -117.576693669, 47.785460953 ], [ -117.576748486, 47.7854797910001 ], [ -117.576802555, 47.785486147 ], [ -117.576833916, 47.785464115000103 ], [ -117.576814252, 47.785491807 ], [ -117.576786013, 47.785513536000103 ], [ -117.576792251, 47.785547989000101 ], [ -117.576777094, 47.785553079000103 ], [ -117.576753771, 47.785560911000097 ], [ -117.576729316, 47.785584978 ], [ -117.576697283, 47.785619994000101 ], [ -117.576727917, 47.785642959 ], [ -117.576714551, 47.785679876000103 ], [ -117.576715621, 47.78571966 ], [ -117.576734471, 47.785747616 ], [ -117.576773013, 47.785775162 ], [ -117.576788212, 47.785802302 ], [ -117.576821426, 47.785821377 ], [ -117.57684805, 47.785846869000103 ], [ -117.576871941, 47.785882048000097 ], [ -117.576914566, 47.78590483 ], [ -117.57695278, 47.785931880000099 ], [ -117.577028996, 47.785932936000101 ], [ -117.5770711, 47.785922071000101 ], [ -117.577109482, 47.785891837000101 ], [ -117.577154849, 47.785908735000099 ], [ -117.577199681, 47.785910207 ], [ -117.577239601, 47.78589888 ], [ -117.577295341, 47.785921767 ], [ -117.577334277, 47.785942471000098 ], [ -117.577377814, 47.785964678 ], [ -117.577421687, 47.785974962000097 ], [ -117.577463116, 47.785990989 ], [ -117.577502479, 47.786016385 ], [ -117.577547357, 47.786053806 ], [ -117.577563404, 47.7860816620001 ], [ -117.577539572, 47.786106161000099 ], [ -117.577544112, 47.786141073000103 ], [ -117.577604821, 47.786170928 ], [ -117.577600786, 47.786136543000097 ], [ -117.577613748, 47.786101015 ], [ -117.577602975, 47.786060279 ], [ -117.577615927, 47.786028195 ], [ -117.57765472, 47.786016285000102 ], [ -117.577696981, 47.786016101 ], [ -117.577738963, 47.786011329000097 ], [ -117.577787896, 47.786019565000103 ], [ -117.57784053, 47.786004098 ], [ -117.577875126, 47.7859800680001 ], [ -117.577883104, 47.7859745270001 ], [ -117.577904141, 47.785939138000103 ], [ -117.577937382, 47.785913891000099 ], [ -117.577989436, 47.785903784 ], [ -117.578018086, 47.785883897000097 ], [ -117.578067385, 47.785871479 ], [ -117.578112564, 47.785869254 ], [ -117.578150336, 47.785838038000101 ], [ -117.578178009, 47.785817283 ], [ -117.578205632, 47.785784390000103 ], [ -117.578236902, 47.785759489 ], [ -117.578279247, 47.785733585000102 ], [ -117.578246139, 47.78570517 ], [ -117.578267867, 47.785681795000102 ], [ -117.578285118, 47.785646855 ], [ -117.578342117, 47.785660862 ], [ -117.578389973, 47.785666409 ], [ -117.578431174, 47.785674476000104 ], [ -117.578486561, 47.785674492000098 ], [ -117.578526478, 47.785685090000101 ], [ -117.578574122, 47.785690729000102 ], [ -117.578610237, 47.785705711 ], [ -117.57864679, 47.785719620000101 ], [ -117.578681551, 47.785736198000102 ], [ -117.57872256, 47.785767349 ], [ -117.578751529, 47.785788403 ], [ -117.578793954, 47.785811340000102 ], [ -117.578833697, 47.785835112 ], [ -117.578854061, 47.785864305000104 ], [ -117.578895783, 47.785874847000102 ], [ -117.57892588, 47.785896262000101 ], [ -117.578966686, 47.785910772000101 ], [ -117.579015058, 47.785920861000101 ], [ -117.579059416, 47.785942237 ], [ -117.579102242, 47.785966422000101 ], [ -117.579149881, 47.785981103 ], [ -117.579192793, 47.785992832 ], [ -117.579237584, 47.786000743 ], [ -117.579289878, 47.785998161000101 ], [ -117.579332022, 47.78598981 ], [ -117.579378119, 47.785980162 ], [ -117.57942615, 47.785969653000102 ], [ -117.579465751, 47.785959434000098 ], [ -117.579508916, 47.785961693 ], [ -117.579573532, 47.785944301 ], [ -117.579562282, 47.785956637 ], [ -117.579605986, 47.785943884000098 ], [ -117.579635237, 47.785935349000098 ], [ -117.579637431, 47.785934361 ], [ -117.579636571, 47.785934960000098 ], [ -117.579826068, 47.785879667000103 ], [ -117.57983406, 47.785880512000098 ], [ -117.579890859, 47.785874923000101 ], [ -117.579943545, 47.785871786 ], [ -117.579998598, 47.785867404 ], [ -117.580015614, 47.785868273000098 ], [ -117.580050452, 47.785870053000103 ], [ -117.580100061, 47.785880052 ], [ -117.580157593, 47.785881029000102 ], [ -117.580204079, 47.785879359 ], [ -117.580255873, 47.785889998000101 ], [ -117.580302989, 47.785889013 ], [ -117.580353416, 47.785904722000097 ], [ -117.580404915, 47.785910263000098 ], [ -117.580448031, 47.7859224850001 ], [ -117.580481411, 47.785953754 ], [ -117.580493777, 47.785988749000097 ], [ -117.580517065, 47.786011845000097 ], [ -117.580547275, 47.786040561 ], [ -117.580582671, 47.78605966 ], [ -117.580602479, 47.7860776200001 ], [ -117.580609159, 47.7860836770001 ], [ -117.580630516, 47.786113991 ], [ -117.580668299, 47.786137754 ], [ -117.580704671, 47.786161158 ], [ -117.580749797, 47.7861866800001 ], [ -117.580784634, 47.786214163000103 ], [ -117.580837603, 47.786228720000103 ], [ -117.580891627, 47.786247151000097 ], [ -117.580933016, 47.786264596000102 ], [ -117.580986692, 47.786262397 ], [ -117.581044352, 47.786256118 ], [ -117.581087481, 47.786265601 ], [ -117.581116398, 47.786285543000098 ], [ -117.581163889, 47.786313102000101 ], [ -117.581194509, 47.786339711 ], [ -117.581230559, 47.7863571010001 ], [ -117.581258733, 47.78639523 ], [ -117.581250359, 47.786430790000097 ], [ -117.581267886, 47.786472370000098 ], [ -117.581223235, 47.786488245 ], [ -117.581272849, 47.786474520000098 ], [ -117.581263809, 47.786512870000102 ], [ -117.581230212, 47.786541485 ], [ -117.581204979, 47.786566144000098 ], [ -117.581162069, 47.786574302000098 ], [ -117.58111698, 47.786599119000101 ], [ -117.581091905, 47.786633716 ], [ -117.581059758, 47.786650860000101 ], [ -117.581017311, 47.7866539360001 ], [ -117.580964135, 47.786662864 ], [ -117.580936545, 47.786688595 ], [ -117.580942368, 47.786723142 ], [ -117.580964557, 47.786760482 ], [ -117.580964073, 47.786798444000098 ], [ -117.580975761, 47.786834163 ], [ -117.580941587, 47.78715686 ], [ -117.581074546, 47.787219875000098 ], [ -117.581420442, 47.787392826 ], [ -117.581463006, 47.787403874000098 ], [ -117.581511485, 47.787406690000097 ], [ -117.581508848, 47.787436580000097 ], [ -117.581487236, 47.787469625 ], [ -117.581449043, 47.787481867000103 ], [ -117.581405093, 47.787517574 ], [ -117.581355583, 47.787539724000098 ], [ -117.581348706, 47.787584078000101 ], [ -117.581354714, 47.787613302000103 ], [ -117.581318129, 47.787637648 ], [ -117.581297063, 47.787605120000102 ], [ -117.581270949, 47.787572234 ], [ -117.581204797, 47.7875654710001 ], [ -117.581179066, 47.787590589 ], [ -117.581192275, 47.78761745 ], [ -117.581232318, 47.787650126000102 ], [ -117.581204521, 47.787671485 ], [ -117.581155022, 47.787668038 ], [ -117.581093078, 47.787685051 ], [ -117.581042816, 47.787704428 ], [ -117.581036539, 47.787738389 ], [ -117.581051065, 47.787770351000098 ], [ -117.581093751, 47.7878071270001 ], [ -117.581126065, 47.7878372690001 ], [ -117.581178813, 47.787864698000099 ], [ -117.581214233, 47.787894083 ], [ -117.58122563, 47.7879226330001 ], [ -117.581231888, 47.787961391000103 ], [ -117.58124, 47.787989779 ], [ -117.581264759, 47.7880121540001 ], [ -117.58129396, 47.788033416000097 ], [ -117.581349112, 47.788049219000101 ], [ -117.581393898, 47.788070269000102 ], [ -117.581403639, 47.7880362390001 ], [ -117.581412419, 47.788007524000101 ], [ -117.581425337, 47.787962689 ], [ -117.581448617, 47.787915623000103 ], [ -117.581495299, 47.787906289 ], [ -117.581527666, 47.787930353 ], [ -117.581575493, 47.787932718 ], [ -117.58164088, 47.787945739000101 ], [ -117.581681589, 47.787978552 ], [ -117.58164521, 47.787996194000101 ], [ -117.581659131, 47.788011683 ], [ -117.581707569, 47.788052573000101 ], [ -117.581771956, 47.788116899 ], [ -117.581837249, 47.788134335000102 ], [ -117.581888879, 47.788126991000098 ], [ -117.581929587, 47.788125215 ], [ -117.58197278, 47.7881054590001 ], [ -117.582017558, 47.788096081 ], [ -117.58206425, 47.788088831 ], [ -117.582099439, 47.788066704000101 ], [ -117.582130091, 47.788045583 ], [ -117.582163018, 47.788021827000101 ], [ -117.582214593, 47.788007893 ], [ -117.582243859, 47.787975345000099 ], [ -117.582280054, 47.787952541 ], [ -117.582324235, 47.787923428000099 ], [ -117.582321458, 47.787885095 ], [ -117.582295002, 47.787854834 ], [ -117.582268046, 47.78782512 ], [ -117.582243597, 47.7878024400001 ], [ -117.582205294, 47.787785807 ], [ -117.582135956, 47.787787202000104 ], [ -117.58236585, 47.787556515000098 ], [ -117.582330042, 47.787535706 ], [ -117.582373553, 47.787528106000103 ], [ -117.582535416, 47.787464786 ], [ -117.582571051, 47.787469279 ], [ -117.582616776, 47.787477500000101 ], [ -117.582657109, 47.787457359 ], [ -117.582699919, 47.787456097000103 ], [ -117.582705445, 47.787470123 ], [ -117.582711027, 47.787484290000101 ], [ -117.582660565, 47.787521420000097 ], [ -117.582629351, 47.787543250000098 ], [ -117.582675114, 47.787569164 ], [ -117.582693128, 47.787600477000097 ], [ -117.582687633, 47.787639777 ], [ -117.582703873, 47.787668784000097 ], [ -117.582717343, 47.787696475000097 ], [ -117.582718935, 47.787725097000099 ], [ -117.582720406, 47.787735623000103 ], [ -117.58270966, 47.787720804000102 ], [ -117.582703719, 47.787754706 ], [ -117.582743534, 47.787787927000103 ], [ -117.582794242, 47.787800008 ], [ -117.582835743, 47.787804173 ], [ -117.582869655, 47.78783186 ], [ -117.582914892, 47.787823021000101 ], [ -117.58297546, 47.787845908000101 ], [ -117.582992981, 47.787873448 ], [ -117.582973843, 47.787901175000101 ], [ -117.58298695, 47.787950528000103 ], [ -117.582988661, 47.787977985000097 ], [ -117.582984764, 47.788006201 ], [ -117.583025359, 47.7880142590001 ], [ -117.583065766, 47.788027751000101 ], [ -117.583059119, 47.788062814000099 ], [ -117.58303868, 47.788093465 ], [ -117.583076259, 47.788122693 ], [ -117.583109192, 47.788159018 ], [ -117.583116677, 47.788187279000098 ], [ -117.583157389, 47.78820073 ], [ -117.583206763, 47.788194783000101 ], [ -117.583237369, 47.788166935 ], [ -117.583266681, 47.78818827 ], [ -117.583267614, 47.788219816 ], [ -117.583328579, 47.788228199000102 ], [ -117.583337015, 47.788260910000098 ], [ -117.583361148, 47.788285209 ], [ -117.583407486, 47.788270318000102 ], [ -117.583434412, 47.7882485310001 ], [ -117.583474868, 47.788259604000103 ], [ -117.583473197, 47.788288329000103 ], [ -117.583473053, 47.788298035 ], [ -117.58348673, 47.7883124620001 ], [ -117.583531966, 47.788335836 ], [ -117.583568861, 47.788352158000102 ], [ -117.583587286, 47.788384778000101 ], [ -117.583629449, 47.78838232 ], [ -117.583669102, 47.788412341 ], [ -117.583710591, 47.788429622000102 ], [ -117.583753345, 47.788438963 ], [ -117.583785166, 47.788471432000101 ], [ -117.583829433, 47.788504434000103 ], [ -117.58388532, 47.788507643000102 ], [ -117.583943297, 47.788499561 ], [ -117.583954455, 47.788468967 ], [ -117.583992659, 47.788435831000101 ], [ -117.584036746, 47.7884128950001 ], [ -117.584052105, 47.788378340000101 ], [ -117.584047338, 47.788349673 ], [ -117.584042821, 47.788318059000098 ], [ -117.584077477, 47.788278909 ], [ -117.584064521, 47.788250388000101 ], [ -117.584105956, 47.788252984000103 ], [ -117.584133545, 47.788227516000099 ], [ -117.584111803, 47.788203352 ], [ -117.584081985, 47.788168963 ], [ -117.584066538, 47.788140449 ], [ -117.584066385, 47.788107133 ], [ -117.584025917, 47.788077443000098 ], [ -117.584006184, 47.788045864 ], [ -117.583975091, 47.788014291000103 ], [ -117.58400155, 47.787989328 ], [ -117.584013962, 47.787958407000097 ], [ -117.584030328, 47.787931455 ], [ -117.584000535, 47.787900270000101 ], [ -117.583949592, 47.787883837 ], [ -117.583884759, 47.787863995000102 ], [ -117.583924245, 47.787827971000098 ], [ -117.583899526, 47.787805766000098 ], [ -117.583862942, 47.787783825000098 ], [ -117.583826788, 47.787760211 ], [ -117.583788518, 47.787748913 ], [ -117.583771796, 47.787715707000103 ], [ -117.583732862, 47.787691996 ], [ -117.583722466, 47.787657587000098 ], [ -117.583734978, 47.787626007 ], [ -117.583783803, 47.787620508 ], [ -117.583826517, 47.787625429000101 ], [ -117.583858795, 47.787605574000096 ], [ -117.583830854, 47.787569790000099 ], [ -117.583789927, 47.787541662000102 ], [ -117.583779596, 47.78750238 ], [ -117.583789459, 47.787472388 ], [ -117.583791817, 47.787444181000097 ], [ -117.58376781, 47.787421904 ], [ -117.583796312, 47.7873766720001 ], [ -117.583826271, 47.787339649 ], [ -117.583805827, 47.787312869000097 ], [ -117.583813422, 47.787272825000102 ], [ -117.583814862, 47.787238403000103 ], [ -117.583771228, 47.787203264 ], [ -117.583804689, 47.787202108 ], [ -117.583855418, 47.787197945000102 ], [ -117.58389613, 47.787202059 ], [ -117.583936831, 47.787204714 ], [ -117.583987916, 47.787203053 ], [ -117.584030844, 47.787201905000103 ], [ -117.58407161, 47.787201163000098 ], [ -117.584117006, 47.787205485000101 ], [ -117.584179488, 47.787204021 ], [ -117.58422967, 47.787209686 ], [ -117.584275459, 47.787217160000097 ], [ -117.584334577, 47.787230919000102 ], [ -117.584374662, 47.787244907000101 ], [ -117.584413186, 47.787256281000097 ], [ -117.584462616, 47.787260696 ], [ -117.584508994, 47.787259583 ], [ -117.584564476, 47.787273591 ], [ -117.584602027, 47.7872864550001 ], [ -117.584647692, 47.787291814000099 ], [ -117.584697828, 47.787303015000099 ], [ -117.584739292, 47.78730562 ], [ -117.584791752, 47.787305304 ], [ -117.584831414, 47.787314550000097 ], [ -117.584878187, 47.787320032 ], [ -117.58493423, 47.787330378 ], [ -117.584982545, 47.787340777000097 ], [ -117.585026323, 47.787328687000098 ], [ -117.58507495, 47.787344111 ], [ -117.585128279, 47.787358816000101 ], [ -117.585175194, 47.787373589 ], [ -117.585216173, 47.787402146 ], [ -117.585249312, 47.787428069 ], [ -117.585287317, 47.787445893 ], [ -117.585331682, 47.787462500000103 ], [ -117.585373768, 47.787485503 ], [ -117.585420082, 47.787515131000099 ], [ -117.58544543, 47.7875370900001 ], [ -117.585489547, 47.787557238 ], [ -117.585531991, 47.787578695 ], [ -117.585570769, 47.787597238 ], [ -117.585606802, 47.787614532000099 ], [ -117.585646396, 47.787625498000097 ], [ -117.585682778, 47.787641106000102 ], [ -117.58576541, 47.787685959 ], [ -117.585809081, 47.787683503 ], [ -117.585846633, 47.787660032000097 ], [ -117.585835898, 47.787632157000097 ], [ -117.585833949, 47.787598891000101 ], [ -117.585786023, 47.787597772 ], [ -117.58574633, 47.787579023 ], [ -117.585752816, 47.787541045000097 ], [ -117.585773147, 47.787515478 ], [ -117.58573045, 47.78750073 ], [ -117.585689624, 47.787483144000099 ], [ -117.585708455, 47.787453034000102 ], [ -117.585742883, 47.787468909 ], [ -117.585763281, 47.787505864000103 ], [ -117.585806657, 47.787510532000098 ], [ -117.585852512, 47.787526103000097 ], [ -117.585900504, 47.787516835000098 ], [ -117.58591347, 47.787479770000097 ], [ -117.585888678, 47.787454564 ], [ -117.58585797, 47.787436554000102 ], [ -117.585817394, 47.787417439000102 ], [ -117.585774422, 47.787393548000097 ], [ -117.585738704, 47.787376071 ], [ -117.585599238, 47.787183555000098 ], [ -117.585555193, 47.787180970000101 ], [ -117.585501112, 47.787174079000103 ], [ -117.585450551, 47.787165186 ], [ -117.585404986, 47.787161084 ], [ -117.585357568, 47.787148828000099 ], [ -117.585315253, 47.7871548480001 ], [ -117.585272612, 47.787154968 ], [ -117.585232064, 47.787165206000097 ], [ -117.585191761, 47.787158703 ], [ -117.585164909, 47.787133068000102 ], [ -117.585150288, 47.787104533 ], [ -117.585107414, 47.787105229000097 ], [ -117.585090276, 47.787134427000098 ], [ -117.58509805, 47.787162649 ], [ -117.585055382, 47.787154855 ], [ -117.584999417, 47.787151658 ], [ -117.585013378, 47.787119671 ], [ -117.585041422, 47.787097267 ], [ -117.585032108, 47.787066238000101 ], [ -117.585017383, 47.787036108000102 ], [ -117.584972832, 47.787026698 ], [ -117.584892233, 47.787049770000102 ], [ -117.584845675, 47.787040431 ], [ -117.584807899, 47.787051375 ], [ -117.584774558, 47.787081325 ], [ -117.584746503, 47.787056776 ], [ -117.58472898, 47.78702715 ], [ -117.584756781, 47.787005416000099 ], [ -117.58473566, 47.7869715940001 ], [ -117.584782852, 47.786946598 ], [ -117.584773245, 47.786916783 ], [ -117.584733733, 47.786903513 ], [ -117.584688234, 47.786906491000103 ], [ -117.584645924, 47.786922221000097 ], [ -117.584597554, 47.786935795 ], [ -117.584570442, 47.786906949000098 ], [ -117.584545926, 47.786882150000103 ], [ -117.584571857, 47.786854611000102 ], [ -117.58462138, 47.786844521 ], [ -117.584676359, 47.786833088 ], [ -117.584717706, 47.786831769000102 ], [ -117.584762085, 47.786838364000097 ], [ -117.584808048, 47.786829834000102 ], [ -117.584858008, 47.786819855 ], [ -117.584886985, 47.786795461000096 ], [ -117.584932128, 47.7867917720001 ], [ -117.584990942, 47.786771943000097 ], [ -117.584999409, 47.786744319 ], [ -117.585026872, 47.786718730000104 ], [ -117.585041883, 47.786681381000101 ], [ -117.585037866, 47.786708704 ], [ -117.585075381, 47.786581349000102 ], [ -117.584767368, 47.786503079000099 ], [ -117.584775044, 47.786474373 ], [ -117.584764087, 47.786446770000097 ], [ -117.58473438, 47.786422770000101 ], [ -117.584695661, 47.786386538 ], [ -117.584653994, 47.786393966 ], [ -117.584609686, 47.786390554 ], [ -117.584529182, 47.786363755000103 ], [ -117.584514627, 47.7863493790001 ], [ -117.58451364, 47.7863167470001 ], [ -117.584554972, 47.786300269 ], [ -117.584542863, 47.786273065 ], [ -117.584601258, 47.786271596000098 ], [ -117.584651109, 47.786253225000102 ], [ -117.584693366, 47.786236911000103 ], [ -117.584740084, 47.786221383000097 ], [ -117.584772377, 47.7862026560001 ], [ -117.584829346, 47.786182831000097 ], [ -117.584841074, 47.786155175 ], [ -117.584803691, 47.786136735000099 ], [ -117.584951637, 47.78617332 ], [ -117.584936984, 47.7861476960001 ], [ -117.584976153, 47.786138397000101 ], [ -117.5850078, 47.78611213 ], [ -117.58500121, 47.786078507000099 ], [ -117.58501339, 47.786046494000097 ], [ -117.585054436, 47.786018469000098 ], [ -117.585085856, 47.785997157000097 ], [ -117.585115392, 47.785974248000102 ], [ -117.585144165, 47.785941206000103 ], [ -117.585154827, 47.785902369 ], [ -117.585173228, 47.785877772 ], [ -117.58521404, 47.785847641 ], [ -117.585220156, 47.785814857 ], [ -117.585212666, 47.785776693000102 ], [ -117.585219771, 47.785746756 ], [ -117.585217818, 47.785716347000097 ], [ -117.585208881, 47.785687526000103 ], [ -117.585224997, 47.785655683000101 ], [ -117.585208773, 47.785586095 ], [ -117.585240124, 47.785552916 ], [ -117.585204058, 47.785529615 ], [ -117.585211922, 47.785500807000098 ], [ -117.585212517, 47.78546591 ], [ -117.585236625, 47.785438298 ], [ -117.585258265, 47.785409376000104 ], [ -117.58529512, 47.7853736960001 ], [ -117.585319795, 47.7853503360001 ], [ -117.585353818, 47.785320958000099 ], [ -117.585395219, 47.785312634 ], [ -117.585418313, 47.785289654000103 ], [ -117.585442447, 47.785260382 ], [ -117.585464166, 47.785228099000101 ], [ -117.585488438, 47.785199207000097 ], [ -117.585532615, 47.785178992000098 ], [ -117.585522931, 47.785151607 ], [ -117.585508993, 47.785117574 ], [ -117.58554381, 47.785099947 ], [ -117.585565066, 47.785065835000097 ], [ -117.58558022, 47.785039032 ], [ -117.585590864, 47.785024277 ], [ -117.585677007, 47.7850529890001 ], [ -117.585729616, 47.785056715000103 ], [ -117.585773782, 47.785059912000101 ], [ -117.585800404, 47.785084867000101 ], [ -117.58584714, 47.785102305000102 ], [ -117.585877352, 47.785123476000102 ], [ -117.585922098, 47.785130272000103 ], [ -117.585965979, 47.785145033 ], [ -117.586006682, 47.785160445 ], [ -117.586052357, 47.785165991 ], [ -117.586085876, 47.785182338 ], [ -117.586118979, 47.785195371 ], [ -117.586426535, 47.785253008 ], [ -117.586463646, 47.785269443000097 ], [ -117.58649251, 47.78528894 ], [ -117.586529853, 47.78530419 ], [ -117.586582097, 47.785307981000102 ], [ -117.586637012, 47.785312540000099 ], [ -117.586679752, 47.785318886 ], [ -117.58672405, 47.785320132 ], [ -117.586781186, 47.785307470000099 ], [ -117.586828836, 47.785297412 ], [ -117.586880173, 47.7852789290001 ], [ -117.586916172, 47.785260077 ], [ -117.587005163, 47.785207201 ], [ -117.587021773, 47.785171566 ], [ -117.586982639, 47.785144011000099 ], [ -117.586948666, 47.785124795000101 ], [ -117.586910605, 47.785106811 ], [ -117.58686885, 47.785091582000099 ], [ -117.586831431, 47.785076647 ], [ -117.586790103, 47.785059874000098 ], [ -117.586756239, 47.785041226 ], [ -117.586721602, 47.785025019 ], [ -117.586659455, 47.785011068000102 ], [ -117.58662086, 47.785000456 ], [ -117.586571511, 47.784981992 ], [ -117.586515888, 47.784967752000099 ], [ -117.586481308, 47.784945255 ], [ -117.586425931, 47.784915195000103 ], [ -117.5863821, 47.784903914 ], [ -117.586337907, 47.784884623 ], [ -117.586294875, 47.784867782 ], [ -117.586286598, 47.7848367080001 ], [ -117.586299121, 47.784800119000103 ], [ -117.586251344, 47.784793961 ], [ -117.586209776, 47.7847840680001 ], [ -117.586147266, 47.7847594630001 ], [ -117.586111357, 47.784772955000101 ], [ -117.586067846, 47.7847697730001 ], [ -117.586042556, 47.784745482000098 ], [ -117.586011937, 47.784720343000103 ], [ -117.585983348, 47.784693436000097 ], [ -117.585958489, 47.784665978000099 ], [ -117.585926459, 47.78464489 ], [ -117.58591099, 47.784617082000103 ], [ -117.585877693, 47.784576949 ], [ -117.58585188, 47.784551401 ], [ -117.58585683, 47.784522668000101 ], [ -117.58584572, 47.784495730000103 ], [ -117.585838707, 47.784460198 ], [ -117.585835484, 47.784430999000101 ], [ -117.585864802, 47.784411059 ], [ -117.585878629, 47.784377135000099 ], [ -117.58589514, 47.784340474 ], [ -117.585920464, 47.784306249000103 ], [ -117.585952087, 47.784273784 ], [ -117.585979022, 47.784241309 ], [ -117.585999946, 47.7842035910001 ], [ -117.586015335, 47.7841649900001 ], [ -117.586020665, 47.784135945000102 ], [ -117.58602744, 47.78409774 ], [ -117.586038569, 47.784060080000103 ], [ -117.586057851, 47.784034232000103 ], [ -117.586087905, 47.784003958 ], [ -117.586090128, 47.784002117000099 ], [ -117.586121068, 47.783985351000098 ], [ -117.58615983, 47.783976599 ], [ -117.586209917, 47.78398215 ], [ -117.586257529, 47.783992500000103 ], [ -117.586305731, 47.784004386 ], [ -117.586347975, 47.784024026000097 ], [ -117.586399252, 47.784040261 ], [ -117.586432299, 47.784065231000099 ], [ -117.586479478, 47.784085354000098 ], [ -117.586526318, 47.78410109 ], [ -117.586566138, 47.784122164000102 ], [ -117.586613717, 47.7841406370001 ], [ -117.586648339, 47.784166206000101 ], [ -117.586691627, 47.7841913990001 ], [ -117.586745889, 47.784206674000103 ], [ -117.586784669, 47.784234893000097 ], [ -117.586833921, 47.784260689000099 ], [ -117.586879581, 47.784264870000101 ], [ -117.58691708, 47.784282674000103 ], [ -117.586953503, 47.784306840000099 ], [ -117.58699417, 47.784320063000102 ], [ -117.587038486, 47.784336591000098 ], [ -117.587076822, 47.784352539000103 ], [ -117.587123924, 47.784369983 ], [ -117.587175895, 47.784387878000103 ], [ -117.58721987, 47.784409195000102 ], [ -117.587275575, 47.784434792000098 ], [ -117.587309122, 47.784450497000101 ], [ -117.587352285, 47.784473372 ], [ -117.587377648, 47.78448301 ], [ -117.587536871, 47.784552136000102 ], [ -117.587579329, 47.784539505000097 ], [ -117.587611762, 47.784507603000101 ], [ -117.587613191, 47.784476410000103 ], [ -117.587617629, 47.78444173 ], [ -117.587596472, 47.78441237 ], [ -117.58759567, 47.78438199 ], [ -117.587601008, 47.784344093000101 ], [ -117.587602334, 47.784315631 ], [ -117.587595838, 47.784283794 ], [ -117.587602355, 47.784247734000097 ], [ -117.587600054, 47.78420935 ], [ -117.587603057, 47.784180075000101 ], [ -117.587598373, 47.784152035 ], [ -117.587603817, 47.784120827 ], [ -117.587610244, 47.784082266 ], [ -117.587596397, 47.784047485 ], [ -117.58759491, 47.784017547000097 ], [ -117.587611132, 47.783986527000103 ], [ -117.587614155, 47.7839720710001 ], [ -117.58754762, 47.7838698320001 ], [ -117.587547168, 47.7838409720001 ], [ -117.587554575, 47.783812155000099 ], [ -117.587569078, 47.783778522 ], [ -117.58759123, 47.783754073000097 ], [ -117.587618736, 47.783733736 ], [ -117.587651337, 47.783708181000101 ], [ -117.587663058, 47.783679395 ], [ -117.587721594, 47.783671334000097 ], [ -117.587773725, 47.783668247 ], [ -117.587811675, 47.7836878150001 ], [ -117.587865367, 47.7837044730001 ], [ -117.587911062, 47.783723423 ], [ -117.587947953, 47.783738779 ], [ -117.587984626, 47.7837590090001 ], [ -117.588025558, 47.783758312 ], [ -117.588053911, 47.783779448000097 ], [ -117.588093343, 47.783788743000102 ], [ -117.588142567, 47.783801566000101 ], [ -117.588182693, 47.783807552 ], [ -117.588223344, 47.783828977 ], [ -117.588265465, 47.783846937000099 ], [ -117.588309488, 47.783863942 ], [ -117.588363713, 47.783880618000097 ], [ -117.588385142, 47.783905543000103 ], [ -117.588414247, 47.783933708000099 ], [ -117.588434649, 47.783966153000101 ], [ -117.58847117, 47.783995217 ], [ -117.588526362, 47.784007153000097 ], [ -117.588565848, 47.784021701 ], [ -117.588611213, 47.784031606 ], [ -117.588668159, 47.784041136 ], [ -117.588708595, 47.784053391 ], [ -117.588749036, 47.784069548 ], [ -117.588784336, 47.784084617000097 ], [ -117.588802391, 47.784091192000098 ], [ -117.588872965, 47.784127969000103 ], [ -117.58886277, 47.784141636000101 ], [ -117.588846539, 47.784180438000099 ], [ -117.588837767, 47.7842183550001 ], [ -117.58882279, 47.784245476000102 ], [ -117.588810646, 47.784284418 ], [ -117.588810448, 47.784312207 ], [ -117.588821931, 47.7843404710001 ], [ -117.588864807, 47.784365799000099 ], [ -117.588909368, 47.784386796 ], [ -117.588955759, 47.784406111000102 ], [ -117.589005205, 47.784430534000101 ], [ -117.589039737, 47.784455321000102 ], [ -117.589072055, 47.78448732 ], [ -117.589123856, 47.784501302000102 ], [ -117.589231915, 47.784542342000101 ], [ -117.589300552, 47.784568408 ], [ -117.589325735, 47.784601858 ], [ -117.589347642, 47.7846287240001 ], [ -117.58937766, 47.784659897 ], [ -117.589376412, 47.784696535000101 ], [ -117.589394207, 47.784728666 ], [ -117.589405391, 47.784764156000101 ], [ -117.589361708, 47.784746554 ], [ -117.589318445, 47.784751287000098 ], [ -117.589298696, 47.784779189000098 ], [ -117.589273687, 47.784801071000103 ], [ -117.589280975, 47.784829186000103 ], [ -117.589258768, 47.7848560300001 ], [ -117.589218008, 47.784873189000102 ], [ -117.589174544, 47.78487963 ], [ -117.589143697, 47.784860729000101 ], [ -117.589099378, 47.784856723000097 ], [ -117.58907788, 47.784881826000102 ], [ -117.589052392, 47.784903762000098 ], [ -117.589021921, 47.784927861 ], [ -117.588972504, 47.784927872 ], [ -117.588929048, 47.784914345000097 ], [ -117.588884169, 47.784909807000098 ], [ -117.588842393, 47.784909702 ], [ -117.588796315, 47.784909223000099 ], [ -117.588751962, 47.784906002000099 ], [ -117.588709086, 47.7849011180001 ], [ -117.588665145, 47.7848989230001 ], [ -117.588622212, 47.7848927920001 ], [ -117.588572635, 47.784890005000101 ], [ -117.588522656, 47.784885982 ], [ -117.588479545, 47.784884489 ], [ -117.588430505, 47.784881318 ], [ -117.588406632, 47.784907358000098 ], [ -117.588374665, 47.784929680000097 ], [ -117.588350142, 47.784952041000103 ], [ -117.588355185, 47.784980315 ], [ -117.588368662, 47.785013794000101 ], [ -117.588361856, 47.785048837 ], [ -117.588362013, 47.785083764 ], [ -117.588367547, 47.7851175220001 ], [ -117.588369006, 47.785145069000102 ], [ -117.588368976, 47.785178941 ], [ -117.588370638, 47.785216 ], [ -117.588370541, 47.785252015 ], [ -117.588375512, 47.785290700000097 ], [ -117.588376, 47.785325684 ], [ -117.588376664, 47.785361829000102 ], [ -117.588376677, 47.785393467000098 ], [ -117.588376313, 47.785426269 ], [ -117.588369295, 47.785470113 ], [ -117.588369338, 47.785509655000098 ], [ -117.588363359, 47.785548188000099 ], [ -117.588359559, 47.785587427000102 ], [ -117.588346745, 47.78562171 ], [ -117.588325543, 47.785650399000097 ], [ -117.588284661, 47.785666018 ], [ -117.588235536, 47.785671226 ], [ -117.588180477, 47.785662433 ], [ -117.588130351, 47.785659269000099 ], [ -117.588069867, 47.785658274000099 ], [ -117.588029387, 47.785653671 ], [ -117.587987604, 47.785645602 ], [ -117.587936248, 47.7856496200001 ], [ -117.5878881, 47.785652822 ], [ -117.58784109, 47.785650919 ], [ -117.587793427, 47.785658905 ], [ -117.587749671, 47.785648224000099 ], [ -117.587574217, 47.785610263000102 ], [ -117.587599041, 47.785632762 ], [ -117.587572872, 47.785656235 ], [ -117.587527769, 47.785670834 ], [ -117.587483231, 47.785674343 ], [ -117.587433491, 47.785685450000102 ], [ -117.58740265, 47.785706361000102 ], [ -117.58743592, 47.785729682000103 ], [ -117.587479745, 47.785736066 ], [ -117.587531326, 47.7857453230001 ], [ -117.587580692, 47.785762441 ], [ -117.587558974, 47.7857877020001 ], [ -117.587525454, 47.785807251000101 ], [ -117.587491735, 47.785830559 ], [ -117.587460825, 47.78585846 ], [ -117.587432356, 47.785881936000102 ], [ -117.587433172, 47.785922262 ], [ -117.587467571, 47.785944142000098 ], [ -117.587465834, 47.7859756410001 ], [ -117.587441627, 47.786004382 ], [ -117.587411452, 47.78602498 ], [ -117.587373147, 47.786044557 ], [ -117.58740427, 47.786077786000099 ], [ -117.587414049, 47.786105822000103 ], [ -117.587429938, 47.786134489000098 ], [ -117.587449834, 47.786162541000103 ], [ -117.587423733, 47.786186335000103 ], [ -117.587377978, 47.786184294000101 ], [ -117.587333935, 47.786181451000097 ], [ -117.587354176, 47.78621235 ], [ -117.587375213, 47.786244794 ], [ -117.587409435, 47.786264767 ], [ -117.587456455, 47.786276887 ], [ -117.587491525, 47.786262057 ], [ -117.587538668, 47.786261363000101 ], [ -117.587570393, 47.786280904000101 ], [ -117.587599648, 47.786302588000098 ], [ -117.587649053, 47.786300759 ], [ -117.587673087, 47.786323384000099 ], [ -117.58765776, 47.786351012000097 ], [ -117.587618048, 47.786363141 ], [ -117.587580917, 47.786386232 ], [ -117.587605701, 47.786410108 ], [ -117.587577903, 47.786451049 ], [ -117.587579729, 47.786487093000098 ], [ -117.587604704, 47.786463989 ], [ -117.587726818, 47.786478237 ], [ -117.587727124, 47.786505775000101 ], [ -117.587601252, 47.786496254 ], [ -117.587614193, 47.786528409 ], [ -117.587629944, 47.786557912 ], [ -117.587675604, 47.786575521 ], [ -117.587712884, 47.786558322000097 ], [ -117.587752378, 47.78654092 ], [ -117.587784821, 47.786523205 ], [ -117.58783292, 47.786534519 ], [ -117.587836585, 47.7865629570001 ], [ -117.587832606, 47.786597158000099 ], [ -117.587828281, 47.7866292900001 ], [ -117.587854031, 47.786641528000096 ], [ -117.587882733, 47.786646192 ], [ -117.587913461, 47.786643188 ], [ -117.587951934, 47.786628395 ], [ -117.587983374, 47.7866500270001 ], [ -117.58799484, 47.786655906000099 ], [ -117.588017313, 47.786667430000101 ], [ -117.588051415, 47.786684548 ], [ -117.588086545, 47.786706001 ], [ -117.58813104, 47.786711789 ], [ -117.588171935, 47.786709067000103 ], [ -117.588221044, 47.786697317000097 ], [ -117.588257284, 47.786684015 ], [ -117.588265281, 47.786656177000097 ], [ -117.588273908, 47.786628519 ], [ -117.588323049, 47.7866207490001 ], [ -117.588361968, 47.786635827000097 ], [ -117.588415908, 47.78665318 ], [ -117.588460243, 47.786666061000098 ], [ -117.588505184, 47.786662066000098 ], [ -117.588551624, 47.786651509000102 ], [ -117.58859526, 47.786646044000101 ], [ -117.588641957, 47.786640603000102 ], [ -117.588692732, 47.786639292000103 ], [ -117.588739938, 47.786627510000102 ], [ -117.58879731, 47.786623844000097 ], [ -117.588841959, 47.786614866 ], [ -117.588888175, 47.786606402000103 ], [ -117.58893497, 47.786595942000098 ], [ -117.58898474, 47.786579086000103 ], [ -117.589040774, 47.786560861000098 ], [ -117.589079202, 47.786548317 ], [ -117.589122517, 47.786532048 ], [ -117.589170986, 47.786521790000101 ], [ -117.589209676, 47.7865057550001 ], [ -117.589253199, 47.786495905 ], [ -117.589295207, 47.7864940750001 ], [ -117.589336102, 47.7864991450001 ], [ -117.589383671, 47.78649747 ], [ -117.589435973, 47.786509323000097 ], [ -117.589435588, 47.786552568 ], [ -117.58947666, 47.78655324 ], [ -117.589475045, 47.7865162800001 ], [ -117.589490347, 47.786490391 ], [ -117.589545467, 47.786497747000098 ], [ -117.589596041, 47.786499086 ], [ -117.589641669, 47.7865173960001 ], [ -117.589690353, 47.786522851 ], [ -117.589732124, 47.7865141340001 ], [ -117.589773605, 47.786525530000098 ], [ -117.58980521, 47.786554337 ], [ -117.589845516, 47.7865480030001 ], [ -117.589884098, 47.786558596000098 ], [ -117.589931769, 47.786557567 ], [ -117.589967667, 47.786577559000101 ], [ -117.589973474, 47.786576724 ], [ -117.589961433, 47.786595345000102 ], [ -117.590004595, 47.786591057000102 ], [ -117.590048345, 47.786597513000103 ], [ -117.590098152, 47.7866078260001 ], [ -117.590151155, 47.786618203 ], [ -117.590190964, 47.786626038000101 ], [ -117.590230716, 47.786632860000097 ], [ -117.590271753, 47.7866435030001 ], [ -117.590318936, 47.786653896000097 ], [ -117.590357648, 47.786667176 ], [ -117.590399098, 47.786682472000102 ], [ -117.590457596, 47.786688545000104 ], [ -117.590498941, 47.7866997530001 ], [ -117.590555985, 47.786713682 ], [ -117.590620579, 47.786727866 ], [ -117.590661613, 47.786736748000102 ], [ -117.590702623, 47.786746861 ], [ -117.590750089, 47.7867665220001 ], [ -117.590801321, 47.786780001000103 ], [ -117.590839518, 47.786792516 ], [ -117.590880149, 47.7868065440001 ], [ -117.590926531, 47.786830783 ], [ -117.590953803, 47.786851567 ], [ -117.590986506, 47.786887708000101 ], [ -117.591001728, 47.786921959 ], [ -117.59101912, 47.7869470320001 ], [ -117.591029937, 47.7869851 ], [ -117.591006385, 47.787022714 ], [ -117.590994534, 47.787058140000099 ], [ -117.590978555, 47.787084347000103 ], [ -117.590941908, 47.787115598000099 ], [ -117.590907431, 47.787148600000101 ], [ -117.590909387, 47.787177414 ], [ -117.590903325, 47.7872168170001 ], [ -117.590935198, 47.787235169 ], [ -117.590984814, 47.787224525000099 ], [ -117.591029725, 47.787197597 ], [ -117.591063545, 47.787167022000098 ], [ -117.591093619, 47.7871302510001 ], [ -117.591135802, 47.787126261 ], [ -117.591180168, 47.787134534000103 ], [ -117.591231712, 47.78710669 ], [ -117.591258673, 47.787072591 ], [ -117.591307738, 47.787052989000102 ], [ -117.591357213, 47.787047752 ], [ -117.591385406, 47.787025820000103 ], [ -117.591371694, 47.786991646 ], [ -117.591353661, 47.786959518000103 ], [ -117.591348515, 47.7869286600001 ], [ -117.591374488, 47.7869048640001 ], [ -117.591412801, 47.786892784 ], [ -117.591468295, 47.786887265000097 ], [ -117.591523331, 47.786883854000102 ], [ -117.591586043, 47.786898915000101 ], [ -117.591627138, 47.786904459 ], [ -117.591668248, 47.786879269000103 ], [ -117.591722488, 47.786873244 ], [ -117.59177423, 47.786860634 ], [ -117.591767438, 47.786827538000097 ], [ -117.591774163, 47.786795611000102 ], [ -117.591798669, 47.786767730000101 ], [ -117.591791576, 47.786733103000103 ], [ -117.591759418, 47.786713474000102 ], [ -117.591714938, 47.786699316000103 ], [ -117.591685716, 47.786702513000101 ], [ -117.591695397, 47.78668206 ], [ -117.59165495, 47.786668451 ], [ -117.591612789, 47.786652492 ], [ -117.591597686, 47.786684823 ], [ -117.591587892, 47.786716840000103 ], [ -117.591541415, 47.786742554000099 ], [ -117.591505234, 47.786727438000099 ], [ -117.591466563, 47.786705707000102 ], [ -117.591460381, 47.786674409000099 ], [ -117.59142111, 47.786663583000099 ], [ -117.591376968, 47.786667061000102 ], [ -117.591331618, 47.786652017000101 ], [ -117.591307994, 47.786629312000102 ], [ -117.591272101, 47.786598592000097 ], [ -117.591231122, 47.786590450000098 ], [ -117.591214204, 47.786553019000102 ], [ -117.591255491, 47.786549458000103 ], [ -117.591282239, 47.786522889 ], [ -117.591314245, 47.786503387 ], [ -117.591350832, 47.786484389000101 ], [ -117.591335362, 47.786457572000103 ], [ -117.591373129, 47.7864390330001 ], [ -117.59132916, 47.78643974 ], [ -117.591287897, 47.78643236 ], [ -117.591234736, 47.7864207000001 ], [ -117.591196708, 47.786409692000099 ], [ -117.591183599, 47.786381551 ], [ -117.59114209, 47.786379361000101 ], [ -117.59110027, 47.786364615 ], [ -117.591069734, 47.786345051000097 ], [ -117.591028769, 47.786331288 ], [ -117.59101457, 47.786297097 ], [ -117.591008818, 47.7862683970001 ], [ -117.590990668, 47.786240644 ], [ -117.590955992, 47.786224586000102 ], [ -117.590941592, 47.786196053 ], [ -117.590935097, 47.7861665040001 ], [ -117.590888009, 47.786146269 ], [ -117.590884807, 47.786118231 ], [ -117.590867219, 47.786093416 ], [ -117.590864232, 47.786056858000101 ], [ -117.590886557, 47.786032122000101 ], [ -117.590930971, 47.786022672000101 ], [ -117.590956076, 47.785998564000103 ], [ -117.591002857, 47.785999926 ], [ -117.591048314, 47.785998580000097 ], [ -117.591088448, 47.785986778000101 ], [ -117.591179146, 47.785979138000101 ], [ -117.591205736, 47.786001347000102 ], [ -117.591244165, 47.786027147 ], [ -117.591269247, 47.786059314000099 ], [ -117.591304803, 47.786083946000097 ], [ -117.591341292, 47.786104124000097 ], [ -117.591379157, 47.786117525000101 ], [ -117.591363498, 47.786147030000102 ], [ -117.591411322, 47.786160969 ], [ -117.591452961, 47.7861635840001 ], [ -117.591497759, 47.786183889 ], [ -117.591547253, 47.786187603 ], [ -117.591576834, 47.7862151510001 ], [ -117.591611682, 47.786244375000102 ], [ -117.591646513, 47.786260953000102 ], [ -117.591690587, 47.786279902 ], [ -117.591726602, 47.786302274 ], [ -117.591767918, 47.786294561 ], [ -117.591805864, 47.786314389 ], [ -117.591848387, 47.786314256 ], [ -117.59188655, 47.7863020180001 ], [ -117.591926981, 47.786307288 ], [ -117.591956919, 47.7862869510001 ], [ -117.591970532, 47.786259568 ], [ -117.591987606, 47.786228409 ], [ -117.592010779, 47.78620491 ], [ -117.592010314, 47.786170806 ], [ -117.592015174, 47.786136812000102 ], [ -117.592047001, 47.786115269 ], [ -117.592083879, 47.786100295 ], [ -117.592124703, 47.786091504000098 ], [ -117.592175507, 47.786091275 ], [ -117.592219263, 47.786082925000102 ], [ -117.592252951, 47.786062545 ], [ -117.592292507, 47.786044053000097 ], [ -117.592300268, 47.786016598000103 ], [ -117.592288553, 47.785990049000098 ], [ -117.592264706, 47.785951125000103 ], [ -117.592234661, 47.7859241 ], [ -117.592197685, 47.785907888000096 ], [ -117.592149592, 47.785901292000098 ], [ -117.592116114, 47.785878776000096 ], [ -117.592094468, 47.785854773 ], [ -117.592080245, 47.7858251850001 ], [ -117.592122616, 47.785805511 ], [ -117.59214935, 47.785779212000101 ], [ -117.592115446, 47.785763029000101 ], [ -117.592068274, 47.7857454150001 ], [ -117.592043216, 47.785723644 ], [ -117.592044554, 47.785692164000103 ], [ -117.59202471, 47.785664790000098 ], [ -117.592019855, 47.785635326 ], [ -117.592019652, 47.785634095 ], [ -117.592014873, 47.785603921000103 ], [ -117.592039791, 47.785575110000103 ], [ -117.592080149, 47.785569632 ], [ -117.592119564, 47.785550020000102 ], [ -117.592137885, 47.785532158000102 ], [ -117.592147359, 47.785522920000098 ], [ -117.592158213, 47.785494205000099 ], [ -117.592116398, 47.785488681000103 ], [ -117.592075036, 47.785485732 ], [ -117.592034127, 47.785482618000103 ], [ -117.591989728, 47.785465977000101 ], [ -117.591940858, 47.785468392 ], [ -117.591943305, 47.7854722390001 ], [ -117.591961483, 47.785500816000102 ], [ -117.591938575, 47.785524803 ], [ -117.591902148, 47.7855460480001 ], [ -117.591901367, 47.785579461000097 ], [ -117.591883469, 47.785584529000097 ], [ -117.591853275, 47.785593079000101 ], [ -117.591812912, 47.785603097 ], [ -117.591769809, 47.785599871 ], [ -117.591729058, 47.7855899750001 ], [ -117.591687701, 47.785611175 ], [ -117.59164377, 47.78561309 ], [ -117.591603726, 47.785605248000103 ], [ -117.59155547, 47.785608746 ], [ -117.591508968, 47.785607229 ], [ -117.591466158, 47.785624973 ], [ -117.591438111, 47.785655842 ], [ -117.591393317, 47.785666463 ], [ -117.591365515, 47.785688906000097 ], [ -117.59133851, 47.78572373 ], [ -117.591291434, 47.785727954 ], [ -117.591258648, 47.785710743 ], [ -117.59121806, 47.785695781000101 ], [ -117.591178278, 47.785703213 ], [ -117.591138686, 47.785684692000103 ], [ -117.591107963, 47.785661703000102 ], [ -117.5910616, 47.785636807000103 ], [ -117.591032176, 47.785613570000102 ], [ -117.590999188, 47.7855904910001 ], [ -117.590967793, 47.7855637850001 ], [ -117.590941361, 47.7855313150001 ], [ -117.590910391, 47.785501285000102 ], [ -117.590877109, 47.785478545 ], [ -117.590838605, 47.785450567000098 ], [ -117.590807577, 47.785418510000099 ], [ -117.590778897, 47.785389038000098 ], [ -117.590743783, 47.7853600400001 ], [ -117.590725276, 47.785335403 ], [ -117.590687796, 47.785312396000101 ], [ -117.590643404, 47.78528112 ], [ -117.590611641, 47.785254521000098 ], [ -117.590574548, 47.785228684000103 ], [ -117.590536443, 47.785208865000101 ], [ -117.590496008, 47.7851847680001 ], [ -117.590463722, 47.785165567 ], [ -117.590418174, 47.785152306 ], [ -117.590370187, 47.785136685000097 ], [ -117.590325659, 47.785113886 ], [ -117.59028158, 47.785097888000102 ], [ -117.590232865, 47.785085443000099 ], [ -117.590183141, 47.785080085000097 ], [ -117.590131422, 47.785071662000099 ], [ -117.590085809, 47.785067198 ], [ -117.5900401, 47.785058472000102 ], [ -117.589995243, 47.785054084000102 ], [ -117.589938352, 47.785048207 ], [ -117.58989367, 47.785040024000097 ], [ -117.589834218, 47.785037565 ], [ -117.589786931, 47.785024368000101 ], [ -117.589755789, 47.784991486000102 ], [ -117.589777261, 47.784963829 ], [ -117.589767691, 47.7849363300001 ], [ -117.589756622, 47.784904627000103 ], [ -117.589785628, 47.784883353000097 ], [ -117.589784482, 47.784854045 ], [ -117.589738677, 47.784837471000102 ], [ -117.58974103, 47.784802814 ], [ -117.589712591, 47.784782652 ], [ -117.589696291, 47.784755046 ], [ -117.589719238, 47.784731926000099 ], [ -117.5897317, 47.784704232000102 ], [ -117.589761573, 47.784682782000097 ], [ -117.589776913, 47.784615173000098 ], [ -117.589826748, 47.784611905000098 ], [ -117.589874567, 47.784619241 ], [ -117.58990492, 47.784640464000098 ], [ -117.589931647, 47.784664825 ], [ -117.589985022, 47.7846834220001 ], [ -117.590023416, 47.784701022 ], [ -117.590090755, 47.784717512 ], [ -117.590150926, 47.784732049000098 ], [ -117.590199778, 47.784734842 ], [ -117.590250181, 47.784726881 ], [ -117.590293481, 47.784712843000101 ], [ -117.590334783, 47.784690001000101 ], [ -117.590345486, 47.7846594580001 ], [ -117.590376154, 47.784626161000098 ], [ -117.590379578, 47.784598363 ], [ -117.590369937, 47.784570295 ], [ -117.590352898, 47.784529347 ], [ -117.590346113, 47.784502199 ], [ -117.590347789, 47.784471703000101 ], [ -117.590341593, 47.784435881 ], [ -117.590346201, 47.784408395000099 ], [ -117.590308046, 47.784394336 ], [ -117.590267853, 47.784398857 ], [ -117.590232293, 47.784413282000102 ], [ -117.590194826, 47.784401172000102 ], [ -117.590168577, 47.784379642 ], [ -117.590147086, 47.784349404000103 ], [ -117.590116672, 47.784331061 ], [ -117.590112743, 47.784292800000102 ], [ -117.590119746, 47.784260232000101 ], [ -117.590104263, 47.784222028 ], [ -117.590097094, 47.784193401 ], [ -117.590081742, 47.784162746 ], [ -117.590063936, 47.784131103 ], [ -117.590033651, 47.784093987000098 ], [ -117.590004092, 47.784071073000099 ], [ -117.589963032, 47.784066298 ], [ -117.589924023, 47.784058203 ], [ -117.58989425, 47.784038851 ], [ -117.589839992, 47.784023448 ], [ -117.589793754, 47.784015767 ], [ -117.589752963, 47.784004453000101 ], [ -117.589733793, 47.783969604 ], [ -117.589752018, 47.783942378000098 ], [ -117.589716572, 47.783919961 ], [ -117.589704324, 47.783885641 ], [ -117.589669979, 47.783866739000104 ], [ -117.589679859, 47.783823164000097 ], [ -117.589680049, 47.783790857 ], [ -117.589685836, 47.783752673 ], [ -117.589650563, 47.78372145 ], [ -117.589646459, 47.783686676000102 ], [ -117.589668716, 47.783651897 ], [ -117.58969981, 47.783630436000102 ], [ -117.589736681, 47.783602207000101 ], [ -117.589755725, 47.783560008000102 ], [ -117.589776615, 47.783530703000103 ], [ -117.589801426, 47.783494518000097 ], [ -117.589805258, 47.783465043 ], [ -117.589813474, 47.783423438000099 ], [ -117.58985648, 47.783400481000101 ], [ -117.589913037, 47.783352533 ], [ -117.589977441, 47.783310007000097 ], [ -117.589989998, 47.783283535000102 ], [ -117.589952449, 47.783267878000103 ], [ -117.589902787, 47.783268285000098 ], [ -117.589883388, 47.783241117 ], [ -117.589855131, 47.783190553000097 ], [ -117.589832596, 47.783159287 ], [ -117.589783683, 47.78316841 ], [ -117.589725649, 47.783157653 ], [ -117.589705424, 47.783131429 ], [ -117.589670211, 47.7831128730001 ], [ -117.589598925, 47.783115568 ], [ -117.589580103, 47.783090852 ], [ -117.589587272, 47.783062448000102 ], [ -117.589599149, 47.783029361 ], [ -117.589603575, 47.7829967710001 ], [ -117.589647971, 47.782970386 ], [ -117.58967745, 47.782944602 ], [ -117.589684329, 47.782916958 ], [ -117.589725156, 47.782904866000102 ], [ -117.589743485, 47.782940939000099 ], [ -117.589774814, 47.782967180000099 ], [ -117.589811471, 47.782991451 ], [ -117.589869746, 47.783016805 ], [ -117.589912685, 47.783018289 ], [ -117.589945326, 47.782985188000097 ], [ -117.589924791, 47.782961141 ], [ -117.589920624, 47.782920738 ], [ -117.589885247, 47.782901025000101 ], [ -117.589842171, 47.782879513000097 ], [ -117.589827817, 47.7828492840001 ], [ -117.589852783, 47.782825972000097 ], [ -117.589897137, 47.782832329 ], [ -117.589934001, 47.782812899000099 ], [ -117.589960279, 47.782788864000104 ], [ -117.589966672, 47.782759339000101 ], [ -117.589929586, 47.782742963 ], [ -117.589927169, 47.7827090010001 ], [ -117.589959218, 47.782685822000097 ], [ -117.589997481, 47.782707186 ], [ -117.590051517, 47.782702253000103 ], [ -117.590058946, 47.782667422 ], [ -117.590102031, 47.782654753 ], [ -117.590110654, 47.782623588 ], [ -117.590154006, 47.782615714 ], [ -117.590185959, 47.782641196 ], [ -117.590213763, 47.782663064000097 ], [ -117.590225155, 47.782690599 ], [ -117.590260133, 47.782704768 ], [ -117.590297768, 47.782693267000099 ], [ -117.590347058, 47.7826810070001 ], [ -117.590388854, 47.782689977000103 ], [ -117.590431272, 47.782689269000102 ], [ -117.590473674, 47.782689483000098 ], [ -117.590521111, 47.782679657000102 ], [ -117.590562772, 47.782655519000102 ], [ -117.590594726, 47.782635260000099 ], [ -117.590601953, 47.782605507 ], [ -117.590598136, 47.782575617000099 ], [ -117.590586451, 47.78254896 ], [ -117.590549767, 47.782532748000101 ], [ -117.590548921, 47.782496447 ], [ -117.590599643, 47.782490024 ], [ -117.590568314, 47.782466796000101 ], [ -117.590525889, 47.7824465590001 ], [ -117.590570404, 47.782429612 ], [ -117.590562747, 47.782400730000099 ], [ -117.590614105, 47.782401646 ], [ -117.590654703, 47.782378057000102 ], [ -117.590625092, 47.782351467000098 ], [ -117.590625334, 47.7823234210001 ], [ -117.59062541, 47.782314691000103 ], [ -117.590660164, 47.782311459 ], [ -117.590674048, 47.782310168 ], [ -117.590718052, 47.782336317 ], [ -117.590748438, 47.7823661420001 ], [ -117.590782435, 47.782388279 ], [ -117.590828288, 47.782422766000103 ], [ -117.590872387, 47.782443961000098 ], [ -117.590911001, 47.7824250090001 ], [ -117.59091911, 47.782397513 ], [ -117.590926286, 47.782393616 ], [ -117.590954566, 47.782378257000097 ], [ -117.590974837, 47.782407969000097 ], [ -117.590978979, 47.782436103000101 ], [ -117.591028578, 47.78245458 ], [ -117.591061364, 47.782434046 ], [ -117.591099372, 47.782409192 ], [ -117.591127846, 47.782414974000098 ], [ -117.591156318, 47.782420757000097 ], [ -117.591153565, 47.782448266000102 ], [ -117.591180879, 47.78248068 ], [ -117.591170984, 47.782510964 ], [ -117.591184647, 47.782538663 ], [ -117.591190518, 47.7825673090001 ], [ -117.591192405, 47.782576514 ], [ -117.59122701, 47.7825931100001 ], [ -117.591262876, 47.782577874 ], [ -117.591319984, 47.782604161000101 ], [ -117.591354078, 47.782625275 ], [ -117.591375776, 47.782628377 ], [ -117.591397474, 47.782631477000102 ], [ -117.591447858, 47.782614833 ], [ -117.591422325, 47.782584800000102 ], [ -117.591418266, 47.7825527090001 ], [ -117.591429828, 47.782519417000103 ], [ -117.591445992, 47.7824975340001 ], [ -117.591448811, 47.782493718000097 ], [ -117.591491298, 47.782476679000098 ], [ -117.591507259, 47.7824808 ], [ -117.591535912, 47.7824882 ], [ -117.591570243, 47.782507458000097 ], [ -117.591618345, 47.7825126440001 ], [ -117.591636615, 47.7824871 ], [ -117.591678304, 47.782496572000099 ], [ -117.591720149, 47.782494110000101 ], [ -117.591750809, 47.782530472000097 ], [ -117.591715143, 47.782565814000101 ], [ -117.591677321, 47.7825957310001 ], [ -117.591694938, 47.782627597 ], [ -117.59172376, 47.782647284000099 ], [ -117.591768435, 47.782638969000097 ], [ -117.591806174, 47.78261702 ], [ -117.591829794, 47.782592354 ], [ -117.591882405, 47.782581738 ], [ -117.591968276, 47.782591197 ], [ -117.592011777, 47.78260751 ], [ -117.592041215, 47.782628440000103 ], [ -117.592090433, 47.782637799 ], [ -117.592071895, 47.782667663 ], [ -117.592023132, 47.782674908 ], [ -117.591980133, 47.7826918230001 ], [ -117.59199529, 47.782718440000103 ], [ -117.591990713, 47.782748619000103 ], [ -117.591963428, 47.782779623000103 ], [ -117.591966786, 47.782807950000098 ], [ -117.59199489, 47.782839177 ], [ -117.59207833, 47.7828341700001 ], [ -117.592154233, 47.782795812000103 ], [ -117.59222964, 47.782756933 ], [ -117.592260329, 47.782775457000099 ], [ -117.592300318, 47.782794039000102 ], [ -117.592340768, 47.782806827000101 ], [ -117.592372464, 47.782832419 ], [ -117.592399273, 47.782853447 ], [ -117.59242334, 47.782877461000098 ], [ -117.592430536, 47.782904972 ], [ -117.592433471, 47.782910501000103 ], [ -117.592433284, 47.782938245 ], [ -117.592456112, 47.782963254 ], [ -117.592445289, 47.782995999 ], [ -117.592427938, 47.783027991 ], [ -117.592455254, 47.783054046000103 ], [ -117.59249533, 47.783077014000099 ], [ -117.592538327, 47.783092621 ], [ -117.592566336, 47.783122431 ], [ -117.592579332, 47.783148999 ], [ -117.592607765, 47.783175286000102 ], [ -117.592627153, 47.783205421 ], [ -117.592658276, 47.783223492 ], [ -117.592697251, 47.783246085 ], [ -117.592739427, 47.783266461 ], [ -117.592781624, 47.78328671 ], [ -117.592811335, 47.783307926000099 ], [ -117.592833197, 47.783332825000102 ], [ -117.592867599, 47.783349238 ], [ -117.592886181, 47.783377189000099 ], [ -117.592921884, 47.7833960070001 ], [ -117.592968985, 47.783404744000102 ], [ -117.593005843, 47.783418669000099 ], [ -117.593045109, 47.78340136 ], [ -117.593071551, 47.783375797000097 ], [ -117.593107155, 47.783353317 ], [ -117.593159002, 47.783347543 ], [ -117.593196592, 47.783361939 ], [ -117.593193256, 47.783397918 ], [ -117.593189692, 47.783431846 ], [ -117.59320109, 47.783446712000099 ], [ -117.59317994, 47.783515954000102 ], [ -117.593175025, 47.78354348 ], [ -117.593217005, 47.783544853000102 ], [ -117.593285326, 47.783532283000099 ], [ -117.593333155, 47.783543647 ], [ -117.593368197, 47.783525133000097 ], [ -117.593411812, 47.783510320000097 ], [ -117.593476827, 47.783506452 ], [ -117.593513711, 47.783521073 ], [ -117.593553098, 47.783540395 ], [ -117.593599043, 47.783563202 ], [ -117.593640313, 47.783581964000099 ], [ -117.59368638, 47.783602391 ], [ -117.593728131, 47.783622820000097 ], [ -117.593758992, 47.783637922 ], [ -117.593737195, 47.783666424 ], [ -117.593725185, 47.783693893000098 ], [ -117.5937392, 47.783725598 ], [ -117.593718099, 47.783750931 ], [ -117.593679623, 47.783772262000099 ], [ -117.593635337, 47.783783959000097 ], [ -117.593602188, 47.783810525 ], [ -117.593603741, 47.783841882 ], [ -117.593602901, 47.783871691000101 ], [ -117.593608922, 47.7839025970001 ], [ -117.593620595, 47.783938173000102 ], [ -117.593663599, 47.7839488400001 ], [ -117.593703218, 47.783966559000099 ], [ -117.593731684, 47.784000520000099 ], [ -117.59376595, 47.784017313 ], [ -117.593803831, 47.784041467000101 ], [ -117.59383986, 47.784064982000103 ], [ -117.593870769, 47.784087714000101 ], [ -117.593879866, 47.784117826000099 ], [ -117.593908281, 47.784146052 ], [ -117.593959391, 47.784153319 ], [ -117.59400323, 47.784135667 ], [ -117.594047276, 47.784141806 ], [ -117.594084265, 47.784172506000097 ], [ -117.594118746, 47.784200332000097 ], [ -117.59414811, 47.784226321000098 ], [ -117.594183272, 47.784254817 ], [ -117.594203715, 47.784279781000102 ], [ -117.594234995, 47.784307152000103 ], [ -117.594271365, 47.784335637 ], [ -117.594295325, 47.78436857 ], [ -117.594314624, 47.784406266000097 ], [ -117.594354096, 47.784423376000099 ], [ -117.594394681, 47.784446925000097 ], [ -117.594419231, 47.784471454 ], [ -117.594450453, 47.784493302 ], [ -117.594463782, 47.784521816000101 ], [ -117.594477395, 47.784558211 ], [ -117.59452254, 47.784566151 ], [ -117.594561289, 47.784589754000102 ], [ -117.594596763, 47.784616072000098 ], [ -117.594581281, 47.784643362000097 ], [ -117.594583891, 47.7846719200001 ], [ -117.594563421, 47.784703255000103 ], [ -117.594557381, 47.784732897 ], [ -117.59455381, 47.784765230000097 ], [ -117.594559107, 47.784797994 ], [ -117.594584387, 47.78482195 ], [ -117.594626134, 47.784838 ], [ -117.594638799, 47.784868612 ], [ -117.594620224, 47.784897673 ], [ -117.594589971, 47.784916689000099 ], [ -117.594599756, 47.784954593000101 ], [ -117.594629691, 47.784975887 ], [ -117.594676544, 47.7849810290001 ], [ -117.594685474, 47.7850104340001 ], [ -117.594715464, 47.785035096000101 ], [ -117.594747339, 47.785056835 ], [ -117.594782596, 47.785078587 ], [ -117.594800369, 47.7851066650001 ], [ -117.594842841, 47.785132113 ], [ -117.594871729, 47.785152383000103 ], [ -117.594919923, 47.785163168000103 ], [ -117.594974358, 47.785154108 ], [ -117.595014911, 47.785134515 ], [ -117.595040682, 47.785107634 ], [ -117.595089036, 47.785105064 ], [ -117.595122832, 47.785080606000101 ], [ -117.595167855, 47.785083740000097 ], [ -117.595215549, 47.785066926000098 ], [ -117.595261998, 47.785041581 ], [ -117.595296007, 47.785021713 ], [ -117.595338952, 47.785020806 ], [ -117.595381723, 47.785033635 ], [ -117.595415801, 47.785049413000102 ], [ -117.595455052, 47.785059670000102 ], [ -117.595492261, 47.785085839 ], [ -117.595529169, 47.785115541 ], [ -117.59554805, 47.785141122 ], [ -117.59557009, 47.785168146 ], [ -117.59559141, 47.785195974 ], [ -117.595632479, 47.785222422000103 ], [ -117.595681465, 47.78523103 ], [ -117.595701476, 47.785229563 ], [ -117.595722343, 47.78523756 ] ] ], [ [ [ -117.595825607, 47.809547986 ], [ -117.595857969, 47.809524434000103 ], [ -117.595839638, 47.8094975610001 ], [ -117.595839804, 47.809467438000098 ], [ -117.595858717, 47.809433480000102 ], [ -117.595884515, 47.809409159 ], [ -117.595894711, 47.8093756600001 ], [ -117.595877927, 47.8093364980001 ], [ -117.595857515, 47.809311965000099 ], [ -117.595866561, 47.809282462000098 ], [ -117.595862707, 47.809254985000102 ], [ -117.595857679, 47.809223854 ], [ -117.595866048, 47.809194528 ], [ -117.595865311, 47.809159008000101 ], [ -117.595861702, 47.809123929000101 ], [ -117.595843104, 47.809091171 ], [ -117.59582096, 47.809067383000098 ], [ -117.595789792, 47.809048519 ], [ -117.595758101, 47.809028409000099 ], [ -117.595721366, 47.809010796000102 ], [ -117.595466385, 47.809045177 ], [ -117.5955007, 47.809063322 ], [ -117.595486252, 47.809089210000103 ], [ -117.595461306, 47.809111008000102 ], [ -117.595428436, 47.809094073 ], [ -117.595409564, 47.809063863000098 ], [ -117.595420721, 47.809031831 ], [ -117.595411728, 47.809002432000099 ], [ -117.595387745, 47.8089781790001 ], [ -117.59535143, 47.808964071 ], [ -117.595313129, 47.808951115000099 ], [ -117.595299729, 47.808924051000098 ], [ -117.595321214, 47.808893300000101 ], [ -117.595344343, 47.808857928000101 ], [ -117.595360784, 47.808831463 ], [ -117.595390872, 47.808812385000103 ], [ -117.595440412, 47.80879922 ], [ -117.595477639, 47.808779526000102 ], [ -117.595522229, 47.808774102 ], [ -117.595564979, 47.808768161 ], [ -117.595600744, 47.808781311000097 ], [ -117.595636027, 47.808801134000099 ], [ -117.595681894, 47.808794776000099 ], [ -117.595713656, 47.808774040000102 ], [ -117.595746873, 47.808746664000097 ], [ -117.595782447, 47.808729561000099 ], [ -117.59581893, 47.8087088360001 ], [ -117.595854176, 47.808687464000101 ], [ -117.595891185, 47.808661861000097 ], [ -117.595920386, 47.8086275920001 ], [ -117.595942033, 47.808594320000097 ], [ -117.595958052, 47.808565677 ], [ -117.595958206, 47.808534768000101 ], [ -117.595942458, 47.808507812000101 ], [ -117.595911884, 47.808481526 ], [ -117.595893973, 47.808450095000097 ], [ -117.595873174, 47.808419735 ], [ -117.595840798, 47.808395177000101 ], [ -117.595805329, 47.808375231000099 ], [ -117.595758726, 47.8083597030001 ], [ -117.595715443, 47.808340677 ], [ -117.595667281, 47.808329936000099 ], [ -117.595623585, 47.808344135 ], [ -117.595606746, 47.808372464000101 ], [ -117.595593089, 47.80840068 ], [ -117.595553279, 47.808408294000103 ], [ -117.595507482, 47.808394187 ], [ -117.595476381, 47.808373544000098 ], [ -117.595448714, 47.808345066000101 ], [ -117.595421583, 47.808321926000097 ], [ -117.595383479, 47.808297461000102 ], [ -117.595338792, 47.8082887690001 ], [ -117.59529583, 47.808277988 ], [ -117.595248538, 47.808267945000097 ], [ -117.595200146, 47.808257587000099 ], [ -117.595164756, 47.808243928000103 ], [ -117.595109981, 47.808233965000099 ], [ -117.595064709, 47.808232074 ], [ -117.595032077, 47.808260528000098 ], [ -117.595000315, 47.808283473000103 ], [ -117.594974247, 47.808309517000097 ], [ -117.594941127, 47.808331216000099 ], [ -117.594937831, 47.808358863000102 ], [ -117.594917518, 47.808384765 ], [ -117.59488193, 47.808401917 ], [ -117.594845276, 47.8084218340001 ], [ -117.594822021, 47.808451659000099 ], [ -117.594787064, 47.808468072 ], [ -117.594744156, 47.808470688000099 ], [ -117.594700745, 47.808474413000098 ], [ -117.594659397, 47.808484637 ], [ -117.594616257, 47.8084854190001 ], [ -117.594567879, 47.808485995000098 ], [ -117.594524736, 47.808486798 ], [ -117.594468959, 47.808490209000098 ], [ -117.594422905, 47.808481499 ], [ -117.594382506, 47.808470160000098 ], [ -117.594326955, 47.808469138000099 ], [ -117.594283135, 47.808477062000101 ], [ -117.594255381, 47.8084984340001 ], [ -117.594227021, 47.808521796 ], [ -117.594197532, 47.808551112 ], [ -117.594149043, 47.808572830000102 ], [ -117.594129504, 47.808599542000103 ], [ -117.594133387, 47.808629371000102 ], [ -117.594119958, 47.808656093000103 ], [ -117.594076159, 47.808643714 ], [ -117.594029195, 47.808650696 ], [ -117.594023568, 47.808679289000104 ], [ -117.593978765, 47.808685329000099 ], [ -117.593947659, 47.808707543 ], [ -117.593920704, 47.808736708 ], [ -117.593887898, 47.808764958 ], [ -117.593864483, 47.808796200000103 ], [ -117.593837729, 47.808827226000098 ], [ -117.593776813, 47.808876135 ], [ -117.593724165, 47.808870953000103 ], [ -117.59368008, 47.808855061 ], [ -117.593637133, 47.808835565 ], [ -117.593591265, 47.808821299 ], [ -117.593555912, 47.808800756 ], [ -117.59351835, 47.808780725000098 ], [ -117.593480758, 47.808763113000097 ], [ -117.593440932, 47.808741689 ], [ -117.593408662, 47.808719739 ], [ -117.593369464, 47.808708325000097 ], [ -117.593320253, 47.808693386000101 ], [ -117.593278243, 47.8086821650001 ], [ -117.59324365, 47.808663372000098 ], [ -117.593204425, 47.808647343000104 ], [ -117.593167688, 47.8086290970001 ], [ -117.59312912, 47.808612085 ], [ -117.593083604, 47.808597696 ], [ -117.593040902, 47.808584731000103 ], [ -117.59300006, 47.8085659810001 ], [ -117.592962038, 47.808548831000103 ], [ -117.592924175, 47.808530745 ], [ -117.592878181, 47.808514428000102 ], [ -117.592848007, 47.808492147 ], [ -117.592842052, 47.808462723 ], [ -117.592867886, 47.808439644 ], [ -117.592902818, 47.808419693000097 ], [ -117.592900836, 47.808391564 ], [ -117.592893993, 47.808355423000101 ], [ -117.592874404, 47.808326382000097 ], [ -117.592864857, 47.808297159000098 ], [ -117.592896468, 47.808273701000097 ], [ -117.592933464, 47.808253201000099 ], [ -117.592967124, 47.808224228 ], [ -117.593024087, 47.808250190000102 ], [ -117.593062395, 47.808275472 ], [ -117.593116881, 47.808281783 ], [ -117.593163993, 47.808270836000098 ], [ -117.59320507, 47.808247589000104 ], [ -117.593250448, 47.808231775000102 ], [ -117.593287185, 47.808215936000103 ], [ -117.593323453, 47.808195111 ], [ -117.59334826, 47.808167271000102 ], [ -117.593366061, 47.808140603 ], [ -117.593376297, 47.808109181000098 ], [ -117.593387011, 47.808078284 ], [ -117.593388616, 47.808049846000102 ], [ -117.593391614, 47.808010094000103 ], [ -117.593368031, 47.8079845500001 ], [ -117.593333496, 47.807965550000098 ], [ -117.593298202, 47.807943614000102 ], [ -117.593272903, 47.807911932000103 ], [ -117.593300832, 47.807889523 ], [ -117.593332269, 47.807866703000101 ], [ -117.59335582, 47.807835308000101 ], [ -117.593376253, 47.807802339 ], [ -117.593415994, 47.807788083 ], [ -117.59346139, 47.807774099 ], [ -117.59350833, 47.807761109000097 ], [ -117.593597587, 47.807771917 ], [ -117.593648145, 47.8077829160001 ], [ -117.593679622, 47.807801590000103 ], [ -117.593714887, 47.807820049 ], [ -117.593757011, 47.807844424000102 ], [ -117.593802863, 47.807856570000098 ], [ -117.593847609, 47.807878412 ], [ -117.593891781, 47.807887449000098 ], [ -117.593944303, 47.807890755000102 ], [ -117.593990415, 47.807876347 ], [ -117.594018696, 47.807848499 ], [ -117.594019053, 47.807820318 ], [ -117.594012498, 47.807789773000103 ], [ -117.594009228, 47.8077605840001 ], [ -117.59400518, 47.807733187000103 ], [ -117.594002698, 47.807703405 ], [ -117.594010032, 47.807670833 ], [ -117.594009589, 47.807640725000098 ], [ -117.594031963, 47.807611962000102 ], [ -117.594050564, 47.807586392000097 ], [ -117.594072991, 47.807560429 ], [ -117.594087592, 47.807533767000102 ], [ -117.594118509, 47.807504230000099 ], [ -117.594152492, 47.807488554 ], [ -117.594194154, 47.807474286000101 ], [ -117.59423366, 47.807462692000101 ], [ -117.594275042, 47.807449649 ], [ -117.594318894, 47.807445492000099 ], [ -117.594363347, 47.807438057000098 ], [ -117.594409735, 47.807425395000102 ], [ -117.594448643, 47.807405976 ], [ -117.594481867, 47.807382213 ], [ -117.594467431, 47.807348527 ], [ -117.594436247, 47.807326246000102 ], [ -117.594411004, 47.807295067 ], [ -117.594385215, 47.807262518000101 ], [ -117.594343449, 47.807240482000097 ], [ -117.594302854, 47.807217712000103 ], [ -117.594269762, 47.807200958000102 ], [ -117.594245218, 47.807175912 ], [ -117.594226945, 47.807145656 ], [ -117.594258695, 47.807122379000099 ], [ -117.594275038, 47.8070957360001 ], [ -117.59430935, 47.807080778000099 ], [ -117.594356449, 47.807084663000097 ], [ -117.594398011, 47.807085701000098 ], [ -117.594438522, 47.807100925 ], [ -117.594483558, 47.807115363 ], [ -117.594524162, 47.807118591000098 ], [ -117.594554379, 47.8071437420001 ], [ -117.594591117, 47.807156095 ], [ -117.594620081, 47.807176125000097 ], [ -117.594650137, 47.807200938000101 ], [ -117.594692415, 47.807206999000101 ], [ -117.594733514, 47.807209159000102 ], [ -117.59477525, 47.807228082000101 ], [ -117.594806418, 47.807255971000103 ], [ -117.594826512, 47.807282281 ], [ -117.59482989, 47.807310316 ], [ -117.594828314, 47.807338625000099 ], [ -117.594859228, 47.8073625910001 ], [ -117.594896184, 47.807345131 ], [ -117.594933226, 47.807330294000103 ], [ -117.594963526, 47.8073091810001 ], [ -117.594995495, 47.807289489 ], [ -117.595022212, 47.807276732 ], [ -117.595139243, 47.807276944000101 ], [ -117.59543487, 47.807236721 ], [ -117.595460667, 47.807323851 ], [ -117.595504488, 47.80733135 ], [ -117.595550375, 47.8073404780001 ], [ -117.59559799, 47.807334696000098 ], [ -117.595615099, 47.8073348570001 ], [ -117.595643593, 47.807335124000097 ], [ -117.59568917, 47.807332451 ], [ -117.595724418, 47.807313427000103 ], [ -117.595751002, 47.807291418 ], [ -117.595761416, 47.807264094000097 ], [ -117.595768738, 47.807234890000103 ], [ -117.595788802, 47.807207061 ], [ -117.595804937, 47.807177253000098 ], [ -117.595831492, 47.807152012000103 ], [ -117.595869707, 47.807170003000103 ], [ -117.595908749, 47.807192811 ], [ -117.595946396, 47.807229882000101 ], [ -117.595970215, 47.807274321000101 ], [ -117.595993631, 47.807298080000102 ], [ -117.596014129, 47.807328576 ], [ -117.596042281, 47.807353449000097 ], [ -117.596077792, 47.807386233 ], [ -117.596104658, 47.807411923000103 ], [ -117.596117856, 47.807443087000102 ], [ -117.596147225, 47.807464269 ], [ -117.596189075, 47.80748492 ], [ -117.596213167, 47.807512392 ], [ -117.596252861, 47.807525997 ], [ -117.596271421, 47.8075542650001 ], [ -117.596284289, 47.807592599 ], [ -117.596290481, 47.807621730000101 ], [ -117.59630139, 47.80765253 ], [ -117.596314347, 47.807682438 ], [ -117.596333761, 47.807709031000101 ], [ -117.596353153, 47.807736189000103 ], [ -117.596373129, 47.807766902 ], [ -117.596398328, 47.807793131 ], [ -117.596427104, 47.807822268000102 ], [ -117.596468172, 47.807852281000102 ], [ -117.596502404, 47.807868391000099 ], [ -117.596538764, 47.807884740000098 ], [ -117.596575928, 47.807906440000103 ], [ -117.596597437, 47.807938999 ], [ -117.596611541, 47.807970940000097 ], [ -117.596626286, 47.807996798 ], [ -117.596632675, 47.808025711 ], [ -117.59663414, 47.808062015000097 ], [ -117.596644559, 47.8080896230001 ], [ -117.596645003, 47.808121420000099 ], [ -117.596671802, 47.808144935 ], [ -117.596709748, 47.808159927000098 ], [ -117.596752813, 47.8081681950001 ], [ -117.596793452, 47.8081758860001 ], [ -117.596834012, 47.808179078000101 ], [ -117.596876496, 47.808170042 ], [ -117.596917144, 47.808160513000097 ], [ -117.596957155, 47.8081482790001 ], [ -117.596999645, 47.808153243 ], [ -117.597027526, 47.808174909000101 ], [ -117.597050744, 47.808199251000097 ], [ -117.597062286, 47.808225863000096 ], [ -117.597089348, 47.808246884 ], [ -117.597122284, 47.808267627000099 ], [ -117.597135076, 47.808295086 ], [ -117.597122024, 47.808322402 ], [ -117.597119451, 47.808353481 ], [ -117.597140093, 47.808377194000101 ], [ -117.597137289, 47.8084067550001 ], [ -117.597110264, 47.808432176000103 ], [ -117.597069512, 47.8084387070001 ], [ -117.5970282, 47.808430943000097 ], [ -117.596986945, 47.808440801000103 ], [ -117.596945582, 47.80844612 ], [ -117.596905393, 47.808465554000101 ], [ -117.596881779, 47.8084882160001 ], [ -117.596870435, 47.808516109 ], [ -117.596856401, 47.808543461000099 ], [ -117.596854804, 47.808574253000103 ], [ -117.596862781, 47.808606389 ], [ -117.596845746, 47.808633267000097 ], [ -117.596807678, 47.808650859000103 ], [ -117.596766646, 47.808654890000099 ], [ -117.596729415, 47.808670088 ], [ -117.596706207, 47.808695497 ], [ -117.596703404, 47.808723335000103 ], [ -117.596676235, 47.808744561 ], [ -117.596717319, 47.808767481000103 ], [ -117.596729876, 47.808793811 ], [ -117.596745964, 47.808819712000101 ], [ -117.596766387, 47.8088454640001 ], [ -117.596771469, 47.808873758000097 ], [ -117.596786886, 47.8089043680001 ], [ -117.596806701, 47.808932514 ], [ -117.596848847, 47.808951057000101 ], [ -117.596895169, 47.808972643000097 ], [ -117.596925182, 47.808992931 ], [ -117.596946216, 47.809019750000097 ], [ -117.596906836, 47.809032427 ], [ -117.596866109, 47.809038402000098 ], [ -117.596830551, 47.809060848000101 ], [ -117.596801606, 47.809089147000101 ], [ -117.59677732, 47.809113635000102 ], [ -117.596772295, 47.809142770000101 ], [ -117.596779972, 47.809170383 ], [ -117.596742153, 47.809188217 ], [ -117.596704639, 47.809205871000103 ], [ -117.59665889, 47.809212529 ], [ -117.596614393, 47.809194473 ], [ -117.59657481, 47.809173828 ], [ -117.596532466, 47.809181405000103 ], [ -117.596493326, 47.809195931 ], [ -117.596456305, 47.8092155430001 ], [ -117.596429195, 47.809238071 ], [ -117.596410044, 47.8092652 ], [ -117.59638108, 47.809292928 ], [ -117.596370002, 47.809320213 ], [ -117.596358267, 47.809348852 ], [ -117.596329566, 47.80937247 ], [ -117.596295344, 47.809389838000101 ], [ -117.596260014, 47.809404874000101 ], [ -117.59622852, 47.809427460000101 ], [ -117.596195012, 47.809449943000097 ], [ -117.596160889, 47.809469157000102 ], [ -117.596121286, 47.809490211000103 ], [ -117.596096224, 47.809502719000101 ], [ -117.596046362, 47.8095628290001 ], [ -117.596055006, 47.809532775 ], [ -117.596057638, 47.809530505000097 ], [ -117.596038061, 47.809538067000098 ], [ -117.59600042, 47.809551879 ], [ -117.595961659, 47.809574559000097 ], [ -117.595927595, 47.809590145000101 ], [ -117.59588683, 47.809610238000097 ], [ -117.595841228, 47.809630775000102 ], [ -117.595791181, 47.809632885 ], [ -117.595772223, 47.809603599000098 ], [ -117.595793859, 47.809573618000101 ], [ -117.595825607, 47.809547986 ] ] ], [ [ [ -117.551880005, 47.823141417 ], [ -117.551883443, 47.823094277000102 ], [ -117.551931278, 47.823070671 ], [ -117.55199727, 47.823087933000103 ], [ -117.552030193, 47.823128113000102 ], [ -117.551958667, 47.823139791000102 ], [ -117.551887988, 47.823135029000099 ], [ -117.551880005, 47.823141417 ] ] ], [ [ [ -117.550560248, 47.824324366 ], [ -117.550613865, 47.824312914000103 ], [ -117.550686814, 47.824345615 ], [ -117.550658042, 47.824375213000103 ], [ -117.550484453, 47.824426867000099 ], [ -117.550438963, 47.824388773000102 ], [ -117.550449106, 47.8243753100001 ], [ -117.550527546, 47.824351656 ], [ -117.550560248, 47.824324366 ] ] ] ] } }
]
}
