{
"type": "FeatureCollection",
"name": "spokane_2026_old_trails",
"crs": { "type": "name", "properties": { "name": "urn:ogc:def:crs:OGC:1.3:CRS84" } },
"features": [
{ "type": "Feature", "properties": { "OBJECTID": 57137, "poly_SourceOID": 36956, "poly_IncidentName": "OLD TRAILS", "poly_FeatureCategory": "Wildfire Daily Fire Perimeter", "poly_MapMethod": "IR Image Interpretation", "poly_GISAcres": 3175.8694795092565, "poly_DeleteThis": "No", "poly_FeatureAccess": "Public", "poly_FeatureStatus": "Approved", "poly_IsVisible": "Yes", "poly_CreateDate": 1786307775000, "poly_DateCurrent": 1786307960000, "poly_PolygonDateTime": 1785984300000, "poly_IRWINID": "{F0989134-564B-44D7-B186-8C2295C16E5C}", "poly_FORID": null, "poly_Acres_AutoCalc": 3175.8573057432495, "poly_SourceGlobalID": "{11C84947-511D-46CD-BD47-E73846092E5C}", "poly_Source": "2026 NIFS", "attr_SourceOID": 43306496, "attr_ABCDMisc": null, "attr_ADSPermissionState": "ICS209", "attr_CalculatedAcres": null, "attr_ContainmentDateTime": null, "attr_ControlDateTime": null, "attr_CreatedBySystem": "wildcade", "attr_IncidentSize": 3176, "attr_DiscoveryAcres": 3, "attr_DispatchCenterID": "WANEC", "attr_EstimatedCostToDate": 17975811, "attr_FinalAcres": null, "attr_FFReportApprovedByTitle": null, "attr_FFReportApprovedByUnit": null, "attr_FFReportApprovedDate": null, "attr_FireBehaviorGeneral": "Minimal", "attr_FireBehaviorGeneral1": "Smoldering", "attr_FireBehaviorGeneral2": "Creeping", "attr_FireBehaviorGeneral3": "Smoldering", "attr_FireCause": "Human", "attr_FireCauseGeneral": null, "attr_FireCauseSpecific": null, "attr_FireCode": "SVUA", "attr_FireDepartmentID": null, "attr_FireDiscoveryDateTime": 1785610784000, "attr_FireMgmtComplexity": null, "attr_FireOutDateTime": null, "attr_FireStrategyConfinePercent": 0, "attr_FireStrategyFullSuppPrcnt": 100, "attr_FireStrategyMonitorPercent": 0, "attr_FireStrategyPointZonePrcnt": 0, "attr_FSJobCode": "PN", "attr_FSOverrideCode": "1542", "attr_GACC": "NWCC", "attr_ICS209ReportDateTime": 1787101418000, "attr_ICS209RptForTimePeriodFrom": 1787011200000, "attr_ICS209RptForTimePeriodTo": 1787101200000, "attr_ICS209ReportStatus": "F", "attr_IncidentManagementOrg": "Type 4 IC", "attr_IncidentName": "OLD TRAILS", "attr_IncidentShortDescription": "3 Miles W from SPOKANE, WA", "attr_IncidentTypeCategory": "WF", "attr_IncidentTypeKind": "FI", "attr_InitialLatitude": 47.683851, "attr_InitialLongitude": -117.533414, "attr_InitialResponseAcres": null, "attr_InitialResponseDateTime": null, "attr_IrwinID": "{F0989134-564B-44D7-B186-8C2295C16E5C}", "attr_IsFireCauseInvestigated": null, "attr_IsFireCodeRequested": 0, "attr_IsFSAssisted": 1, "attr_IsMultiJurisdictional": 0, "attr_IsQuarantined": 0, "attr_IsReimbursable": 1, "attr_IsTrespass": 0, "attr_IsUnifiedCommand": 0, "attr_IsValid": 1, "attr_LocalIncidentIdentifier": "001845", "attr_ModifiedBySystem": "wildcade", "attr_PercentContained": 100, "attr_PercentPerimToBeContained": 100, "attr_POOCity": "Spokane", "attr_POOCounty": "Spokane", "attr_POODispatchCenterID": "WANEC", "attr_POOFips": "53063", "attr_POOJurisdictionalAgency": null, "attr_POOJurisdictionalUnit": null, "attr_POOJurisdictUnitParentUnit": null, "attr_POOLandownerCategory": "Private", "attr_POOLandownerKind": "Private", "attr_POOLegalDescPrincipalMerid": "Willamette", "attr_POOLegalDescQtr": null, "attr_POOLegalDescQtrQtr": null, "attr_POOLegalDescRange": "42", "attr_POOLegalDescSection": 8, "attr_POOLegalDescTownship": "25", "attr_POOPredictiveServiceAreaID": "NW10", "attr_POOProtectingAgency": "DNR", "attr_POOProtectingUnit": "WANES", "attr_POOState": "US-WA", "attr_PredominantFuelGroup": null, "attr_PredominantFuelModel": null, "attr_PrimaryFuelModel": "Timber (Litter and Understory)", "attr_SecondaryFuelModel": "Brush (2 feet)", "attr_TotalIncidentPersonnel": 14, "attr_UniqueFireIdentifier": "2026-WANES-001845", "attr_FORID": null, "attr_WFDSSDecisionStatus": "Pending Decision", "attr_EstimatedFinalCost": null, "attr_OrganizationalAssessment": null, "attr_StratDecisionPublishDate": null, "attr_CreatedOnDateTime_dt": 1785611463207, "attr_ModifiedOnDateTime_dt": 1787105339563, "attr_Source": "IRWIN", "attr_IsCpxChild": 0, "attr_CpxName": null, "attr_CpxID": null, "attr_SourceGlobalID": "{5CD0120F-4BC6-488D-B87A-C4140E733580}", "GlobalID": "f2593b5d-43c2-4f93-b174-fa2f98776f7d", "Shape__Area": 0.0015403538332066091, "Shape__Length": 0.49723977218106602, "attr_IncidentComplexityLevel": "Type 1 Incident" }, "geometry": { "type": "MultiPolygon", "coordinates": [ [ [ [ -117.456086760202993, 47.734378217137902 ], [ -117.456036718641002, 47.734380072463303 ], [ -117.455983809640003, 47.7343785776442 ], [ -117.455937732343997, 47.7343641314596 ], [ -117.455900414320993, 47.734383523849502 ], [ -117.455846997585994, 47.734384216509397 ], [ -117.455800115255997, 47.7343843478331 ], [ -117.455775282735999, 47.734387897948302 ], [ -117.454143915572004, 47.734363779548801 ], [ -117.453957194924001, 47.733949867765702 ], [ -117.453966517094997, 47.733597324296198 ], [ -117.45400269884, 47.733575310618299 ], [ -117.454034097301999, 47.733546942828802 ], [ -117.454082992373998, 47.733540473526901 ], [ -117.454134077109003, 47.733539800812899 ], [ -117.454189336629995, 47.733542225635198 ], [ -117.454240233050001, 47.733543363043502 ], [ -117.454294079280004, 47.733542618144099 ], [ -117.454345452108996, 47.733540106878699 ], [ -117.454400718033, 47.733540507106198 ], [ -117.454451508884006, 47.733544992858398 ], [ -117.454504897321002, 47.733543290525198 ], [ -117.454555762515994, 47.733540685801103 ], [ -117.454608350178006, 47.733535550394997 ], [ -117.454659153557003, 47.733530748647702 ], [ -117.454713257771004, 47.733527620855803 ], [ -117.454764530188001, 47.733520627179303 ], [ -117.454816565689995, 47.733512432870498 ], [ -117.454864643961002, 47.7334959584039 ], [ -117.454906018575002, 47.733480205107 ], [ -117.454952662981, 47.733479953623103 ], [ -117.454999664797, 47.733481077341303 ], [ -117.455052171757998, 47.733478631444498 ], [ -117.455103059905994, 47.733476681414501 ], [ -117.455154344551005, 47.733474316798002 ], [ -117.455204354558006, 47.7334739870807 ], [ -117.455258538313998, 47.733473262884097 ], [ -117.455310807104993, 47.7334688950193 ], [ -117.455357844559998, 47.733468293602897 ], [ -117.455413901173998, 47.733469290347301 ], [ -117.455466953896007, 47.733470244100502 ], [ -117.455521558754, 47.733470551036902 ], [ -117.455572409295996, 47.733476831084197 ], [ -117.455624360868001, 47.7334802868791 ], [ -117.455676748686997, 47.733475194965301 ], [ -117.455731165757001, 47.733477212997798 ], [ -117.455784820773999, 47.7334826882229 ], [ -117.455836650066999, 47.7334779376651 ], [ -117.455890272236999, 47.733478578542403 ], [ -117.455937476019002, 47.733480682716099 ], [ -117.455991768998004, 47.733482998040003 ], [ -117.456042926308001, 47.733483008907797 ], [ -117.456093494401003, 47.733483357706298 ], [ -117.456149170236003, 47.733481677908898 ], [ -117.456203388898004, 47.7334817440194 ], [ -117.456255532946003, 47.733482189054897 ], [ -117.456312195245005, 47.733480759889602 ], [ -117.456365591994, 47.733479260004103 ], [ -117.456419625918997, 47.733479858507302 ], [ -117.456472888961002, 47.7334772523946 ], [ -117.456527942305996, 47.733475920398597 ], [ -117.456580730971993, 47.733478398886596 ], [ -117.456639484869996, 47.733478077844801 ], [ -117.456684206538, 47.733480780032899 ], [ -117.456672862865005, 47.7334790508393 ], [ -117.456687214417002, 47.733477160012001 ], [ -117.456742592631997, 47.733476222516103 ], [ -117.456795120026996, 47.733479325481397 ], [ -117.456839522717999, 47.733488863481703 ], [ -117.456890452020005, 47.7334762251051 ], [ -117.456931179020998, 47.733484849147501 ], [ -117.456968497237, 47.733509956918702 ], [ -117.457022583801006, 47.733510317390902 ], [ -117.457071672607995, 47.733509268018302 ], [ -117.457115989892003, 47.733514372217599 ], [ -117.457162633948997, 47.733523068884097 ], [ -117.457210175528999, 47.733546840191799 ], [ -117.457231119065, 47.733566367096401 ], [ -117.457234895832997, 47.733566331354702 ], [ -117.457232947842996, 47.733568072060102 ], [ -117.457239789618995, 47.733574450217297 ], [ -117.457232276577002, 47.733606266993299 ], [ -117.457219293481998, 47.733639553280803 ], [ -117.457201890011007, 47.733668220696003 ], [ -117.457178056526004, 47.733699157733497 ], [ -117.457148842237999, 47.733726679103697 ], [ -117.457125822110996, 47.733758360593498 ], [ -117.457097165853995, 47.733788236207801 ], [ -117.457069419408995, 47.733817225523403 ], [ -117.457033719489004, 47.733838845952299 ], [ -117.456997386382994, 47.733862641819996 ], [ -117.456973149191995, 47.733891820484097 ], [ -117.456941263998999, 47.733919885995199 ], [ -117.456909232699005, 47.7339489391195 ], [ -117.456873682166005, 47.733971950837201 ], [ -117.456850889004997, 47.733998048335003 ], [ -117.456826360622998, 47.734022618638797 ], [ -117.456798638007996, 47.734051466529799 ], [ -117.456768329995, 47.734081160584303 ], [ -117.456741542749, 47.734108539023801 ], [ -117.456710493239996, 47.734135806652603 ], [ -117.456672265316996, 47.734161368094 ], [ -117.456632921402999, 47.734186362613301 ], [ -117.456590512977996, 47.734209119003097 ], [ -117.456546458011005, 47.734227525273297 ], [ -117.456509154873004, 47.734254077219298 ], [ -117.456473401550994, 47.734274836610901 ], [ -117.456428823644004, 47.734303466226898 ], [ -117.456392885631999, 47.734328739540402 ], [ -117.456359997785, 47.734348206237897 ], [ -117.456348065219004, 47.734355269141801 ], [ -117.456333299476, 47.7343720652526 ], [ -117.456321340025994, 47.734385669539897 ], [ -117.456314974318005, 47.734388441828301 ], [ -117.456306795684995, 47.7343957507331 ], [ -117.456298474769994, 47.734395628158197 ], [ -117.456243625802998, 47.734394817794097 ], [ -117.456234130854995, 47.734393128895199 ], [ -117.456191490852007, 47.734375056597997 ], [ -117.456135807940996, 47.734368246276702 ], [ -117.456086760202993, 47.734378217137902 ] ] ], [ [ [ -117.478142720647995, 47.715470186502003 ], [ -117.478178031271995, 47.715490523455799 ], [ -117.478204248490997, 47.715512247942399 ], [ -117.478221730371004, 47.715538503159699 ], [ -117.478253085448003, 47.715563955550998 ], [ -117.478281448226994, 47.715591975741802 ], [ -117.478311249046996, 47.715616290991598 ], [ -117.478345724704994, 47.715639776957403 ], [ -117.478377316207997, 47.715670216634301 ], [ -117.478421667839001, 47.715693024372499 ], [ -117.478452643767994, 47.715718692433803 ], [ -117.478473879478003, 47.715755197396803 ], [ -117.478504414065, 47.7157783794298 ], [ -117.478539812356999, 47.715795438956398 ], [ -117.478569465421003, 47.7158166964483 ], [ -117.478603577279003, 47.715836389537898 ], [ -117.478646843801002, 47.715849872035598 ], [ -117.478679234636004, 47.715868564542497 ], [ -117.478707027333002, 47.7158925263589 ], [ -117.478734107381996, 47.715919321806702 ], [ -117.478756501594006, 47.715952582724199 ], [ -117.478791763952003, 47.715968025859503 ], [ -117.478824318682996, 47.715992224212002 ], [ -117.478863037935994, 47.716020438582497 ], [ -117.478901840505998, 47.7160373704207 ], [ -117.478927894419996, 47.716058961356602 ], [ -117.478959257433004, 47.716087535709498 ], [ -117.478999155007003, 47.716109301888302 ], [ -117.479026140684994, 47.716137845906502 ], [ -117.479050686812002, 47.716166714120703 ], [ -117.479071693010994, 47.716179278943699 ], [ -117.479165714339999, 47.716271516448501 ], [ -117.479143950283998, 47.716294672834401 ], [ -117.479171158187, 47.7163202421618 ], [ -117.479197798553997, 47.7163441114946 ], [ -117.479239861576005, 47.7163494379122 ], [ -117.479244272225998, 47.716348584509397 ], [ -117.479420654617996, 47.716521618750399 ], [ -117.479645671688999, 47.7165267815855 ], [ -117.479660044984996, 47.7165541508868 ], [ -117.479692503549998, 47.716572000641499 ], [ -117.479725352931993, 47.7165904470979 ], [ -117.479765055211004, 47.716601319454298 ], [ -117.479802517885005, 47.716590439411398 ], [ -117.479838178779005, 47.716564402227696 ], [ -117.479879276505002, 47.716562732264698 ], [ -117.479900213836999, 47.716592587134102 ], [ -117.479934084117005, 47.716608077128001 ], [ -117.479932460764005, 47.716642405505198 ], [ -117.47996460697, 47.716663973424097 ], [ -117.479984579871001, 47.7166920255805 ], [ -117.480015881078998, 47.716715508122803 ], [ -117.480053325108997, 47.716728867781796 ], [ -117.480099478830994, 47.716739830903599 ], [ -117.480145786497999, 47.7167354757403 ], [ -117.480179562539007, 47.716752009784798 ], [ -117.480196145194, 47.716781239487801 ], [ -117.480229866, 47.7168020593355 ], [ -117.480259961460007, 47.716822571329502 ], [ -117.480296490813004, 47.716805154630201 ], [ -117.480340732515003, 47.7168081168372 ], [ -117.480377893330001, 47.716827346751501 ], [ -117.480402010811005, 47.716849934299603 ], [ -117.480437585564999, 47.716864577526998 ], [ -117.480471077754999, 47.716885748270002 ], [ -117.480519364415997, 47.716895346344501 ], [ -117.480550888810996, 47.716915946754 ], [ -117.480563758822996, 47.716948690241601 ], [ -117.480613836573994, 47.7169407893185 ], [ -117.480650447041, 47.716963220118402 ], [ -117.480667730689007, 47.717002671760802 ], [ -117.480708473771003, 47.717021551849797 ], [ -117.480750042766005, 47.717028464271699 ], [ -117.480774226071006, 47.717050498109003 ], [ -117.480792489880002, 47.717079087245899 ], [ -117.480806406447002, 47.717105569345797 ], [ -117.480846039135002, 47.7171162013816 ], [ -117.480893660229, 47.717135159656799 ], [ -117.480940529777001, 47.717138513715703 ], [ -117.480980435533994, 47.717132452096202 ], [ -117.48102980598, 47.717117369322501 ], [ -117.481075465396003, 47.717099052128802 ], [ -117.481087292563998, 47.717063513064502 ], [ -117.48109082, 47.7170357989705 ], [ -117.481098051762999, 47.7169972703513 ], [ -117.481102166770995, 47.716967050643397 ], [ -117.481120703429994, 47.7169393779958 ], [ -117.481082632045997, 47.716911213860598 ], [ -117.481067954403002, 47.7168773793938 ], [ -117.481053107031997, 47.716851321417302 ], [ -117.481021689683999, 47.716825854760302 ], [ -117.480995891665003, 47.716804534058802 ], [ -117.481008995363993, 47.716777460950503 ], [ -117.480999013491001, 47.716744479564802 ], [ -117.480956433396997, 47.716720978879103 ], [ -117.480941942331995, 47.7166894389172 ], [ -117.48094075233, 47.716657197177497 ], [ -117.480930018411996, 47.716626084152601 ], [ -117.480907879255994, 47.716599713904003 ], [ -117.480897899113998, 47.716570097627603 ], [ -117.480891685087997, 47.716555361200797 ], [ -117.480886115814997, 47.716542157973002 ], [ -117.480872859559994, 47.716513961757499 ], [ -117.480853495513998, 47.716485614779302 ], [ -117.480840929666996, 47.716458549372597 ], [ -117.480815076138995, 47.716435225082101 ], [ -117.480795130957006, 47.716411238097301 ], [ -117.480810040728002, 47.716384252818202 ], [ -117.480817546070995, 47.716354579466902 ], [ -117.480818125271995, 47.716319279203397 ], [ -117.480821889412994, 47.7162872848332 ], [ -117.480796117428, 47.716258321360002 ], [ -117.480764063527999, 47.716235492713103 ], [ -117.480735804616003, 47.716212425017098 ], [ -117.480703988946999, 47.716190559005099 ], [ -117.480651021244, 47.716181481783899 ], [ -117.480619624114993, 47.716151624069298 ], [ -117.480620989767004, 47.716120494528298 ], [ -117.480637975804001, 47.716090213727497 ], [ -117.480631436273995, 47.716061959657701 ], [ -117.480629385832003, 47.716058058760197 ], [ -117.480615610881003, 47.716031857668 ], [ -117.480612290286004, 47.716025540818201 ], [ -117.480590359445998, 47.715998145699203 ], [ -117.480574553371, 47.715986814550803 ], [ -117.480554628357993, 47.715972530519799 ], [ -117.480593939683999, 47.7159574486639 ], [ -117.480628080876002, 47.715938918948801 ], [ -117.480675778383002, 47.7159439864025 ], [ -117.480685930651006, 47.715972339607902 ], [ -117.480735527519002, 47.715970096576001 ], [ -117.480776104580002, 47.715973333099598 ], [ -117.480817904174998, 47.715962648698202 ], [ -117.480846594509998, 47.7159430620368 ], [ -117.480830094319998, 47.715909763333897 ], [ -117.480810204283003, 47.715877691716599 ], [ -117.480791597606, 47.715842221699397 ], [ -117.480778208231996, 47.715813298116402 ], [ -117.48078249324, 47.715776329452801 ], [ -117.480780893263997, 47.7157458862578 ], [ -117.480735182028994, 47.715755698963399 ], [ -117.480691380796003, 47.7157509562252 ], [ -117.480646892652004, 47.715764738940699 ], [ -117.480603060164995, 47.715773706042 ], [ -117.480565459287007, 47.7157538140127 ], [ -117.480537486304002, 47.715730774761198 ], [ -117.480503214422001, 47.715715790494102 ], [ -117.480504361355003, 47.715684647471797 ], [ -117.480499939222, 47.715655674610801 ], [ -117.480501041316998, 47.715627775434299 ], [ -117.480533287186006, 47.715608602251301 ], [ -117.480549278327999, 47.715577867645699 ], [ -117.480543563789993, 47.715542753892699 ], [ -117.480543705832005, 47.715513685439802 ], [ -117.480540653643999, 47.715482033636398 ], [ -117.480542397232995, 47.715448648595 ], [ -117.480508244807993, 47.715428075378497 ], [ -117.480458326532002, 47.715402551962498 ], [ -117.480421038220996, 47.715379642558702 ], [ -117.480402383962002, 47.715355048153299 ], [ -117.480403783647006, 47.715320936641803 ], [ -117.480405907919007, 47.715292406048199 ], [ -117.480406189137, 47.715257728766503 ], [ -117.480398785871003, 47.715226716011998 ], [ -117.480395521535996, 47.715193874700098 ], [ -117.480363850741, 47.715167379584599 ], [ -117.480306621330996, 47.715166381051802 ], [ -117.480260080970993, 47.715166879056802 ], [ -117.480210844675995, 47.715164172558701 ], [ -117.480168486829001, 47.715165119103297 ], [ -117.480126306228001, 47.715168524852601 ], [ -117.480071928287998, 47.715156312178301 ], [ -117.480040748087006, 47.7151360341079 ], [ -117.480009054500997, 47.715105436953799 ], [ -117.479994262858, 47.7150686389855 ], [ -117.479965703104, 47.715042757884298 ], [ -117.479928748115, 47.715018346114597 ], [ -117.479913904860993, 47.714984920676599 ], [ -117.479919551666001, 47.714948098405799 ], [ -117.479929288666, 47.714912128203203 ], [ -117.479932409707004, 47.7148758221633 ], [ -117.479937675589994, 47.714847174964099 ], [ -117.479939094743997, 47.714814716245399 ], [ -117.479941401594999, 47.7147855712536 ], [ -117.47994051325, 47.714754020152199 ], [ -117.479958901098001, 47.714721339302798 ], [ -117.479979742243998, 47.714692306640302 ], [ -117.480001953056998, 47.7146637595174 ], [ -117.480025842396998, 47.714638117013699 ], [ -117.480047942530007, 47.714610153393402 ], [ -117.480094995594996, 47.714600065415297 ], [ -117.480136945273998, 47.714603355806901 ], [ -117.480185758424, 47.714602146523198 ], [ -117.480231917007004, 47.714603973343102 ], [ -117.480274369487006, 47.714586823380102 ], [ -117.480309312057003, 47.714572162097099 ], [ -117.480292890678996, 47.714540390783498 ], [ -117.480288776137002, 47.714504097919097 ], [ -117.480285556967999, 47.714470500607 ], [ -117.480282688027998, 47.714433085918202 ], [ -117.480267436366006, 47.714400344254997 ], [ -117.480274614262996, 47.7143659368272 ], [ -117.480280608857001, 47.714334352420501 ], [ -117.480301159663995, 47.714295668215101 ], [ -117.480298442323999, 47.714268222306501 ], [ -117.480308508511001, 47.714233731705399 ], [ -117.480284806086004, 47.714210908451697 ], [ -117.480298408511999, 47.714179523442098 ], [ -117.480329664137003, 47.714156268614602 ], [ -117.480360701172003, 47.714127655682702 ], [ -117.480388144697997, 47.7141072618588 ], [ -117.480399312215994, 47.714066408886303 ], [ -117.480393891277998, 47.714034198334801 ], [ -117.480415437811004, 47.714000882445902 ], [ -117.480436630439002, 47.7139756263457 ], [ -117.480462921460003, 47.713945025874999 ], [ -117.480460684779999, 47.713907801090102 ], [ -117.480454033786003, 47.713876372189297 ], [ -117.480457768524005, 47.713841317833797 ], [ -117.480437728960993, 47.7138146237737 ], [ -117.480465022245994, 47.713784868485398 ], [ -117.480479767435995, 47.7137478731198 ], [ -117.480493658897998, 47.713721850384204 ], [ -117.48050388451, 47.713690514577301 ], [ -117.480524423529999, 47.713658859355199 ], [ -117.480547000147993, 47.713624646557101 ], [ -117.480560808589004, 47.713596996482103 ], [ -117.480547230827, 47.713564470983798 ], [ -117.480547727908998, 47.713534721710197 ], [ -117.480554224979002, 47.713496624467297 ], [ -117.480561191722003, 47.713464080417602 ], [ -117.480566870976006, 47.713435929022197 ], [ -117.480583527565003, 47.713409637361103 ], [ -117.480618605222006, 47.713392653116202 ], [ -117.480626914102999, 47.713359927086401 ], [ -117.480636877356005, 47.713329942914498 ], [ -117.480652448675002, 47.713299739103199 ], [ -117.480665302456998, 47.713270209800399 ], [ -117.480676899255002, 47.713236501845202 ], [ -117.480691346762001, 47.713201817397298 ], [ -117.480710291627005, 47.713170087837597 ], [ -117.480737529471995, 47.7131420404707 ], [ -117.480760214401997, 47.713109206516201 ], [ -117.480777071123001, 47.713078749865701 ], [ -117.480801371035, 47.713050322493402 ], [ -117.480822395404005, 47.713020025628197 ], [ -117.480846931339997, 47.712986247242704 ], [ -117.480864723447993, 47.712959947181503 ], [ -117.480878872641995, 47.712929087067899 ], [ -117.480894482113996, 47.712896537369097 ], [ -117.480913055360006, 47.712866464002801 ], [ -117.480917546436999, 47.712835843207202 ], [ -117.480933328130007, 47.712806802771702 ], [ -117.480963117421993, 47.712786148838703 ], [ -117.480983526610004, 47.712757838507002 ], [ -117.481013162734996, 47.712735322685099 ], [ -117.481025181899994, 47.712708143429602 ], [ -117.480994906077001, 47.712684466099098 ], [ -117.480980834177004, 47.712657355716402 ], [ -117.480978854040998, 47.7126239934572 ], [ -117.481024562108999, 47.712604432584698 ], [ -117.481070321532997, 47.712589731120197 ], [ -117.481113028151, 47.712587652671203 ], [ -117.481141138534994, 47.712559441388599 ], [ -117.481156080378, 47.712527677248403 ], [ -117.481180158661999, 47.7124959341809 ], [ -117.481170246757003, 47.712469170782597 ], [ -117.481134025952002, 47.712456310221 ], [ -117.481081024668001, 47.712454334297199 ], [ -117.481037342459999, 47.712454839532398 ], [ -117.480989635960995, 47.7124549720196 ], [ -117.480942601661994, 47.712451512499001 ], [ -117.480886328031005, 47.712446557574701 ], [ -117.480831397393004, 47.712430929357502 ], [ -117.480775181029998, 47.712419296967603 ], [ -117.480734421018994, 47.712414712459299 ], [ -117.480678413706997, 47.712416965250803 ], [ -117.480623716390994, 47.7124197424911 ], [ -117.480577949402004, 47.7124337635857 ], [ -117.480547214251999, 47.712451732877099 ], [ -117.480540865614003, 47.712452452283102 ], [ -117.480497828861004, 47.712457330177102 ], [ -117.480464223105002, 47.712429731967497 ], [ -117.480420841311997, 47.712422451825603 ], [ -117.480379633054994, 47.712404050445897 ], [ -117.480332236235995, 47.712414665448797 ], [ -117.480306010692999, 47.712444772551798 ], [ -117.480250132033007, 47.712454358596702 ], [ -117.480202938126993, 47.712440776162197 ], [ -117.480251346569005, 47.7124146018066 ], [ -117.480275503445, 47.712377138780703 ], [ -117.480319242172001, 47.712353193767797 ], [ -117.480365775981994, 47.712339634745803 ], [ -117.480421951775995, 47.7123438264328 ], [ -117.480471155169994, 47.712341065993002 ], [ -117.480513843197997, 47.712320017156202 ], [ -117.480533318563005, 47.712283078447399 ], [ -117.480521775202007, 47.712243840255503 ], [ -117.480530056294, 47.712212019508101 ], [ -117.480533985068007, 47.712210415867297 ], [ -117.480580312151005, 47.712191502209897 ], [ -117.480618006496002, 47.712170076549498 ], [ -117.480647485798002, 47.7121406737595 ], [ -117.480638404418002, 47.712104444884602 ], [ -117.480657463083006, 47.712078026175803 ], [ -117.480702690230999, 47.712054628137601 ], [ -117.480726620949, 47.712025243170601 ], [ -117.480764806313999, 47.712003737124597 ], [ -117.480804752558001, 47.711994239177798 ], [ -117.480825560349999, 47.7119602991568 ], [ -117.480809205729003, 47.711934714422 ], [ -117.480786985424004, 47.711903210398802 ], [ -117.480792987461996, 47.7118746725317 ], [ -117.480824597086993, 47.711853552122903 ], [ -117.480823804449997, 47.711825065217802 ], [ -117.480803255262998, 47.711755366278297 ], [ -117.480812695590004, 47.711724955084598 ], [ -117.480822614850993, 47.711687914198301 ], [ -117.480835826177, 47.711653393261102 ], [ -117.480853195791994, 47.7116187487253 ], [ -117.480862119096997, 47.711585326372997 ], [ -117.480867501700999, 47.711548588818403 ], [ -117.480874776277005, 47.711518398138999 ], [ -117.480876909420999, 47.711481600419503 ], [ -117.480876627371003, 47.711451230859801 ], [ -117.480881877767004, 47.711419688213802 ], [ -117.480883381328994, 47.711381405816503 ], [ -117.480895084707001, 47.711355140255399 ], [ -117.480899679868998, 47.711318456384703 ], [ -117.480880506722997, 47.711287464170901 ], [ -117.480876368300997, 47.711255546075201 ], [ -117.480872239454996, 47.711218871769503 ], [ -117.480868800503998, 47.7111912534289 ], [ -117.480867058094006, 47.711161690780102 ], [ -117.480868759247997, 47.711123439045103 ], [ -117.480869780974999, 47.711086688269503 ], [ -117.480861377454005, 47.711047624997597 ], [ -117.480859521330999, 47.711018887911003 ], [ -117.480869550880996, 47.710992114697802 ], [ -117.480867282600997, 47.710956253181401 ], [ -117.480860793942995, 47.710917818919697 ], [ -117.480858784703003, 47.710886928431201 ], [ -117.480858278962998, 47.710849196110303 ], [ -117.480856968943002, 47.710813739071703 ], [ -117.480853796149006, 47.710785775902302 ], [ -117.480874822475997, 47.710760430426099 ], [ -117.480912927736, 47.710738873374297 ], [ -117.480931051195995, 47.710706363508898 ], [ -117.480918653616996, 47.710671935483099 ], [ -117.480891304546006, 47.710643834292902 ], [ -117.480876321485994, 47.710613255504398 ], [ -117.480874322820995, 47.7105852532233 ], [ -117.480872039218994, 47.710550767512899 ], [ -117.480871788553998, 47.7105135190955 ], [ -117.480871883792005, 47.710485468449697 ], [ -117.480876784122003, 47.710451386322497 ], [ -117.480869835549996, 47.710416135562603 ], [ -117.480876577892005, 47.710381579636604 ], [ -117.480870953147004, 47.710347925814602 ], [ -117.480817177052003, 47.710363659538402 ], [ -117.480764366203005, 47.710380708252004 ], [ -117.480712151077, 47.710395421348899 ], [ -117.480657527063002, 47.710405360448902 ], [ -117.480623424832004, 47.710379016832697 ], [ -117.480621386581007, 47.710341763303902 ], [ -117.480605057931996, 47.710306031747898 ], [ -117.480585518107006, 47.7102775819586 ], [ -117.480593294510001, 47.710249484746903 ], [ -117.480628775550997, 47.710228610903897 ], [ -117.480689109154, 47.710216788981199 ], [ -117.480736664784999, 47.7102106207101 ], [ -117.480780026503993, 47.710201998329502 ], [ -117.480822150856994, 47.710177554208798 ], [ -117.480853616348, 47.710154210163999 ], [ -117.480869622735995, 47.710126346577198 ], [ -117.480898766956003, 47.710104567944697 ], [ -117.480913008433006, 47.710066579466996 ], [ -117.480925577818994, 47.710032755820102 ], [ -117.480944229697002, 47.709998444199101 ], [ -117.480949027297001, 47.70996856531 ], [ -117.480909916051999, 47.709942440719203 ], [ -117.480888631908996, 47.709916681396201 ], [ -117.48090160289, 47.7098804320946 ], [ -117.480907278057998, 47.709846680528997 ], [ -117.480891676178004, 47.709820686847301 ], [ -117.480878798183994, 47.709784149970901 ], [ -117.480907826215002, 47.709749907343102 ], [ -117.480910835108006, 47.7097183245927 ], [ -117.480901511249002, 47.709689329970402 ], [ -117.480929965748999, 47.709665350688098 ], [ -117.480937500120007, 47.7096321311883 ], [ -117.480928703944997, 47.709599489398201 ], [ -117.480942222593995, 47.7095648195859 ], [ -117.480970093115999, 47.709540261490801 ], [ -117.480981997520999, 47.709507205424003 ], [ -117.480977606745, 47.709474075493198 ], [ -117.480982404543994, 47.709444804842001 ], [ -117.480978251375006, 47.709409245442501 ], [ -117.481021039929999, 47.7094046185397 ], [ -117.481063945358997, 47.709431525282803 ], [ -117.481097049938001, 47.709414112762097 ], [ -117.481090227977006, 47.709382045755603 ], [ -117.481113362426996, 47.709358420744103 ], [ -117.481134781090006, 47.709332036136601 ], [ -117.481146372626, 47.709305124076202 ], [ -117.481152055514997, 47.709275566279103 ], [ -117.481158603753997, 47.709243710445897 ], [ -117.481139441278998, 47.709214389987999 ], [ -117.481099640135994, 47.7091961062265 ], [ -117.481054759418996, 47.709182401967603 ], [ -117.481019924227994, 47.709165436214697 ], [ -117.481009670918993, 47.709134667553798 ], [ -117.481006688380006, 47.709106660394198 ], [ -117.481006847773997, 47.709066610172201 ], [ -117.481007732733005, 47.709036886240298 ], [ -117.481003950721004, 47.7090005163924 ], [ -117.480984824903004, 47.708966322612703 ], [ -117.480982274872005, 47.708928234442403 ], [ -117.480989412937006, 47.708891076513702 ], [ -117.480991761189998, 47.708858696631999 ], [ -117.480994704992995, 47.708830337114797 ], [ -117.481000950869998, 47.7087957508611 ], [ -117.481003913508999, 47.708761760518598 ], [ -117.481007357905, 47.708728406091801 ], [ -117.480985398545997, 47.708694989890098 ], [ -117.480976877228997, 47.708668010983601 ], [ -117.480985890816001, 47.708631133117898 ], [ -117.480976693654995, 47.708592129849897 ], [ -117.480974766144001, 47.7085557747195 ], [ -117.480980331872004, 47.708525072013799 ], [ -117.480987686245996, 47.708495202193703 ], [ -117.480990043168006, 47.708458405314097 ], [ -117.480989729274995, 47.708430664093498 ], [ -117.480992122751999, 47.708401752623999 ], [ -117.480989479068995, 47.708368841206102 ], [ -117.480987007126004, 47.7083409758649 ], [ -117.480988955767003, 47.708313558074401 ], [ -117.481039057282004, 47.7083046536073 ], [ -117.481077324221005, 47.708317960910598 ], [ -117.481122680647999, 47.708318108167603 ], [ -117.481163132635999, 47.708310716123201 ], [ -117.481196467342002, 47.708288985519602 ], [ -117.481229769544001, 47.708265899092602 ], [ -117.481267728424001, 47.708244148176298 ], [ -117.481309472953996, 47.708214118802303 ], [ -117.481343413081007, 47.708195174896098 ], [ -117.481380818001, 47.708179579777003 ], [ -117.481414134675006, 47.7081515670071 ], [ -117.481468768205005, 47.7081383001603 ], [ -117.481514988411007, 47.7081345512429 ], [ -117.481563699088994, 47.708126494564901 ], [ -117.481617229578006, 47.708123588602703 ], [ -117.481667979039003, 47.708131073109399 ], [ -117.481723186433001, 47.708136114005697 ], [ -117.481777509752007, 47.708137510028997 ], [ -117.481823544153997, 47.708138192223601 ], [ -117.481877190264996, 47.7081407436457 ], [ -117.481932450797999, 47.708132312895899 ], [ -117.481984674513001, 47.708130380400398 ], [ -117.482036541278006, 47.7081364339194 ], [ -117.482090710711006, 47.708148462996 ], [ -117.482138958432003, 47.708152659256001 ], [ -117.482181315724006, 47.708154151251499 ], [ -117.482230820797, 47.708157941792898 ], [ -117.482281164685006, 47.708150350325099 ], [ -117.482331715046996, 47.708158059417201 ], [ -117.482377962274001, 47.708163745002899 ], [ -117.482428665962999, 47.708171598270397 ], [ -117.482477894577002, 47.708182407156002 ], [ -117.482520444323001, 47.708197814024601 ], [ -117.482563615575998, 47.7082087734113 ], [ -117.482597985894003, 47.708223627998699 ], [ -117.482642066764001, 47.708229002271302 ], [ -117.482693438769005, 47.708236315449497 ], [ -117.482740710184999, 47.708250116084798 ], [ -117.482792602152998, 47.7082549787633 ], [ -117.482836922502003, 47.708268812469299 ], [ -117.482895224244999, 47.708265342375597 ], [ -117.482942661511998, 47.708264186290798 ], [ -117.482986323112002, 47.708261831391503 ], [ -117.483040446447006, 47.708259888620802 ], [ -117.483090473511993, 47.708249750889301 ], [ -117.483147886737996, 47.708243325071699 ], [ -117.483201518388995, 47.7082334762366 ], [ -117.483249949325995, 47.708229641730902 ], [ -117.483294502760998, 47.7082141706436 ], [ -117.483333647806006, 47.708205176352699 ], [ -117.483386708965, 47.708202406507098 ], [ -117.483435023175005, 47.708192152572202 ], [ -117.483477681767994, 47.7081836940879 ], [ -117.483526425215999, 47.7081718574142 ], [ -117.483576090758007, 47.708163007661803 ], [ -117.483617473991998, 47.708160215838603 ], [ -117.483671934496996, 47.708151072307203 ], [ -117.483719238774995, 47.708147082193399 ], [ -117.483764775002001, 47.7081457862202 ], [ -117.483821477874997, 47.708147322405402 ], [ -117.483876792442004, 47.708148651171697 ], [ -117.483925519013994, 47.708144077324597 ], [ -117.483967298747999, 47.708142503788103 ], [ -117.484008849364997, 47.7081266941778 ], [ -117.484056811089999, 47.708117552680697 ], [ -117.484114698781994, 47.708121652560102 ], [ -117.484158027657003, 47.708140390074199 ], [ -117.484208783674006, 47.7081381784323 ], [ -117.484253853892994, 47.708121978678797 ], [ -117.484272946944998, 47.708094587454497 ], [ -117.484283388180003, 47.708061561503698 ], [ -117.484297624568995, 47.708035004161196 ], [ -117.484335609097997, 47.708009414610302 ], [ -117.484378421330007, 47.707994549695499 ], [ -117.484398344149994, 47.707961193086 ], [ -117.484411199711005, 47.707928626609998 ], [ -117.484409705293004, 47.707898983770399 ], [ -117.484415911536999, 47.707866993320899 ], [ -117.484448855083997, 47.707849405052002 ], [ -117.484496961451995, 47.7078257000178 ], [ -117.484555449088006, 47.707817469423198 ], [ -117.484610932329005, 47.707814452144497 ], [ -117.484668774301994, 47.7078145146792 ], [ -117.484723757411999, 47.707815498926202 ], [ -117.484773326736999, 47.7078158824783 ], [ -117.484831439806001, 47.707815565883401 ], [ -117.484872280158001, 47.707833760285702 ], [ -117.484865060847, 47.707864720307803 ], [ -117.484885645562002, 47.707838520268297 ], [ -117.484908439240996, 47.707805002076697 ], [ -117.484945992438995, 47.707779668779303 ], [ -117.484996792971003, 47.707788332093898 ], [ -117.485040563935996, 47.707791208099998 ], [ -117.485072422334994, 47.707825939438301 ], [ -117.485099709300002, 47.707853155437 ], [ -117.485129243573994, 47.7078856588615 ], [ -117.485164529098995, 47.707916480590299 ], [ -117.485202252990007, 47.707939850018803 ], [ -117.485248340170997, 47.7079521205251 ], [ -117.485302298104997, 47.707955092817997 ], [ -117.485353324295005, 47.707969227408 ], [ -117.485406769951993, 47.707979478240503 ], [ -117.485451768597997, 47.707998549215702 ], [ -117.485506833860995, 47.708002615344398 ], [ -117.485548313007001, 47.708004433728703 ], [ -117.485594784650999, 47.7080124420686 ], [ -117.485633136268007, 47.708001469961197 ], [ -117.485675251122004, 47.707979163734699 ], [ -117.485716797378998, 47.707969984812102 ], [ -117.485762149070993, 47.707963914659203 ], [ -117.485818515163004, 47.707976276389502 ], [ -117.485866784232996, 47.707958226932497 ], [ -117.485898055327993, 47.707922814630201 ], [ -117.485931335828994, 47.707892765423999 ], [ -117.485948719201005, 47.707858088540803 ], [ -117.485952536908997, 47.707848317990802 ], [ -117.485963370294002, 47.707820598854397 ], [ -117.485973745153998, 47.7077831344738 ], [ -117.485985713020995, 47.707746102432303 ], [ -117.486007735346007, 47.707710135420598 ], [ -117.486018760258005, 47.707676066705197 ], [ -117.486026735121001, 47.707645725148502 ], [ -117.486039519190001, 47.707606876611202 ], [ -117.486052611830004, 47.707577131516203 ], [ -117.48606737259, 47.70754084344 ], [ -117.486090656933996, 47.707511732695203 ], [ -117.486104858510998, 47.707484413169198 ], [ -117.486116976166997, 47.7074521816388 ], [ -117.486128772265005, 47.7074171963799 ], [ -117.486129689012998, 47.707385041990101 ], [ -117.486136567176999, 47.707357192028603 ], [ -117.486136374949993, 47.707324764308197 ], [ -117.486147344654, 47.707292373879099 ], [ -117.486166061942001, 47.7072599776182 ], [ -117.486183904065001, 47.7072292298378 ], [ -117.486219844979999, 47.707211535682397 ], [ -117.486262904613, 47.707221964188797 ], [ -117.486265713053996, 47.707251744503402 ], [ -117.486259558339, 47.707281263176498 ], [ -117.486259931717996, 47.707312807457001 ], [ -117.486258162344996, 47.707354038720702 ], [ -117.486264000551998, 47.707382931621801 ], [ -117.486265820906993, 47.7074184116533 ], [ -117.486258694152994, 47.707455788518303 ], [ -117.486258833619004, 47.707494001069001 ], [ -117.486265324811995, 47.707528315902799 ], [ -117.486267224976004, 47.7075599067986 ], [ -117.486267581270994, 47.707594343003898 ], [ -117.486296795935999, 47.707626675628397 ], [ -117.486348886369996, 47.7076450215785 ], [ -117.486394859076995, 47.7076578823579 ], [ -117.486412275454001, 47.707685250554498 ], [ -117.486380988323006, 47.707706277578502 ], [ -117.486402364523002, 47.70773084871 ], [ -117.486390063068995, 47.707764088787997 ], [ -117.486416727922006, 47.707802169108497 ], [ -117.486383831785005, 47.707919775932503 ], [ -117.486376832735999, 47.707944799348098 ], [ -117.486407293453993, 47.707968468195801 ], [ -117.486427572077005, 47.707997560808202 ], [ -117.486419869147994, 47.708026449013197 ], [ -117.486381395996005, 47.708036378168103 ], [ -117.486418825387005, 47.708056969062099 ], [ -117.486397731392998, 47.708086672531202 ], [ -117.486384570294007, 47.708121803963103 ], [ -117.486384323349, 47.7081507118491 ], [ -117.486352958123007, 47.708180570415202 ], [ -117.486323278675997, 47.708207507480402 ], [ -117.486282803303993, 47.708225483612303 ], [ -117.486273171677993, 47.708260717043601 ], [ -117.486256349759003, 47.708293833196699 ], [ -117.486254416335001, 47.708324596350799 ], [ -117.486259533077998, 47.708353448215803 ], [ -117.486262573695996, 47.708390841375397 ], [ -117.486262727867995, 47.708421031528502 ], [ -117.486255142022003, 47.708451201393103 ], [ -117.486257639279003, 47.708486215169501 ], [ -117.486260229460996, 47.708523479770697 ], [ -117.486257033254006, 47.708556354630701 ], [ -117.486255150692998, 47.7085887173548 ], [ -117.486254629268998, 47.7086229503266 ], [ -117.486255104611004, 47.708651839853097 ], [ -117.486257994504996, 47.7086830594437 ], [ -117.486257122295001, 47.708714262584103 ], [ -117.486261293927996, 47.708744691245798 ], [ -117.486262145623002, 47.708776778750703 ], [ -117.486259120642998, 47.708808572262797 ], [ -117.486261666862006, 47.708837238868398 ], [ -117.486257860812003, 47.708874778007001 ], [ -117.486257174147994, 47.708907154556897 ], [ -117.486254708808005, 47.7089393514919 ], [ -117.486248263882004, 47.7089728042696 ], [ -117.486246399766998, 47.709005002255601 ], [ -117.486255841258995, 47.709041321858699 ], [ -117.486298073602001, 47.709057666228297 ], [ -117.486345099226, 47.709051885676402 ], [ -117.486388163933, 47.7090556729272 ], [ -117.486445373319, 47.709053792850803 ], [ -117.486502955088994, 47.709055256503198 ], [ -117.486552889649005, 47.709051927997002 ], [ -117.486595627849994, 47.709053432944103 ], [ -117.486637906336, 47.709049947014201 ], [ -117.486679325847007, 47.709056148910797 ], [ -117.486729377367993, 47.7090539292453 ], [ -117.486770846941994, 47.709054339092198 ], [ -117.486821026528006, 47.709049409643001 ], [ -117.486861401238997, 47.709053212626898 ], [ -117.486913528415997, 47.709052429101497 ], [ -117.486964550612996, 47.709054094910101 ], [ -117.487009679468997, 47.709054069850502 ], [ -117.487058055796993, 47.709052048801603 ], [ -117.487106351424998, 47.709057104747203 ], [ -117.487151066698999, 47.709059762695198 ], [ -117.487193057910005, 47.7090553510196 ], [ -117.487241535267998, 47.709057733826903 ], [ -117.487292056818006, 47.709059032710996 ], [ -117.487348610558996, 47.709058896918499 ], [ -117.487397385273994, 47.7090621448734 ], [ -117.487448361700999, 47.7090583274774 ], [ -117.487498137432993, 47.7090569859214 ], [ -117.487549531246998, 47.709064475886798 ], [ -117.487595479426005, 47.7090655367344 ], [ -117.487639034316004, 47.709068127441299 ], [ -117.487690747239995, 47.7090668081619 ], [ -117.487738625464004, 47.7090646962668 ], [ -117.487789195706995, 47.7090639252594 ], [ -117.487837310071001, 47.709065262028503 ], [ -117.487884563869997, 47.709062950279403 ], [ -117.487925635774005, 47.709065456958598 ], [ -117.487971635940994, 47.709060375620503 ], [ -117.488024278853999, 47.709060003290602 ], [ -117.488079021714, 47.709057524646397 ], [ -117.488128082939994, 47.709068608948101 ], [ -117.488173425466002, 47.709066053275102 ], [ -117.488221752087995, 47.709066278666803 ], [ -117.488276035544999, 47.709071562379101 ], [ -117.488330338226007, 47.709069484085099 ], [ -117.488371327419003, 47.709072124122301 ], [ -117.488421371935004, 47.709073583798201 ], [ -117.488472458272, 47.709072262334601 ], [ -117.488519547004998, 47.709072260730203 ], [ -117.488562993855993, 47.709066851712102 ], [ -117.488612678083001, 47.709062996111498 ], [ -117.488661554266997, 47.709069531747801 ], [ -117.488713732440999, 47.709074774731 ], [ -117.488763630879006, 47.709073013711503 ], [ -117.488813543296004, 47.7090688988186 ], [ -117.488857870144997, 47.709070067740797 ], [ -117.488915165353006, 47.709071242578197 ], [ -117.488968285327999, 47.709069709781602 ], [ -117.489018511330002, 47.709068765144302 ], [ -117.489067480887996, 47.7090668936806 ], [ -117.489120675847005, 47.709074373466599 ], [ -117.489174310954994, 47.7090736130789 ], [ -117.489232004661005, 47.709071927497398 ], [ -117.489286906771, 47.709074646455598 ], [ -117.489340003752005, 47.709074788052597 ], [ -117.489391557866, 47.709072457345002 ], [ -117.489442590113001, 47.709066927466701 ], [ -117.489492887094002, 47.709070716896598 ], [ -117.489539349815004, 47.709067641238299 ], [ -117.489588570852007, 47.709066859897597 ], [ -117.489645651892005, 47.709059969766599 ], [ -117.489690010703995, 47.709058999483197 ], [ -117.489739033757999, 47.709057149998799 ], [ -117.489785019717004, 47.709054840178503 ], [ -117.489831106110998, 47.7090493069432 ], [ -117.489871018759004, 47.709064380430803 ], [ -117.489929600050999, 47.709063524794203 ], [ -117.489980746626998, 47.709069630883697 ], [ -117.490032385445005, 47.709077762024997 ], [ -117.490078190611001, 47.709075932435397 ], [ -117.490129191535999, 47.709069770748599 ], [ -117.490178023382995, 47.709072552097801 ], [ -117.490223595689002, 47.709074181252099 ], [ -117.490282300667005, 47.7090650497437 ], [ -117.490303480091001, 47.709034557002703 ], [ -117.490242809850997, 47.709017639645801 ], [ -117.490203703221994, 47.708991147491602 ], [ -117.490186840342005, 47.7089644928258 ], [ -117.490216446638996, 47.708942858306997 ], [ -117.490216004193002, 47.708914725360998 ], [ -117.490211476417997, 47.7088794036273 ], [ -117.490184946124998, 47.708848350804502 ], [ -117.490157719029, 47.708823024374098 ], [ -117.490126397785005, 47.708798521615797 ], [ -117.490100507654006, 47.708777158336801 ], [ -117.490105223287003, 47.708747637512303 ], [ -117.490066820077004, 47.708724339180897 ], [ -117.490031138850995, 47.708706138993797 ], [ -117.490001938369005, 47.708680039954501 ], [ -117.489994005889002, 47.708647116233898 ], [ -117.489946133619, 47.708631179704199 ], [ -117.489937903357998, 47.708603602771099 ], [ -117.489988999876005, 47.7085896244552 ], [ -117.490000806121998, 47.708555686989499 ], [ -117.489971583602994, 47.708529217331701 ], [ -117.489945521560003, 47.708502433650096 ], [ -117.489945798464007, 47.7084728076142 ], [ -117.489910997368995, 47.708452198552102 ], [ -117.489860114788002, 47.708451011234501 ], [ -117.489835947399001, 47.708417426193002 ], [ -117.489832119241996, 47.708389586623298 ], [ -117.489797811995999, 47.708365759648601 ], [ -117.489749446771, 47.708360918377302 ], [ -117.489753066819006, 47.7083331091006 ], [ -117.489809214393006, 47.7082282417568 ], [ -117.489809629258005, 47.708227987151197 ], [ -117.489847707091002, 47.708204660991797 ], [ -117.489881743851996, 47.708186117241397 ], [ -117.489926556794998, 47.708174652734698 ], [ -117.489946606466006, 47.7081497965249 ], [ -117.489943250257994, 47.708122250066403 ], [ -117.489981405880002, 47.708109513797197 ], [ -117.490023809364004, 47.708103255699598 ], [ -117.490062926142997, 47.708115268811497 ], [ -117.490093992954002, 47.708140549176001 ], [ -117.490135595924997, 47.708139905408103 ], [ -117.490177800048997, 47.708152761873002 ], [ -117.490230427981004, 47.708165248975597 ], [ -117.490261701579001, 47.708126283189301 ], [ -117.490285104744004, 47.708100824144601 ], [ -117.490313064060999, 47.708071643982798 ], [ -117.490352392860004, 47.708046564960704 ], [ -117.490382360553994, 47.708020744030698 ], [ -117.490417240232006, 47.707990483340701 ], [ -117.490426940987007, 47.707952832486001 ], [ -117.490460596486997, 47.707926086108799 ], [ -117.490495002974001, 47.707905219193997 ], [ -117.490526420107003, 47.707878746896597 ], [ -117.490559128976997, 47.7078613702204 ], [ -117.490595358205994, 47.707842690916699 ], [ -117.490631247184993, 47.707827673311897 ], [ -117.490629966903001, 47.707792672416801 ], [ -117.490687311483001, 47.707783629293097 ], [ -117.490701656607996, 47.707745719215801 ], [ -117.490710352522001, 47.707712811709698 ], [ -117.490749690390999, 47.707702380732101 ], [ -117.490772890095002, 47.707671765885998 ], [ -117.490815230373002, 47.707659391143302 ], [ -117.490853071830998, 47.707635969383098 ], [ -117.490889434064997, 47.707606070210602 ], [ -117.490870135476996, 47.707574695978401 ], [ -117.490827916732997, 47.7075542871777 ], [ -117.490788680487, 47.707534776170696 ], [ -117.490749737014994, 47.707516913172697 ], [ -117.490732731169999, 47.707485373452002 ], [ -117.490707804872997, 47.707456727960803 ], [ -117.490680659692003, 47.707429284144503 ], [ -117.490675761003999, 47.707395508907503 ], [ -117.490653490268997, 47.7073613301731 ], [ -117.490610945615998, 47.707342529671102 ], [ -117.490562772481994, 47.707332495360298 ], [ -117.490510400698, 47.7073277633137 ], [ -117.490457387804, 47.707324886605598 ], [ -117.490417967637995, 47.7073145835828 ], [ -117.490374530390994, 47.707298670564001 ], [ -117.490339117912995, 47.707271935921099 ], [ -117.490325707533998, 47.707263555198999 ], [ -117.490299657815001, 47.707247276330598 ], [ -117.490260414865006, 47.707224161600202 ], [ -117.490217509703996, 47.707202997002199 ], [ -117.490180223400003, 47.707176577135598 ], [ -117.490140611602996, 47.707154347511697 ], [ -117.490097501955006, 47.707131834989902 ], [ -117.490053206149994, 47.707108065142897 ], [ -117.490008858886995, 47.707082356498503 ], [ -117.489960300915001, 47.707059099687797 ], [ -117.489913805482999, 47.707036157967401 ], [ -117.489879750387999, 47.707015818336203 ], [ -117.489823206596995, 47.707024178314903 ], [ -117.489775118493, 47.707044516778303 ], [ -117.489737815051001, 47.707071160657698 ], [ -117.489712127225005, 47.707093344292602 ], [ -117.489681185972003, 47.707115823869003 ], [ -117.489642456992996, 47.707138010950999 ], [ -117.489602195757001, 47.707156295065502 ], [ -117.489571478241004, 47.707179614940401 ], [ -117.489549327220004, 47.707202976541403 ], [ -117.489513720659005, 47.707234476353698 ], [ -117.489471954867994, 47.707238298571603 ], [ -117.489436271241004, 47.707219283915997 ], [ -117.489396471440998, 47.707202715277703 ], [ -117.489358513338004, 47.707189928594303 ], [ -117.489312478106996, 47.707177827772099 ], [ -117.489265917465005, 47.707168410480101 ], [ -117.489218541504997, 47.707153774391799 ], [ -117.489185866200003, 47.707131429388397 ], [ -117.489160322051006, 47.707101892724197 ], [ -117.489117799293993, 47.7070822179003 ], [ -117.489087105864996, 47.707059398341201 ], [ -117.489072478886001, 47.707026815300097 ], [ -117.489061468459994, 47.7069973678312 ], [ -117.489049319269, 47.706965173723901 ], [ -117.489038365499994, 47.706934797450401 ], [ -117.489009232472995, 47.7069141828498 ], [ -117.488999639713995, 47.706887363853902 ], [ -117.488981372918005, 47.706850426137599 ], [ -117.488966650845995, 47.706815501390999 ], [ -117.488936170762003, 47.706791096390099 ], [ -117.488915779053002, 47.706761128322 ], [ -117.488907452662005, 47.706730736342003 ], [ -117.488908383413005, 47.706690712494101 ], [ -117.488919689135002, 47.706656961713698 ], [ -117.488930353376006, 47.706622610820503 ], [ -117.488952825320993, 47.706588947424599 ], [ -117.488965962481004, 47.706562883651699 ], [ -117.488978135270003, 47.706533052158797 ], [ -117.488994721767995, 47.706502088843301 ], [ -117.489013735810005, 47.706472421643497 ], [ -117.489029399342996, 47.706439412584103 ], [ -117.489055088173004, 47.706407649264598 ], [ -117.489071311903999, 47.706376960112998 ], [ -117.489084162403998, 47.706350616819599 ], [ -117.489112860836997, 47.706325947927603 ], [ -117.489133338212994, 47.706301389651401 ], [ -117.489160450387999, 47.706278581930597 ], [ -117.489175928094994, 47.706249235698401 ], [ -117.489205521935006, 47.706216416465097 ], [ -117.489232549476995, 47.706188703552002 ], [ -117.489260696822996, 47.706164989826 ], [ -117.489279730920003, 47.706134645869099 ], [ -117.489302442099998, 47.706109214259897 ], [ -117.489337631582998, 47.706080504666602 ], [ -117.489374498261, 47.706054390938903 ], [ -117.489408383310007, 47.706031448101797 ], [ -117.489448238305002, 47.706001750425401 ], [ -117.489476018857005, 47.705980312824103 ], [ -117.489508907216006, 47.705956141525903 ], [ -117.489539218573, 47.705929664308997 ], [ -117.489585256325995, 47.7059074127828 ], [ -117.489619898344003, 47.7058797734622 ], [ -117.489658345850003, 47.705856096667503 ], [ -117.489691198282003, 47.705838780803496 ], [ -117.489724469829, 47.7058181106052 ], [ -117.489754671064006, 47.705794127957901 ], [ -117.489798603438004, 47.705775538389901 ], [ -117.489840442794005, 47.705758922833098 ], [ -117.489887446061005, 47.705747842184302 ], [ -117.489940798830006, 47.705743349502498 ], [ -117.489988285736999, 47.705743341094198 ], [ -117.490037036716004, 47.705744369199898 ], [ -117.490089842920995, 47.705750540136201 ], [ -117.490137278991, 47.705752644539103 ], [ -117.490181500264001, 47.705763323049702 ], [ -117.490238868551003, 47.705766704043299 ], [ -117.490287299352005, 47.705775235677699 ], [ -117.490332691888995, 47.705779891475999 ], [ -117.490385939101003, 47.705780773353702 ], [ -117.490441082085994, 47.705783385456499 ], [ -117.490492803441001, 47.705782181844903 ], [ -117.490546439148005, 47.705773465059998 ], [ -117.490589808812999, 47.705770514665801 ], [ -117.490639071326001, 47.705759428549001 ], [ -117.490685534232, 47.705750443644099 ], [ -117.490736815806002, 47.705739314660498 ], [ -117.490778255722006, 47.705715256687299 ], [ -117.490822993863006, 47.705704305911503 ], [ -117.490860489642003, 47.705686241938601 ], [ -117.490904769165994, 47.705664925063402 ], [ -117.490946689305005, 47.705661927648897 ], [ -117.490965170983003, 47.7056750850669 ], [ -117.490946818883998, 47.705822793952699 ], [ -117.490936718439002, 47.705843209716697 ], [ -117.490923085540004, 47.705873991525301 ], [ -117.490911849522007, 47.705910467608398 ], [ -117.490902404972999, 47.705946792963204 ], [ -117.490885487677005, 47.705980292620403 ], [ -117.490873542776995, 47.706019927218499 ], [ -117.490846810093998, 47.706048844047999 ], [ -117.490834190385002, 47.706075388101702 ], [ -117.490813728568995, 47.706106763259903 ], [ -117.490802228483005, 47.706134008839101 ], [ -117.490774741928007, 47.706158031437496 ], [ -117.490751860166, 47.706186660044402 ], [ -117.490734591055997, 47.706216638590099 ], [ -117.490718598729003, 47.7062438943735 ], [ -117.490703840169999, 47.706282023075197 ], [ -117.490681395189, 47.7063076310775 ], [ -117.490638458690995, 47.706327240659903 ], [ -117.490629435070005, 47.706361288676099 ], [ -117.490625551281994, 47.706397720696003 ], [ -117.490641996804001, 47.706425848214103 ], [ -117.490691223395004, 47.706426493406703 ], [ -117.490740531225995, 47.7064318170248 ], [ -117.490769624646006, 47.706434393706303 ], [ -117.490788199771998, 47.7064360391186 ], [ -117.490831843064996, 47.706419438881099 ], [ -117.490864547692993, 47.706393199414997 ], [ -117.490896005034998, 47.706369563805502 ], [ -117.490942359770997, 47.706355962550496 ], [ -117.490991543967993, 47.706344151405901 ], [ -117.491040697293002, 47.706327636384501 ], [ -117.491076077155995, 47.706299270954801 ], [ -117.491103854767005, 47.706275445887798 ], [ -117.491134852517007, 47.706254982962101 ], [ -117.491167636940006, 47.7062266223137 ], [ -117.491203802208005, 47.706196738272702 ], [ -117.491218021468995, 47.706160130623097 ], [ -117.491251814357994, 47.706142070677799 ], [ -117.491264654206006, 47.706112163202199 ], [ -117.491266490167007, 47.706084116767002 ], [ -117.491253798960003, 47.706058058027303 ], [ -117.491252674299005, 47.7060293017527 ], [ -117.491249736976002, 47.7059944699052 ], [ -117.491236231760993, 47.705961930918399 ], [ -117.491205955400005, 47.705932879241402 ], [ -117.491187484170993, 47.705903398223597 ], [ -117.491176649297998, 47.705876846553501 ], [ -117.491158145072006, 47.705842288280003 ], [ -117.491170009773001, 47.705810177855902 ], [ -117.491193960404004, 47.705777738568798 ], [ -117.491216009945006, 47.705745704212198 ], [ -117.491220539587999, 47.705707832473301 ], [ -117.491219998058995, 47.705678996320202 ], [ -117.491213775461006, 47.7056422350337 ], [ -117.491196896532998, 47.705610121676102 ], [ -117.491180432704994, 47.705576218699598 ], [ -117.491217884332997, 47.705550640833799 ], [ -117.49126467488, 47.705559957376899 ], [ -117.491315032740999, 47.705549292770101 ], [ -117.491370221577995, 47.705546876325101 ], [ -117.491398794134, 47.705573506782301 ], [ -117.491429175056993, 47.705601639298997 ], [ -117.491472072006005, 47.705584440066197 ], [ -117.491520198288001, 47.7055675243396 ], [ -117.491566660757996, 47.705548886365499 ], [ -117.491586609592005, 47.705520866703303 ], [ -117.491631416600001, 47.705506785022997 ], [ -117.491667805617993, 47.705480646507901 ], [ -117.491686887341004, 47.705445902975796 ], [ -117.491696217544003, 47.705410526398502 ], [ -117.491704961324999, 47.7053724683242 ], [ -117.491715147595002, 47.705342652243701 ], [ -117.491736242539005, 47.705317172187897 ], [ -117.491754281799999, 47.705285692971202 ], [ -117.491776070474003, 47.705258294328203 ], [ -117.491782085951002, 47.705228499714401 ], [ -117.491759138963999, 47.705196379150799 ], [ -117.491734729447998, 47.705167064928702 ], [ -117.491711466962997, 47.705129455321 ], [ -117.491682371493994, 47.7051019247127 ], [ -117.491687470431003, 47.705063113852603 ], [ -117.491697009242003, 47.7050299408114 ], [ -117.491720238385, 47.7050027816423 ], [ -117.491751294563997, 47.704978999048997 ], [ -117.491793695734998, 47.704964851133099 ], [ -117.491835118875997, 47.704951029510497 ], [ -117.491872967255006, 47.704934408720398 ], [ -117.491890500289998, 47.704905109989099 ], [ -117.491879919439995, 47.704877520758799 ], [ -117.491874279539999, 47.704872273191199 ], [ -117.491860130270993, 47.704840145526902 ], [ -117.491830750008006, 47.704812797029 ], [ -117.491790032962001, 47.704785893907697 ], [ -117.491746162211001, 47.704772180494601 ], [ -117.491704014635999, 47.704756299337198 ], [ -117.491682618007999, 47.704730682836598 ], [ -117.491659100910994, 47.704696023747303 ], [ -117.491648396317004, 47.7046644715452 ], [ -117.491653266601006, 47.704635650892101 ], [ -117.491651830570007, 47.704606263411002 ], [ -117.491648483945994, 47.704577396083799 ], [ -117.491630172346007, 47.704547571634798 ], [ -117.491629537874999, 47.704517379025198 ], [ -117.491619065560997, 47.704488409059302 ], [ -117.491652391147994, 47.704456788782601 ], [ -117.491704966022994, 47.704452511856502 ], [ -117.491724727849004, 47.704424644127002 ], [ -117.491725923632998, 47.704385536866603 ], [ -117.491713912256003, 47.7043539317838 ], [ -117.491673732512993, 47.7043435811565 ], [ -117.491626851019006, 47.704350426809299 ], [ -117.491578647813, 47.7043584711978 ], [ -117.491525183861, 47.704352956995301 ], [ -117.491479098816001, 47.704346263059897 ], [ -117.491432496287999, 47.704349464276099 ], [ -117.491381144808003, 47.704350299623101 ], [ -117.491327781644998, 47.704353663812 ], [ -117.491289043536995, 47.704331604489298 ], [ -117.491267187410003, 47.704305278160099 ], [ -117.491253385945996, 47.704273651 ], [ -117.491235116848998, 47.704235262308501 ], [ -117.491214731048998, 47.704206523693799 ], [ -117.491193424604006, 47.704177545178901 ], [ -117.491172314959002, 47.704149222648503 ], [ -117.491150362463003, 47.704124684548802 ], [ -117.491138574058994, 47.704089243637 ], [ -117.491128778467996, 47.704056075107701 ], [ -117.491113813896007, 47.7040208025469 ], [ -117.491100836770997, 47.703987798792298 ], [ -117.491076796700995, 47.703961813786599 ], [ -117.491063529320996, 47.703929976469801 ], [ -117.491041510070005, 47.703905979394897 ], [ -117.491017653927997, 47.703869907184597 ], [ -117.491001921003999, 47.703834986106301 ], [ -117.490978288148995, 47.703802529101601 ], [ -117.491001051349997, 47.703779283359403 ], [ -117.491043945808002, 47.703762956166599 ], [ -117.491081625758994, 47.703741240065497 ], [ -117.491100259388006, 47.703709336407897 ], [ -117.491134476818999, 47.7036886725408 ], [ -117.491163773907999, 47.703657750768102 ], [ -117.491179301873004, 47.703627286523201 ], [ -117.491200846614007, 47.703596097400798 ], [ -117.491227488668002, 47.703561092129597 ], [ -117.491205440735996, 47.703531763179001 ], [ -117.491163955798996, 47.703513646658301 ], [ -117.491124352292999, 47.7035018393453 ], [ -117.491076444637997, 47.7035008287884 ], [ -117.491030404640995, 47.703509490829603 ], [ -117.490987414035004, 47.703501078393401 ], [ -117.490934813376995, 47.703497402948003 ], [ -117.490891198878998, 47.703479041704703 ], [ -117.490847535423001, 47.703457591748801 ], [ -117.490815664723002, 47.703424370951197 ], [ -117.490804078693003, 47.703392271775698 ], [ -117.490798544255995, 47.703365001866999 ], [ -117.490795414535, 47.703324533764899 ], [ -117.490800569898994, 47.703293811610898 ], [ -117.490808966564003, 47.7032606318216 ], [ -117.490818644960996, 47.703226967872197 ], [ -117.490815996077004, 47.703190438699501 ], [ -117.490797906639003, 47.703153790215502 ], [ -117.490759192346999, 47.703126480458401 ], [ -117.490720387265, 47.7031113647407 ], [ -117.490688389355995, 47.703091118213699 ], [ -117.490649336122999, 47.703071286046097 ], [ -117.490610216053994, 47.703058391367001 ], [ -117.490572897224993, 47.703042558427697 ], [ -117.490535504950003, 47.703012642611696 ], [ -117.490495767848003, 47.702989521961399 ], [ -117.490458232411001, 47.7029785819526 ], [ -117.490415980909006, 47.702961940458103 ], [ -117.490371029792996, 47.702948662122601 ], [ -117.490331492137997, 47.702932440888702 ], [ -117.490288818490995, 47.702910573495302 ], [ -117.490327844939003, 47.7029029863509 ], [ -117.490283827629, 47.702905133223702 ], [ -117.490248063715001, 47.702925179907403 ], [ -117.490207836267999, 47.702945278939303 ], [ -117.490167961189997, 47.702952066174397 ], [ -117.490129946587999, 47.702939625491403 ], [ -117.490117672539, 47.702910005346197 ], [ -117.490092783454998, 47.702882641711803 ], [ -117.490068067459006, 47.702853263650503 ], [ -117.490049720401004, 47.702824187700301 ], [ -117.490022703014006, 47.702792021176599 ], [ -117.489997403263004, 47.702765059671698 ], [ -117.489959520743, 47.702737534646097 ], [ -117.489938820857006, 47.702712693137599 ], [ -117.489919275494003, 47.702684315104001 ], [ -117.489885318028996, 47.702661714825403 ], [ -117.489866532074004, 47.702635427302397 ], [ -117.489841007579997, 47.7026093583926 ], [ -117.489824729209005, 47.702583246410398 ], [ -117.489806922100001, 47.702558284557099 ], [ -117.489786606191004, 47.7025268919651 ], [ -117.489756483278001, 47.702499407532201 ], [ -117.489722987978993, 47.702481729666502 ], [ -117.489694006928005, 47.702450490107999 ], [ -117.489677761405005, 47.702424171917102 ], [ -117.489655146548998, 47.7023920899912 ], [ -117.489621839928006, 47.702370921087798 ], [ -117.489582428597004, 47.702348616618998 ], [ -117.489548619119006, 47.702319004610402 ], [ -117.489559370026996, 47.702287782657798 ], [ -117.489590737925994, 47.702268744687998 ], [ -117.489632934078998, 47.7022463970454 ], [ -117.489660807117005, 47.702226088198998 ], [ -117.489699082477003, 47.702194849551901 ], [ -117.489738881297001, 47.7021819677704 ], [ -117.489785653515995, 47.702178294136701 ], [ -117.489834267725996, 47.702177741116998 ], [ -117.489878391291001, 47.702181592720599 ], [ -117.489902942965998, 47.702207562303698 ], [ -117.489943133579999, 47.702221277742296 ], [ -117.489979482166007, 47.702202783454801 ], [ -117.490025621483994, 47.702196289851202 ], [ -117.490076850852006, 47.702204692656402 ], [ -117.490116746493001, 47.702214521393302 ], [ -117.490162956283996, 47.702221802893 ], [ -117.490205446995006, 47.702223511798003 ], [ -117.490252272657997, 47.702223121002 ], [ -117.490293433329995, 47.702215185537 ], [ -117.490338287265999, 47.702207509605003 ], [ -117.490342623314007, 47.702236229690499 ], [ -117.490330222980006, 47.702264493127302 ], [ -117.490368472458997, 47.702278716982804 ], [ -117.490402063296003, 47.7022592455005 ], [ -117.490413160662001, 47.7022296316729 ], [ -117.490377305937997, 47.7022042665592 ], [ -117.490350254608998, 47.702176711569102 ], [ -117.490353574048996, 47.702143787442402 ], [ -117.490352943686005, 47.702107838075499 ], [ -117.490343315071996, 47.7020736196245 ], [ -117.490339809659005, 47.702037389217999 ], [ -117.490344021759995, 47.702000870299102 ], [ -117.490332830827001, 47.701964216550103 ], [ -117.490332080965004, 47.701935990408202 ], [ -117.490326307949999, 47.701896454041801 ], [ -117.490321959425998, 47.701856449106998 ], [ -117.490321285483006, 47.701826083889699 ], [ -117.490325791939995, 47.7017975023726 ], [ -117.490328084509002, 47.701767933371301 ], [ -117.490307441379997, 47.701741588169 ], [ -117.490340306996998, 47.701712472479997 ], [ -117.490327257613004, 47.701680319215797 ], [ -117.490301147926999, 47.701640999309703 ], [ -117.490322938706996, 47.701616036590103 ], [ -117.490332241538994, 47.701583541277103 ], [ -117.490293301445007, 47.701562135704698 ], [ -117.490284575919006, 47.701534375526897 ], [ -117.490313021212003, 47.701514038880497 ], [ -117.490339790641002, 47.701487690834199 ], [ -117.490346740524998, 47.701454162741499 ], [ -117.490348118970005, 47.7014216374046 ], [ -117.490336951230006, 47.7013895759737 ], [ -117.490314929866003, 47.701357953217503 ], [ -117.490294334189002, 47.701331106636999 ], [ -117.490252132549003, 47.701333141368302 ], [ -117.490212286675003, 47.701342343476497 ], [ -117.490165920362003, 47.701348569095501 ], [ -117.490121704900005, 47.7013531848201 ], [ -117.490080997345004, 47.701344262019703 ], [ -117.490028159722002, 47.701346779380401 ], [ -117.489994753185997, 47.701374065362202 ], [ -117.489963818095006, 47.7014065036552 ], [ -117.489941615760998, 47.701431650717801 ], [ -117.489903030356004, 47.701449354651302 ], [ -117.489858891878001, 47.701448682904001 ], [ -117.489818441126005, 47.701458498400498 ], [ -117.489764322751995, 47.701450942795397 ], [ -117.489724197903001, 47.7014558513278 ], [ -117.489676418833, 47.701462248335403 ], [ -117.48963491936, 47.701457293137899 ], [ -117.489610749658993, 47.701427367380496 ], [ -117.489596989323005, 47.701389693384399 ], [ -117.489570973102005, 47.701364125879202 ], [ -117.489554452106006, 47.701328841744797 ], [ -117.489527383628996, 47.701294092078399 ], [ -117.489478940013996, 47.701273339513399 ], [ -117.489441604611002, 47.701255704935697 ], [ -117.489371256851001, 47.7012401339435 ], [ -117.489011504282004, 47.701265069692397 ], [ -117.488777246924002, 47.7012948306594 ], [ -117.488534621623003, 47.701226460189901 ], [ -117.488258532844, 47.701161307007901 ], [ -117.487966071008003, 47.701143371577402 ], [ -117.487175386057004, 47.701126947958997 ], [ -117.487190028401997, 47.700676935652297 ], [ -117.487244583291002, 47.700677393240703 ], [ -117.488366294404997, 47.7006867907795 ], [ -117.489401019244994, 47.700603849677201 ], [ -117.489315604370006, 47.7003213571491 ], [ -117.489835406466, 47.700163686336197 ], [ -117.490079446737994, 47.700291793587198 ], [ -117.490257593506996, 47.700178467902496 ], [ -117.490482109263993, 47.7002967215629 ], [ -117.490518785808007, 47.7003088052465 ], [ -117.490552171925998, 47.700329599252697 ], [ -117.490592533257995, 47.700334512196797 ], [ -117.490621370740001, 47.700312587499603 ], [ -117.490648698683003, 47.700291581615403 ], [ -117.490675741065004, 47.700261025897099 ], [ -117.490718404931002, 47.7002408748817 ], [ -117.490737724951003, 47.700216460704503 ], [ -117.490769961832996, 47.700197169451897 ], [ -117.490784699513, 47.700171202068198 ], [ -117.490765726853994, 47.700141446869999 ], [ -117.490733560858999, 47.7001170153396 ], [ -117.490705403684004, 47.700092393001803 ], [ -117.490721130329007, 47.700062730543799 ], [ -117.490742693333999, 47.700038868228802 ], [ -117.490773456438006, 47.7000118164705 ], [ -117.490803614759997, 47.699987076098097 ], [ -117.490838507503, 47.699967746472701 ], [ -117.490869834848993, 47.699940041741598 ], [ -117.490907482718001, 47.699928254770697 ], [ -117.490952070055002, 47.6999412375338 ], [ -117.490956161769006, 47.699913111240399 ], [ -117.490990286184001, 47.6998921670709 ], [ -117.491004129615007, 47.699862114033103 ], [ -117.491031871624998, 47.699840817458103 ], [ -117.491059271921998, 47.699811379427899 ], [ -117.491088646646006, 47.699791645948999 ], [ -117.491113808136006, 47.699766370821202 ], [ -117.491146888594997, 47.6997390220168 ], [ -117.491166073312002, 47.699714433788998 ], [ -117.491194668069994, 47.699692839299402 ], [ -117.491224443319993, 47.699665811441697 ], [ -117.491248141750006, 47.699635769271502 ], [ -117.491285840282998, 47.699616638942601 ], [ -117.491327721744, 47.6996026661634 ], [ -117.491357432526996, 47.699581698492103 ], [ -117.491378450932004, 47.699553689551699 ], [ -117.491389152422002, 47.699524901498698 ], [ -117.491431637073006, 47.699510167592798 ], [ -117.491452817156002, 47.699486179914103 ], [ -117.491478576397995, 47.699455617800197 ], [ -117.491494338093005, 47.699430176799503 ], [ -117.491532433735003, 47.699418011600798 ], [ -117.491572381696997, 47.699400566706501 ], [ -117.491613026516006, 47.699388205208102 ], [ -117.491653549090003, 47.699371774562898 ], [ -117.491684896855006, 47.699352279012601 ], [ -117.491723612667002, 47.699331945687199 ], [ -117.491733445323007, 47.699305185804697 ], [ -117.491704783589, 47.6992838896183 ], [ -117.491711194149005, 47.699255354760197 ], [ -117.491742383450003, 47.699231348429798 ], [ -117.491822458515003, 47.699156174143098 ], [ -117.491864142623996, 47.699148906193102 ], [ -117.491898389392006, 47.699133976183198 ], [ -117.491929853037007, 47.699114497163897 ], [ -117.491960318370005, 47.699087651506098 ], [ -117.491988362731007, 47.6990648597831 ], [ -117.492024627025003, 47.6990419653252 ], [ -117.492066383810993, 47.699020336672298 ], [ -117.492094323722, 47.699000051228502 ], [ -117.492121754416004, 47.698977918935697 ], [ -117.492162547180001, 47.698964897975799 ], [ -117.492194275675999, 47.698945116324602 ], [ -117.492224212699, 47.698923480726599 ], [ -117.492256778088006, 47.698906381279301 ], [ -117.492290180764996, 47.698887613657497 ], [ -117.492329020387004, 47.698861946661999 ], [ -117.492367005342999, 47.698842902923097 ], [ -117.492399288054003, 47.698821412874103 ], [ -117.492436223463002, 47.698808962626501 ], [ -117.492486722655002, 47.698804112990402 ], [ -117.492522901632, 47.698788335015301 ], [ -117.492562311499, 47.698768609368699 ], [ -117.492599875820005, 47.698747658047402 ], [ -117.492641172166998, 47.698731673613999 ], [ -117.492672703634, 47.698708837958499 ], [ -117.492701817257, 47.698682175159597 ], [ -117.492737159764005, 47.698662651369297 ], [ -117.492767568988995, 47.6986439261538 ], [ -117.492798409608994, 47.6986180846013 ], [ -117.492825605272003, 47.698593552563203 ], [ -117.492851963912997, 47.698565203692901 ], [ -117.492850716725002, 47.698534832836202 ], [ -117.492885310125999, 47.698517298907802 ], [ -117.492919426672003, 47.698499657245399 ], [ -117.492952383589, 47.6984807374835 ], [ -117.492988945655, 47.6984671792451 ], [ -117.493028065559997, 47.698446712373197 ], [ -117.493023448266001, 47.698418111447602 ], [ -117.493011565832006, 47.698384425647397 ], [ -117.493001465448003, 47.698348059874299 ], [ -117.493010783773002, 47.698308961749703 ], [ -117.492998544412004, 47.698274311128699 ], [ -117.492986321866994, 47.698247946410397 ], [ -117.492981262414006, 47.698219942129299 ], [ -117.492973566214999, 47.698192173218203 ], [ -117.492952592373996, 47.698164385766397 ], [ -117.492896370723003, 47.698162586599302 ], [ -117.492901639674997, 47.6981272705113 ], [ -117.492894591872997, 47.6980958880347 ], [ -117.492890266323997, 47.698066129645099 ], [ -117.492884775942002, 47.698029870025898 ], [ -117.492881828961998, 47.697987854453601 ], [ -117.492882981411, 47.697979606715599 ], [ -117.492886343877998, 47.6979555441347 ], [ -117.492859256147, 47.697934214477797 ], [ -117.492846340271996, 47.697899319307602 ], [ -117.492833337608005, 47.697869638672401 ], [ -117.492815165853997, 47.697822650675697 ], [ -117.492806305637998, 47.697777842417601 ], [ -117.492779756768996, 47.697752299506 ], [ -117.492779476655002, 47.697724410554301 ], [ -117.492763274034999, 47.697699116532 ], [ -117.492724270959997, 47.697681574752401 ], [ -117.492713802173995, 47.697637333949601 ], [ -117.492689382590996, 47.697604790664698 ], [ -117.492638715143997, 47.6975848623619 ], [ -117.492630332613004, 47.697575180838797 ], [ -117.492638266225001, 47.6975572971511 ], [ -117.492601370038997, 47.697533344424002 ], [ -117.492599139692004, 47.697503992719902 ], [ -117.492642535106995, 47.697502676311103 ], [ -117.492686036085999, 47.697509170331898 ], [ -117.492734816788001, 47.697522791233503 ], [ -117.492805007480001, 47.697493406560802 ], [ -117.492805808189004, 47.697458438978202 ], [ -117.492854704013993, 47.697453446702198 ], [ -117.492898867592999, 47.697437196121598 ], [ -117.492872027361997, 47.697404623682402 ], [ -117.492906765195002, 47.697419180303399 ], [ -117.492956450557003, 47.697438144555299 ], [ -117.493009475361006, 47.697438668057899 ], [ -117.492985876576995, 47.697408375231198 ], [ -117.492944029328001, 47.697400999643797 ], [ -117.492892046527004, 47.697395355545602 ], [ -117.492910890657996, 47.697368746695602 ], [ -117.492912227293999, 47.697333660738998 ], [ -117.492925787454993, 47.697300184148602 ], [ -117.492966143131, 47.697281815645802 ], [ -117.493006040080999, 47.697238682042602 ], [ -117.493049588475998, 47.697220818959899 ], [ -117.493089786130994, 47.697233339281603 ], [ -117.493133343731998, 47.697242463815897 ], [ -117.493181191990999, 47.697257283429401 ], [ -117.493200046710001, 47.697283967836803 ], [ -117.493240632023003, 47.697303242808999 ], [ -117.493474992195004, 47.697287810079999 ], [ -117.493540097367998, 47.697320545322 ], [ -117.493585644557996, 47.697322282117 ], [ -117.493638147477995, 47.697296190590798 ], [ -117.493602328755998, 47.6973214689394 ], [ -117.493597133408997, 47.697359441767802 ], [ -117.493667224576001, 47.697369429110601 ], [ -117.493709938894995, 47.697371088066802 ], [ -117.493712172168003, 47.697371601224098 ], [ -117.493758686278994, 47.697382294595201 ], [ -117.493802623413004, 47.697398135821501 ], [ -117.493875253753004, 47.697392892508297 ], [ -117.493911639773003, 47.697412873640303 ], [ -117.493967204168001, 47.697411347791103 ], [ -117.493993524927006, 47.6973901222904 ], [ -117.494054028516004, 47.697374476646701 ], [ -117.494096183455, 47.697363479009702 ], [ -117.494158273313005, 47.697379744006 ], [ -117.494143936881002, 47.697465127291203 ], [ -117.494174253669001, 47.697489357094099 ], [ -117.494148541564996, 47.6975149070065 ], [ -117.494164418837002, 47.697541672458897 ], [ -117.494170900458002, 47.6975731508754 ], [ -117.494154069931, 47.697627883454203 ], [ -117.494167434147002, 47.6976674031635 ], [ -117.494186811806998, 47.697700839724902 ], [ -117.494200025756001, 47.697733056648097 ], [ -117.494201111148001, 47.697765970940303 ], [ -117.494207196570997, 47.697805445511896 ], [ -117.494185718932002, 47.697834410714101 ], [ -117.494182469696, 47.6978737770254 ], [ -117.494172782486999, 47.697916332852003 ], [ -117.494146711095993, 47.697940131558298 ], [ -117.494144881748994, 47.697983075534999 ], [ -117.494132833430996, 47.698040796341999 ], [ -117.494112076365994, 47.698071982656202 ], [ -117.494087810047006, 47.698099507618899 ], [ -117.494062428061, 47.6981294226686 ], [ -117.494049794904996, 47.698171242558701 ], [ -117.494044631509993, 47.698203542218103 ], [ -117.494023987481, 47.6982423328799 ], [ -117.49400343408, 47.698276329176103 ], [ -117.493984516245007, 47.698307668606603 ], [ -117.493966976836006, 47.698342851313498 ], [ -117.493941845579002, 47.698376048514298 ], [ -117.493915302106998, 47.698404229275397 ], [ -117.493881609268001, 47.698442278879803 ], [ -117.493852120976001, 47.6984630617997 ], [ -117.493855091520999, 47.698494784780898 ], [ -117.493853680721003, 47.698531550030602 ], [ -117.493850727056, 47.6985711957836 ], [ -117.493836451703004, 47.69860441822 ], [ -117.493802105501999, 47.6986276370138 ], [ -117.493766745768994, 47.698638374958897 ], [ -117.493772004343995, 47.698647894385097 ], [ -117.493753788625, 47.698679232553602 ], [ -117.493743705680998, 47.698712112121399 ], [ -117.493756811509996, 47.698750665730898 ], [ -117.493768455785997, 47.698777701382099 ], [ -117.493758509125996, 47.698806947095697 ], [ -117.493767265168998, 47.698840757840898 ], [ -117.493754280283, 47.698871200723602 ], [ -117.493724179113002, 47.698895849855496 ], [ -117.493740925338003, 47.698923011119099 ], [ -117.493693176662006, 47.698934872172799 ], [ -117.493684556587993, 47.698964169756898 ], [ -117.493678733574001, 47.699001315691198 ], [ -117.493699965133004, 47.699031477288898 ], [ -117.493742354017002, 47.699029157054397 ], [ -117.493768193099001, 47.698999169931703 ], [ -117.493813576839997, 47.698991910547001 ], [ -117.493857496065999, 47.699001475934999 ], [ -117.493806782934996, 47.699030960978497 ], [ -117.493800795774007, 47.699061583397899 ], [ -117.493825653206997, 47.699088830312199 ], [ -117.493882392250001, 47.699240142357098 ], [ -117.494328821677996, 47.6995559915553 ], [ -117.494649271794003, 47.699420599013301 ], [ -117.494974554839004, 47.699072613332199 ], [ -117.495636855407994, 47.698894151987801 ], [ -117.495870110607996, 47.698948597934397 ], [ -117.496069841860006, 47.699077125082397 ], [ -117.496568738253998, 47.698991787156302 ], [ -117.496933317420996, 47.698458781699301 ], [ -117.497326719366995, 47.6980781466468 ], [ -117.497651403294995, 47.697670081859798 ], [ -117.497722430859994, 47.697221525686302 ], [ -117.497945096064001, 47.696883218920298 ], [ -117.498161529780006, 47.696609633996502 ], [ -117.497917962380001, 47.696190170255598 ], [ -117.497694537341999, 47.695729028546701 ], [ -117.497605456963001, 47.694999279487703 ], [ -117.497604802024, 47.694517058690202 ], [ -117.497655478677004, 47.694376570165403 ], [ -117.497862089616007, 47.693803786328402 ], [ -117.497987386733996, 47.693456421706102 ], [ -117.497335104593006, 47.6935304422895 ], [ -117.497293818185, 47.693150763429401 ], [ -117.497454884443997, 47.692880106306198 ], [ -117.497543467327006, 47.692768983013401 ], [ -117.497568283199996, 47.692733832953898 ], [ -117.497565899235994, 47.692705833441003 ], [ -117.497593416710998, 47.692685566458998 ], [ -117.497635566297006, 47.692674200426403 ], [ -117.497684165820004, 47.692664216343502 ], [ -117.497734049936, 47.692654783625798 ], [ -117.497778416860001, 47.692644799867097 ], [ -117.497825665817004, 47.6926229995006 ], [ -117.497883133423002, 47.692626516603198 ], [ -117.497941266894003, 47.692632783185097 ], [ -117.497982116924007, 47.692634566509497 ], [ -117.498038716419003, 47.692642083181802 ], [ -117.498091666576002, 47.692643249791999 ], [ -117.498139917369002, 47.692632483329803 ], [ -117.498183234262996, 47.692619583318397 ], [ -117.498225732858998, 47.692609199902101 ], [ -117.498267749215998, 47.692599817309301 ], [ -117.498300791777993, 47.692587541319497 ], [ -117.498306600321996, 47.692585383639297 ], [ -117.498342517237006, 47.692561616784602 ], [ -117.498383650684005, 47.692540000206897 ], [ -117.498423967408996, 47.692520366656801 ], [ -117.498445933544005, 47.692496566790197 ], [ -117.498480866882005, 47.692480916493899 ], [ -117.498526816563995, 47.692478466545097 ], [ -117.498567150590006, 47.692484567201802 ], [ -117.498612383559006, 47.692488016528003 ], [ -117.498657367546997, 47.692481983338702 ], [ -117.498693115997995, 47.692455667156501 ], [ -117.498715783579001, 47.692428716792598 ], [ -117.498745883767995, 47.692402083229403 ], [ -117.498775182613997, 47.692371217022398 ], [ -117.498801250808995, 47.6923379498676 ], [ -117.498817716855996, 47.692304933195501 ], [ -117.498832532929995, 47.692270367090899 ], [ -117.498842683019006, 47.692231016494802 ], [ -117.498845882436996, 47.692201500013503 ], [ -117.498850666642994, 47.692173966934398 ], [ -117.498852133981998, 47.692135966849101 ], [ -117.498857182536995, 47.692102616504002 ], [ -117.498869766012007, 47.692066899395599 ], [ -117.498877417198997, 47.69202963363 ], [ -117.498880216182997, 47.692000333033 ], [ -117.498878434168006, 47.691970683446598 ], [ -117.498878700332, 47.691942000306398 ], [ -117.498871366768, 47.691910982910699 ], [ -117.498861966109999, 47.691877433549401 ], [ -117.498858933310004, 47.691837083030897 ], [ -117.498849717076993, 47.691797716749903 ], [ -117.498843633028997, 47.691760633065499 ], [ -117.498845333117004, 47.691725100036201 ], [ -117.498851549980998, 47.691692966498202 ], [ -117.498864015883001, 47.691659882627498 ], [ -117.498878266486003, 47.691632000667198 ], [ -117.498885832607996, 47.691594066738503 ], [ -117.498895649907993, 47.691554633001502 ], [ -117.498903733610007, 47.691519549993203 ], [ -117.498925549559004, 47.6914887333728 ], [ -117.498933016444994, 47.691452416759198 ], [ -117.498937967098001, 47.691418733917203 ], [ -117.498949283439003, 47.6913850170966 ], [ -117.498946166360994, 47.691352600220398 ], [ -117.498957283550993, 47.691320500252601 ], [ -117.498980916438001, 47.6912947828176 ], [ -117.499008967372006, 47.6912682669631 ], [ -117.499044949373996, 47.691254383578901 ], [ -117.499071600356004, 47.691225566785597 ], [ -117.499099166063999, 47.691194016103402 ], [ -117.499114416932002, 47.691167500111199 ], [ -117.499134733180995, 47.691139732996398 ], [ -117.499159182973997, 47.691104816314699 ], [ -117.499155716624003, 47.691071700040602 ], [ -117.499154267234999, 47.691035583255001 ], [ -117.499152183993004, 47.690996583662098 ], [ -117.499163332956996, 47.690960432766701 ], [ -117.499175284046999, 47.690927483363403 ], [ -117.499176166265997, 47.690892433459503 ], [ -117.499173384122997, 47.690856583404397 ], [ -117.499171716367002, 47.690817833039098 ], [ -117.499165966736001, 47.690782149753304 ], [ -117.499172499267004, 47.690747517056003 ], [ -117.499185783395006, 47.690714616737303 ], [ -117.499200433143997, 47.690678333636498 ], [ -117.499213366673004, 47.690640816316602 ], [ -117.499215999669005, 47.690611883532704 ], [ -117.499218015847006, 47.690572916490197 ], [ -117.499214116654997, 47.690534800272701 ], [ -117.499205482529007, 47.690498483501003 ], [ -117.499197749998004, 47.690462383250001 ], [ -117.499195932939998, 47.6904347996864 ], [ -117.499188432704997, 47.690393016371701 ], [ -117.499175716850004, 47.69035740028 ], [ -117.499178633119996, 47.690323100030596 ], [ -117.499178925270996, 47.690317406810102 ], [ -117.499180617373995, 47.690284416553403 ], [ -117.499191016492006, 47.690249583477801 ], [ -117.499203499551001, 47.690215282996697 ], [ -117.499220833739003, 47.690184799830597 ], [ -117.499231650623003, 47.690152833402202 ], [ -117.499258866836001, 47.690120616565899 ], [ -117.499267884131996, 47.690087616928899 ], [ -117.499276183323005, 47.690054217318298 ], [ -117.499255666270003, 47.690026683626797 ], [ -117.499250183024003, 47.689994333731804 ], [ -117.499222816686995, 47.689965849984297 ], [ -117.499180700132996, 47.689943266312497 ], [ -117.499141833126998, 47.689918932832001 ], [ -117.499094999704994, 47.689892766964697 ], [ -117.499042599651006, 47.689880667111098 ], [ -117.498998249989, 47.689857683688501 ], [ -117.498940466158004, 47.6898440335017 ], [ -117.498906132724997, 47.689815216465 ], [ -117.498898566205, 47.689779583348702 ], [ -117.498897166757999, 47.689743649888101 ], [ -117.498908816927994, 47.689711016733597 ], [ -117.498935549761001, 47.689676883761798 ], [ -117.498957632932004, 47.6896508329488 ], [ -117.498952999512994, 47.689620516423403 ], [ -117.498979882686001, 47.689594049734303 ], [ -117.498998300259998, 47.689563433220002 ], [ -117.499017817495002, 47.689538016194703 ], [ -117.499019883326, 47.689503683652198 ], [ -117.499034982899005, 47.689477000063199 ], [ -117.499076466269997, 47.689453933070702 ], [ -117.499098083066002, 47.689423433091498 ], [ -117.499123966702001, 47.689400466324898 ], [ -117.499135833501001, 47.689372682867798 ], [ -117.499144233668005, 47.689339533859403 ], [ -117.499168015820004, 47.6893141999292 ], [ -117.499109633575998, 47.689275900507198 ], [ -117.499111566338001, 47.689242433220102 ], [ -117.499109766629999, 47.689204367243001 ], [ -117.499092333678007, 47.689177400455698 ], [ -117.499069366946998, 47.689137766465599 ], [ -117.499058532798003, 47.689109383525398 ], [ -117.499043382554007, 47.689079616612602 ], [ -117.499018616152995, 47.6890577834086 ], [ -117.498992033773007, 47.689032350014998 ], [ -117.498979467119, 47.689001150220101 ], [ -117.498966616144997, 47.6889710160889 ], [ -117.498964216972993, 47.688935333508503 ], [ -117.498953816384997, 47.688908666334903 ], [ -117.498957733341001, 47.688876166671697 ], [ -117.498955667359994, 47.6888425836068 ], [ -117.498962282662006, 47.688804483732298 ], [ -117.498977465945003, 47.688770667299103 ], [ -117.499001932423994, 47.688737883020501 ], [ -117.499014316661999, 47.688710150408902 ], [ -117.499032716369996, 47.6886785334165 ], [ -117.499061416553999, 47.688656666528402 ], [ -117.499072233296999, 47.688626383578502 ], [ -117.498614814369006, 47.688051771897399 ], [ -117.49900268271, 47.687786505047697 ], [ -117.499307765739005, 47.687674129043501 ], [ -117.499682346342993, 47.687632083437897 ], [ -117.500024223278004, 47.687742165769301 ], [ -117.500213414, 47.6880486031137 ], [ -117.500383889294994, 47.688686147505301 ], [ -117.500521766538, 47.689201769053703 ], [ -117.500783544509005, 47.690141098851598 ], [ -117.500664077723002, 47.6902108755325 ], [ -117.500671745069994, 47.690212634421101 ], [ -117.500718347326, 47.690205766469397 ], [ -117.500863812117998, 47.690203656885402 ], [ -117.500872920199001, 47.690199588854703 ], [ -117.500923882788001, 47.690195094276703 ], [ -117.500929701846999, 47.690202701628799 ], [ -117.500948258904003, 47.690226963913297 ], [ -117.500975893104993, 47.690261597811897 ], [ -117.501036082270005, 47.690267210515501 ], [ -117.501081316615, 47.690254014003301 ], [ -117.501114662635999, 47.690273639043099 ], [ -117.501152395529999, 47.690299233787698 ], [ -117.501186262762005, 47.690316365964698 ], [ -117.501227631434006, 47.6903401884516 ], [ -117.501271761525999, 47.690356940158601 ], [ -117.501313273457001, 47.690353987510697 ], [ -117.501354138590997, 47.690356546970001 ], [ -117.501384428004997, 47.690333374194303 ], [ -117.501392938794993, 47.690304252816098 ], [ -117.501430149205007, 47.6902908941777 ], [ -117.501452346060006, 47.690263876935802 ], [ -117.501463642706995, 47.690232470556502 ], [ -117.501458113587006, 47.690200762504197 ], [ -117.501427779015003, 47.690174447205301 ], [ -117.501396189635997, 47.690155272563601 ], [ -117.501406729069004, 47.690119524505 ], [ -117.501390382398, 47.690091900989501 ], [ -117.501370422630004, 47.6900677096884 ], [ -117.501350901585994, 47.690035899907102 ], [ -117.501395618353001, 47.6900376930137 ], [ -117.501434962733995, 47.690050400406001 ], [ -117.50148072751, 47.690047804316698 ], [ -117.501523795975999, 47.690039879854297 ], [ -117.501539464616997, 47.690008453457601 ], [ -117.501516846151006, 47.689980636028999 ], [ -117.501497792847999, 47.6899416035671 ], [ -117.501481164384003, 47.6899146102351 ], [ -117.501462748744004, 47.689888432704997 ], [ -117.501436672270003, 47.689845322571301 ], [ -117.501409557990002, 47.689813916686397 ], [ -117.501392472597004, 47.6897815078175 ], [ -117.50136578355, 47.689749970496898 ], [ -117.501364447577004, 47.6897194462098 ], [ -117.501343748606999, 47.689689717343597 ], [ -117.501324947187001, 47.689659283760399 ], [ -117.501311914884994, 47.6896273511448 ], [ -117.501302056244995, 47.689597720672602 ], [ -117.501286498097997, 47.689563499274399 ], [ -117.501271720912001, 47.689535818495699 ], [ -117.501267377465993, 47.689530617899401 ], [ -117.501249577685002, 47.689509303604098 ], [ -117.501250154337995, 47.689479782301902 ], [ -117.501238482399003, 47.689443089345097 ], [ -117.501228715124995, 47.689415337188301 ], [ -117.501219309594006, 47.689387091275698 ], [ -117.501197350452998, 47.689355023083003 ], [ -117.501171663807, 47.689319447663799 ], [ -117.501170258741993, 47.689287401261701 ], [ -117.501145763037997, 47.689250945157497 ], [ -117.501132936641, 47.689220453053203 ], [ -117.501107059057006, 47.689180653128403 ], [ -117.501086263450006, 47.689148031871603 ], [ -117.501069046417996, 47.689108513535999 ], [ -117.501068356884005, 47.689075618222297 ], [ -117.501045659726003, 47.689046333514099 ], [ -117.501028819179993, 47.689011612006297 ], [ -117.501012429593004, 47.688974301685299 ], [ -117.501010894242995, 47.688942415107697 ], [ -117.501010709531002, 47.688906709403398 ], [ -117.500987714786007, 47.688873055794602 ], [ -117.500988038425007, 47.688834214867697 ], [ -117.500967431318998, 47.688802330576799 ], [ -117.500959926749999, 47.688771488599301 ], [ -117.500954745954999, 47.688734637702801 ], [ -117.500942165034999, 47.688701784403598 ], [ -117.500924465343999, 47.688673344331598 ], [ -117.500912409221996, 47.688647003979597 ], [ -117.500915493235993, 47.688607526560098 ], [ -117.500961590646, 47.688612660056698 ], [ -117.501009612733, 47.688628831619802 ], [ -117.501050367377999, 47.688623614948703 ], [ -117.501100762524999, 47.688624036417103 ], [ -117.501143543864998, 47.688621170961397 ], [ -117.501187299194996, 47.688620519171202 ], [ -117.501233314708003, 47.688617240057397 ], [ -117.501280606308995, 47.688622252138899 ], [ -117.501324859909005, 47.688625482430901 ], [ -117.501369189816998, 47.688635700893798 ], [ -117.501414264697004, 47.6886359142297 ], [ -117.501461114937996, 47.688640198451203 ], [ -117.501511776661999, 47.688642709641897 ], [ -117.501561520284994, 47.688642722560203 ], [ -117.501602336028995, 47.688647635048 ], [ -117.501642418990002, 47.688657285319898 ], [ -117.501679806780004, 47.688632954012597 ], [ -117.501687983156998, 47.6886055517286 ], [ -117.501715207640999, 47.688574854876201 ], [ -117.501745704464994, 47.688594827810199 ], [ -117.501751310207993, 47.688632024125702 ], [ -117.501757441096998, 47.688671315510497 ], [ -117.501746562017004, 47.688702996331401 ], [ -117.501724407245007, 47.688738207668699 ], [ -117.501717439974996, 47.688766075248097 ], [ -117.501707957075993, 47.688802447664401 ], [ -117.501700479635005, 47.688829921573799 ], [ -117.501677912641, 47.688856200877602 ], [ -117.501655877204996, 47.688881495302901 ], [ -117.501645466938996, 47.688909130492704 ], [ -117.501625251128999, 47.688944503389301 ], [ -117.501628014475003, 47.688982676688902 ], [ -117.501631164616001, 47.689012408445699 ], [ -117.501643387691004, 47.689049581233199 ], [ -117.501636305193998, 47.689087120048001 ], [ -117.501637617994007, 47.689092561522003 ], [ -117.501643364754997, 47.689116394724799 ], [ -117.501667250227996, 47.689155054231399 ], [ -117.501676350088999, 47.689184337981203 ], [ -117.501704501890998, 47.689213201915898 ], [ -117.501738348923993, 47.689236202327201 ], [ -117.501784118092999, 47.689238168835097 ], [ -117.501829652881, 47.689224314777903 ], [ -117.501882676058997, 47.689209553372102 ], [ -117.501920468871006, 47.689199489684498 ], [ -117.501963808267007, 47.6891808556963 ], [ -117.502013617057003, 47.689164415822297 ], [ -117.502031163905997, 47.689148106285501 ], [ -117.502044860607, 47.689135374885097 ], [ -117.502085929718007, 47.689120545117703 ], [ -117.502126249586993, 47.6891072104344 ], [ -117.502180186854005, 47.689098988025002 ], [ -117.502146575850006, 47.689126965033303 ], [ -117.502124705642004, 47.689160159713097 ], [ -117.502129216072007, 47.689173727416403 ], [ -117.502133722386006, 47.689187282540601 ], [ -117.502169850442002, 47.6892134202416 ], [ -117.502233604176993, 47.6892264920141 ], [ -117.502266963319002, 47.6892086448048 ], [ -117.502273214346999, 47.689205300886698 ], [ -117.502314741695997, 47.689195311599001 ], [ -117.502324889554998, 47.689161196448403 ], [ -117.502360001125993, 47.689143642963302 ], [ -117.502399896501004, 47.689115112910997 ], [ -117.502444882296999, 47.689115580867501 ], [ -117.502571170864002, 47.689168545284097 ], [ -117.502611606203004, 47.689196225982997 ], [ -117.502652296069996, 47.689380064395799 ], [ -117.502712137003002, 47.689385164876398 ], [ -117.502753842344006, 47.689397988341803 ], [ -117.502811824949006, 47.689392337452098 ], [ -117.502807992976997, 47.689358704610903 ], [ -117.502835608553994, 47.689328380087503 ], [ -117.502859034132001, 47.689305370161897 ], [ -117.502916600947003, 47.689306243480601 ], [ -117.502971314586006, 47.689316114389598 ], [ -117.503027272441997, 47.689304181967501 ], [ -117.503043759419995, 47.689276765651101 ], [ -117.503035176248005, 47.689241290220401 ], [ -117.503074177244002, 47.689232861138599 ], [ -117.503119250679006, 47.6892197068142 ], [ -117.503152421204007, 47.689203617426799 ], [ -117.503197794553003, 47.689209317356401 ], [ -117.503221157419006, 47.6892335600023 ], [ -117.503192147530001, 47.6892602097709 ], [ -117.503204379061998, 47.689286503223897 ], [ -117.503233175391998, 47.689309824967403 ], [ -117.503254407821004, 47.689346289540197 ], [ -117.503293990405993, 47.689335561617803 ], [ -117.503347582851006, 47.689321411581702 ], [ -117.503379077814998, 47.689298762051102 ], [ -117.503412424204996, 47.689261484911 ], [ -117.503458897184004, 47.689244493988198 ], [ -117.503499861839003, 47.689238642987299 ], [ -117.503534347083004, 47.689219462406001 ], [ -117.503560244775002, 47.689196507171502 ], [ -117.503588122219, 47.689166445849096 ], [ -117.503570278736007, 47.689134447323497 ], [ -117.503545562016001, 47.689106622402797 ], [ -117.503522735691007, 47.689081092595003 ], [ -117.503573590016003, 47.689065487841098 ], [ -117.503615131271999, 47.689064455241201 ], [ -117.503667992914998, 47.6890448880417 ], [ -117.503704959839993, 47.689031168022403 ], [ -117.503744608074996, 47.689022863638399 ], [ -117.503796112486, 47.689001299447902 ], [ -117.503834346361003, 47.689019098200298 ], [ -117.503894835100994, 47.6890169151728 ], [ -117.503938985266998, 47.689012953041399 ], [ -117.503949606440003, 47.688977040623399 ], [ -117.504000583842, 47.688962200844401 ], [ -117.504045109326995, 47.688944918613302 ], [ -117.504095068051001, 47.688925875038002 ], [ -117.504144183113993, 47.6889236905579 ], [ -117.504197848228998, 47.688933048120902 ], [ -117.504242636697995, 47.688940155649803 ], [ -117.504294096712002, 47.688941801023297 ], [ -117.504346414218006, 47.688945033399897 ], [ -117.504396405429006, 47.688937248385102 ], [ -117.504445289974996, 47.688930505649701 ], [ -117.504486734696002, 47.6889164354765 ], [ -117.504536638692997, 47.688904034059 ], [ -117.504590366119004, 47.6889123861204 ], [ -117.504647700280003, 47.688912252749702 ], [ -117.504688443571993, 47.688923139837797 ], [ -117.504732936508006, 47.6889298579745 ], [ -117.504783798803999, 47.6889355709231 ], [ -117.504834198631002, 47.688936304751401 ], [ -117.504877416471004, 47.6889583650389 ], [ -117.504930231404998, 47.688968533994597 ], [ -117.504972693827995, 47.6889885325959 ], [ -117.505012034941004, 47.689001583390599 ], [ -117.505034914454995, 47.689011293794898 ], [ -117.506046268385006, 47.687822112090103 ], [ -117.507156862358002, 47.687429905851502 ], [ -117.509383625755007, 47.687549248485503 ], [ -117.513005606971007, 47.687743273711597 ], [ -117.516792171041004, 47.687717580398903 ], [ -117.516875403119002, 47.687651345839498 ], [ -117.517598901794997, 47.687425353294898 ], [ -117.518042023255006, 47.687164039441903 ], [ -117.518270982063001, 47.687080952662399 ], [ -117.518289947141, 47.6871791940262 ], [ -117.518380818620997, 47.687240861463998 ], [ -117.518451197657996, 47.687275408734898 ], [ -117.518596198249, 47.687255590152802 ], [ -117.518679769322006, 47.687303420371101 ], [ -117.518720671568005, 47.687319821859901 ], [ -117.518760415049996, 47.687332781548598 ], [ -117.518803666956003, 47.687345321363203 ], [ -117.518854928669001, 47.687353551928197 ], [ -117.518900278947996, 47.687367662216602 ], [ -117.518994668418998, 47.687395785974701 ], [ -117.519040937140005, 47.687409652714003 ], [ -117.519081558896005, 47.687418715907299 ], [ -117.519140732069005, 47.687426146648498 ], [ -117.519181001047002, 47.687433764570201 ], [ -117.519222899056004, 47.687430170252703 ], [ -117.519263299984999, 47.687412012696001 ], [ -117.519321967943995, 47.687405999445701 ], [ -117.519359886049997, 47.687390501119197 ], [ -117.519377470088997, 47.687346998558503 ], [ -117.519377749198995, 47.687315382925497 ], [ -117.519375127760995, 47.687286758664797 ], [ -117.519371987268002, 47.687256721412901 ], [ -117.519362369806998, 47.687228342963401 ], [ -117.519344561796999, 47.687199748748696 ], [ -117.519320307737999, 47.687173509614702 ], [ -117.519287397276003, 47.687154489827599 ], [ -117.519223113855006, 47.687129174134398 ], [ -117.519181265056005, 47.687112190455998 ], [ -117.519128771379002, 47.687086143836503 ], [ -117.519129585239, 47.687050122301699 ], [ -117.519149304211993, 47.687011199849003 ], [ -117.519187217977006, 47.686995824866599 ], [ -117.519221240037993, 47.686958628227899 ], [ -117.519243389449002, 47.686903192950901 ], [ -117.519213666075999, 47.686876468372503 ], [ -117.519226960582003, 47.686840072741198 ], [ -117.519230511516994, 47.686808496286801 ], [ -117.519228745812001, 47.686778946781999 ], [ -117.519221791731994, 47.686750115378302 ], [ -117.519207245860997, 47.6867235236666 ], [ -117.519198561929002, 47.686684058490599 ], [ -117.519182476278004, 47.686658465291003 ], [ -117.519172806208005, 47.686629463519203 ], [ -117.519167482910007, 47.686599664676599 ], [ -117.519154346921994, 47.686567434008403 ], [ -117.519172404732998, 47.6865301917395 ], [ -117.519203787026001, 47.6865118167714 ], [ -117.519241944422006, 47.686497800221701 ], [ -117.519281987783003, 47.686486516728301 ], [ -117.519321626624006, 47.686478647885302 ], [ -117.519371032970994, 47.6864620727169 ], [ -117.519408828603005, 47.6864430325247 ], [ -117.519450005737994, 47.686432005673801 ], [ -117.519491587138006, 47.686418885008898 ], [ -117.519539282956003, 47.686411890182001 ], [ -117.519585872584003, 47.686398167353502 ], [ -117.519626397807002, 47.686392348569797 ], [ -117.519670107932001, 47.686378098884099 ], [ -117.519712257131999, 47.686371844423903 ], [ -117.519763092266004, 47.686365519111298 ], [ -117.519807490063997, 47.686365635610599 ], [ -117.519845016714001, 47.686352537684698 ], [ -117.519846640020006, 47.686302815249498 ], [ -117.519863062962003, 47.686274092116001 ], [ -117.519890790122005, 47.686241939120102 ], [ -117.519904658338007, 47.686210239413803 ], [ -117.519897252592003, 47.686170179145002 ], [ -117.519915128639994, 47.686128256067803 ], [ -117.519931024936, 47.686102997631203 ], [ -117.519950370686999, 47.686066035527702 ], [ -117.519954393418004, 47.686037466644599 ], [ -117.519915204466997, 47.686011183734998 ], [ -117.519871005458995, 47.686000467966501 ], [ -117.519812325176005, 47.685978789283602 ], [ -117.519766034778996, 47.6859571345273 ], [ -117.519799697414996, 47.685926251235898 ], [ -117.519843067099004, 47.685923512904303 ], [ -117.519886920370993, 47.685921702729097 ], [ -117.519887833897997, 47.685921645503498 ], [ -117.519940556110001, 47.685918341992398 ], [ -117.519993957048001, 47.685905300751301 ], [ -117.520029366938005, 47.685923401142297 ], [ -117.520045224889003, 47.685958643510197 ], [ -117.520060523994999, 47.685984178972603 ], [ -117.520108371587995, 47.685978156773302 ], [ -117.520148933851004, 47.685955997782898 ], [ -117.520178172597994, 47.6859217881834 ], [ -117.520215540928007, 47.685906344248203 ], [ -117.520226554087998, 47.685868960090602 ], [ -117.520217037768006, 47.685841929105202 ], [ -117.520218209953001, 47.685812270914802 ], [ -117.520237386477007, 47.685782844216298 ], [ -117.520245808991007, 47.685749456890697 ], [ -117.520244952701006, 47.685718150517097 ], [ -117.520249073908005, 47.685689587473703 ], [ -117.520246829743002, 47.685651371746999 ], [ -117.520213181095997, 47.685618353320201 ], [ -117.520191085470998, 47.685594341410102 ], [ -117.520160762627995, 47.6855740387604 ], [ -117.520133131720002, 47.685537546004198 ], [ -117.520121128268997, 47.685524909134799 ], [ -117.520102056598006, 47.685504829898797 ], [ -117.520103617659998, 47.6855044998049 ], [ -117.520093030211001, 47.685497179563697 ], [ -117.520013466741005, 47.685442163717298 ], [ -117.520039158556997, 47.685407720987698 ], [ -117.520161971782002, 47.685415946082401 ], [ -117.520329437876995, 47.685218621752 ], [ -117.520498403876005, 47.685224565013201 ], [ -117.520792409951, 47.685234906408702 ], [ -117.521006390110003, 47.685466997492298 ], [ -117.521416394544005, 47.685476103306797 ], [ -117.522925837836993, 47.685509611447799 ], [ -117.523095800058002, 47.685513383293099 ], [ -117.523118483494002, 47.685522890343599 ], [ -117.523223142522994, 47.685610684363702 ], [ -117.523224898487996, 47.685609192632903 ], [ -117.523253513198, 47.685623257847098 ], [ -117.523291574409996, 47.685658549678102 ], [ -117.523286024103996, 47.685753093313799 ], [ -117.523315514011998, 47.685822809002197 ], [ -117.523361488448998, 47.685873218674097 ], [ -117.523305154550002, 47.685946642343801 ], [ -117.523223695076993, 47.686040212175698 ], [ -117.52322018033, 47.686044249282403 ], [ -117.523251198541999, 47.686059322977798 ], [ -117.523288949589997, 47.686085554621002 ], [ -117.523384177508007, 47.686121962346803 ], [ -117.523459210490998, 47.686143228089598 ], [ -117.523595433072003, 47.686148730410302 ], [ -117.523664456695002, 47.686219132978898 ], [ -117.523678587827007, 47.686266380281097 ], [ -117.523744240175006, 47.6862724627128 ], [ -117.524020234027006, 47.686202259412198 ], [ -117.524078853779997, 47.686117529219899 ], [ -117.524124673911999, 47.686027006247301 ], [ -117.524228292041002, 47.685904923348197 ], [ -117.524322523834002, 47.685786323071298 ], [ -117.524457445, 47.685675640087702 ], [ -117.524472872019999, 47.685631714698097 ], [ -117.524618223074, 47.685597561626203 ], [ -117.524878188746001, 47.685570632973899 ], [ -117.525121368224006, 47.685543650987903 ], [ -117.525236957578997, 47.685566984786 ], [ -117.525359124481, 47.6856183441366 ], [ -117.525667337353994, 47.685658050327497 ], [ -117.525825056483001, 47.685617855582301 ], [ -117.525946120396, 47.685511042178 ], [ -117.525934333718993, 47.685445082644002 ], [ -117.525911957527995, 47.6853389302483 ], [ -117.525902337659005, 47.685163748268302 ], [ -117.525908409671999, 47.685069485529603 ], [ -117.526004218378006, 47.684939807628702 ], [ -117.526116233769997, 47.684834540828902 ], [ -117.526147553561998, 47.684747751880401 ], [ -117.526355589613004, 47.684701924330298 ], [ -117.526486895236005, 47.6846643215017 ], [ -117.526608929847995, 47.684606247170599 ], [ -117.526713338966005, 47.684602636735796 ], [ -117.526849425077003, 47.684625517613298 ], [ -117.526951096866, 47.684651496834903 ], [ -117.527074330304998, 47.684761156491398 ], [ -117.527164156347993, 47.6848414452854 ], [ -117.527310127134996, 47.684909366874599 ], [ -117.527426583898006, 47.6849533595447 ], [ -117.527568651360994, 47.685009934626699 ], [ -117.527604611192999, 47.685082106447602 ], [ -117.527598187137997, 47.685136266263903 ], [ -117.527554761632999, 47.685238158148401 ], [ -117.527502651549995, 47.6853193735923 ], [ -117.527520258514997, 47.685406151224797 ], [ -117.527503712371995, 47.685493974842998 ], [ -117.527541947697003, 47.685612335001302 ], [ -117.527614729337998, 47.685653778564799 ], [ -117.527631970342, 47.685706219866603 ], [ -117.527674902946998, 47.685801436940899 ], [ -117.527711566310998, 47.6859077527225 ], [ -117.527714082453002, 47.685980185375499 ], [ -117.527705327383003, 47.6859862100223 ], [ -117.527699267244998, 47.686034570932598 ], [ -117.527732077314994, 47.686133762936201 ], [ -117.527740375700006, 47.686142435460098 ], [ -117.528042534245998, 47.686265813095197 ], [ -117.528098111933005, 47.6864024476873 ], [ -117.528163647726998, 47.686420411412001 ], [ -117.528247791991006, 47.686434798318501 ], [ -117.528381703950998, 47.686344250465403 ], [ -117.528550805654007, 47.686241828034497 ], [ -117.528684914365996, 47.6861612249944 ], [ -117.528833053434994, 47.686059215447003 ], [ -117.528983152066999, 47.685963271031497 ], [ -117.529117672929999, 47.685896283626803 ], [ -117.529275288085003, 47.685814389192601 ], [ -117.529636774614005, 47.686024571575501 ], [ -117.529854146022004, 47.686065499186903 ], [ -117.529929465585994, 47.686079680872702 ], [ -117.529947771395996, 47.686109923136101 ], [ -117.530067438588006, 47.686236068150102 ], [ -117.530133320657995, 47.686305517690002 ], [ -117.530150879477006, 47.686297922570503 ], [ -117.530237449172006, 47.686333337074799 ], [ -117.530340336631994, 47.686379763982302 ], [ -117.530612093303006, 47.686411167530103 ], [ -117.531050640060002, 47.686432095489501 ], [ -117.531444502485002, 47.686479770207299 ], [ -117.531773596506994, 47.686475842223103 ], [ -117.531916286374994, 47.6865276258427 ], [ -117.532007990834003, 47.686674456435199 ], [ -117.532000629055005, 47.686790204808801 ], [ -117.531977651082002, 47.686858354776803 ], [ -117.532013714086006, 47.686978209919602 ], [ -117.532154064891003, 47.687024024202898 ], [ -117.532285026582002, 47.687147600546297 ], [ -117.532464195884003, 47.6872317535923 ], [ -117.532484899622006, 47.687199823595201 ], [ -117.532582813587993, 47.687137456783802 ], [ -117.532648280250996, 47.687059781537698 ], [ -117.532919195397994, 47.686965573602002 ], [ -117.533276931665995, 47.686757509337497 ], [ -117.533382542634996, 47.6866034679122 ], [ -117.533499101315996, 47.686570991335699 ], [ -117.533604407778995, 47.686559911354003 ], [ -117.533768663787001, 47.686551609993302 ], [ -117.533905184031994, 47.686558255796903 ], [ -117.534106343353002, 47.686557195454803 ], [ -117.534293266549994, 47.686546398036398 ], [ -117.534592452561, 47.686541698755903 ], [ -117.534916156400001, 47.6865480352715 ], [ -117.535110787001003, 47.686523850676402 ], [ -117.535166990370996, 47.6864452175341 ], [ -117.535157697238006, 47.686407682807499 ], [ -117.535165649779998, 47.6863738232949 ], [ -117.535214499201999, 47.686330400105099 ], [ -117.535194280808, 47.686301984240799 ], [ -117.535178879788006, 47.686268780712403 ], [ -117.535211805873999, 47.686243748445399 ], [ -117.535262666929995, 47.686235722772501 ], [ -117.535294478189002, 47.686215432080999 ], [ -117.535314376008003, 47.686186729208202 ], [ -117.535311441095004, 47.686153448642898 ], [ -117.535263107009001, 47.686127784989303 ], [ -117.535257826621006, 47.686099294051999 ], [ -117.535295074385004, 47.6860822558682 ], [ -117.535298537165005, 47.686048485672302 ], [ -117.535278314628002, 47.6860123650942 ], [ -117.535262738385995, 47.685982349384901 ], [ -117.535234394260002, 47.6859535188458 ], [ -117.535258711083003, 47.6859204359736 ], [ -117.535246587621003, 47.6858814559235 ], [ -117.535232739609, 47.6858467434364 ], [ -117.535226244279997, 47.685816062720001 ], [ -117.535200280089995, 47.685781368953997 ], [ -117.535190920817001, 47.685751687743497 ], [ -117.535187236100001, 47.685718565430697 ], [ -117.535214025132007, 47.685693347638903 ], [ -117.535223572741998, 47.685661983843303 ], [ -117.535255043955999, 47.685643914483997 ], [ -117.535218246460005, 47.685616755558598 ], [ -117.535173821781996, 47.6856411792293 ], [ -117.535127607994994, 47.685642720129202 ], [ -117.535115296426, 47.685607870893897 ], [ -117.535106433760006, 47.685580747210899 ], [ -117.535101979624002, 47.685544826592803 ], [ -117.535107219002995, 47.685513951678502 ], [ -117.535115105285001, 47.685478183157002 ], [ -117.535119296524996, 47.685442150238302 ], [ -117.535119580629996, 47.6854103896626 ], [ -117.535130411248005, 47.685381873966499 ], [ -117.535089192303005, 47.685387367648801 ], [ -117.535035123919997, 47.685378112785401 ], [ -117.535033236312003, 47.685340246586001 ], [ -117.535008947899001, 47.685316936073299 ], [ -117.534982930775001, 47.6853063473934 ], [ -117.534969585024996, 47.685300915608501 ], [ -117.534924970839, 47.685292062001601 ], [ -117.534896658163007, 47.685271465942598 ], [ -117.534895505086993, 47.685243136598402 ], [ -117.534879550087993, 47.685213826220703 ], [ -117.534878031516001, 47.685179852510601 ], [ -117.534913899737006, 47.685157611198399 ], [ -117.534967362928001, 47.685169472880801 ], [ -117.535010480406001, 47.6851811704312 ], [ -117.535050062234006, 47.685190985933303 ], [ -117.535093525391005, 47.685186709987903 ], [ -117.535106937988004, 47.685185390457399 ], [ -117.535154531364, 47.685183934907897 ], [ -117.535181362599005, 47.685185273694898 ], [ -117.535204678285993, 47.6851864372221 ], [ -117.535244918258002, 47.685151302376802 ], [ -117.535294924558997, 47.685164547685403 ], [ -117.535344623723006, 47.685183715804598 ], [ -117.535382971447007, 47.685204831787701 ], [ -117.535438034384001, 47.6852206591795 ], [ -117.535484923658998, 47.6852414104521 ], [ -117.535519405857002, 47.685256529453198 ], [ -117.535570609752995, 47.685272982138002 ], [ -117.535575580401002, 47.685274981624602 ], [ -117.535674735333998, 47.685315009405898 ], [ -117.535706117665995, 47.685331891079201 ], [ -117.535741197807994, 47.685348526036996 ], [ -117.535789218182003, 47.685369756880903 ], [ -117.535832450415, 47.685386510304902 ], [ -117.535879500527003, 47.685388589496597 ], [ -117.535925880072, 47.685408328026298 ], [ -117.535950539886997, 47.685432729833103 ], [ -117.535998023404005, 47.685447975114499 ], [ -117.536045609501997, 47.6854641259674 ], [ -117.536091688206, 47.685480890289597 ], [ -117.536126421448003, 47.685497199233097 ], [ -117.536169867561995, 47.6855132182163 ], [ -117.536210392212993, 47.685516300417603 ], [ -117.536255367356006, 47.6855336798764 ], [ -117.536296325768006, 47.685551907681003 ], [ -117.53634649352, 47.685568880431298 ], [ -117.536384865797999, 47.685582316410198 ], [ -117.536430519513004, 47.685585421345301 ], [ -117.536461941537993, 47.6856117223384 ], [ -117.536506034118005, 47.685626052898797 ], [ -117.536554861143998, 47.685641949401003 ], [ -117.536599473045001, 47.6856635161624 ], [ -117.536651073976998, 47.685680801495998 ], [ -117.536696023985002, 47.685699729406899 ], [ -117.536744426110005, 47.685719656094697 ], [ -117.536788858180998, 47.685736408943797 ], [ -117.536828999798004, 47.685755254923301 ], [ -117.536856709014998, 47.685780182130699 ], [ -117.536904450717003, 47.685794430680801 ], [ -117.536950527464995, 47.685814844141603 ], [ -117.536993553575996, 47.685828839391299 ], [ -117.537042112883995, 47.685848219056098 ], [ -117.537089658705, 47.685866220494802 ], [ -117.537138160195994, 47.685882946962103 ], [ -117.537179788643996, 47.685900059196001 ], [ -117.537217024455003, 47.685914763496399 ], [ -117.537256632034996, 47.685933090858299 ], [ -117.537289840580002, 47.685955921836097 ], [ -117.537336569363006, 47.685974014275999 ], [ -117.537384675606006, 47.685981950818601 ], [ -117.537429271267001, 47.685992924318001 ], [ -117.537468057501997, 47.686009760932599 ], [ -117.537517579300001, 47.686024997836498 ], [ -117.537554419204994, 47.686038113085097 ], [ -117.537598725565999, 47.686056844807403 ], [ -117.537639006519001, 47.686074026171802 ], [ -117.537678391973003, 47.686090421718603 ], [ -117.537716732446, 47.686102896443998 ], [ -117.537770381814994, 47.6860970646323 ], [ -117.537809009232006, 47.686109840305498 ], [ -117.537835356521995, 47.686133137873703 ], [ -117.537888692512993, 47.686142186103503 ], [ -117.537930827026997, 47.686163243891201 ], [ -117.537979214768995, 47.686172224399698 ], [ -117.538029927452996, 47.686185969975398 ], [ -117.538073485183006, 47.686206509966901 ], [ -117.538108832690995, 47.686228280642901 ], [ -117.538150540493007, 47.686246313518303 ], [ -117.538181943712999, 47.686270663421197 ], [ -117.538222390821005, 47.6862829778349 ], [ -117.538263899515997, 47.686306387739798 ], [ -117.538309831884007, 47.686326400932501 ], [ -117.538357328564004, 47.686342002384102 ], [ -117.538397696535, 47.686357364634397 ], [ -117.538446057596005, 47.686368388453097 ], [ -117.538488064274006, 47.686385919529897 ], [ -117.538529004569, 47.686390207355501 ], [ -117.538567712545003, 47.686410510785898 ], [ -117.538606855088005, 47.686426426675403 ], [ -117.538659905196994, 47.686428114854998 ], [ -117.538696992162997, 47.686450933515601 ], [ -117.538734836141003, 47.686465869307902 ], [ -117.538783260228001, 47.6864754917436 ], [ -117.538823181750004, 47.686484616022703 ], [ -117.538873372180007, 47.686494050171497 ], [ -117.538929168585994, 47.686507371076097 ], [ -117.538981938120003, 47.686515833007199 ], [ -117.539022912198007, 47.686536060855801 ], [ -117.539066897349002, 47.686546804445101 ], [ -117.539110006810006, 47.686562697027199 ], [ -117.539161399375999, 47.686567225244502 ], [ -117.539203393547993, 47.686582857599397 ], [ -117.539214064226002, 47.686588275368798 ], [ -117.539225948525996, 47.686594310076003 ], [ -117.539243908927006, 47.686603429437703 ], [ -117.539291051877996, 47.686614783442202 ], [ -117.539340457240996, 47.686621720610503 ], [ -117.539380664614001, 47.686637354100903 ], [ -117.539427166047005, 47.686651101758798 ], [ -117.539472895632997, 47.686663524063697 ], [ -117.539517926513, 47.686674865410602 ], [ -117.539569801083999, 47.686685545617898 ], [ -117.539615754753996, 47.686697983008102 ], [ -117.539660694964994, 47.686706858450798 ], [ -117.539710351733007, 47.686722006494797 ], [ -117.539752279656, 47.686736872354601 ], [ -117.539795127996001, 47.686748601763398 ], [ -117.539842708609001, 47.686757147993703 ], [ -117.539886757112001, 47.686768831232101 ], [ -117.539926751655003, 47.686787185542499 ], [ -117.539980903116998, 47.686788255184503 ], [ -117.540027276149004, 47.686800120880697 ], [ -117.540078261223002, 47.686810065431899 ], [ -117.540124995997004, 47.686825730921797 ], [ -117.540178586964998, 47.686833684563702 ], [ -117.540233315967001, 47.686845771772802 ], [ -117.540279115586998, 47.686855521104299 ], [ -117.540327157674994, 47.686865123092502 ], [ -117.540373663937999, 47.6868804557418 ], [ -117.540420213234995, 47.686891050870997 ], [ -117.540461680814005, 47.686897697424598 ], [ -117.540498533076004, 47.686913554173202 ], [ -117.540536497478001, 47.686923425787597 ], [ -117.540584825375007, 47.686937593563101 ], [ -117.540629531665999, 47.686943912576901 ], [ -117.540680485107998, 47.686946516671199 ], [ -117.540719178871001, 47.686960424763598 ], [ -117.540756150473001, 47.686982014213001 ], [ -117.540795030850006, 47.686994763393997 ], [ -117.540838059267998, 47.687002729618698 ], [ -117.540888194157006, 47.687010188148697 ], [ -117.540935029009006, 47.687022861995203 ], [ -117.540984932586994, 47.687032561105397 ], [ -117.541028183685995, 47.687036283784899 ], [ -117.541065240156996, 47.687048925403701 ], [ -117.541117170213994, 47.687055627658303 ], [ -117.541162249432006, 47.687064231925703 ], [ -117.541211028342005, 47.687073793178001 ], [ -117.541252486016006, 47.687083966597903 ], [ -117.541292656406995, 47.6870920721014 ], [ -117.541324910295003, 47.687115894361703 ], [ -117.541369364876005, 47.687122332144803 ], [ -117.541414837987006, 47.687132291310398 ], [ -117.541461274401001, 47.687144168724501 ], [ -117.541502039183996, 47.687170040942704 ], [ -117.541510667298994, 47.687185872198398 ], [ -117.541499604951994, 47.6872137138553 ], [ -117.541478056581994, 47.687226334968599 ], [ -117.541454139731002, 47.687251519969898 ], [ -117.541434713632995, 47.687279807783597 ], [ -117.541423092645005, 47.687310973126202 ], [ -117.541401894402, 47.687346616832002 ], [ -117.541365157841994, 47.687365820334001 ], [ -117.541315210708007, 47.687368820073502 ], [ -117.541265393081005, 47.687362571326403 ], [ -117.541220865468006, 47.687355404132703 ], [ -117.541200462833999, 47.687380765955702 ], [ -117.541206038569001, 47.687414294844302 ], [ -117.541217070076996, 47.687443864197199 ], [ -117.541212520781002, 47.6874759373232 ], [ -117.541212912269998, 47.687509272018801 ], [ -117.541212840504002, 47.687540204709201 ], [ -117.541207834904995, 47.687571321729799 ], [ -117.541210286823997, 47.687606361671399 ], [ -117.541203224982993, 47.687636179222203 ], [ -117.541209699106005, 47.687665994113203 ], [ -117.541178020003002, 47.687693899685399 ], [ -117.541151427084003, 47.687723726568002 ], [ -117.541126015887997, 47.687750054057901 ], [ -117.541087786562002, 47.687773387263 ], [ -117.541060732361998, 47.687794826828302 ], [ -117.541069976307, 47.687821888860803 ], [ -117.541095482830997, 47.687854760511001 ], [ -117.541091890174002, 47.687888634960302 ], [ -117.541093748650994, 47.687919256222997 ], [ -117.541121117505, 47.687947170340799 ], [ -117.541122631389001, 47.6879607074641 ], [ -117.541124966111994, 47.687981586451897 ], [ -117.541113970770994, 47.688013236484899 ], [ -117.541109020928005, 47.688017288104902 ], [ -117.541079591379003, 47.688041373406499 ], [ -117.541074135285996, 47.6880728803444 ], [ -117.541074648090003, 47.688104295252003 ], [ -117.541078961802, 47.688141422881699 ], [ -117.541079867495, 47.688175908656298 ], [ -117.541092277919006, 47.688205570489899 ], [ -117.541090829474996, 47.688240103356101 ], [ -117.541099603446995, 47.688274540328898 ], [ -117.541119902378, 47.688308682712197 ], [ -117.541109194846001, 47.6883414965898 ], [ -117.541109922366999, 47.688377048532701 ], [ -117.541119313278003, 47.688406325103202 ], [ -117.541129494868002, 47.688438351244898 ], [ -117.541137249447999, 47.688468017933403 ], [ -117.541133084763999, 47.688504049131197 ], [ -117.541122906821002, 47.688535245421498 ], [ -117.541103053046996, 47.6885509779773 ], [ -117.5411072494, 47.688592342280899 ], [ -117.541122828568007, 47.688630227474398 ], [ -117.541123491036998, 47.688670696973702 ], [ -117.541106595108999, 47.688705199211199 ], [ -117.541105173163004, 47.688716656409099 ], [ -117.541102040270005, 47.688741906175103 ], [ -117.541104487897002, 47.688758366750001 ], [ -117.541104485567999, 47.688759687625598 ], [ -117.541099916367003, 47.688786374801197 ], [ -117.541097379229001, 47.6888011988042 ], [ -117.541111430407, 47.6888243088572 ], [ -117.541131455536998, 47.688866743021201 ], [ -117.541131321698998, 47.688899666291498 ], [ -117.541139027311004, 47.6889269110236 ], [ -117.541147066793002, 47.6889604084921 ], [ -117.541109988985994, 47.688990283905397 ], [ -117.541128635432997, 47.689024905556103 ], [ -117.541120676280002, 47.689056115673402 ], [ -117.541136219080997, 47.689083642864503 ], [ -117.541162852178999, 47.689107356704802 ], [ -117.541123523704997, 47.689123205401799 ], [ -117.541084143177997, 47.689132477900998 ], [ -117.541121808989999, 47.689149774741601 ], [ -117.541126824840006, 47.689181981800701 ], [ -117.541132563654003, 47.689206397927997 ], [ -117.541106903598006, 47.6892347600634 ], [ -117.541076560110994, 47.689269367996602 ], [ -117.541057192189996, 47.6893018259019 ], [ -117.541044362535999, 47.689338208370003 ], [ -117.541032549451003, 47.689376377488102 ], [ -117.541010139573999, 47.689407329114204 ], [ -117.540980114844999, 47.689438886192498 ], [ -117.540964724052998, 47.689479410676299 ], [ -117.540966023322994, 47.689514203209797 ], [ -117.540949953078993, 47.6895504947706 ], [ -117.540929275457998, 47.689576549755401 ], [ -117.540903701182998, 47.689603956781497 ], [ -117.540870861141002, 47.689627713486601 ], [ -117.540839257086006, 47.689650120098101 ], [ -117.540804501419998, 47.689677296846298 ], [ -117.540784876950994, 47.689688062424601 ], [ -117.540763328443006, 47.689699882601403 ], [ -117.540717436731995, 47.689714478113999 ], [ -117.540668486957998, 47.689725748066202 ], [ -117.540629260966995, 47.689741643796602 ], [ -117.540583833135003, 47.689750585605999 ], [ -117.540583573630002, 47.6897395295384 ], [ -117.540583055382001, 47.689717491180701 ], [ -117.540575426702006, 47.689697158996097 ], [ -117.540570288206993, 47.689657955871702 ], [ -117.540561637761996, 47.689626822245401 ], [ -117.540563036989994, 47.689585297502902 ], [ -117.540565581102996, 47.689553205068698 ], [ -117.540555326581, 47.689514753959202 ], [ -117.540544754853997, 47.689478102086198 ], [ -117.540531845830998, 47.689442745196096 ], [ -117.540518946367996, 47.689408956560897 ], [ -117.540493741131002, 47.689373040344996 ], [ -117.540483243579004, 47.6893302759688 ], [ -117.540466069651998, 47.689296011686999 ], [ -117.540448818428004, 47.689264840280799 ], [ -117.540433851111004, 47.689236103693801 ], [ -117.540440203160003, 47.689206656648899 ], [ -117.540406837380999, 47.689190223808701 ], [ -117.540414388591003, 47.689152117115697 ], [ -117.540403379875002, 47.689121520947801 ], [ -117.540446752107997, 47.689108170112597 ], [ -117.540490386684993, 47.689116085923203 ], [ -117.540485776533998, 47.689081963111398 ], [ -117.540442005128, 47.689063250685997 ], [ -117.540388398318996, 47.689056826854497 ], [ -117.540334853554, 47.6890591178921 ], [ -117.540290504672996, 47.689053384632302 ], [ -117.540243463112006, 47.689034146766403 ], [ -117.540199426528005, 47.689032972942499 ], [ -117.540165416782003, 47.6890487539821 ], [ -117.540140280508993, 47.689071101163101 ], [ -117.540097335916997, 47.689068182001698 ], [ -117.540058022986997, 47.689045033265501 ], [ -117.540028844023993, 47.689019269774299 ], [ -117.540020145612004, 47.688990289482902 ], [ -117.540004261522995, 47.688963462869197 ], [ -117.539987339887006, 47.688932942175398 ], [ -117.539964041139001, 47.688906351098098 ], [ -117.539935610868, 47.688886751992897 ], [ -117.539886760572003, 47.6888633133605 ], [ -117.539835611547005, 47.688853942652003 ], [ -117.539782589851995, 47.688855638021799 ], [ -117.539737242878005, 47.688866544218499 ], [ -117.539729497403997, 47.6888360100155 ], [ -117.539690052528996, 47.688857519231703 ], [ -117.539675797141001, 47.688885728432098 ], [ -117.539667939059001, 47.688914546380701 ], [ -117.539628677671999, 47.688943387849903 ], [ -117.539588053499003, 47.6889645246725 ], [ -117.539570205795997, 47.688991739408898 ], [ -117.539548388040004, 47.689011304058198 ], [ -117.539532323209002, 47.6890304997399 ], [ -117.539510011388998, 47.689062761580203 ], [ -117.539477491013997, 47.689082009430301 ], [ -117.539435949045, 47.689110950632099 ], [ -117.539401263423997, 47.689137460797397 ], [ -117.539369053274001, 47.689166901568399 ], [ -117.539351968402997, 47.689198068979003 ], [ -117.539337841945994, 47.689229116308397 ], [ -117.539315394653997, 47.689262217333301 ], [ -117.539294794845006, 47.689294724819199 ], [ -117.539266733361004, 47.689324599546801 ], [ -117.539225141740999, 47.689346168177302 ], [ -117.539181844767995, 47.689346183583901 ], [ -117.539130643205993, 47.689344420375697 ], [ -117.539083566532, 47.689344130486198 ], [ -117.539040842839, 47.689346887449098 ], [ -117.538985830689001, 47.689348805046698 ], [ -117.538936275845003, 47.689354120616201 ], [ -117.538894645572, 47.689360698216902 ], [ -117.538857247836006, 47.689374673641503 ], [ -117.538808276165, 47.689393658443201 ], [ -117.538775005155998, 47.689416536595999 ], [ -117.538749301010995, 47.689439587058502 ], [ -117.538729745083003, 47.689472050850199 ], [ -117.538704148723994, 47.689495867401597 ], [ -117.538673939237, 47.689528516164799 ], [ -117.538647210907001, 47.689560174126001 ], [ -117.538638550399995, 47.689591237097503 ], [ -117.538627435617002, 47.689623630653699 ], [ -117.538627615988005, 47.6896533141635 ], [ -117.538630225728994, 47.6896835198338 ], [ -117.538618779266002, 47.689713211132599 ], [ -117.538598930129993, 47.689738311648298 ], [ -117.538575408412001, 47.689761089992999 ], [ -117.538543946773004, 47.689792514610097 ], [ -117.538515312971001, 47.689823171938599 ], [ -117.538486375069994, 47.689858208074398 ], [ -117.538457444295005, 47.689897047502399 ], [ -117.538445236068995, 47.689932625962001 ], [ -117.53844388, 47.689968797732803 ], [ -117.538442137958995, 47.690002038960003 ], [ -117.538437964704997, 47.690035486845602 ], [ -117.538436277971996, 47.690063226611201 ], [ -117.538418313848993, 47.690088028522197 ], [ -117.538411475117996, 47.690115626903797 ], [ -117.538392961018005, 47.6901411170169 ], [ -117.538381050089995, 47.690182026117597 ], [ -117.538205277524995, 47.690173736019197 ], [ -117.538159335114997, 47.690174963742599 ], [ -117.538098162946, 47.690179880848703 ], [ -117.538027723531002, 47.690182310319202 ], [ -117.537947833518999, 47.690185414792602 ], [ -117.537901332188994, 47.690179850860197 ], [ -117.537853744092004, 47.690180440140097 ], [ -117.537808586010001, 47.690183816299403 ], [ -117.537762062061006, 47.690189272814898 ], [ -117.537716550129005, 47.690189210770797 ], [ -117.537669933296996, 47.690190040160601 ], [ -117.537624299471005, 47.690195233315201 ], [ -117.537575161670006, 47.690200115350798 ], [ -117.537524773011995, 47.690201541805102 ], [ -117.537475719290001, 47.690200730551702 ], [ -117.537433066841004, 47.690199213567503 ], [ -117.537384640634002, 47.6901943665613 ], [ -117.537337982043994, 47.690188407237798 ], [ -117.537292612737005, 47.690188607990699 ], [ -117.537248158940002, 47.690189068971797 ], [ -117.537206557397994, 47.690192041340403 ], [ -117.537145674382998, 47.690189050294997 ], [ -117.537101887421002, 47.690192158823997 ], [ -117.537048148745001, 47.690198015027399 ], [ -117.537109650906999, 47.6902435255151 ], [ -117.537067059082005, 47.690249603080098 ], [ -117.537057390346007, 47.690276409330203 ], [ -117.537054648774003, 47.6903105090949 ], [ -117.537063980694001, 47.690346037872501 ], [ -117.537049543880997, 47.690378688857699 ], [ -117.537027955425003, 47.690404900358097 ], [ -117.537004774726995, 47.690428540561598 ], [ -117.536962177099994, 47.6904288757747 ], [ -117.536962536822998, 47.690461842607803 ], [ -117.536996994144005, 47.690488439651702 ], [ -117.537025582997003, 47.690517017553901 ], [ -117.537045427178995, 47.6905542867771 ], [ -117.537052708310995, 47.690589044150997 ], [ -117.537053402360002, 47.690621080854399 ], [ -117.537053027347, 47.690656592978499 ], [ -117.537038905106996, 47.690689519617798 ], [ -117.537049259000995, 47.690723081210301 ], [ -117.537061364557005, 47.690759814394298 ], [ -117.537050199619003, 47.690793671952498 ], [ -117.537054914859993, 47.690829277221503 ], [ -117.537050575920006, 47.690861216910498 ], [ -117.537054232255997, 47.6908985609941 ], [ -117.537062104046996, 47.690933861761998 ], [ -117.537058424568997, 47.690968119773601 ], [ -117.537062607726995, 47.690998884963498 ], [ -117.537053213709001, 47.691027930353897 ], [ -117.537054107589, 47.691068916142598 ], [ -117.537052244345006, 47.691106017027003 ], [ -117.537048384203004, 47.691141241337199 ], [ -117.537050384322995, 47.691179516336 ], [ -117.537050474644005, 47.691214533204203 ], [ -117.537051489519001, 47.691242122633597 ], [ -117.537052954377998, 47.691276288182998 ], [ -117.537052876418002, 47.6913037405632 ], [ -117.537055254107997, 47.691336605269797 ], [ -117.537054325070997, 47.691375007347901 ], [ -117.537057237015006, 47.691415646274699 ], [ -117.537057134145002, 47.691443657528502 ], [ -117.537057862390995, 47.6914805807235 ], [ -117.537060591409997, 47.691514175298501 ], [ -117.537061801041006, 47.6915482718587 ], [ -117.537068130139005, 47.6915842609694 ], [ -117.537069022788998, 47.691624994823897 ], [ -117.537065990631007, 47.69165403113 ], [ -117.537066626812006, 47.6916887359192 ], [ -117.537068393292998, 47.691718918567403 ], [ -117.537054748445001, 47.691754107691501 ], [ -117.537064849901995, 47.691791745520803 ], [ -117.537069867745004, 47.691821248919503 ], [ -117.537068165717997, 47.691850949328298 ], [ -117.537069078962006, 47.691879021507503 ], [ -117.537078398361999, 47.691905773966901 ], [ -117.537107245141996, 47.691927074187298 ], [ -117.537116365849997, 47.691955368881203 ], [ -117.537110675413999, 47.691985868060698 ], [ -117.537113393179993, 47.6920187500655 ], [ -117.537102917024001, 47.692052999396601 ], [ -117.53710592553, 47.692088887974698 ], [ -117.537120719995997, 47.6921278831786 ], [ -117.537135045887993, 47.6921553770024 ], [ -117.537147479065993, 47.692179981522301 ], [ -117.537131708640004, 47.692282273821 ], [ -117.537127159929994, 47.692319358477 ], [ -117.537117591449004, 47.692355182656698 ], [ -117.537106867348996, 47.692389820947902 ], [ -117.537100250357994, 47.692426390716903 ], [ -117.537101041645997, 47.692457508288598 ], [ -117.537120231355999, 47.692488327393598 ], [ -117.537116945300994, 47.692522229946199 ], [ -117.537095410286, 47.692546459903198 ], [ -117.537108642627004, 47.692573480168903 ], [ -117.537111138241002, 47.692603672895501 ], [ -117.537116797146993, 47.6926338193229 ], [ -117.537140676722004, 47.692667634302097 ], [ -117.537157292955001, 47.692692984942397 ], [ -117.537175932444995, 47.6927256259494 ], [ -117.537187253371997, 47.692752083798901 ], [ -117.537188848906993, 47.692790135735997 ], [ -117.537173416789997, 47.692819230089199 ], [ -117.537166738834998, 47.692852329728602 ], [ -117.537170004982002, 47.692880075967601 ], [ -117.537175037485994, 47.6929172192416 ], [ -117.537174209133994, 47.692948419073304 ], [ -117.537166242588, 47.692978027335201 ], [ -117.537174796727001, 47.693009267821999 ], [ -117.537179110284995, 47.693037913426302 ], [ -117.537185143581993, 47.693074400579697 ], [ -117.537193619120998, 47.693103435194601 ], [ -117.537200646781002, 47.693132801404502 ], [ -117.537201700189996, 47.693164390124203 ], [ -117.537206017559996, 47.6932028765018 ], [ -117.537198944466994, 47.693337775354898 ], [ -117.537196286303001, 47.693372864462098 ], [ -117.537195526153994, 47.693410704280197 ], [ -117.537191732842999, 47.693445304727099 ], [ -117.537182071565994, 47.693478986085601 ], [ -117.537159173004, 47.693507773474003 ], [ -117.537127169620007, 47.693525027927201 ], [ -117.537053810558007, 47.6935166363223 ], [ -117.537000014045006, 47.693500317018703 ], [ -117.536956338094996, 47.693488546359902 ], [ -117.536893949236003, 47.693482302356898 ], [ -117.536850670017003, 47.693473733885199 ], [ -117.536804777422006, 47.6934571165771 ], [ -117.536752182398004, 47.693442932990699 ], [ -117.536713640212994, 47.693433123119398 ], [ -117.536671505011995, 47.693428629689301 ], [ -117.536614489735996, 47.693422131860103 ], [ -117.536569096546998, 47.6934070273361 ], [ -117.536528945628007, 47.693396155098 ], [ -117.536479483376993, 47.693397252840803 ], [ -117.536450436283999, 47.693372978762 ], [ -117.536409698187001, 47.693337203573201 ], [ -117.536401809064998, 47.693307873735101 ], [ -117.536406097704997, 47.693273441055098 ], [ -117.536429680197003, 47.693248417059202 ], [ -117.536441176799997, 47.693218481926202 ], [ -117.536437735210001, 47.693191135986801 ], [ -117.536398294695999, 47.693169726765198 ], [ -117.536336139813002, 47.6931731305068 ], [ -117.536281847005, 47.693166321063302 ], [ -117.536241179450997, 47.6931570284369 ], [ -117.536187475635003, 47.693149950763797 ], [ -117.536145084566002, 47.693147511612999 ], [ -117.536086842261994, 47.693153366809 ], [ -117.536043453302995, 47.693155117116397 ], [ -117.536002711516005, 47.693148719314799 ], [ -117.535955184445001, 47.693153058664002 ], [ -117.535903123186998, 47.693153458378802 ], [ -117.535863680698, 47.693163572451397 ], [ -117.535820208388003, 47.693176181497101 ], [ -117.535784635718002, 47.693200060160201 ], [ -117.535777523728996, 47.693233941843701 ], [ -117.535773992718006, 47.693271471572601 ], [ -117.535734105407002, 47.693296328621102 ], [ -117.535693534055994, 47.6933141265487 ], [ -117.535665529252, 47.693339925045201 ], [ -117.535643684058002, 47.693363375172403 ], [ -117.535586415070995, 47.6933529046293 ], [ -117.535589708662002, 47.6933886155525 ], [ -117.535575105836998, 47.693424486488198 ], [ -117.535558819957004, 47.693453604399899 ], [ -117.535517731555004, 47.693474417110302 ], [ -117.535456513563005, 47.693483460264098 ], [ -117.535413894146998, 47.693480218413299 ], [ -117.535372234782002, 47.693479629990101 ], [ -117.535310663841003, 47.693473201356099 ], [ -117.535258955955001, 47.693477038953198 ], [ -117.535210278197994, 47.693476799029199 ], [ -117.535168060801993, 47.693477157893902 ], [ -117.535118078737995, 47.693474482036301 ], [ -117.535070086005007, 47.693471508054103 ], [ -117.535019298110996, 47.693464054529599 ], [ -117.534972653474, 47.693442258216201 ], [ -117.534956786251996, 47.693415007054902 ], [ -117.534938308055999, 47.693382910201301 ], [ -117.534910894673004, 47.693353857532799 ], [ -117.534870793131006, 47.693326663543303 ], [ -117.534832280331997, 47.6933039142002 ], [ -117.534783154303, 47.6932823642152 ], [ -117.534737876741005, 47.693265079183298 ], [ -117.534684295587994, 47.693252261497598 ], [ -117.534642582656005, 47.693249151901597 ], [ -117.534586866832001, 47.693247312321702 ], [ -117.534535711241006, 47.693246884806101 ], [ -117.534483876237999, 47.693240744188998 ], [ -117.534442420941005, 47.6932388480108 ], [ -117.534393935666003, 47.693231468063203 ], [ -117.534342929559003, 47.693225320822798 ], [ -117.534275709574999, 47.693364475647698 ], [ -117.534283562862001, 47.693509529805198 ], [ -117.534282263738007, 47.693532386430398 ], [ -117.534275501248004, 47.693586361868903 ], [ -117.534273055918007, 47.693643654454803 ], [ -117.534276985895005, 47.693702481157302 ], [ -117.534286938714004, 47.693763169333899 ], [ -117.534291180343004, 47.693818973153803 ], [ -117.534304423535005, 47.6938748232362 ], [ -117.534321793597002, 47.693929837108001 ], [ -117.534346527254002, 47.693988799071299 ], [ -117.534375436177001, 47.694051266885801 ], [ -117.534405369892994, 47.694118287257702 ], [ -117.534435545335995, 47.694187958119102 ], [ -117.534468206949001, 47.694254294539 ], [ -117.534499467754998, 47.694323479849203 ], [ -117.534531195731006, 47.694393901058199 ], [ -117.534565076806999, 47.694463084040301 ], [ -117.534598737409993, 47.694531680488701 ], [ -117.534630992352007, 47.694603432672501 ], [ -117.534667138035999, 47.694677573603599 ], [ -117.534702834155993, 47.694750749363997 ], [ -117.534738061081001, 47.694825472204897 ], [ -117.534771804746995, 47.6949020167838 ], [ -117.534801690494007, 47.694979497098402 ], [ -117.534827849096999, 47.6950576705038 ], [ -117.534848364153007, 47.695135242167702 ], [ -117.534865736029005, 47.695213141598302 ], [ -117.534881582569994, 47.6952921422562 ], [ -117.534892199514999, 47.695370885660502 ], [ -117.534897817141996, 47.6954489550453 ], [ -117.534899972107993, 47.6955230950771 ], [ -117.534895724072001, 47.695595362841097 ], [ -117.534890146863006, 47.695665635710697 ], [ -117.534883446097993, 47.695734080984302 ], [ -117.534870884087994, 47.695798116810202 ], [ -117.534859974702997, 47.695857986192401 ], [ -117.534848719113, 47.695913587776502 ], [ -117.534837731631001, 47.695964391433698 ], [ -117.534824143294998, 47.696009921061297 ], [ -117.534811373362999, 47.696053376500998 ], [ -117.534802308582002, 47.696080549523003 ], [ -117.534794557607, 47.6961037844248 ], [ -117.534773694430001, 47.696128665830599 ], [ -117.534652750527002, 47.696150846398702 ], [ -117.534578218259995, 47.696164514747402 ], [ -117.534171052703996, 47.6963481060045 ], [ -117.533854219324994, 47.6964623450856 ], [ -117.533622252322004, 47.696528984914004 ], [ -117.533544458017005, 47.696693680688703 ], [ -117.533084767003004, 47.696715576150901 ], [ -117.532789149815997, 47.696792687272797 ], [ -117.532589715672998, 47.6969145422038 ], [ -117.532601895710997, 47.696917527793701 ], [ -117.532662240340002, 47.696992930053 ], [ -117.532914552714004, 47.696963552543501 ], [ -117.532910140864999, 47.696966658344699 ], [ -117.533048892390994, 47.697109404838699 ], [ -117.533086822743996, 47.697148427115799 ], [ -117.533034272083, 47.697260996737498 ], [ -117.53284872415, 47.697300412752803 ], [ -117.532704891891996, 47.697339785976403 ], [ -117.532548378814994, 47.697422572392099 ], [ -117.532516869329001, 47.697421567817898 ], [ -117.532312994953998, 47.697415067268501 ], [ -117.532234762906, 47.697336388057998 ], [ -117.532105118410996, 47.6973512074794 ], [ -117.531875819142996, 47.697370699636799 ], [ -117.531820337171993, 47.697426879298703 ], [ -117.531815633606996, 47.697449933411498 ], [ -117.531813001757996, 47.697461508553801 ], [ -117.531871186282999, 47.697562681648499 ], [ -117.531628766515993, 47.6975860329539 ], [ -117.531599083608995, 47.697609749843799 ], [ -117.531591633052003, 47.697639099766597 ], [ -117.531572082436, 47.697670066843799 ], [ -117.531560350294001, 47.697704733544498 ], [ -117.531557567543999, 47.697737266822003 ], [ -117.531537582501997, 47.697772966895798 ], [ -117.531537416383003, 47.697807633103203 ], [ -117.531543683332004, 47.697835049756698 ], [ -117.531514083304003, 47.6978612999918 ], [ -117.531467366683998, 47.697864533302202 ], [ -117.531424666842, 47.697871016855402 ], [ -117.531376383086993, 47.697864700029903 ], [ -117.531328383952996, 47.697846516599697 ], [ -117.531283333190004, 47.697853933250101 ], [ -117.531242367109996, 47.697875616620003 ], [ -117.531211083838997, 47.697898350170398 ], [ -117.531177649957002, 47.697919433591998 ], [ -117.531138249617001, 47.697940833447099 ], [ -117.531118083874006, 47.697975049662297 ], [ -117.531117133215005, 47.698002966725603 ], [ -117.531129549656001, 47.698032099591202 ], [ -117.531113933374996, 47.698063883363801 ], [ -117.531113766893995, 47.698095916843499 ], [ -117.531117466661001, 47.698128582961701 ], [ -117.531111666209, 47.698160599328901 ], [ -117.531107916918998, 47.698189200572898 ], [ -117.531111766939006, 47.698218550343199 ], [ -117.531117983789002, 47.698253649485203 ], [ -117.531091249439996, 47.698282449789403 ], [ -117.531057166205002, 47.698301566583297 ], [ -117.531006749935003, 47.698312216535101 ], [ -117.530952783078007, 47.698324316227101 ], [ -117.530901783944003, 47.698328233152402 ], [ -117.530854517115998, 47.698331666707602 ], [ -117.530818649414996, 47.698347267287197 ], [ -117.530776033314993, 47.6983684830426 ], [ -117.530734767449999, 47.698384983141601 ], [ -117.530708800612999, 47.698407750447998 ], [ -117.530683967680005, 47.698432983272497 ], [ -117.530664183370007, 47.698460966734302 ], [ -117.530646350517003, 47.698489366759297 ], [ -117.530625632837996, 47.698513900313998 ], [ -117.530603600180996, 47.698539800397398 ], [ -117.530570733242996, 47.698570849567801 ], [ -117.530540499411998, 47.698599483269099 ], [ -117.530504583221003, 47.698630433147301 ], [ -117.530477549997002, 47.698662932742003 ], [ -117.530439783925004, 47.698692716052001 ], [ -117.530413700194998, 47.698714367216297 ], [ -117.530392933680005, 47.698746983585799 ], [ -117.530373667085001, 47.698779650604003 ], [ -117.530351183874998, 47.698809116708098 ], [ -117.530325383043007, 47.698838433482699 ], [ -117.530306983824005, 47.698867267060102 ], [ -117.530296466723996, 47.698896866803203 ], [ -117.530260366991001, 47.698923683009198 ], [ -117.530218999780004, 47.698931166795902 ], [ -117.530177883568996, 47.698945267214697 ], [ -117.530144816811003, 47.698965332794302 ], [ -117.530089117496999, 47.6989804336161 ], [ -117.530034999690997, 47.698990616162298 ], [ -117.529988483601002, 47.699004933106401 ], [ -117.529942867022001, 47.699013450460299 ], [ -117.529897133698, 47.699015183171397 ], [ -117.529843433585, 47.699011216618203 ], [ -117.529803033752003, 47.698999216672398 ], [ -117.529752466136998, 47.698993833772398 ], [ -117.529706516084005, 47.698990616874802 ], [ -117.529662367379998, 47.698979966743998 ], [ -117.529613150087997, 47.698973017348997 ], [ -117.529564350517006, 47.698966383623798 ], [ -117.529513366436007, 47.698957116434897 ], [ -117.529469216677001, 47.698950699651398 ], [ -117.529437016909, 47.698927016919598 ], [ -117.529314184477997, 47.698956783815902 ], [ -117.529140022985004, 47.699064120695603 ], [ -117.528930397804004, 47.69910094387 ], [ -117.528742953431006, 47.699247576727601 ], [ -117.528543721942, 47.699397269698203 ], [ -117.528340470505995, 47.699434010246399 ], [ -117.528224180210998, 47.699589494058401 ], [ -117.528184800239003, 47.699692066415302 ], [ -117.528159866726995, 47.6997304834738 ], [ -117.528110983584995, 47.6997490169719 ], [ -117.528110884895, 47.6997490111277 ], [ -117.528065366736001, 47.6997463827338 ], [ -117.528065233117999, 47.6997823831313 ], [ -117.528077883614998, 47.6998089499969 ], [ -117.528078979759002, 47.699816130512602 ], [ -117.528073392650995, 47.699847169483398 ], [ -117.528072862550999, 47.699850110570502 ], [ -117.528072573653006, 47.699885648300501 ], [ -117.528079656084003, 47.699914252674297 ], [ -117.527979352117001, 47.700027144941402 ], [ -117.527952178047002, 47.700049616647597 ], [ -117.527943168768999, 47.700078086317902 ], [ -117.52792755422, 47.7001060681091 ], [ -117.527904563017998, 47.700130692603203 ], [ -117.527945052704993, 47.700097420896398 ], [ -117.527834771602002, 47.700358205467303 ], [ -117.527837660442998, 47.700391928137499 ], [ -117.527834699704002, 47.700420539131201 ], [ -117.527868308015002, 47.700436646066201 ], [ -117.527853755671003, 47.7004482597508 ], [ -117.527824127751998, 47.700456361696602 ], [ -117.527777009223001, 47.700478264667197 ], [ -117.527745758143993, 47.700501188763099 ], [ -117.527714850593, 47.700520250359503 ], [ -117.527665961772001, 47.700533686496698 ], [ -117.527627720869006, 47.700550651136901 ], [ -117.527593093232994, 47.700572887096698 ], [ -117.527628124328999, 47.700600016034599 ], [ -117.527523248825005, 47.700642735192297 ], [ -117.527479291424996, 47.700632381167999 ], [ -117.527430048767002, 47.700628328211899 ], [ -117.527386104095996, 47.700623065888998 ], [ -117.527349613233, 47.700607794449901 ], [ -117.527341338175006, 47.700578264254197 ], [ -117.527304767198004, 47.700556365466802 ], [ -117.527289993867001, 47.700582561759397 ], [ -117.527326788197001, 47.700604402839502 ], [ -117.527364988073998, 47.700623402274502 ], [ -117.527402019790998, 47.700641418219099 ], [ -117.527441559552003, 47.7006504033344 ], [ -117.527487720699995, 47.700663316984297 ], [ -117.527531554408, 47.700669995115902 ], [ -117.527549883789007, 47.700678020471997 ], [ -117.527532640917997, 47.700675961890902 ], [ -117.527491141688003, 47.700677140612697 ], [ -117.527444910363997, 47.7006744495677 ], [ -117.527409335016003, 47.700659959438298 ], [ -117.527367544862003, 47.700651982498599 ], [ -117.527324545851997, 47.700661193096799 ], [ -117.527279604941, 47.700664334659301 ], [ -117.527252141489996, 47.700643230791201 ], [ -117.527217450928006, 47.700623949763198 ], [ -117.527178504201004, 47.700613098423602 ], [ -117.527137608342997, 47.7006148923873 ], [ -117.527090113561002, 47.700624370087198 ], [ -117.527058195639995, 47.700647424825199 ], [ -117.527035538118, 47.700676787595199 ], [ -117.527002324221996, 47.700693987171398 ], [ -117.526829078339006, 47.700814661678301 ], [ -117.526837466104993, 47.700826166310897 ], [ -117.526791583502003, 47.700845266717103 ], [ -117.526781280752004, 47.700847954837698 ], [ -117.526749889064007, 47.700869820277298 ], [ -117.526710914302001, 47.700882924369303 ], [ -117.526712046691998, 47.700914097981702 ], [ -117.526696427028, 47.700940735368597 ], [ -117.526555941165995, 47.701031016935502 ], [ -117.526533019756997, 47.701162484845803 ], [ -117.526516839029995, 47.701173261847302 ], [ -117.526506233665998, 47.7011856166542 ], [ -117.526498178045998, 47.701186314946 ], [ -117.526476704006996, 47.701207114465902 ], [ -117.526498103842997, 47.701391282747203 ], [ -117.526520619321005, 47.701422941296798 ], [ -117.526551283545999, 47.701450965172199 ], [ -117.52652059847, 47.701474481979702 ], [ -117.526474110655997, 47.701573471052697 ], [ -117.526488293769006, 47.701608392609501 ], [ -117.526495361482006, 47.701634141271697 ], [ -117.526483439990002, 47.701662998484601 ], [ -117.526467519354995, 47.701694594046501 ], [ -117.526362481747995, 47.701864262223999 ], [ -117.526375713448004, 47.701894444573597 ], [ -117.526366753264, 47.701924067389001 ], [ -117.526352646834994, 47.701958469989599 ], [ -117.526369578981004, 47.701984177009003 ], [ -117.526360489184995, 47.7020128430635 ], [ -117.526340354444002, 47.702045174152197 ], [ -117.526315256486001, 47.702071338489098 ], [ -117.526331716108004, 47.701966145652101 ], [ -117.526257977312, 47.701980095560302 ], [ -117.526248475466005, 47.702009014531299 ], [ -117.526220003052003, 47.702036156176099 ], [ -117.526174158128001, 47.702045220131602 ], [ -117.526149885417993, 47.7020543219231 ], [ -117.526146499589004, 47.702072049405203 ], [ -117.526118117682998, 47.702091900679001 ], [ -117.526077267093996, 47.702105466636397 ], [ -117.526071614943007, 47.702107526927101 ], [ -117.526041016850996, 47.702118683074502 ], [ -117.526000516207006, 47.702136299960898 ], [ -117.525976167596994, 47.702166883153801 ], [ -117.525953133, 47.702191216819998 ], [ -117.525918716883993, 47.702217300509901 ], [ -117.525890699550004, 47.7022377663979 ], [ -117.525870433985006, 47.702264283693601 ], [ -117.525908132970997, 47.7022766168148 ], [ -117.525905333100994, 47.702308216944203 ], [ -117.525895150148997, 47.702344716861802 ], [ -117.525895533539, 47.702375149797398 ], [ -117.525902633949002, 47.7024070833561 ], [ -117.525899435297006, 47.7024101671282 ], [ -117.525878433515004, 47.702430417307099 ], [ -117.525849217005003, 47.702435168812499 ], [ -117.525832447617006, 47.7024451197248 ], [ -117.525794290049006, 47.7024596998764 ], [ -117.525815150105004, 47.702488975457101 ], [ -117.525832771032995, 47.702503126361002 ], [ -117.525640535090005, 47.702522844671002 ], [ -117.525681800265005, 47.7025613448127 ], [ -117.525543622621001, 47.702553124905499 ], [ -117.525542912670005, 47.702553041779197 ], [ -117.525529967240999, 47.702572132984102 ], [ -117.525508849374006, 47.702597033633197 ], [ -117.525484766933005, 47.702622850322697 ], [ -117.525453333561998, 47.7026460328523 ], [ -117.525415333455001, 47.7026680838391 ], [ -117.525378333947003, 47.702689166579198 ], [ -117.525329132531994, 47.702705050516897 ], [ -117.525286616108005, 47.702725483656799 ], [ -117.525241816949006, 47.702751683052703 ], [ -117.525210166937995, 47.702777733171096 ], [ -117.525172167069996, 47.702798633270902 ], [ -117.525125033061002, 47.7028116167006 ], [ -117.525092966963001, 47.702831283928901 ], [ -117.525079022404995, 47.702839836159498 ], [ -117.524736551304002, 47.7030833434466 ], [ -117.524605360826996, 47.703047470247 ], [ -117.524567074451994, 47.703036932624201 ], [ -117.524593889217002, 47.703062846658099 ], [ -117.524625676338999, 47.703088541803197 ], [ -117.524646639821, 47.703113552214703 ], [ -117.524676763182995, 47.703136825575697 ], [ -117.524648624728002, 47.703160860194302 ], [ -117.524608599955997, 47.703187506291101 ], [ -117.524608521949006, 47.703218922983403 ], [ -117.525039637689005, 47.703201506693397 ], [ -117.524995751472005, 47.7032131435504 ], [ -117.524946995608005, 47.703222617128702 ], [ -117.524906229459006, 47.703224795702099 ], [ -117.524863108147002, 47.703232566300898 ], [ -117.524814606171006, 47.7032397163577 ], [ -117.524624091796994, 47.703233246306297 ], [ -117.524579573592007, 47.703222557224898 ], [ -117.524538147723007, 47.703198437534802 ], [ -117.524494373761001, 47.703194433901402 ], [ -117.524449247139003, 47.703191652921099 ], [ -117.524406644370004, 47.703188665139301 ], [ -117.524357414044005, 47.703187786093302 ], [ -117.524331058586, 47.703209530671799 ], [ -117.524355002516003, 47.703236011236498 ], [ -117.524334999182003, 47.703267260742003 ], [ -117.524322636595002, 47.703300670768101 ], [ -117.524290772258993, 47.7033274918114 ], [ -117.524265281981997, 47.703351516034999 ], [ -117.524251000229, 47.703348400600298 ], [ -117.524205040053999, 47.7033398684095 ], [ -117.524179622681999, 47.703366382841601 ], [ -117.524169332642003, 47.703398323957799 ], [ -117.524168500363999, 47.703429784583598 ], [ -117.524174965243006, 47.703462235813497 ], [ -117.524727899953007, 47.703778741589602 ], [ -117.524728972871003, 47.703788824892897 ], [ -117.524738868854996, 47.7038818094505 ], [ -117.524743072041005, 47.703921292785303 ], [ -117.524752299911995, 47.704008000007804 ], [ -117.524791226613004, 47.704025153339401 ], [ -117.524811457560006, 47.704051903621199 ], [ -117.524885872366994, 47.704276384016197 ], [ -117.524217049008001, 47.704631259964899 ], [ -117.524041173867005, 47.704623207755198 ], [ -117.523920747579993, 47.704559645523297 ], [ -117.523865717906006, 47.7045306002871 ], [ -117.523832685996993, 47.704511762359601 ], [ -117.523787451985996, 47.704503161904299 ], [ -117.523735526691993, 47.7045058957669 ], [ -117.523701658771003, 47.7045325413321 ], [ -117.523514814153998, 47.7045596842474 ], [ -117.523485315158993, 47.7045828259117 ], [ -117.523511156552999, 47.704607219524199 ], [ -117.523548210537996, 47.704623715090698 ], [ -117.523197529184998, 47.7049625658574 ], [ -117.523163781375004, 47.7049806233208 ], [ -117.523203263281005, 47.704991030890397 ], [ -117.523091274790005, 47.705027377431499 ], [ -117.523062735351004, 47.705055207804399 ], [ -117.522866346377, 47.705201317394803 ], [ -117.522861153378997, 47.705233074999001 ], [ -117.522887016241995, 47.7052544139368 ], [ -117.522920330610006, 47.705237107138601 ], [ -117.522917218043006, 47.705294680425602 ], [ -117.522885657318, 47.705320063653502 ], [ -117.522868466438993, 47.705347597527201 ], [ -117.522987027525005, 47.705401343882002 ], [ -117.523024592604003, 47.705412525051898 ], [ -117.523025665144999, 47.705413272370002 ], [ -117.523055303039001, 47.705433927334497 ], [ -117.523098684456997, 47.705452212634903 ], [ -117.523124049215994, 47.705420551116397 ], [ -117.523149366238002, 47.7054476671982 ], [ -117.523146007509993, 47.705491272703298 ], [ -117.523117442301, 47.705516416495698 ], [ -117.523101818217995, 47.705532538693198 ], [ -117.523047339746995, 47.705548254946699 ], [ -117.523076696977995, 47.705545511800999 ], [ -117.523070802872994, 47.705548219078999 ], [ -117.523035334446007, 47.705561950160003 ], [ -117.523026938024003, 47.705589814675598 ], [ -117.523013104279002, 47.705621943682502 ], [ -117.523016138252004, 47.705649932453802 ], [ -117.522985202231993, 47.705667955452 ], [ -117.522981434681995, 47.7056684405025 ], [ -117.522951737466002, 47.705649061661902 ], [ -117.522910398684004, 47.705642830196503 ], [ -117.522867691599004, 47.705636667035002 ], [ -117.522825855098006, 47.705648378293802 ], [ -117.522784244095007, 47.7056495819117 ], [ -117.522766999577001, 47.705679366334103 ], [ -117.522658665779005, 47.705773586910396 ], [ -117.522634834306999, 47.705785990791 ], [ -117.522583307050994, 47.705812810022998 ], [ -117.522550971694997, 47.705865966242101 ], [ -117.522506931438997, 47.705938362414301 ], [ -117.522453713908007, 47.705969603548198 ], [ -117.522433290299006, 47.705993561994902 ], [ -117.522421685235003, 47.706026393397998 ], [ -117.522120526923999, 47.706782289237701 ], [ -117.522133192954001, 47.706797193856097 ], [ -117.522119910740997, 47.706807617823699 ], [ -117.522196898401006, 47.706881519995598 ], [ -117.522227368282003, 47.706904410006899 ], [ -117.522256789554007, 47.706923343101998 ], [ -117.522283357879999, 47.706949054533197 ], [ -117.522316375507998, 47.706970100096498 ], [ -117.522353381684994, 47.706983414679499 ], [ -117.522389631040994, 47.707003965934 ], [ -117.522438396675994, 47.7070348237269 ], [ -117.522475789645, 47.707059622952798 ], [ -117.522429929023005, 47.707067220649002 ], [ -117.522413307321997, 47.707274125180902 ], [ -117.522108219545999, 47.707502334501903 ], [ -117.522068343442996, 47.7074793189988 ], [ -117.522017085483, 47.707481370618503 ], [ -117.521974129444004, 47.707481254701001 ], [ -117.521933740593994, 47.707472299463902 ], [ -117.521892543956, 47.707469890101898 ], [ -117.521851512848997, 47.7074638979946 ], [ -117.521809614315004, 47.707452468018097 ], [ -117.521792300810006, 47.707424033987103 ], [ -117.52177830011, 47.707391208416901 ], [ -117.521737318755001, 47.707394735591599 ], [ -117.521701795308005, 47.7074104603915 ], [ -117.521703456340006, 47.707419282266599 ], [ -117.521689786275005, 47.7074213212057 ], [ -117.521553071539003, 47.707446183319199 ], [ -117.521506863157001, 47.707448766917501 ], [ -117.521464694344999, 47.707466763167197 ], [ -117.521421075269998, 47.707480227559799 ], [ -117.521384363539994, 47.707496983396403 ], [ -117.521343365345999, 47.707490678738303 ], [ -117.521301693959003, 47.707504425761499 ], [ -117.521259593644999, 47.707508580488401 ], [ -117.521291034631005, 47.707534747789602 ], [ -117.521301447510993, 47.7075625960031 ], [ -117.521328276277998, 47.7075840937541 ], [ -117.521073868019002, 47.707563186048901 ], [ -117.521031785687001, 47.707561259976202 ], [ -117.520994870804003, 47.707574503015003 ], [ -117.520934974995996, 47.707577939421597 ], [ -117.520948235622001, 47.707607445608701 ], [ -117.520986279596997, 47.707627372815899 ], [ -117.521028900733, 47.707640153063203 ], [ -117.521075465576999, 47.707654455790099 ], [ -117.521125007953998, 47.707659744594103 ], [ -117.521166050420007, 47.707676764469603 ], [ -117.521201204101004, 47.707695318189202 ], [ -117.521063336954001, 47.7077568568073 ], [ -117.521024998230999, 47.707741742925101 ], [ -117.520996356601998, 47.707720517866399 ], [ -117.520946912419006, 47.707713984181602 ], [ -117.520900814499001, 47.707708415133403 ], [ -117.520857638128007, 47.707711758507202 ], [ -117.520832652262001, 47.7077400859486 ], [ -117.520736145070998, 47.707799319288 ], [ -117.520698346553999, 47.707782223355203 ], [ -117.520653032477995, 47.7077769259798 ], [ -117.520650165407005, 47.707812163116401 ], [ -117.520652510450006, 47.707842299212103 ], [ -117.520650648661999, 47.707859883732603 ], [ -117.520580690203005, 47.707962080083597 ], [ -117.520588950030998, 47.707989540429203 ], [ -117.520572947570002, 47.708016947084502 ], [ -117.520596426268, 47.7080454046136 ], [ -117.520597094512993, 47.7080537424334 ], [ -117.520591343278994, 47.708072712245098 ], [ -117.520601737228006, 47.7080953392501 ], [ -117.520448072600004, 47.708366416625999 ], [ -117.520411454058006, 47.708353658429502 ], [ -117.520392410292999, 47.708321703148101 ], [ -117.520356507439004, 47.708299816239503 ], [ -117.520309677200004, 47.708294647972302 ], [ -117.520269996177007, 47.708286661590499 ], [ -117.520259650363997, 47.708258546651798 ], [ -117.520214880748995, 47.708249190480103 ], [ -117.520173934102999, 47.708271423118603 ], [ -117.520124172446003, 47.708280185678099 ], [ -117.520082432474993, 47.708290751886302 ], [ -117.520055122580999, 47.708311060156703 ], [ -117.520026633654993, 47.708335062813099 ], [ -117.520003463332003, 47.708361444641803 ], [ -117.520023807488997, 47.708387590589702 ], [ -117.520025061270999, 47.708416740995602 ], [ -117.520016945617002, 47.7084439561701 ], [ -117.519994084128996, 47.708468824986397 ], [ -117.519970010069002, 47.7084910683704 ], [ -117.519963049127, 47.708518716495497 ], [ -117.519936069913001, 47.708545482673799 ], [ -117.519906017742997, 47.708567404919897 ], [ -117.519885314975994, 47.708591661088903 ], [ -117.519884568776007, 47.708622524716901 ], [ -117.519892307730004, 47.708652862228298 ], [ -117.519864925448999, 47.708673960776302 ], [ -117.519835908513002, 47.708697176679102 ], [ -117.519813263350997, 47.708724113045001 ], [ -117.519815330518, 47.7087569146249 ], [ -117.519795913904005, 47.708781959445901 ], [ -117.519779247461003, 47.7088072761332 ], [ -117.519749614570003, 47.7088337141737 ], [ -117.519751745804996, 47.708864784310101 ], [ -117.519723777219994, 47.708885656938001 ], [ -117.519683898967003, 47.708906544805103 ], [ -117.519665517503, 47.708931937624499 ], [ -117.519628181722993, 47.708942934504897 ], [ -117.519658852575006, 47.708967124444797 ], [ -117.519617460809002, 47.7089641024074 ], [ -117.519576997846002, 47.708972846915501 ], [ -117.519531160640994, 47.709044849640698 ], [ -117.519512714700994, 47.7090751689569 ], [ -117.519479472186006, 47.709093088967798 ], [ -117.519450464493005, 47.709121166175898 ], [ -117.519403717809993, 47.709128363573001 ], [ -117.51936225675, 47.709135285093801 ], [ -117.519317076123997, 47.7091592263493 ], [ -117.519230426506994, 47.709239900253699 ], [ -117.519206767279996, 47.709268410280799 ], [ -117.519190260336998, 47.7092973477247 ], [ -117.519185053941001, 47.709303456411497 ], [ -117.519176025337998, 47.709311422416597 ], [ -117.519112217765993, 47.70928092642 ], [ -117.519082315244006, 47.709271678906298 ], [ -117.518944648873997, 47.709254065055902 ], [ -117.518805541117004, 47.709265827784499 ], [ -117.518774119528004, 47.709328912210403 ], [ -117.518725026970003, 47.709382659535599 ], [ -117.518653739111002, 47.709415000903903 ], [ -117.518594938831995, 47.709411380552702 ], [ -117.518438215451994, 47.709509755828599 ], [ -117.518387924937997, 47.709542499737502 ], [ -117.518291430651004, 47.709649497820301 ], [ -117.518188737003996, 47.7097410289105 ], [ -117.518168580600005, 47.709837476975302 ], [ -117.518122647086997, 47.709898285547297 ], [ -117.517987244116995, 47.709850108710299 ], [ -117.517875617702003, 47.709834930474003 ], [ -117.517790417892002, 47.709812918821697 ], [ -117.517740977089005, 47.709839459209803 ], [ -117.517628166199998, 47.709895153596698 ], [ -117.517669932936002, 47.709940958623598 ], [ -117.517580101695998, 47.709977639773101 ], [ -117.517478289840994, 47.709942025443098 ], [ -117.517410435724997, 47.709941756458498 ], [ -117.517289972485003, 47.709899675746598 ], [ -117.517302336889003, 47.709868400762403 ], [ -117.517251547952, 47.709893318436599 ], [ -117.517124788729006, 47.7099653861912 ], [ -117.517046251341, 47.710005719471603 ], [ -117.517021713039995, 47.710005349555601 ], [ -117.517103293375996, 47.710096221127202 ], [ -117.517092641920001, 47.7101341061624 ], [ -117.517135207181994, 47.710148674142197 ], [ -117.517196235235005, 47.710182955587598 ], [ -117.517183141203006, 47.7102271383173 ], [ -117.517232880215005, 47.710241314921703 ], [ -117.517236236402994, 47.710281268381301 ], [ -117.517264906514995, 47.710315083792104 ], [ -117.517299321414995, 47.710374527478798 ], [ -117.517362119064998, 47.710390102782803 ], [ -117.517410343744004, 47.7103776008233 ], [ -117.517473697678, 47.710399943410998 ], [ -117.517385435053995, 47.710467110461998 ], [ -117.517378802837996, 47.7105316375198 ], [ -117.517406425063996, 47.710594382453699 ], [ -117.517559166774006, 47.710672313572097 ], [ -117.517538884142994, 47.7107152303956 ], [ -117.517664732547999, 47.7107462607946 ], [ -117.517659087680002, 47.710802358886298 ], [ -117.517685406305006, 47.710840845593999 ], [ -117.517725600928998, 47.710937413584297 ], [ -117.51774252125, 47.710988977614498 ], [ -117.517790454405997, 47.7110685293489 ], [ -117.517954454754999, 47.711083186056499 ], [ -117.517990808804001, 47.711126162225298 ], [ -117.517930432176001, 47.711179049561999 ], [ -117.517904362143, 47.711208343091101 ], [ -117.517854112872001, 47.711238181218903 ], [ -117.517943891233998, 47.711240095638502 ], [ -117.517932637607004, 47.711294263858903 ], [ -117.517920757465006, 47.711296638878999 ], [ -117.517985389592994, 47.711385276593603 ], [ -117.518050464609999, 47.711415136748101 ], [ -117.518044540719998, 47.711468066230601 ], [ -117.518086258972005, 47.711524955551297 ], [ -117.518164105995993, 47.711517847708997 ], [ -117.518240895587994, 47.711506818003301 ], [ -117.518333163780994, 47.711530548337798 ], [ -117.518350100120003, 47.711595612315101 ], [ -117.518393046108002, 47.711659034588898 ], [ -117.518388463172997, 47.711701291284299 ], [ -117.518399495951002, 47.711757840426998 ], [ -117.518386898656004, 47.711789000501298 ], [ -117.518402161140003, 47.711831794683398 ], [ -117.518397150056998, 47.711894867635898 ], [ -117.518467303007, 47.711902991420899 ], [ -117.518528374606007, 47.711870945584501 ], [ -117.518590323723998, 47.711868768934004 ], [ -117.518604526909002, 47.711892788826198 ], [ -117.518544786544993, 47.711936598547503 ], [ -117.518470084171994, 47.711984864004499 ], [ -117.518515106069998, 47.712019361018903 ], [ -117.518553013813005, 47.712073299949502 ], [ -117.518607699767003, 47.712083320068302 ], [ -117.518659397392, 47.712127931735203 ], [ -117.518625410946001, 47.712148358003198 ], [ -117.518620701914003, 47.7121710381317 ], [ -117.518624233802001, 47.712205737001398 ], [ -117.518691945284004, 47.712211353233698 ], [ -117.518672438709004, 47.712275612823802 ], [ -117.518653313144, 47.712317545655601 ], [ -117.518667823448993, 47.712364439839803 ], [ -117.518743704146999, 47.712401017908697 ], [ -117.518838343655005, 47.712398737432899 ], [ -117.518834950021997, 47.712453465839801 ], [ -117.518893244736006, 47.7125070713399 ], [ -117.518938483094999, 47.712536172200899 ], [ -117.518983062195005, 47.712566274767497 ], [ -117.519040403104995, 47.712614557881999 ], [ -117.519118277729007, 47.712654779739502 ], [ -117.519161378245997, 47.712681497701297 ], [ -117.519068063109998, 47.713519718467502 ], [ -117.518329849191005, 47.713521865751801 ], [ -117.518056400654999, 47.713587339440998 ], [ -117.517684793477997, 47.713676314571899 ], [ -117.515239353659993, 47.714261798430499 ], [ -117.514426592305995, 47.714382844594802 ], [ -117.514542058041997, 47.714351189581997 ], [ -117.513820602674002, 47.714346805667198 ], [ -117.513775688099997, 47.714343054088097 ], [ -117.513731137790998, 47.714356558394798 ], [ -117.513704707995998, 47.714379218578003 ], [ -117.513450836201002, 47.714488176557197 ], [ -117.513426966170996, 47.714515195391499 ], [ -117.513412608527005, 47.714543959499998 ], [ -117.513376277809002, 47.714561449752402 ], [ -117.513330122007005, 47.714556085770496 ], [ -117.513304309443996, 47.714530440001703 ], [ -117.513273743905998, 47.7145060121764 ], [ -117.513241078918995, 47.714480534706702 ], [ -117.513203342235002, 47.714459524758702 ], [ -117.513165127191996, 47.714439625450503 ], [ -117.513130404002993, 47.714421773681799 ], [ -117.513102292053006, 47.714399414200997 ], [ -117.513084789258997, 47.714369108223003 ], [ -117.513068009427997, 47.7143399228191 ], [ -117.513035838291003, 47.714315431926501 ], [ -117.512988293053994, 47.7143063525819 ], [ -117.512950407964993, 47.714280250531701 ], [ -117.512904809697005, 47.7142683605747 ], [ -117.512863150230004, 47.714251352216401 ], [ -117.512821992873995, 47.714246110553397 ], [ -117.512815898073001, 47.7142127537291 ], [ -117.512797618874004, 47.714177892055901 ], [ -117.512791611029002, 47.714147280930703 ], [ -117.512775782163004, 47.7141219152441 ], [ -117.51277348632, 47.714093101461401 ], [ -117.512747003827997, 47.714071686565099 ], [ -117.512714149529998, 47.714054853853099 ], [ -117.512683080458999, 47.714035441621299 ], [ -117.512649115033, 47.714017867947703 ], [ -117.512602236573002, 47.714018015275997 ], [ -117.512557047721003, 47.7140052901673 ], [ -117.512513742240003, 47.714006791846003 ], [ -117.512469136606995, 47.714010850154601 ], [ -117.512426723781999, 47.714015963078701 ], [ -117.512382484360003, 47.714021339676798 ], [ -117.512343443917999, 47.714042164542903 ], [ -117.512305171449995, 47.714056059559397 ], [ -117.512248547591994, 47.714060606922203 ], [ -117.512207423706002, 47.714054541602501 ], [ -117.512165216944993, 47.714045178955502 ], [ -117.512123470115995, 47.714057174713197 ], [ -117.512109141466993, 47.714086237253802 ], [ -117.512065403522001, 47.714094908238501 ], [ -117.512056065126998, 47.714096759340102 ], [ -117.512011587889006, 47.714098965177001 ], [ -117.511975164258999, 47.714113927955502 ], [ -117.511931695467993, 47.714124085003498 ], [ -117.511881047580005, 47.714126786196204 ], [ -117.511841430778006, 47.714114787256499 ], [ -117.511795750169, 47.714124401661302 ], [ -117.511754012072004, 47.714128317336197 ], [ -117.511705327775005, 47.714128680197497 ], [ -117.511660563065007, 47.714125085481399 ], [ -117.511616748956001, 47.714122990020698 ], [ -117.511569851874, 47.714129008890701 ], [ -117.511522919710004, 47.714127357382999 ], [ -117.511480564910997, 47.714130244574299 ], [ -117.511426884079, 47.714137867314598 ], [ -117.511403103985998, 47.714160678916599 ], [ -117.511358155780002, 47.714179892197997 ], [ -117.511317256547997, 47.714181935159601 ], [ -117.511274442176997, 47.714181324228299 ], [ -117.511226157761001, 47.714195450642201 ], [ -117.511192225916005, 47.7142164404083 ], [ -117.511182734084002, 47.714251546615898 ], [ -117.511186903576004, 47.7142855410397 ], [ -117.511193065761006, 47.714321121873503 ], [ -117.511232129855003, 47.714353488828003 ], [ -117.511265848822006, 47.714370835476998 ], [ -117.511286797612996, 47.714407887228198 ], [ -117.511284434594003, 47.714439860183397 ], [ -117.511261734138998, 47.714465662269198 ], [ -117.511246085915005, 47.714499861050598 ], [ -117.511278284788006, 47.7145260348845 ], [ -117.511324647202997, 47.7145450473379 ], [ -117.511358472051, 47.714561481123603 ], [ -117.511398254995996, 47.7145793999563 ], [ -117.511430671561001, 47.714608324264901 ], [ -117.511467589155004, 47.714629346543397 ], [ -117.511444860024994, 47.714653171104302 ], [ -117.511397193234998, 47.714662194056501 ], [ -117.511391016928997, 47.714690866565 ], [ -117.511410152923006, 47.714719489254399 ], [ -117.511438192458002, 47.714745677080003 ], [ -117.511414413736006, 47.714770427673599 ], [ -117.511369010516006, 47.7147675797967 ], [ -117.511324654522994, 47.7147660229002 ], [ -117.511277289641001, 47.714772121113903 ], [ -117.511249902022996, 47.714793763761001 ], [ -117.511243893756998, 47.714824223349297 ], [ -117.511232145144007, 47.714853106925098 ], [ -117.511217242265005, 47.714883100467503 ], [ -117.511214645478006, 47.7149165329825 ], [ -117.511205566670995, 47.714950122140003 ], [ -117.511204463216998, 47.714977977544201 ], [ -117.511195353253996, 47.7150063382932 ], [ -117.511185461325994, 47.715034766408102 ], [ -117.511179262480994, 47.715049836326003 ], [ -117.511165035955997, 47.715052887823603 ], [ -117.511118339472006, 47.715069966449697 ], [ -117.511074174865001, 47.7150900524991 ], [ -117.511039566730005, 47.715107255409698 ], [ -117.511000320408002, 47.715128569304198 ], [ -117.510957868025997, 47.715140380624902 ], [ -117.510916685235998, 47.715151683307703 ], [ -117.510877304511993, 47.715164302410201 ], [ -117.510834318186994, 47.715181782794701 ], [ -117.510800148010006, 47.715197429785398 ], [ -117.510755589539002, 47.715205749412497 ], [ -117.510713803431997, 47.715216445565297 ], [ -117.510665966138006, 47.715218590252597 ], [ -117.510620955505004, 47.715228395555201 ], [ -117.510611613137996, 47.715229047167 ], [ -117.510574307617006, 47.715231648823398 ], [ -117.510533184447993, 47.715242655979402 ], [ -117.510483810902002, 47.715245313994203 ], [ -117.510442993275007, 47.715247474149599 ], [ -117.510400228671003, 47.715246723206299 ], [ -117.510351506833004, 47.715248810512598 ], [ -117.510310448346999, 47.715249926162798 ], [ -117.510269956149003, 47.715254011210597 ], [ -117.510225636249999, 47.715263838479999 ], [ -117.510185274967, 47.715273961251903 ], [ -117.510143964774997, 47.7152823471788 ], [ -117.510102295253006, 47.715288068678603 ], [ -117.510061874583997, 47.715299897629102 ], [ -117.510048792977997, 47.715333257047803 ], [ -117.510058806450004, 47.715360794896696 ], [ -117.510059532387999, 47.715391873219403 ], [ -117.510049132711998, 47.7154188917564 ], [ -117.510037076087002, 47.715448126584597 ], [ -117.510008263478994, 47.715469201214198 ], [ -117.510000272531997, 47.715496176649602 ], [ -117.509965085532002, 47.715513282832703 ], [ -117.509962603654003, 47.715541223526799 ], [ -117.509983831769006, 47.715573471310996 ], [ -117.509991122488998, 47.715607268346403 ], [ -117.509976864040993, 47.715637131092301 ], [ -117.509978537240997, 47.715665820821997 ], [ -117.509997098745004, 47.715656926915202 ], [ -117.510050215031995, 47.715534031919098 ], [ -117.510038520834996, 47.715562290688403 ], [ -117.509991415320002, 47.715733877743901 ], [ -117.509977153891995, 47.7157648049266 ], [ -117.509969723900994, 47.715797626350302 ], [ -117.509961837486998, 47.7161061437629 ], [ -117.509900924823, 47.716209911913602 ], [ -117.509844643456006, 47.716693051508798 ], [ -117.509857334534999, 47.716723481019898 ], [ -117.509871032857006, 47.716754928189097 ], [ -117.509911179876994, 47.716740486703301 ], [ -117.510160902153004, 47.717010968689202 ], [ -117.510155651049999, 47.717040820198797 ], [ -117.510232284186998, 47.717504944439 ], [ -117.510102432712003, 47.717625887091401 ], [ -117.510053591792001, 47.717619280353297 ], [ -117.510015856940996, 47.717634901556998 ], [ -117.509772917643005, 47.7176781242704 ], [ -117.509742030341002, 47.717703292980502 ], [ -117.509603047354005, 47.717738843688501 ], [ -117.509552192743996, 47.717757499427599 ], [ -117.509510581165003, 47.717767048058199 ], [ -117.509479109973, 47.717788963034302 ], [ -117.509526470089, 47.717790416430297 ], [ -117.509570685721997, 47.717784978061502 ], [ -117.509343355710996, 47.717858424790101 ], [ -117.509324318417001, 47.717882890258998 ], [ -117.509298633411007, 47.717904505075197 ], [ -117.509301084792, 47.717941658152803 ], [ -117.509281087792004, 47.717974914093503 ], [ -117.509280835802997, 47.717993932677103 ], [ -117.509377052410002, 47.718106824029498 ], [ -117.50932692424, 47.718346854089503 ], [ -117.509350261449001, 47.7183712025627 ], [ -117.509369298015002, 47.718399037820298 ], [ -117.509435591319004, 47.718321369927899 ], [ -117.509484916513998, 47.718314953358203 ], [ -117.509390721474006, 47.718597469894398 ], [ -117.509378111912994, 47.718628498525703 ], [ -117.509287934818005, 47.718754400883697 ], [ -117.509281175612003, 47.718792519792103 ], [ -117.509265555808, 47.718817858149798 ], [ -117.509255405518999, 47.718858948737399 ], [ -117.509284019771002, 47.718911975451903 ], [ -117.509256093486997, 47.718939534160199 ], [ -117.509225961070996, 47.718960995037001 ], [ -117.509206676315998, 47.718985562353303 ], [ -117.509316603982001, 47.719188736637101 ], [ -117.509334851576, 47.719222463469102 ], [ -117.509633030846999, 47.719275063546498 ], [ -117.509676168759, 47.7193111559409 ], [ -117.509673186984003, 47.719378649858299 ], [ -117.509609122534997, 47.719530607976502 ], [ -117.509462795819999, 47.719458935370199 ], [ -117.509339927189998, 47.719398752851099 ], [ -117.509276415554993, 47.719443220448099 ], [ -117.509199422703006, 47.719430947382499 ], [ -117.509179352755993, 47.719488802330702 ], [ -117.509197604364999, 47.719538401942103 ], [ -117.509201596474, 47.719557425982103 ], [ -117.509073165523006, 47.7195877537551 ], [ -117.509173972715999, 47.719630031022803 ], [ -117.509113442314998, 47.719670282491599 ], [ -117.509065358097999, 47.719641893134501 ], [ -117.509032243063999, 47.719659445107297 ], [ -117.509132809042001, 47.7197483916568 ], [ -117.509131794859996, 47.719819471391098 ], [ -117.509187549795996, 47.719748480794301 ], [ -117.509253243000998, 47.719802499179899 ], [ -117.509370670210998, 47.719857264154903 ], [ -117.509475569619994, 47.719853932736903 ], [ -117.509539260582002, 47.719941184614797 ], [ -117.509653214861999, 47.7199119949371 ], [ -117.509685339835997, 47.719938395364899 ], [ -117.509695783823005, 47.719946978636102 ], [ -117.509709919008998, 47.720067699570698 ], [ -117.509901096725997, 47.720098338488803 ], [ -117.509831210832004, 47.7201934717515 ], [ -117.509618626378, 47.720166204731399 ], [ -117.509591529190999, 47.720258733748402 ], [ -117.509553445359003, 47.720388779603901 ], [ -117.508330801720007, 47.720389042689398 ], [ -117.508315904886999, 47.720404087982097 ], [ -117.508311869679005, 47.720409529646197 ], [ -117.508212129011994, 47.720544041049401 ], [ -117.508035152055996, 47.7207827147244 ], [ -117.507659864827005, 47.721021447674502 ], [ -117.507709589271997, 47.7210368998199 ], [ -117.50773994907, 47.721057453818801 ], [ -117.507779526527003, 47.721070721208001 ], [ -117.507807382045002, 47.721089881735097 ], [ -117.507822091744998, 47.721100000195001 ], [ -117.507861695857997, 47.721107361373697 ], [ -117.507907613799006, 47.721113094810498 ], [ -117.507932197412998, 47.721136115388298 ], [ -117.507949206476994, 47.7211615160777 ], [ -117.507956108255996, 47.7211954076067 ], [ -117.507998547377994, 47.721212655415002 ], [ -117.508043562284996, 47.721205864452898 ], [ -117.508086027057999, 47.721198731155802 ], [ -117.508138152832004, 47.721195765970201 ], [ -117.508164151871995, 47.721219665600401 ], [ -117.508190700970999, 47.721247061978801 ], [ -117.508216577526994, 47.721270153249797 ], [ -117.508218040320003, 47.721301965196503 ], [ -117.508243394735004, 47.721332238006397 ], [ -117.508241874424002, 47.721366898326799 ], [ -117.508241711721993, 47.721370597085603 ], [ -117.508280350467999, 47.721383279112203 ], [ -117.508309925960006, 47.721411986513502 ], [ -117.508352879691998, 47.721407402688499 ], [ -117.508399027471995, 47.721405205272902 ], [ -117.508457922692003, 47.721409457567098 ], [ -117.508501789215003, 47.721418379628297 ], [ -117.508559334896006, 47.721430425324897 ], [ -117.508613270319998, 47.721424310821099 ], [ -117.508647356728005, 47.721439983927503 ], [ -117.508701582314998, 47.721437377183399 ], [ -117.508756514927001, 47.721441514624303 ], [ -117.508803025364998, 47.721449035610298 ], [ -117.508846861809005, 47.721452942377397 ], [ -117.508890156348002, 47.721455423602102 ], [ -117.508904252986994, 47.721456231163899 ], [ -117.508944792913994, 47.721449423702701 ], [ -117.508995510418998, 47.721469689132903 ], [ -117.509021514837997, 47.721491622555703 ], [ -117.509065811956006, 47.721499833475598 ], [ -117.509085208496998, 47.721507305465202 ], [ -117.509104606376994, 47.721514777445499 ], [ -117.509139055445004, 47.721537405787402 ], [ -117.509175323712, 47.721555969902198 ], [ -117.509212895812993, 47.721568759820499 ], [ -117.509256650598005, 47.7215954686624 ], [ -117.509299734813993, 47.721621776468602 ], [ -117.509333094439995, 47.721648488225902 ], [ -117.509383585397998, 47.7216627134611 ], [ -117.509424561645005, 47.721660302849699 ], [ -117.509454886504003, 47.721683047478699 ], [ -117.509472007347995, 47.721709014296998 ], [ -117.509472069595006, 47.721709107596297 ], [ -117.509491420146006, 47.7217371483707 ], [ -117.509526328172001, 47.721763737127198 ], [ -117.509535222224002, 47.721792334487702 ], [ -117.509581124137995, 47.721790464303801 ], [ -117.509629604213004, 47.721779503114099 ], [ -117.509654228375993, 47.721812312594402 ], [ -117.509513966777007, 47.721880043568802 ], [ -117.509491164707001, 47.721885038632202 ], [ -117.509449752023997, 47.721896725091902 ], [ -117.509387327498999, 47.7219166368901 ], [ -117.509342573547002, 47.721929314388198 ], [ -117.509284859556004, 47.7219445381374 ], [ -117.509229954245001, 47.721958721861597 ], [ -117.509173245247993, 47.7219735002096 ], [ -117.509109122946001, 47.721990387177897 ], [ -117.509049612381006, 47.722005988582502 ], [ -117.508975954942997, 47.722026596015198 ], [ -117.508914813293003, 47.722040667783801 ], [ -117.508855642922001, 47.7220528754616 ], [ -117.508787536138001, 47.722067980385702 ], [ -117.508728930814002, 47.722077147883297 ], [ -117.508661699203003, 47.722086826863801 ], [ -117.508597325913996, 47.7220961791188 ], [ -117.508531798476994, 47.722108472388101 ], [ -117.508462157270998, 47.722117874904001 ], [ -117.508389829937002, 47.7221311915619 ], [ -117.508326665419006, 47.722141995930698 ], [ -117.508259577478995, 47.7221512448506 ], [ -117.508190726687005, 47.722165288292302 ], [ -117.508127095248994, 47.722174021558203 ], [ -117.508069688537006, 47.7221774393063 ], [ -117.508010681008997, 47.722184488369003 ], [ -117.507942860122, 47.722193107812799 ], [ -117.507873097713002, 47.722202958590799 ], [ -117.507806047426001, 47.722210335565798 ], [ -117.507736986869006, 47.7222148880332 ], [ -117.507667133916996, 47.722221328074099 ], [ -117.507589531009003, 47.722225427869702 ], [ -117.507513621688005, 47.722228993759899 ], [ -117.507430243833994, 47.722238189167498 ], [ -117.50734711071, 47.722253091547003 ], [ -117.507264266267001, 47.722258726801599 ], [ -117.507189164530004, 47.722265685523503 ], [ -117.507108234952, 47.722276414774399 ], [ -117.507035638033997, 47.722283032112998 ], [ -117.506973665234995, 47.722289448611399 ], [ -117.506915951135994, 47.722293502374697 ], [ -117.506856052166995, 47.722298308065803 ], [ -117.506797856041004, 47.7223038080229 ], [ -117.506738629474995, 47.7223098901502 ], [ -117.506682545394, 47.722315519286397 ], [ -117.506634828067007, 47.722320271976599 ], [ -117.506585948269006, 47.722325191736303 ], [ -117.506542588502995, 47.722326361179697 ], [ -117.506511614453004, 47.722329954795001 ], [ -117.506506092717999, 47.722360767352697 ], [ -117.506506269300004, 47.7223915016734 ], [ -117.506476905178005, 47.722410831375797 ], [ -117.506451654329993, 47.722445534311497 ], [ -117.506427696705003, 47.722470451080497 ], [ -117.506394132048996, 47.722492517490601 ], [ -117.506356712141994, 47.722507813968399 ], [ -117.506309141714993, 47.722526371880697 ], [ -117.506289447181999, 47.722550484316201 ], [ -117.506285779012998, 47.722578707256503 ], [ -117.506282091708002, 47.722614726751203 ], [ -117.506293039338004, 47.722646528361203 ], [ -117.506330010209993, 47.722668407708099 ], [ -117.506362923553993, 47.722697314121902 ], [ -117.506376403847, 47.722727092672102 ], [ -117.506395175348999, 47.722755230993201 ], [ -117.506364298871006, 47.722774148947799 ], [ -117.506333467193002, 47.722799481126302 ], [ -117.506332057334006, 47.722830537362498 ], [ -117.506311020808994, 47.722864511755098 ], [ -117.506266709564997, 47.722893589725999 ], [ -117.506210603683002, 47.722905158979998 ], [ -117.506165647668993, 47.722908294111598 ], [ -117.506107068971005, 47.722907001273697 ], [ -117.506065381246003, 47.722900226328903 ], [ -117.506025883910993, 47.722893540684701 ], [ -117.505982061029002, 47.722897333875203 ], [ -117.505938862085998, 47.722903732718997 ], [ -117.505900356026004, 47.722912524930003 ], [ -117.505851698862998, 47.722924252821301 ], [ -117.505809682058, 47.722930315291897 ], [ -117.505768992666006, 47.722939612852798 ], [ -117.505714987088993, 47.722952589738597 ], [ -117.505676706798994, 47.722963775156103 ], [ -117.505626752987993, 47.722979177909998 ], [ -117.505573197317005, 47.722996076624902 ], [ -117.505537356375001, 47.723026612407097 ], [ -117.505546002, 47.723064742381297 ], [ -117.505538091692998, 47.723100958605798 ], [ -117.505528731843, 47.7231335839518 ], [ -117.505520800357004, 47.723167199945202 ], [ -117.505507823650007, 47.723200461160197 ], [ -117.505510384079003, 47.723233147365598 ], [ -117.505524780862004, 47.723268516718498 ], [ -117.505534248418996, 47.7232967744417 ], [ -117.505529716986999, 47.723325128923399 ], [ -117.505531924430002, 47.723355095791199 ], [ -117.505531053528003, 47.723384297922401 ], [ -117.505525749819, 47.7234261387933 ], [ -117.505509955283998, 47.723459106499497 ], [ -117.505499556768996, 47.723487615489802 ], [ -117.505476953875998, 47.7235167567855 ], [ -117.505456843828995, 47.723554923442798 ], [ -117.505447478177999, 47.7235846191683 ], [ -117.505431114553005, 47.723623279486802 ], [ -117.505408278676001, 47.7236487471516 ], [ -117.505390459056002, 47.723687841264798 ], [ -117.505351971284995, 47.7237101746815 ], [ -117.505299079710994, 47.723724819127803 ], [ -117.505254678594, 47.723708055841797 ], [ -117.505211278201998, 47.723696043394099 ], [ -117.505163499217005, 47.7237106994614 ], [ -117.505135406324996, 47.723731167720999 ], [ -117.505104094958, 47.723760656792997 ], [ -117.505074467564995, 47.723779507714703 ], [ -117.505060673695994, 47.723809805044802 ], [ -117.505037846044999, 47.723835736877803 ], [ -117.504999501534996, 47.723860088618899 ], [ -117.504987170505999, 47.723896327852501 ], [ -117.504972783601005, 47.723924876837401 ], [ -117.504969160965004, 47.723953203000903 ], [ -117.504992284368001, 47.723985869810598 ], [ -117.504997241580995, 47.724015605042098 ], [ -117.504994463531006, 47.724048672852703 ], [ -117.504956392021995, 47.724069418016597 ], [ -117.504921692227001, 47.724088858069102 ], [ -117.504885086542004, 47.724106883966797 ], [ -117.504856836439004, 47.724128089756199 ], [ -117.504808436768002, 47.724148115505898 ], [ -117.504765316079002, 47.7241503134561 ], [ -117.504708776133995, 47.724157982497999 ], [ -117.504671410393996, 47.7241739530064 ], [ -117.504618551768999, 47.7241890396771 ], [ -117.504571851069997, 47.7242122691191 ], [ -117.504533600505994, 47.724243500796199 ], [ -117.504497500659994, 47.724275961082803 ], [ -117.504456582825, 47.724302612056498 ], [ -117.504419306323996, 47.724329640207699 ], [ -117.504374641181997, 47.724356276131097 ], [ -117.504327568609995, 47.724380240416103 ], [ -117.504277724705005, 47.724402099711398 ], [ -117.504236391248, 47.724424394868002 ], [ -117.504185014802999, 47.724446638758103 ], [ -117.504135849484001, 47.724468632674203 ], [ -117.504091435700005, 47.724487901002703 ], [ -117.504040645001993, 47.724511023125203 ], [ -117.503985463285005, 47.724534856428697 ], [ -117.503949521991004, 47.724550215802601 ], [ -117.503907708409997, 47.724570179856698 ], [ -117.503864844572007, 47.724593106035798 ], [ -117.503821450523006, 47.724614015453 ], [ -117.503778864379996, 47.724632696187101 ], [ -117.503741141232993, 47.724655781505099 ], [ -117.503704534925006, 47.724670368123199 ], [ -117.503671710980001, 47.724687507859002 ], [ -117.503626834124006, 47.724714246991702 ], [ -117.503597550791994, 47.724733764543899 ], [ -117.503558305506999, 47.724764825702998 ], [ -117.503521642381003, 47.724796499056303 ], [ -117.503485616429998, 47.724827599150998 ], [ -117.503453520807994, 47.724860557102801 ], [ -117.503432376880994, 47.724891551402003 ], [ -117.503410776134004, 47.724924959971901 ], [ -117.503388647566993, 47.724966147524903 ], [ -117.503375730509006, 47.724995682296999 ], [ -117.503349968866999, 47.725032242988597 ], [ -117.503325451334007, 47.7250688027165 ], [ -117.503303163946001, 47.725092962889498 ], [ -117.503260818930997, 47.725122061654403 ], [ -117.503214718617002, 47.725147549016597 ], [ -117.503162575725, 47.725166344306203 ], [ -117.503108041176006, 47.725179394258497 ], [ -117.503054565853006, 47.725193460775202 ], [ -117.503005395965005, 47.725214548159599 ], [ -117.502959534186999, 47.725241148282599 ], [ -117.502930382227007, 47.725260516625298 ], [ -117.502882035745003, 47.725283205529301 ], [ -117.502857358130001, 47.725305257141301 ], [ -117.502834437648005, 47.7253400138326 ], [ -117.502819839910003, 47.725376886291897 ], [ -117.502812743082998, 47.725416940745703 ], [ -117.502809149865996, 47.725457323558501 ], [ -117.502805644858995, 47.725485118268402 ], [ -117.502797050721, 47.725523812537297 ], [ -117.502787973859, 47.725562231792601 ], [ -117.502781141146997, 47.725601190971602 ], [ -117.502778599227, 47.725629711170001 ], [ -117.502773954727004, 47.725660487293702 ], [ -117.502774055602004, 47.725688984216397 ], [ -117.502773678978997, 47.7257296651524 ], [ -117.502780736776003, 47.725757742897002 ], [ -117.502793784950995, 47.725795126760602 ], [ -117.502805035362002, 47.725822513110003 ], [ -117.502813355544006, 47.725850263205203 ], [ -117.502828507904994, 47.7258761307477 ], [ -117.502853110626006, 47.725911248754201 ], [ -117.502869719583003, 47.725949899170999 ], [ -117.502888492286004, 47.725988350252898 ], [ -117.502904206753996, 47.726026611386601 ], [ -117.502894026389995, 47.726064960802198 ], [ -117.502867243861999, 47.726086570854697 ], [ -117.502820531020006, 47.726094246286898 ], [ -117.502765719878994, 47.726100419480503 ], [ -117.502710237382999, 47.726101681971201 ], [ -117.502659408000994, 47.7261021592536 ], [ -117.502607842876003, 47.7260921394763 ], [ -117.502574659006996, 47.726060764231597 ], [ -117.502550496954001, 47.726022647118903 ], [ -117.502525231297994, 47.726000111568297 ], [ -117.502489614449999, 47.725973927800297 ], [ -117.502441211898997, 47.725963003332801 ], [ -117.502395770487993, 47.725954648207598 ], [ -117.502341400597004, 47.725954555101801 ], [ -117.502285154614995, 47.725954480078997 ], [ -117.502229835384995, 47.725956619793699 ], [ -117.502208069597998, 47.7259610537143 ], [ -117.501947186780995, 47.726073965713901 ], [ -117.500893808838995, 47.725954858628199 ], [ -117.500239078530001, 47.72613402975 ], [ -117.496666078610005, 47.727111714365499 ], [ -117.494711541498006, 47.7278309304183 ], [ -117.494446695069001, 47.729280408627901 ], [ -117.493645283825998, 47.7296119812261 ], [ -117.491260755210007, 47.730078754862198 ], [ -117.488872965697993, 47.731224654620597 ], [ -117.486907523954997, 47.732153326848703 ], [ -117.485242358151993, 47.733309518515902 ], [ -117.482381687550003, 47.734639390273898 ], [ -117.476853867030002, 47.7333315923035 ], [ -117.476731312962997, 47.733453072895003 ], [ -117.476638369701007, 47.733545201552801 ], [ -117.476246105450002, 47.733575174403498 ], [ -117.476190502064, 47.733585327727702 ], [ -117.476148079379996, 47.733571590700102 ], [ -117.476098696451004, 47.733572382223301 ], [ -117.47605844185, 47.7335654599758 ], [ -117.476016153537003, 47.733550363698903 ], [ -117.475967144422, 47.7335590976285 ], [ -117.475919414228997, 47.733568406581 ], [ -117.475877195536995, 47.733558312650203 ], [ -117.475830996419006, 47.733564252800299 ], [ -117.475784605201, 47.733562136344702 ], [ -117.475745964374994, 47.7335783420206 ], [ -117.475702418409995, 47.733578471243803 ], [ -117.475662638526003, 47.733588669392198 ], [ -117.475612777517, 47.733586906459301 ], [ -117.475562733377998, 47.733584805052701 ], [ -117.475523391045002, 47.7336030740193 ], [ -117.475489888305006, 47.733620091500001 ], [ -117.475466130613, 47.733659188386902 ], [ -117.475363876062005, 47.733777182298802 ], [ -117.475319092443996, 47.733785834565197 ], [ -117.475312516745007, 47.733823596986298 ], [ -117.475307241509995, 47.733859171194297 ], [ -117.475317782155997, 47.733890414118697 ], [ -117.475318648713994, 47.7339256947594 ], [ -117.475326772472002, 47.733960140053902 ], [ -117.475328113819003, 47.733995564489398 ], [ -117.475322878165997, 47.7340253764471 ], [ -117.475323327289004, 47.7340605121544 ], [ -117.475330520316007, 47.734093219360403 ], [ -117.475332527682994, 47.734132360659103 ], [ -117.475336147812001, 47.734161127302102 ], [ -117.475346598672999, 47.734198030106903 ], [ -117.475337354917997, 47.734228696345397 ], [ -117.475343137166007, 47.7342570374419 ], [ -117.475351707675998, 47.7342910301007 ], [ -117.475350996779, 47.734326346064996 ], [ -117.475347962814993, 47.734360522653198 ], [ -117.475355554299, 47.7343947991927 ], [ -117.475368906037005, 47.734428031539899 ], [ -117.475366219189993, 47.7344666416246 ], [ -117.475364099063995, 47.734502601357498 ], [ -117.475363440501994, 47.734537365548803 ], [ -117.475358367553994, 47.734565128069796 ], [ -117.47536898381, 47.734602167848799 ], [ -117.475368254382005, 47.7346332487013 ], [ -117.475369831825006, 47.734667497962903 ], [ -117.475367021997002, 47.734701682618798 ], [ -117.475373633432, 47.734732316473298 ], [ -117.475397519889, 47.734760936179001 ], [ -117.475412832396998, 47.7347903633949 ], [ -117.475428301446996, 47.734823359321702 ], [ -117.475431608839003, 47.734851897814202 ], [ -117.475427892260001, 47.734879653817998 ], [ -117.475429536207002, 47.7349121194707 ], [ -117.475424263877002, 47.734948748188003 ], [ -117.475417493980004, 47.734985110480302 ], [ -117.475422340495996, 47.7350234626144 ], [ -117.475422632942994, 47.7350519272185 ], [ -117.475417903508003, 47.735081531032201 ], [ -117.475417463520003, 47.735120376541502 ], [ -117.475411844096996, 47.735155215265799 ], [ -117.475401181083996, 47.735189543122303 ], [ -117.475400459116003, 47.735226717138701 ], [ -117.475398316676007, 47.735261984142099 ], [ -117.475392152507993, 47.735299840228201 ], [ -117.475386230582004, 47.735335590763803 ], [ -117.475376682988994, 47.735370847051101 ], [ -117.475380460129998, 47.735408205776402 ], [ -117.475371217092004, 47.735443807210103 ], [ -117.475370021635996, 47.735478199318102 ], [ -117.475356606830999, 47.735505623885402 ], [ -117.475349065874994, 47.7355356820227 ], [ -117.475361960742006, 47.735563087589803 ], [ -117.475368454429997, 47.735601434698999 ], [ -117.475362837412007, 47.735638451734999 ], [ -117.475365600930999, 47.735673762297502 ], [ -117.475373832215993, 47.735710608601302 ], [ -117.475388694124007, 47.735746330626803 ], [ -117.475385803364006, 47.735784376496397 ], [ -117.475369591838998, 47.735821648860899 ], [ -117.475365553431999, 47.7358622683074 ], [ -117.475366963759001, 47.735898667788497 ], [ -117.475363226770995, 47.7359356230495 ], [ -117.475359302949002, 47.735972420725602 ], [ -117.475356829304005, 47.736006474414999 ], [ -117.475356412351999, 47.736042287620201 ], [ -117.475353585004996, 47.736077779696103 ], [ -117.475359121745996, 47.7361112153595 ], [ -117.475349958387, 47.736145181587297 ], [ -117.475351277928993, 47.736176149572003 ], [ -117.475342243791005, 47.736210539951699 ], [ -117.475344650582002, 47.736242264632601 ], [ -117.475346876686004, 47.736273187472896 ], [ -117.475345361102995, 47.736306555171502 ], [ -117.475339769824998, 47.7363361517478 ], [ -117.475343145604995, 47.736366189857399 ], [ -117.475362412091997, 47.736392267072297 ], [ -117.475354994647006, 47.736424917811298 ], [ -117.475357445919002, 47.7364575708622 ], [ -117.475352835929002, 47.736489471266403 ], [ -117.475344306552003, 47.736527742031903 ], [ -117.475353783610998, 47.736564722635102 ], [ -117.475353484332999, 47.736596905704701 ], [ -117.475358879181996, 47.736628227509399 ], [ -117.475359535920006, 47.736655833122498 ], [ -117.475358305108003, 47.736690886695499 ], [ -117.475355020376, 47.736725954174197 ], [ -117.475361069838002, 47.736756071183102 ], [ -117.475364555992002, 47.7367904645862 ], [ -117.475366145150005, 47.736824527535497 ], [ -117.475360570153995, 47.736859434444803 ], [ -117.475369561844005, 47.736889241444104 ], [ -117.475377183828002, 47.736924773910303 ], [ -117.475366021073, 47.736960655914103 ], [ -117.475360840882004, 47.736992926680898 ], [ -117.475322097301003, 47.737016746423599 ], [ -117.475335340173004, 47.737048349739901 ], [ -117.475331060821006, 47.737082878778097 ], [ -117.475340221032994, 47.737114492704599 ], [ -117.475344175187004, 47.737142565131499 ], [ -117.475349492240994, 47.737170756080303 ], [ -117.475349491534999, 47.7372042362679 ], [ -117.475333268238998, 47.737229567910703 ], [ -117.475334241431995, 47.7372668833533 ], [ -117.475348648682996, 47.7372940784036 ], [ -117.475369594558998, 47.7373220354606 ], [ -117.475422224252995, 47.737337879120297 ], [ -117.475471048982001, 47.737361527768797 ], [ -117.475507581355998, 47.737380197652897 ], [ -117.475547325731995, 47.737399323892198 ], [ -117.475584080071002, 47.7374343064361 ], [ -117.475621345822006, 47.737452502668503 ], [ -117.475653194505, 47.7374734296273 ], [ -117.475675288847, 47.737499462673298 ], [ -117.475694125291994, 47.737530539793902 ], [ -117.475719085449995, 47.737562071101401 ], [ -117.475759681737003, 47.7375880112399 ], [ -117.475785739803001, 47.7376109164518 ], [ -117.475826080919006, 47.737626995321897 ], [ -117.475874596802996, 47.7376314846247 ], [ -117.475919656395007, 47.737655545489098 ], [ -117.475956667063997, 47.737678798438402 ], [ -117.475999934967007, 47.737696810396798 ], [ -117.476035841054994, 47.737716232212101 ], [ -117.476061083456997, 47.737742698407402 ], [ -117.476073578352995, 47.737776752093097 ], [ -117.476078375686001, 47.7378059681919 ], [ -117.476079498041997, 47.737844223258399 ], [ -117.476068608166003, 47.737878549402602 ], [ -117.476058564509003, 47.737913086178899 ], [ -117.476036129532005, 47.737941471387003 ], [ -117.476014531654002, 47.737976384497998 ], [ -117.475994856555999, 47.738011673828602 ], [ -117.476003650612, 47.7380444670058 ], [ -117.476015812712006, 47.738072443277801 ], [ -117.476007505298, 47.738105919224502 ], [ -117.476000063903001, 47.738140752919797 ], [ -117.476019718136001, 47.738175311373901 ], [ -117.476033523530006, 47.738201382327503 ], [ -117.476033997531005, 47.738237286301299 ], [ -117.476038054287997, 47.738272613062001 ], [ -117.476050045541001, 47.738307299570103 ], [ -117.476008340310997, 47.738328499117301 ], [ -117.475963522808996, 47.738315263233503 ], [ -117.475917295798993, 47.738311431201097 ], [ -117.475865118599998, 47.738318582934703 ], [ -117.475820137087993, 47.738341214024501 ], [ -117.475786832664994, 47.738358799403798 ], [ -117.475755181037997, 47.738376991560003 ], [ -117.475716172942001, 47.738437025283602 ], [ -117.475606015045003, 47.738446827686801 ], [ -117.475704877599, 47.738701870520202 ], [ -117.475860054299005, 47.738881590965001 ], [ -117.475777226866995, 47.738915780747298 ], [ -117.475773736532005, 47.738911281106802 ], [ -117.475741923385002, 47.738916319394498 ], [ -117.475688761917993, 47.738914912983702 ], [ -117.475648235093999, 47.7389085711715 ], [ -117.475616634679, 47.738931842236397 ], [ -117.475589989992002, 47.7389578037413 ], [ -117.475559051817996, 47.738988915278199 ], [ -117.475518749559001, 47.739000062079299 ], [ -117.475469625900004, 47.739000154937003 ], [ -117.475431864083006, 47.739022672282303 ], [ -117.475395556042002, 47.739039611362003 ], [ -117.475355330086003, 47.739044348779103 ], [ -117.475332746858996, 47.739072221592799 ], [ -117.475325852376997, 47.739103459320297 ], [ -117.475294596514004, 47.739124899650797 ], [ -117.475281758601, 47.739151770247503 ], [ -117.475323073775002, 47.739144325457701 ], [ -117.475368805111003, 47.739150482970103 ], [ -117.475368190645, 47.739178958508603 ], [ -117.475358530343001, 47.739210261679503 ], [ -117.475318419643003, 47.739221228563501 ], [ -117.475283135642997, 47.739239172899502 ], [ -117.475269571745002, 47.739267472624803 ], [ -117.475235480796997, 47.739290176249199 ], [ -117.475187062838998, 47.739310391057103 ], [ -117.475147581526997, 47.739302437763101 ], [ -117.475146818764003, 47.739272554401097 ], [ -117.475189033492001, 47.739251523116899 ], [ -117.475185821501995, 47.739243601408297 ], [ -117.475178088944006, 47.739224526062401 ], [ -117.475133453379001, 47.7392039335422 ], [ -117.475118163627002, 47.739167751697401 ], [ -117.475141367990005, 47.739128964931702 ], [ -117.475171736879005, 47.739101511601604 ], [ -117.475174703578006, 47.739068844227297 ], [ -117.475146041149003, 47.739046062134904 ], [ -117.475084093929993, 47.739047786102297 ], [ -117.475037619698, 47.739051006179999 ], [ -117.474995953356995, 47.7390587006551 ], [ -117.474947527260994, 47.739062021450401 ], [ -117.474970020613995, 47.739086866186703 ], [ -117.475012535494997, 47.739073179387901 ], [ -117.475024073422006, 47.739100755249403 ], [ -117.475041416943995, 47.7391264949568 ], [ -117.47502113697, 47.7391561145119 ], [ -117.475005148468, 47.739181826626599 ], [ -117.474991419535996, 47.739214580827998 ], [ -117.474952421162001, 47.739237863431903 ], [ -117.474907709003006, 47.739251521510397 ], [ -117.474863074409996, 47.739265497766603 ], [ -117.474823225256998, 47.739273412299497 ], [ -117.474776177704001, 47.739283871434999 ], [ -117.474730440599998, 47.739269454788101 ], [ -117.474685522707006, 47.739273842475498 ], [ -117.474637852807007, 47.739263674367798 ], [ -117.474604110813999, 47.739243642128997 ], [ -117.474561336603003, 47.739249074524999 ], [ -117.474520480048, 47.739266937296499 ], [ -117.474487361455004, 47.739285269229597 ], [ -117.474440549308994, 47.739286412010301 ], [ -117.474400269783999, 47.7392748582092 ], [ -117.474371216530997, 47.739280831258299 ], [ -117.474369526374005, 47.739284338321497 ], [ -117.474342872199003, 47.739307140506902 ], [ -117.474299854842002, 47.739304021565303 ], [ -117.474237030896006, 47.739285911629104 ], [ -117.474231778334001, 47.739280350305897 ], [ -117.474201077966995, 47.739263727177899 ], [ -117.474167184731996, 47.739252580592897 ], [ -117.474130604335002, 47.739263972459398 ], [ -117.474085175705, 47.7392601516867 ], [ -117.474050700430993, 47.739242337530399 ], [ -117.474008064271999, 47.739228157920799 ], [ -117.473966445114002, 47.739209926962403 ], [ -117.473923923347996, 47.739194237047201 ], [ -117.473887639020006, 47.739178138061902 ], [ -117.473842198319005, 47.739162392687 ], [ -117.473807646915006, 47.739141022909301 ], [ -117.473761248585006, 47.739124397888702 ], [ -117.473760503022007, 47.739124257904201 ], [ -117.473708787663, 47.739118627418399 ], [ -117.473702869842995, 47.739118535775397 ], [ -117.473683853558001, 47.739120797989202 ], [ -117.473673039641994, 47.739122084294799 ], [ -117.473622904229998, 47.739127261498098 ], [ -117.473595723255997, 47.739125978135398 ], [ -117.473579388510004, 47.739125206063299 ], [ -117.473539491897995, 47.739132162099096 ], [ -117.473518855574, 47.739140081480201 ], [ -117.473485008268, 47.739158102113699 ], [ -117.473435041277995, 47.739174653340797 ], [ -117.473399502828997, 47.739161212622498 ], [ -117.473395813907999, 47.739189963562197 ], [ -117.473415240641003, 47.739215757904802 ], [ -117.473428061348997, 47.739245587038504 ], [ -117.473438005915, 47.739274935865303 ], [ -117.473458831583002, 47.739302164049498 ], [ -117.473459046692994, 47.7393030863186 ], [ -117.473478863840995, 47.739356337998402 ], [ -117.473482085306998, 47.739370481574603 ], [ -117.473466313591004, 47.739401069293002 ], [ -117.473450711770994, 47.739427152995901 ], [ -117.473414163195997, 47.739441938407197 ], [ -117.473370988043996, 47.7394530549143 ], [ -117.473326299247006, 47.739461262416697 ], [ -117.473273332217005, 47.739472091757499 ], [ -117.473228707638, 47.739485622853003 ], [ -117.473181165899007, 47.739494446703198 ], [ -117.473140786428999, 47.739510420212802 ], [ -117.473101083108006, 47.739532125108603 ], [ -117.473064822444002, 47.7395483794337 ], [ -117.473036061098, 47.739569529937597 ], [ -117.472997614752998, 47.739586584141499 ], [ -117.472977870104003, 47.7396137492725 ], [ -117.472951557925995, 47.739643469798303 ], [ -117.472916417183995, 47.739670578696497 ], [ -117.472889329154, 47.739691224699101 ], [ -117.472861634929004, 47.739720201396203 ], [ -117.472832471242995, 47.739745697560203 ], [ -117.472798650976003, 47.739768689066203 ], [ -117.472769167839999, 47.739793677264203 ], [ -117.472742486084002, 47.739820610898903 ], [ -117.472706656137007, 47.739845874458403 ], [ -117.472677299477994, 47.739866572043297 ], [ -117.472634378544996, 47.739888442087903 ], [ -117.472593406911002, 47.739885905225897 ], [ -117.472545250291006, 47.739871642534801 ], [ -117.472504557015995, 47.739876870346301 ], [ -117.472480453049002, 47.739903463093498 ], [ -117.472463062981006, 47.739933356418298 ], [ -117.472440313796, 47.739964329022499 ], [ -117.47240596588, 47.739989629575099 ], [ -117.47237671117, 47.740008790768002 ], [ -117.472330520439996, 47.740014120324098 ], [ -117.472283394905006, 47.740007089170703 ], [ -117.472244902415994, 47.740031345910403 ], [ -117.472218096643005, 47.7400552288371 ], [ -117.472213793373996, 47.7400882516352 ], [ -117.472211503835993, 47.740118424697002 ], [ -117.472199885017005, 47.7401460790188 ], [ -117.472163992389994, 47.740164316418998 ], [ -117.472133566378005, 47.740182743662899 ], [ -117.472083998165999, 47.740177607479303 ], [ -117.472042760760004, 47.740189517202303 ], [ -117.471998591230005, 47.740204500861502 ], [ -117.471943803388996, 47.740213075971603 ], [ -117.471901262749995, 47.7402211517159 ], [ -117.471857260487994, 47.740230296973202 ], [ -117.471815466804003, 47.740243835672203 ], [ -117.471795149157998, 47.740255362378903 ], [ -117.471715485237993, 47.740293578846199 ], [ -117.471703884763002, 47.7403029192742 ], [ -117.471682596419996, 47.740327192387902 ], [ -117.471652981459002, 47.740346540226398 ], [ -117.471610282878004, 47.740361218969298 ], [ -117.471566659041002, 47.7403509888725 ], [ -117.471523006330997, 47.740327661934103 ], [ -117.471493705444999, 47.740304980532201 ], [ -117.471449042569006, 47.740306273419598 ], [ -117.471411716535002, 47.740317369658101 ], [ -117.471377898019, 47.740338448739799 ], [ -117.471330361637996, 47.740351385513499 ], [ -117.471290719947007, 47.7403673625371 ], [ -117.471273600475996, 47.740395850037999 ], [ -117.471252682458996, 47.740424972170601 ], [ -117.471247067720995, 47.740455672629302 ], [ -117.471256581044997, 47.7404871567459 ], [ -117.471259231201998, 47.740517720694001 ], [ -117.471276288626996, 47.7405470890807 ], [ -117.471281703128, 47.740569727365298 ], [ -117.471308233691005, 47.740613408057499 ], [ -117.471284060876002, 47.740630703586199 ], [ -117.471260121678, 47.740657924330399 ], [ -117.471247283197002, 47.740685594357998 ], [ -117.471222675966999, 47.740710630514499 ], [ -117.471193143137, 47.740729514518002 ], [ -117.471148410161007, 47.740740080527999 ], [ -117.471106328990999, 47.740744144748597 ], [ -117.471067108344002, 47.740759075341003 ], [ -117.471023355106993, 47.740766466517798 ], [ -117.470982791287994, 47.740779486099903 ], [ -117.470933394466002, 47.740785121572202 ], [ -117.470887064438003, 47.740789000700602 ], [ -117.470836130021993, 47.740776337672003 ], [ -117.470796974975997, 47.740767486280802 ], [ -117.470754926908995, 47.740751553915402 ], [ -117.470716149226007, 47.740752450774899 ], [ -117.470702300536004, 47.740757612827103 ], [ -117.470634607180997, 47.7407828471569 ], [ -117.470632588927998, 47.740783432181097 ], [ -117.470625334074995, 47.740786565212296 ], [ -117.470587399956003, 47.740805730945297 ], [ -117.470539582087994, 47.740815772208897 ], [ -117.470498263074006, 47.740813093860702 ], [ -117.470451826119998, 47.740813106072501 ], [ -117.470408457944004, 47.7408072851238 ], [ -117.470363095799001, 47.740799265213496 ], [ -117.470333895687006, 47.740796927633703 ], [ -117.470249266832994, 47.740788086053797 ], [ -117.470217618264002, 47.740758407497303 ], [ -117.470192181925, 47.740732458189598 ], [ -117.470190242930997, 47.740730438968697 ], [ -117.470175016482997, 47.7407145872507 ], [ -117.470086764041994, 47.740617484698603 ], [ -117.470082854387002, 47.740616594651797 ], [ -117.470077501937993, 47.740611016453599 ], [ -117.470045373885995, 47.7405805057329 ], [ -117.470017679406993, 47.740548476941598 ], [ -117.469985491353, 47.7405182570729 ], [ -117.469956404320001, 47.740486520093803 ], [ -117.469925923527995, 47.740455685877301 ], [ -117.469908828881003, 47.740438398553799 ], [ -117.469881560790995, 47.740411637892301 ], [ -117.469866795650006, 47.740397519885803 ], [ -117.469856939170995, 47.740381023503602 ], [ -117.469900471518002, 47.740360368476303 ], [ -117.469920460989002, 47.740328183102001 ], [ -117.469921662361003, 47.7402949292578 ], [ -117.469941455058006, 47.740268896361698 ], [ -117.469978740981006, 47.740252126863098 ], [ -117.469996740195, 47.740226461206802 ], [ -117.470009155591995, 47.740199147556297 ], [ -117.469999056334998, 47.740167385908698 ], [ -117.469994564700997, 47.740137991964701 ], [ -117.469956652479993, 47.740113469430398 ], [ -117.469926974434998, 47.740083027820702 ], [ -117.469905332395996, 47.7400560704722 ], [ -117.469879264108997, 47.740028765938099 ], [ -117.469854035449998, 47.7400058263079 ], [ -117.469817645359001, 47.739984270311197 ], [ -117.469785149616001, 47.739966650119001 ], [ -117.469738703933004, 47.739966201400101 ], [ -117.469706715266, 47.739989232183603 ], [ -117.469664497029001, 47.7399827476208 ], [ -117.469624282218007, 47.739987082587398 ], [ -117.46958034395, 47.7399794848276 ], [ -117.469546040343005, 47.739964029595598 ], [ -117.469539202186994, 47.7399639523004 ], [ -117.469375429348005, 47.739962106488299 ], [ -117.469339583633001, 47.739939206567598 ], [ -117.469308546251, 47.739921019724399 ], [ -117.469268809536004, 47.739898549583501 ], [ -117.469225312424996, 47.739875459571103 ], [ -117.469186933908006, 47.739862814654799 ], [ -117.469139369062006, 47.7398421580018 ], [ -117.469093685877993, 47.739821894032197 ], [ -117.469050066400001, 47.739804024875902 ], [ -117.469011766161003, 47.739789985848802 ], [ -117.468972988418003, 47.739777729390298 ], [ -117.468922963824994, 47.739764769370701 ], [ -117.468873885288005, 47.739748724677 ], [ -117.468836047980005, 47.7397373586942 ], [ -117.468808120355007, 47.7397318240698 ], [ -117.468783807286997, 47.739727005281701 ], [ -117.468738763014002, 47.739715480654397 ], [ -117.468684177965002, 47.739708309334603 ], [ -117.468628756589993, 47.7397012862655 ], [ -117.468574491336, 47.739689614774598 ], [ -117.468518271612993, 47.739684889306503 ], [ -117.468460606132993, 47.739681369995601 ], [ -117.468409230034993, 47.739673557411997 ], [ -117.468352863785995, 47.739669743020698 ], [ -117.468305560339999, 47.739671187623699 ], [ -117.468258688206006, 47.739672833793797 ], [ -117.468220496526996, 47.7396629833543 ], [ -117.468189998385995, 47.739635699207497 ], [ -117.468172079691001, 47.739604661213697 ], [ -117.468179689356006, 47.739571774438502 ], [ -117.468174363605002, 47.739536853882498 ], [ -117.468185067267001, 47.739503755637401 ], [ -117.468181368735998, 47.739473882409897 ], [ -117.468184774196004, 47.739437591886798 ], [ -117.468184336217007, 47.739401832606802 ], [ -117.468184336357993, 47.7393649513347 ], [ -117.468180507062996, 47.739329864515199 ], [ -117.468193998347999, 47.739296754896003 ], [ -117.468190826276995, 47.739266536710403 ], [ -117.468185222537997, 47.739233635454802 ], [ -117.468204437542994, 47.7391701939775 ], [ -117.468238072076005, 47.739152190167097 ], [ -117.468293364659999, 47.739151020711397 ], [ -117.468348225206995, 47.739155517898098 ], [ -117.468400338281995, 47.7391560295261 ], [ -117.468447028949996, 47.73915695646 ], [ -117.468497057703999, 47.739154995906098 ], [ -117.468540439530003, 47.739155527816997 ], [ -117.468588392425005, 47.739153823132902 ], [ -117.468633930913995, 47.739154334505898 ], [ -117.468680522515996, 47.739158787919401 ], [ -117.468721174123004, 47.7391617179821 ], [ -117.468768431032998, 47.739159302553503 ], [ -117.468824389408994, 47.739160384027997 ], [ -117.468864983122998, 47.739162956170702 ], [ -117.468913517461004, 47.739166734828501 ], [ -117.468972996131996, 47.739172001039698 ], [ -117.469024126186, 47.739169840507202 ], [ -117.469076061061998, 47.7391684792508 ], [ -117.469130570529003, 47.739165363706398 ], [ -117.469177184898996, 47.739159725986397 ], [ -117.469209669060007, 47.739172870080601 ], [ -117.469214630408999, 47.739202047996002 ], [ -117.469217399124005, 47.739229914923698 ], [ -117.469220027861994, 47.7392666972722 ], [ -117.469213261137, 47.739297124320103 ], [ -117.469217411581994, 47.7393255677447 ], [ -117.469225126338998, 47.7393553723333 ], [ -117.469218088828995, 47.739391440200599 ], [ -117.469211835728004, 47.739423808635102 ], [ -117.469221109963996, 47.739455414470797 ], [ -117.469223190598996, 47.739492208056497 ], [ -117.469222043360006, 47.739521736659 ], [ -117.469223848650003, 47.739537238486797 ], [ -117.469287077724005, 47.739540476432502 ], [ -117.469352331850004, 47.739574163926903 ], [ -117.469883064547005, 47.739575918747697 ], [ -117.469951879117005, 47.739549865078899 ], [ -117.469952466308996, 47.739521587632801 ], [ -117.469964015144001, 47.739488559540497 ], [ -117.469967100586999, 47.739451381308797 ], [ -117.469929709034005, 47.739438118060498 ], [ -117.469949585495996, 47.739411795092302 ], [ -117.469956043210999, 47.7393808707982 ], [ -117.469968667287006, 47.739345787742401 ], [ -117.469996691492, 47.739311376724302 ], [ -117.470016668732995, 47.739286034072499 ], [ -117.470019555023995, 47.739257856080201 ], [ -117.470022600453007, 47.739223944147902 ], [ -117.470013515912001, 47.739193901386102 ], [ -117.470007893537002, 47.739166466353097 ], [ -117.469998517785001, 47.739137559383302 ], [ -117.469960483606002, 47.739123415209299 ], [ -117.469930635850005, 47.739100287562103 ], [ -117.469924679862004, 47.739070161800598 ], [ -117.469917015801997, 47.739041880347997 ], [ -117.469926724079997, 47.739006359352402 ], [ -117.469921107009995, 47.738973132519803 ], [ -117.469918958654006, 47.738942947078101 ], [ -117.469917759867997, 47.738911412602803 ], [ -117.469914884182003, 47.738876589162501 ], [ -117.469911963819001, 47.738847917582902 ], [ -117.469915058447995, 47.738811908102697 ], [ -117.46991412125, 47.738777721854397 ], [ -117.469918008562999, 47.7387441267905 ], [ -117.469927271247002, 47.7387118629591 ], [ -117.469933854261001, 47.738679306879398 ], [ -117.469912530108999, 47.738652184467597 ], [ -117.469917280662997, 47.738619210303703 ], [ -117.469951157677997, 47.738595648060901 ], [ -117.469983762371001, 47.738578628695002 ], [ -117.469987215160998, 47.738573975378102 ], [ -117.469980039836003, 47.738562794617401 ], [ -117.469986414293004, 47.738531376688101 ], [ -117.470001871872995, 47.738500515403601 ], [ -117.470003077447998, 47.738497675313702 ], [ -117.470005069305003, 47.7384901649339 ], [ -117.470009350873994, 47.738459776804802 ], [ -117.470020268191007, 47.7384264138758 ], [ -117.470008016905993, 47.738387884019303 ], [ -117.469990828866997, 47.738358219947102 ], [ -117.469983250313007, 47.738346397507101 ], [ -117.469963567053995, 47.738330557707997 ], [ -117.469964720516003, 47.738301769570903 ], [ -117.469996107821999, 47.738283037538402 ], [ -117.470026091245003, 47.738263342202302 ], [ -117.470043286267995, 47.738229616147997 ], [ -117.470039948562004, 47.738189108997403 ], [ -117.470051754769003, 47.738161299358801 ], [ -117.470088468239993, 47.738143043954203 ], [ -117.470141730673006, 47.738142583737599 ], [ -117.470190051019003, 47.738150985713901 ], [ -117.470241498007994, 47.738161623366103 ], [ -117.470288740723007, 47.738176994780801 ], [ -117.470348094082993, 47.738179712664603 ], [ -117.470405133152994, 47.738177089113798 ], [ -117.470455289637997, 47.738169875265598 ], [ -117.470492761924007, 47.738158282064497 ], [ -117.470533540803999, 47.738137959291002 ], [ -117.470581747028007, 47.738121107925402 ], [ -117.470623989360007, 47.738101706774501 ], [ -117.470667965258997, 47.738086851298497 ], [ -117.470711722792004, 47.738068193403599 ], [ -117.470755377798994, 47.738055329485697 ], [ -117.470795591336, 47.738034457383002 ], [ -117.470835423921002, 47.738010687792901 ], [ -117.470862856802, 47.7379787371327 ], [ -117.470877957826005, 47.737945093323198 ], [ -117.470871638657002, 47.737909941219399 ], [ -117.470866873247004, 47.737868114597099 ], [ -117.470859738496998, 47.737835259334197 ], [ -117.470857380571999, 47.737804371148997 ], [ -117.470854056944006, 47.737769190557501 ], [ -117.470845887308997, 47.737739013634602 ], [ -117.470842195843005, 47.737705491914902 ], [ -117.470837848516993, 47.737671567992301 ], [ -117.470824718325005, 47.737639011750801 ], [ -117.470814077718003, 47.737604753739802 ], [ -117.470811396803001, 47.737571027225499 ], [ -117.470828295510003, 47.737534844112197 ], [ -117.470829133099002, 47.737501402784098 ], [ -117.470834778089994, 47.7374727329709 ], [ -117.470823387505007, 47.737437098700099 ], [ -117.470816042837995, 47.737404325271903 ], [ -117.470814824800001, 47.737371746251299 ], [ -117.470816635836997, 47.737339018039897 ], [ -117.470828231029003, 47.737308581874501 ], [ -117.470848572530002, 47.7372836784577 ], [ -117.470868377361001, 47.737249847990697 ], [ -117.470886631108996, 47.737219733607297 ], [ -117.470897063780995, 47.737158006646098 ], [ -117.471170935540002, 47.737158437371598 ], [ -117.471252157874005, 47.737158604149499 ], [ -117.471338489597002, 47.737158723792597 ], [ -117.471428407128997, 47.737158607299399 ], [ -117.471528027001995, 47.7371586641164 ], [ -117.471643621056998, 47.737159811395102 ], [ -117.471760315059001, 47.737161056608898 ], [ -117.471873171135002, 47.7371609102549 ], [ -117.471985189015996, 47.737161291798998 ], [ -117.472095470263994, 47.737161671379901 ], [ -117.472213126734005, 47.737161822560999 ], [ -117.472333349413006, 47.737162559602702 ], [ -117.472449573679995, 47.737162596767298 ], [ -117.472561322963998, 47.737162627047397 ], [ -117.472670370201996, 47.737162095198201 ], [ -117.472778861612994, 47.737162341130997 ], [ -117.472882905315004, 47.737161909771103 ], [ -117.472982840200999, 47.737161255014001 ], [ -117.473078073215007, 47.737160136379003 ], [ -117.473163400537004, 47.737159219563203 ], [ -117.473240274419993, 47.737158622767502 ], [ -117.473306159078007, 47.737158027153697 ], [ -117.473369484439004, 47.737157315191801 ], [ -117.473431798646999, 47.737156883593499 ], [ -117.473490008409996, 47.737157005154103 ], [ -117.473493821920002, 47.737167908945104 ], [ -117.473526390744993, 47.737261017915003 ], [ -117.473557511050998, 47.737286303314001 ], [ -117.473551653467993, 47.737315631866998 ], [ -117.473523120392002, 47.737345619932803 ], [ -117.473525734768998, 47.737376376542997 ], [ -117.473510703722994, 47.737412530755797 ], [ -117.473491921104994, 47.737442851984802 ], [ -117.473478565757006, 47.73747037775 ], [ -117.473471279996005, 47.7375018104375 ], [ -117.473469479966994, 47.737539836450203 ], [ -117.473460021809004, 47.737571902534498 ], [ -117.473445036298997, 47.737597789353799 ], [ -117.473432327804005, 47.737626493833197 ], [ -117.473433134079997, 47.737661583063598 ], [ -117.473423842358002, 47.737697153034503 ], [ -117.473432138217007, 47.737729907975201 ], [ -117.473435761301999, 47.737770268993103 ], [ -117.473429491139996, 47.7378019179286 ], [ -117.473467670069994, 47.737812022222698 ], [ -117.473495723590005, 47.737783542355203 ], [ -117.473537821475006, 47.737770866453801 ], [ -117.473592430964999, 47.737766321351401 ], [ -117.473631590926999, 47.737753114982198 ], [ -117.473655455884, 47.737727549598098 ], [ -117.473709739485997, 47.737737078977702 ], [ -117.473759255166996, 47.737750189275999 ], [ -117.473817544881996, 47.7377419965309 ], [ -117.473856685243007, 47.737725756164899 ], [ -117.473907106458995, 47.737723709751997 ], [ -117.473954560710993, 47.737724983998497 ], [ -117.473984084660998, 47.7377439217465 ], [ -117.474028424964004, 47.737752892799001 ], [ -117.474076827573001, 47.737750785367602 ], [ -117.474060784713998, 47.7377190855048 ], [ -117.474026565760994, 47.737693835536597 ], [ -117.474009095537994, 47.737665784702301 ], [ -117.474024952936006, 47.737632384786103 ], [ -117.474028589696999, 47.737594116340397 ], [ -117.47402251698, 47.737561951501498 ], [ -117.473994175141996, 47.737528640565003 ], [ -117.473973186186996, 47.737500420705501 ], [ -117.474006686029995, 47.7374783479247 ], [ -117.474051487384997, 47.737468191701304 ], [ -117.474093123936001, 47.7374768814744 ], [ -117.474145515551001, 47.7374812187334 ], [ -117.474198125097004, 47.737499420416299 ], [ -117.474234736016996, 47.737526045185199 ], [ -117.474232930460005, 47.737556057043697 ], [ -117.474220528092005, 47.737587285080998 ], [ -117.474214927410003, 47.737624450440698 ], [ -117.474202601778003, 47.737659578631103 ], [ -117.474195431406002, 47.737695741840902 ], [ -117.474197851900996, 47.7377333041429 ], [ -117.474200783529994, 47.737767371452698 ], [ -117.474203793561998, 47.7377968523463 ], [ -117.474208604143996, 47.737835427802203 ], [ -117.474197568486005, 47.737866760858999 ], [ -117.474200468144005, 47.7378998034701 ], [ -117.474199326825996, 47.737941716445498 ], [ -117.474203198612997, 47.737973851677303 ], [ -117.474164474014998, 47.737983887477199 ], [ -117.474115037334002, 47.737982012367702 ], [ -117.474072312716004, 47.737978253299801 ], [ -117.474036370809003, 47.737995234528803 ], [ -117.473995828140005, 47.737990132071403 ], [ -117.473944442304003, 47.737978803031503 ], [ -117.473873953110001, 47.737973320329999 ], [ -117.473849206173, 47.737947547126502 ], [ -117.473807307517006, 47.7379447005084 ], [ -117.473755102897002, 47.7379374992774 ], [ -117.473695634357995, 47.737940748159801 ], [ -117.473644788799007, 47.737941474479001 ], [ -117.473602548509007, 47.737939783591898 ], [ -117.473558500493994, 47.737931135983402 ], [ -117.473516196014003, 47.7379413410955 ], [ -117.473488797732003, 47.737963686379302 ], [ -117.473435779108001, 47.737962326923302 ], [ -117.473389465848001, 47.737956135050098 ], [ -117.473336144917994, 47.737949970261198 ], [ -117.473286340266, 47.737954435142399 ], [ -117.473233786258007, 47.737946204886597 ], [ -117.473199617893997, 47.737966991735597 ], [ -117.473134860377996, 47.737972270405599 ], [ -117.473088614944004, 47.737976213061103 ], [ -117.473026684141999, 47.737984034444601 ], [ -117.472982312894999, 47.737980338443002 ], [ -117.472935727110993, 47.738000312616101 ], [ -117.472925566564996, 47.738028653830099 ], [ -117.472930579459998, 47.7380621286474 ], [ -117.472940078779004, 47.738091267013701 ], [ -117.472914146028003, 47.738114051502798 ], [ -117.472892920516998, 47.738087951365401 ], [ -117.472889821196006, 47.738052507178701 ], [ -117.472901150563004, 47.738020081626502 ], [ -117.472845836286993, 47.738014734610402 ], [ -117.472793882917998, 47.7380134739415 ], [ -117.472716021644999, 47.738011076494097 ], [ -117.472692749638, 47.738921691874701 ], [ -117.472692501813995, 47.738990539144702 ], [ -117.473056401617001, 47.738984708288697 ], [ -117.473053616889999, 47.7389544148567 ], [ -117.473081188012998, 47.738927660130898 ], [ -117.473123540706993, 47.738930776870802 ], [ -117.473163826770005, 47.738920589225202 ], [ -117.473207641521, 47.7389232815163 ], [ -117.473256830733007, 47.7389177718848 ], [ -117.473302367494, 47.738916932667898 ], [ -117.473347391993002, 47.738918735449801 ], [ -117.473396159653007, 47.738911897647696 ], [ -117.473438567149998, 47.738910318183102 ], [ -117.473493847971, 47.738910245780097 ], [ -117.473537157435004, 47.738903108322098 ], [ -117.473579657309003, 47.738907598224102 ], [ -117.473622351488004, 47.738900273422999 ], [ -117.473665770305999, 47.738910489190303 ], [ -117.473681352156007, 47.738911643157799 ], [ -117.473712570577007, 47.738913954459598 ], [ -117.473758978430993, 47.738912684978402 ], [ -117.473811253888002, 47.738909209329201 ], [ -117.473858085613998, 47.7388996764358 ], [ -117.473911458982002, 47.7388916632027 ], [ -117.473956440885999, 47.7388939167027 ], [ -117.474002950205005, 47.738881491444403 ], [ -117.474033885804999, 47.738860434287403 ], [ -117.474064676083003, 47.738837624084503 ], [ -117.474074280257, 47.738809316563298 ], [ -117.474057646779002, 47.738780915876298 ], [ -117.474038803754993, 47.738754493894298 ], [ -117.474022223556005, 47.738724905295001 ], [ -117.474013950894999, 47.738697116097498 ], [ -117.474009067550995, 47.738667417100302 ], [ -117.473997141517998, 47.738640657923199 ], [ -117.473979556144997, 47.738611710500798 ], [ -117.473950016283993, 47.738587840319902 ], [ -117.473916244728997, 47.738562562381603 ], [ -117.473916267190006, 47.738547693707503 ], [ -117.473950776175002, 47.738521953845698 ], [ -117.473985502210994, 47.738500880146901 ], [ -117.474011534363001, 47.738476439442699 ], [ -117.474059265403994, 47.738471982813003 ], [ -117.474108698528994, 47.738473856161903 ], [ -117.474156437126993, 47.738483013772701 ], [ -117.474202516193003, 47.738488177874899 ], [ -117.474247035009, 47.738476487749502 ], [ -117.474287566049995, 47.7384933365704 ], [ -117.474314574565, 47.738468763996103 ], [ -117.474347159749001, 47.738450643059601 ], [ -117.474388317746005, 47.738444149404401 ], [ -117.474375951273998, 47.738416641683799 ], [ -117.474387040213998, 47.738389998856597 ], [ -117.474430757064994, 47.738373000674301 ], [ -117.474481774767, 47.738358878525197 ], [ -117.474488156060005, 47.738329688127401 ], [ -117.474485540383995, 47.738297241794399 ], [ -117.474519753237999, 47.738277714047697 ], [ -117.474535411055001, 47.738251283553502 ], [ -117.474552087408995, 47.7382217158709 ], [ -117.474540574488003, 47.738185539920501 ], [ -117.474486065600999, 47.738171101859301 ], [ -117.474453889971002, 47.738144427345503 ], [ -117.474454525788005, 47.7381062090857 ], [ -117.474514980671003, 47.738099785867298 ], [ -117.474549575267005, 47.738081917495002 ], [ -117.474589696372007, 47.738071733627798 ], [ -117.474633658998997, 47.738077998621399 ], [ -117.474675804048999, 47.738068021396998 ], [ -117.474716956416998, 47.738075913056598 ], [ -117.474740302718004, 47.738043075909701 ], [ -117.474749074081998, 47.7380097807876 ], [ -117.474759745745999, 47.737979670162503 ], [ -117.474773666879003, 47.737951644340697 ], [ -117.474746027687004, 47.737929970018598 ], [ -117.474750124522004, 47.737896882283103 ], [ -117.474778197960006, 47.7378697849554 ], [ -117.474788001101004, 47.737843177997902 ], [ -117.474746050651007, 47.737842260128801 ], [ -117.474694263236003, 47.737821237239601 ], [ -117.474655027653995, 47.737800711270097 ], [ -117.474678221074996, 47.737772928735197 ], [ -117.474707727953003, 47.737752831949699 ], [ -117.474693288438004, 47.737725733229396 ], [ -117.474744486736, 47.737704410310897 ], [ -117.474789802363006, 47.737709002387 ], [ -117.474843244941994, 47.737713298089297 ], [ -117.474864344612996, 47.737686009151503 ], [ -117.474878323186005, 47.737653166646403 ], [ -117.474899395595997, 47.737628751657802 ], [ -117.474904130249996, 47.737591011300402 ], [ -117.474874630621002, 47.737559813516803 ], [ -117.474832914095998, 47.737543816482898 ], [ -117.474775293316, 47.737540746442598 ], [ -117.474735297205001, 47.737534845694903 ], [ -117.474710678427002, 47.737504559833297 ], [ -117.474673905147995, 47.737484457369902 ], [ -117.474640164918995, 47.7374602376319 ], [ -117.474609620947007, 47.737436649795796 ], [ -117.474556453779996, 47.7374340066104 ], [ -117.474503982889004, 47.737423291446497 ], [ -117.474457710563001, 47.737427292350603 ], [ -117.474425552922995, 47.737408272035601 ], [ -117.474414239805, 47.737381580543797 ], [ -117.474363563146994, 47.7373689755943 ], [ -117.474319081247998, 47.737361713906097 ], [ -117.474267772443994, 47.737349259987901 ], [ -117.474240152899995, 47.737318380884801 ], [ -117.474194336045997, 47.737307901713201 ], [ -117.474141753043995, 47.737308468975897 ], [ -117.474101269599998, 47.737305424968802 ], [ -117.474044147189005, 47.737311232264297 ], [ -117.473987332307999, 47.737309482051103 ], [ -117.473933571090001, 47.737305148576397 ], [ -117.473890322528007, 47.737310173291803 ], [ -117.473839796836998, 47.737313597666301 ], [ -117.47379627942, 47.737319716668502 ], [ -117.473747985426002, 47.7373194922476 ], [ -117.473707767359002, 47.737315264717601 ], [ -117.473655308401007, 47.737315097938499 ], [ -117.473635887373007, 47.737279130883799 ], [ -117.473619148398001, 47.737252106299401 ], [ -117.473620277327996, 47.7372161309126 ], [ -117.473624291497998, 47.737182826712001 ], [ -117.473625934096006, 47.737168488506803 ], [ -117.473627764040003, 47.737156718352097 ], [ -117.473704985067997, 47.737156014540197 ], [ -117.473757639957995, 47.7371538312063 ], [ -117.473730448888006, 47.7371351473993 ], [ -117.473741778228998, 47.7371060328867 ], [ -117.473768532989993, 47.737077504323999 ], [ -117.473775667721, 47.737049592111902 ], [ -117.473741257716995, 47.7370223318743 ], [ -117.473742726281003, 47.736991311877901 ], [ -117.473762349403998, 47.736959577206697 ], [ -117.473809283684005, 47.736958746414203 ], [ -117.473838935687994, 47.736924227846799 ], [ -117.473844984292995, 47.7368964235867 ], [ -117.473862060312001, 47.736865631569103 ], [ -117.473898663488001, 47.7368532535477 ], [ -117.473946484576004, 47.736851386109102 ], [ -117.473964789853994, 47.736814520996802 ], [ -117.473983284267007, 47.736788652005302 ], [ -117.473983375364995, 47.736753571663698 ], [ -117.473985850101997, 47.7367260025975 ], [ -117.473990206348006, 47.736696323913499 ], [ -117.473995416565003, 47.736668740849602 ], [ -117.474001917799001, 47.7366407070704 ], [ -117.474007827007, 47.736613134615098 ], [ -117.474013303678007, 47.736581846124501 ], [ -117.474024903051003, 47.736550036574698 ], [ -117.474022181248003, 47.736522607739197 ], [ -117.474033930093995, 47.736484491130597 ], [ -117.474031934313999, 47.736444032524702 ], [ -117.474039190035001, 47.736416102697703 ], [ -117.474038251511004, 47.736387792825901 ], [ -117.474037980107994, 47.736359213868496 ], [ -117.474052397814006, 47.736331530684502 ], [ -117.474054233710007, 47.736303090583398 ], [ -117.474038414719004, 47.7362641160992 ], [ -117.473994501212005, 47.736248243901898 ], [ -117.473950565311, 47.736259002072401 ], [ -117.473908014198997, 47.736253628951303 ], [ -117.473904384988998, 47.736224526699999 ], [ -117.473902895622999, 47.736194151444998 ], [ -117.473898287772997, 47.736164205657403 ], [ -117.473895996878994, 47.736135160862503 ], [ -117.473895518180001, 47.736103424590603 ], [ -117.473888145874, 47.736070736042102 ], [ -117.473850170006997, 47.736043777581699 ], [ -117.473830402104994, 47.735993943033499 ], [ -117.473829826206, 47.735966483736703 ], [ -117.473835060655006, 47.735936718650599 ], [ -117.473841506526, 47.735907875318503 ], [ -117.473843447261004, 47.735878924620202 ], [ -117.473842765130001, 47.735848577521303 ], [ -117.473847202925995, 47.735818477412302 ], [ -117.473842403869, 47.735788324564702 ], [ -117.473838667327001, 47.735759292033997 ], [ -117.473842429130997, 47.735731275868197 ], [ -117.473851356628998, 47.735702231538497 ], [ -117.473851487681003, 47.7356718387923 ], [ -117.473859501934996, 47.735643573828298 ], [ -117.473864512990005, 47.735613888840703 ], [ -117.473867298220995, 47.735581583934902 ], [ -117.473875064686993, 47.735552030631602 ], [ -117.473863214562996, 47.735520908160801 ], [ -117.47388010988, 47.735494799247299 ], [ -117.473902891422995, 47.735469904099403 ], [ -117.473906520241997, 47.735442377950498 ], [ -117.473901658334, 47.735414852671902 ], [ -117.473914520758996, 47.735374095163102 ], [ -117.473908864012998, 47.735331585808403 ], [ -117.473904275352993, 47.735288459303803 ], [ -117.473895253834002, 47.7352492146873 ], [ -117.473895228385004, 47.735218039790801 ], [ -117.473903662436996, 47.735189307010501 ], [ -117.473900906367007, 47.735160732008602 ], [ -117.473896416377002, 47.735132152469497 ], [ -117.473887818136006, 47.735093250713 ], [ -117.473905313662002, 47.735068189339302 ], [ -117.473906646127006, 47.735026301649697 ], [ -117.473917426878003, 47.734989410919397 ], [ -117.473910512535994, 47.7349601404757 ], [ -117.473909066190998, 47.734925682809802 ], [ -117.473917379612999, 47.7348946858205 ], [ -117.473924609315006, 47.734865521625103 ], [ -117.473931834081, 47.734824937651801 ], [ -117.473940020219999, 47.734796672867802 ], [ -117.473944806868005, 47.734769168925901 ], [ -117.473953600048006, 47.734741955256702 ], [ -117.473969028791004, 47.734715938760402 ], [ -117.473963790598006, 47.734676191748399 ], [ -117.473967789642003, 47.734648172793797 ], [ -117.473970739381997, 47.734616959513502 ], [ -117.473981180449996, 47.734585420171001 ], [ -117.473993881674005, 47.734550149171 ], [ -117.474010155258, 47.734522147899703 ], [ -117.474029409904006, 47.734492843152097 ], [ -117.474069968709998, 47.734467401260503 ], [ -117.474119270147, 47.734456507503303 ], [ -117.474160872658004, 47.7344567162245 ], [ -117.474216472384995, 47.734472603057199 ], [ -117.474257707313001, 47.734450688977297 ], [ -117.474278916630993, 47.734427212875602 ], [ -117.474283434921006, 47.734396764200902 ], [ -117.474323856484006, 47.734355203522703 ], [ -117.474340314713004, 47.734329936721402 ], [ -117.474350082781996, 47.734289822679401 ], [ -117.474342444935999, 47.7342600594788 ], [ -117.474351395932999, 47.734218827708098 ], [ -117.474370472282004, 47.734186812650798 ], [ -117.474395431735999, 47.734152306119903 ], [ -117.474353681083997, 47.7341406054163 ], [ -117.474305416674, 47.734134943838498 ], [ -117.474248447053, 47.734130020029802 ], [ -117.474213119371996, 47.734111379849097 ], [ -117.474218993975001, 47.734072106088398 ], [ -117.474217361930997, 47.734037339669499 ], [ -117.474246462763006, 47.734005931938597 ], [ -117.474247503794999, 47.733971933668798 ], [ -117.474221768511995, 47.733938619195698 ], [ -117.474198127223005, 47.7339050126388 ], [ -117.474171191322, 47.733870633295901 ], [ -117.474147177478002, 47.733848283410403 ], [ -117.474116286843994, 47.733828856469302 ], [ -117.474066443930994, 47.7338210247839 ], [ -117.474025477888006, 47.7338237304335 ], [ -117.473985007478007, 47.733817268129698 ], [ -117.473957339004997, 47.733783710546803 ], [ -117.473951203563004, 47.733746929255098 ], [ -117.473948538897005, 47.733716074768601 ], [ -117.473948022757, 47.733688590021202 ], [ -117.473939573980005, 47.733647176401398 ], [ -117.473910716714002, 47.733614143779 ], [ -117.473876121417007, 47.733599292972698 ], [ -117.473814604187993, 47.733593899154599 ], [ -117.473760915916003, 47.733590567634401 ], [ -117.473718993446994, 47.733588532669501 ], [ -117.473674053571003, 47.733569671966698 ], [ -117.473654086897, 47.733542945917797 ], [ -117.473641847085005, 47.733511289662601 ], [ -117.472973850532, 47.733588680916498 ], [ -117.472349476744995, 47.733766672163298 ], [ -117.472021522866996, 47.733709547670301 ], [ -117.472039314525006, 47.733547049164898 ], [ -117.472337791331995, 47.733539323900899 ], [ -117.472519999404, 47.733454113018901 ], [ -117.472545715254, 47.7331031676853 ], [ -117.472591985793997, 47.7328950723508 ], [ -117.472947767137995, 47.7328351328511 ], [ -117.473178062802006, 47.732743225534101 ], [ -117.473164666011002, 47.732327471127597 ], [ -117.472817871651003, 47.732315906041798 ], [ -117.472490924119001, 47.732369229243602 ], [ -117.472163977237997, 47.7324225506106 ], [ -117.471989463754994, 47.732293328182003 ], [ -117.4717186524, 47.732164501347398 ], [ -117.471323299692997, 47.732107651866102 ], [ -117.471523181221002, 47.731846950194601 ], [ -117.471406585406001, 47.7315026666544 ], [ -117.471310200432995, 47.731472233020497 ], [ -117.471212454376001, 47.731441408098398 ], [ -117.471112618080994, 47.731411414057803 ], [ -117.471014079249997, 47.7313787243109 ], [ -117.470918799052001, 47.731347852127499 ], [ -117.470822721060003, 47.731318713383999 ], [ -117.470727464693994, 47.731286761226997 ], [ -117.470636142532996, 47.731258043704102 ], [ -117.470547116031, 47.731230400011597 ], [ -117.470463596697996, 47.731204283067299 ], [ -117.470389677271996, 47.731181592605097 ], [ -117.470326394340006, 47.731163850394999 ], [ -117.470271858993996, 47.731151749815297 ], [ -117.470029268969995, 47.731216243584598 ], [ -117.469924717555003, 47.733584637660996 ], [ -117.469773384467004, 47.733472042675501 ], [ -117.468619496382999, 47.733548305818601 ], [ -117.468593472715995, 47.734512793000803 ], [ -117.468366056316995, 47.734657598012603 ], [ -117.467976321009004, 47.734540934707702 ], [ -117.467794150453003, 47.734434569569302 ], [ -117.467656506403003, 47.734362208317798 ], [ -117.467732577890999, 47.734276038377402 ], [ -117.467703621781993, 47.734056857036499 ], [ -117.467920153696994, 47.734002657998502 ], [ -117.467622328066994, 47.733758877115697 ], [ -117.467222426846007, 47.733801967886301 ], [ -117.466979268147, 47.733894453623897 ], [ -117.466903828192997, 47.734088051360999 ], [ -117.466953110968007, 47.734293645646801 ], [ -117.466935093456996, 47.734506376242102 ], [ -117.466997052026997, 47.7344814346284 ], [ -117.467089138207996, 47.734562217633503 ], [ -117.467323411509994, 47.734795256366702 ], [ -117.467211841853, 47.734959662808798 ], [ -117.467136065920002, 47.735031514155402 ], [ -117.466965367490999, 47.735109891707303 ], [ -117.467012636472006, 47.734822239372797 ], [ -117.466706350888998, 47.734760305760098 ], [ -117.466678812940003, 47.735310199229303 ], [ -117.468597503124997, 47.735366813932998 ], [ -117.468553010543005, 47.736021446487499 ], [ -117.468398866396001, 47.736133193769 ], [ -117.468037628527, 47.736124924021297 ], [ -117.468035194167996, 47.735739569869096 ], [ -117.467327598706007, 47.735760786104898 ], [ -117.467327598745996, 47.735762132150498 ], [ -117.467270477653997, 47.735962230037302 ], [ -117.467148053203005, 47.736093473918501 ], [ -117.467202104050997, 47.736209260355501 ], [ -117.466188889690002, 47.736213459827503 ], [ -117.466046092438006, 47.736299573083599 ], [ -117.466016494165004, 47.7364993956961 ], [ -117.466016494171001, 47.736500741741601 ], [ -117.465940422908005, 47.7365195911322 ], [ -117.465925700371997, 47.735865479916797 ], [ -117.465692454808007, 47.735796608598001 ], [ -117.465618386323996, 47.735982405207402 ], [ -117.465622597750993, 47.735862051094699 ], [ -117.465091550701004, 47.735735665167297 ], [ -117.465116889628007, 47.736084918920596 ], [ -117.464941984389995, 47.736126259147298 ], [ -117.464885605522994, 47.736373200785998 ], [ -117.464799525570996, 47.7362937665511 ], [ -117.464728913575001, 47.736274268519097 ], [ -117.464433936755, 47.736409728872403 ], [ -117.464177206138999, 47.736527624263303 ], [ -117.464152602550001, 47.736496803414902 ], [ -117.464179777422999, 47.736466666612699 ], [ -117.464181380834006, 47.736432173108597 ], [ -117.464189084916001, 47.7363973715036 ], [ -117.464195091750994, 47.736359644434998 ], [ -117.464201834570005, 47.736315135573697 ], [ -117.464215395227001, 47.736261121929402 ], [ -117.464217540760998, 47.7361993895016 ], [ -117.464271239108996, 47.736153058521602 ], [ -117.464287679416998, 47.736092908529997 ], [ -117.464341857161997, 47.736040510273298 ], [ -117.464384911881993, 47.735979649738901 ], [ -117.464433754300003, 47.735918550722403 ], [ -117.464468492226999, 47.735855233267301 ], [ -117.464496197738995, 47.735793938139302 ], [ -117.464502968206006, 47.735770420618898 ], [ -117.464513167267, 47.735734997050699 ], [ -117.464524855958004, 47.7356698617698 ], [ -117.464530983249006, 47.735598327387997 ], [ -117.464534675400003, 47.735519482388199 ], [ -117.464535088361004, 47.735442947756098 ], [ -117.464535149049993, 47.735371493712499 ], [ -117.464535397082997, 47.735304158025798 ], [ -117.464535386764993, 47.735241965531102 ], [ -117.464527858059995, 47.735184121431999 ], [ -117.464512597096999, 47.735134769102999 ], [ -117.464489408676002, 47.735094603948397 ], [ -117.464463312584002, 47.735062223611799 ], [ -117.464430790191997, 47.735030707854797 ], [ -117.464392974101003, 47.735000983344001 ], [ -117.464348288663999, 47.734973744768403 ], [ -117.464296651037998, 47.734945523867502 ], [ -117.464237415956006, 47.734907045782698 ], [ -117.464151156078998, 47.734868363851902 ], [ -117.464110236638007, 47.7348431425172 ], [ -117.464077318254994, 47.734821208940403 ], [ -117.464076055720994, 47.734820367368499 ], [ -117.464031744815998, 47.734788560855598 ], [ -117.464023070965993, 47.734700231968802 ], [ -117.464582196159995, 47.7344514491339 ], [ -117.464536550998005, 47.733518926500999 ], [ -117.463236012538005, 47.733521531822902 ], [ -117.463197602403, 47.7340871036238 ], [ -117.463261569297003, 47.734189652397703 ], [ -117.463224214988003, 47.735643188140997 ], [ -117.463474753274994, 47.735678281413399 ], [ -117.463510661887, 47.735823859335497 ], [ -117.463481535721002, 47.735890526149298 ], [ -117.463397288017006, 47.735920306607497 ], [ -117.463299126801004, 47.735979316193102 ], [ -117.463194631616005, 47.736076114316703 ], [ -117.463240510659006, 47.736130968546902 ], [ -117.463387023981994, 47.736251554455301 ], [ -117.463257000864004, 47.736454035700902 ], [ -117.462948920105006, 47.736565578135902 ], [ -117.463021225687001, 47.736607184805003 ], [ -117.463113493543005, 47.736676836568101 ], [ -117.462989790758996, 47.736926586231597 ], [ -117.462911074155002, 47.736930232890501 ], [ -117.462777578195002, 47.7370441962981 ], [ -117.462759906149003, 47.737047453618203 ], [ -117.462648812322001, 47.737067932945301 ], [ -117.462534352039, 47.737089032172698 ], [ -117.462295614349998, 47.737087529654303 ], [ -117.461911355805995, 47.737085110727499 ], [ -117.461516116159999, 47.737047683508798 ], [ -117.461500585406, 47.7369880691855 ], [ -117.461303117449006, 47.737001221333102 ], [ -117.461246177679996, 47.736814738578801 ], [ -117.460896033991006, 47.736672772560702 ], [ -117.460858476606006, 47.737073876658897 ], [ -117.460485966763002, 47.736996318763097 ], [ -117.460472648174999, 47.7369861185038 ], [ -117.460475994383998, 47.736955073153403 ], [ -117.460480776902003, 47.736911601711803 ], [ -117.460483224260003, 47.736859393943398 ], [ -117.460485938700003, 47.736804349049798 ], [ -117.460489534500994, 47.736744886382098 ], [ -117.460503716386, 47.7364580435151 ], [ -117.460504567247, 47.736371508090301 ], [ -117.460505279830997, 47.736277912778299 ], [ -117.460510660656993, 47.736183259506497 ], [ -117.460510681206998, 47.736088024000999 ], [ -117.460514513340001, 47.735995925069297 ], [ -117.460518653147005, 47.735906350536503 ], [ -117.460524404080999, 47.735816920697197 ], [ -117.460528205569005, 47.735723468639897 ], [ -117.460533641463002, 47.7356328019874 ], [ -117.460537500222003, 47.735541461441201 ], [ -117.460539575023006, 47.735452461138102 ], [ -117.460544076057005, 47.735364987892901 ], [ -117.460544449069999, 47.735278116957602 ], [ -117.460547403014999, 47.735197157905397 ], [ -117.460551260561004, 47.7351208110112 ], [ -117.460554512543993, 47.735047939632203 ], [ -117.460556755176, 47.734973288072197 ], [ -117.460562973506995, 47.734912982577598 ], [ -117.460568152700006, 47.7348475193103 ], [ -117.460568313571002, 47.734784843853497 ], [ -117.460567877691005, 47.734722406528803 ], [ -117.460569118558993, 47.7346618105882 ], [ -117.460565544855001, 47.734603963850603 ], [ -117.460564320410001, 47.734549354030499 ], [ -117.460563462435999, 47.734501212937303 ], [ -117.460565987851993, 47.734459238740101 ], [ -117.460566538315007, 47.734422140188002 ], [ -117.460575467685999, 47.734389168515101 ], [ -117.460590161417002, 47.734353319657501 ], [ -117.460610539745005, 47.7343212791749 ], [ -117.460681989673006, 47.734302429366103 ], [ -117.460682976968002, 47.7342888578711 ], [ -117.460894650064006, 47.734235687639298 ], [ -117.461184202273003, 47.734374086719001 ], [ -117.461460367412997, 47.734298366423197 ], [ -117.461871581047006, 47.734103151509899 ], [ -117.461841343998998, 47.733651692718901 ], [ -117.461556310693993, 47.733551706006303 ], [ -117.461559994222995, 47.733548515026698 ], [ -117.461551998551002, 47.733520435872798 ], [ -117.461542323027999, 47.733491973876397 ], [ -117.461593334910006, 47.733501786677998 ], [ -117.461639657931997, 47.733498371999801 ], [ -117.461688689811993, 47.733498287227199 ], [ -117.461735786749998, 47.733498686193499 ], [ -117.461783843809002, 47.733504498753298 ], [ -117.461833860664996, 47.733495290852197 ], [ -117.461868321937004, 47.733473359894703 ], [ -117.461873478921007, 47.733440274630503 ], [ -117.461881894982994, 47.733406378159003 ], [ -117.461878245546004, 47.7333743576662 ], [ -117.461876020006997, 47.733343788159502 ], [ -117.461876543038002, 47.733309273824602 ], [ -117.461884200420997, 47.733276005741203 ], [ -117.461887260431993, 47.733243935750302 ], [ -117.461891281953996, 47.733206426417603 ], [ -117.461893526191005, 47.733170939708103 ], [ -117.461897709064004, 47.733134031667198 ], [ -117.461886201832996, 47.733104014180697 ], [ -117.461864532036998, 47.733075983781298 ], [ -117.461832980997002, 47.733047967949098 ], [ -117.461793086013003, 47.733030171007201 ], [ -117.461753201972002, 47.733010591575699 ], [ -117.461732720922996, 47.732986066345703 ], [ -117.461728844888995, 47.7329555556611 ], [ -117.461746507377995, 47.732927680103202 ], [ -117.461773272600993, 47.732901644823002 ], [ -117.461798806573, 47.732873623313999 ], [ -117.461818079032, 47.7328398946024 ], [ -117.461829402746005, 47.732807686084001 ], [ -117.461834757025002, 47.732775047206196 ], [ -117.461836111560999, 47.732738789379098 ], [ -117.461833830059007, 47.7327104820993 ], [ -117.461810423507998, 47.732685866981598 ], [ -117.461767603501002, 47.732667256717001 ], [ -117.461723861390993, 47.732645415496002 ], [ -117.461671437511995, 47.732650492321902 ], [ -117.461619277607994, 47.732653597579599 ], [ -117.461577373004005, 47.7326540486536 ], [ -117.461537651607003, 47.732661135686698 ], [ -117.461484451730996, 47.732676505244797 ], [ -117.461440397974997, 47.732684441946702 ], [ -117.461392628146996, 47.732680859501897 ], [ -117.461345762397002, 47.7326742376003 ], [ -117.461297811934998, 47.732671191201497 ], [ -117.461253099464997, 47.7326691772939 ], [ -117.461203825721995, 47.7326651941219 ], [ -117.461157647907996, 47.732660050389697 ], [ -117.461112776324001, 47.732657082417703 ], [ -117.461062392762003, 47.732654586454501 ], [ -117.46101758735, 47.732655790383397 ], [ -117.460971528811996, 47.7326502555998 ], [ -117.460922855410004, 47.732642963264297 ], [ -117.460877732531998, 47.732641289169997 ], [ -117.460834817442006, 47.732639976895101 ], [ -117.460781008717007, 47.732646672151297 ], [ -117.460738237922996, 47.732640399763802 ], [ -117.460692094064001, 47.732633049487603 ], [ -117.460644798942994, 47.732631260754097 ], [ -117.460597235451004, 47.7326282278053 ], [ -117.460545477004999, 47.732629070757497 ], [ -117.460497005795006, 47.732627004157003 ], [ -117.460446249434, 47.7326295660908 ], [ -117.460396473035004, 47.732625588187901 ], [ -117.460346903881998, 47.732630597170903 ], [ -117.460297587984002, 47.732642401031399 ], [ -117.460249380009003, 47.732638726292599 ], [ -117.460209191497, 47.732633080384602 ], [ -117.460162574959, 47.732634438803601 ], [ -117.460110779055, 47.7326363299345 ], [ -117.460059222110004, 47.732642184442703 ], [ -117.460008714883003, 47.732640631465003 ], [ -117.459959922587998, 47.732640116217297 ], [ -117.459912668357006, 47.732637970711799 ], [ -117.459865398054006, 47.732635817153401 ], [ -117.459818203278004, 47.732636182611003 ], [ -117.459767447282999, 47.732635760626899 ], [ -117.459716944768005, 47.7326332258598 ], [ -117.459668695534006, 47.732636678070001 ], [ -117.45961945626, 47.732638868257602 ], [ -117.459566901765996, 47.732637459148997 ], [ -117.459515204010003, 47.732638987913099 ], [ -117.459462113588003, 47.732634722353303 ], [ -117.459415731286995, 47.732635268844099 ], [ -117.459361659242006, 47.732632211951 ], [ -117.459301801113, 47.7326362224387 ], [ -117.459247132887, 47.732634679480498 ], [ -117.459199965612001, 47.732616782971498 ], [ -117.459188492058999, 47.732583579915001 ], [ -117.459193049945, 47.732550583541602 ], [ -117.459205650580998, 47.732514471496501 ], [ -117.459211916005998, 47.732477277190497 ], [ -117.459215458914997, 47.732441699855997 ], [ -117.459217332573004, 47.732414222574697 ], [ -117.459208131286005, 47.732375516469801 ], [ -117.459177002089007, 47.7323461215788 ], [ -117.459145235061001, 47.732328064453803 ], [ -117.459103891254998, 47.732307470508204 ], [ -117.459066768811994, 47.732284019107801 ], [ -117.459015805, 47.732265524070101 ], [ -117.458965678534, 47.7322594477981 ], [ -117.458914778449994, 47.732259432706599 ], [ -117.458857826720006, 47.732262977860302 ], [ -117.458810376805005, 47.732264018746498 ], [ -117.458759502524998, 47.732257831104199 ], [ -117.458700691990003, 47.7322562531579 ], [ -117.458651465339003, 47.732255895649203 ], [ -117.458600018416007, 47.732265142971102 ], [ -117.458543410253995, 47.7322657452684 ], [ -117.458487678327998, 47.732265132955199 ], [ -117.458440600103003, 47.732266584295402 ], [ -117.458377014266006, 47.732267659766897 ], [ -117.458321883740993, 47.732270077174697 ], [ -117.458272578296999, 47.732260131936499 ], [ -117.458219680457006, 47.732246293347103 ], [ -117.458165784632001, 47.732249284298099 ], [ -117.458122540654003, 47.732274599028003 ], [ -117.458081233277994, 47.732299625285201 ], [ -117.458025615097995, 47.732294345219501 ], [ -117.457969836168999, 47.732291112730699 ], [ -117.457914803915003, 47.732286184780001 ], [ -117.457855579189001, 47.732281022495201 ], [ -117.457808693296002, 47.732277640178197 ], [ -117.457765549913006, 47.732274127744297 ], [ -117.457715485055004, 47.732270956917198 ], [ -117.457657293576005, 47.732264988719599 ], [ -117.457604042339995, 47.732256311400398 ], [ -117.457554735574007, 47.732254419643603 ], [ -117.457513569962003, 47.732251350911 ], [ -117.457462540128006, 47.732247331744396 ], [ -117.457401654361007, 47.732245288129 ], [ -117.457353088578003, 47.732241656788403 ], [ -117.457296219859003, 47.732237327004498 ], [ -117.457239841699007, 47.732234340384601 ], [ -117.457190952103005, 47.732234089777798 ], [ -117.457126493277997, 47.732234924198302 ], [ -117.457071341368007, 47.732232461672197 ], [ -117.457021100717, 47.732232511496399 ], [ -117.456958594796006, 47.732229884752698 ], [ -117.456911086565, 47.732230663254597 ], [ -117.456855022046994, 47.732231663849198 ], [ -117.456798787859, 47.732231868800902 ], [ -117.456741656554996, 47.732232582962602 ], [ -117.456689160723002, 47.732233098696803 ], [ -117.456627130312, 47.732229789658902 ], [ -117.456583696831004, 47.732231982436502 ], [ -117.456534690949994, 47.732230481341396 ], [ -117.456481133595005, 47.732229175582702 ], [ -117.456426530336998, 47.7322267672496 ], [ -117.456373113859996, 47.7322260151347 ], [ -117.456318587015005, 47.732227467332002 ], [ -117.456272253799995, 47.732242908844299 ], [ -117.456218530038996, 47.732242707634697 ], [ -117.456170342476995, 47.732240683967198 ], [ -117.456152890070001, 47.732240089311802 ], [ -117.456116018821007, 47.732238832228397 ], [ -117.456063245354997, 47.732254139993998 ], [ -117.456019316042998, 47.732254691560001 ], [ -117.455967826131001, 47.732250511599503 ], [ -117.455910658812996, 47.732248325552398 ], [ -117.455759813373007, 47.732048918045102 ], [ -117.455774374569003, 47.7320119429138 ], [ -117.455768349018996, 47.7319691443913 ], [ -117.455755334149003, 47.731938472747302 ], [ -117.455741302036003, 47.731909368030699 ], [ -117.455730019542003, 47.7318811314626 ], [ -117.455718300818006, 47.731847376575203 ], [ -117.455716756686996, 47.731819584507498 ], [ -117.455732292942997, 47.7317772798067 ], [ -117.455759689206999, 47.731750534405798 ], [ -117.455807274001003, 47.731726023908401 ], [ -117.455841383730004, 47.731709042152403 ], [ -117.455870537042003, 47.7316852805601 ], [ -117.455826025259, 47.7316798563361 ], [ -117.455762895660001, 47.731681939882002 ], [ -117.455709872314998, 47.731669775993701 ], [ -117.455670697258995, 47.7316566348386 ], [ -117.455618643175001, 47.731647334606599 ], [ -117.455561824059998, 47.731660529364099 ], [ -117.455504336003997, 47.731667215158502 ], [ -117.455460668212993, 47.731664971706699 ], [ -117.455395323854006, 47.731669555285897 ], [ -117.455344249304005, 47.731663382220297 ], [ -117.455282436367995, 47.731658618474498 ], [ -117.455228718352998, 47.7316588540643 ], [ -117.455185260009003, 47.7316575337342 ], [ -117.455134208122999, 47.731644008515801 ], [ -117.455106999329999, 47.731610407671198 ], [ -117.455102718917999, 47.731580020729702 ], [ -117.455100258154999, 47.731546938977502 ], [ -117.455100277634003, 47.731540908683698 ], [ -117.455100359862001, 47.7315146802447 ], [ -117.455102341908002, 47.7314856217128 ], [ -117.455104612303998, 47.731450166516602 ], [ -117.455104739084007, 47.731422316526199 ], [ -117.455106650011004, 47.731388310474898 ], [ -117.455105658530002, 47.7313559463052 ], [ -117.455103320841005, 47.731314028383601 ], [ -117.455105247085001, 47.731286219843803 ], [ -117.455108878844996, 47.731276294543498 ], [ -117.455128961767002, 47.731263214212902 ], [ -117.455127765213007, 47.731237315658802 ], [ -117.455133797056007, 47.7312202934 ], [ -117.455168041595996, 47.731203796280603 ], [ -117.455215368745002, 47.731187087100302 ], [ -117.455261669470005, 47.731177935489399 ], [ -117.455336905707, 47.731169615608998 ], [ -117.455337667823997, 47.731169531606398 ], [ -117.455394135486998, 47.7311582998381 ], [ -117.455451807388002, 47.731143852905497 ], [ -117.455507927360998, 47.731127931092502 ], [ -117.455549922491997, 47.731120255871403 ], [ -117.455591640592004, 47.731119352457299 ], [ -117.455653078357997, 47.731119399164697 ], [ -117.455710158716997, 47.7311197096775 ], [ -117.455751053933, 47.731116358516502 ], [ -117.455812158289007, 47.731114571844401 ], [ -117.455853939690996, 47.731116338582503 ], [ -117.455894892570001, 47.731115775509203 ], [ -117.455935963783006, 47.731119143919003 ], [ -117.455991434135996, 47.731119574058397 ], [ -117.456042190017996, 47.731124738567601 ], [ -117.456094333806007, 47.731121299395497 ], [ -117.456149808977003, 47.731127473531402 ], [ -117.456201036880998, 47.7311459103096 ], [ -117.456224388723996, 47.731185105666199 ], [ -117.456236732014005, 47.731222247433202 ], [ -117.456280071717998, 47.731249873331002 ], [ -117.456331681484997, 47.731254143550998 ], [ -117.456382351277, 47.731260578718597 ], [ -117.456438251430001, 47.731263780004902 ], [ -117.456493203495, 47.731271269710497 ], [ -117.456543236871994, 47.731274466389301 ], [ -117.456599586156997, 47.731272136761802 ], [ -117.456653813298999, 47.731270994241498 ], [ -117.456705344227998, 47.731272953114001 ], [ -117.456760480952994, 47.731271204081899 ], [ -117.456815951256004, 47.7312729816692 ], [ -117.456866340974997, 47.731260499304298 ], [ -117.456921942887007, 47.7312619245088 ], [ -117.456975345855, 47.7312760316156 ], [ -117.457030960777999, 47.731275435846101 ], [ -117.457070497808999, 47.731247634043598 ], [ -117.457087724475997, 47.731216371521398 ], [ -117.457058669326997, 47.731178707058803 ], [ -117.457037441034004, 47.731143741302297 ], [ -117.457027918156001, 47.7311058703771 ], [ -117.457027850274002, 47.7310711316658 ], [ -117.457061289243995, 47.731054861229801 ], [ -117.457104913680993, 47.731056468112101 ], [ -117.457161233925007, 47.731055421387502 ], [ -117.457217267825996, 47.731058076504702 ], [ -117.457273087437997, 47.731056057275502 ], [ -117.457322798435001, 47.731043166221802 ], [ -117.457367597401003, 47.731032692593303 ], [ -117.457406632673994, 47.731018909194503 ], [ -117.457339867108004, 47.731020692283501 ], [ -117.457352819744997, 47.730993757520999 ], [ -117.457394855684996, 47.730989872166802 ], [ -117.457431306271999, 47.7310027365696 ], [ -117.457482757407007, 47.731008250377997 ], [ -117.457527069649998, 47.7309883500021 ], [ -117.457583252134, 47.730999751852302 ], [ -117.457602741407996, 47.731026773230099 ], [ -117.457662146109001, 47.731025395444298 ], [ -117.457707410457999, 47.7310045743424 ], [ -117.457751107815994, 47.730981023291001 ], [ -117.457789306644997, 47.730953227476498 ], [ -117.457823793892004, 47.7309249749797 ], [ -117.457872253291995, 47.73090565087 ], [ -117.45793041188, 47.730905603269001 ], [ -117.457966856699997, 47.730920691741296 ], [ -117.458022205671, 47.730923270919199 ], [ -117.458072128777999, 47.7309081409811 ], [ -117.458111612858005, 47.730887930336799 ], [ -117.458159354477999, 47.730880754883501 ], [ -117.458732859589006, 47.730830019689499 ], [ -117.458761509400006, 47.730832196864199 ], [ -117.458814331761005, 47.730816483662899 ], [ -117.458867873754002, 47.7308219677967 ], [ -117.458910807752005, 47.730846860843101 ], [ -117.458950006593994, 47.730866176778299 ], [ -117.458987738757997, 47.730889473722897 ], [ -117.459020129509, 47.7308559872261 ], [ -117.459017059255999, 47.7308158970297 ], [ -117.459001545747995, 47.730777890067898 ], [ -117.458991750948996, 47.7307494481161 ], [ -117.458967567312996, 47.730725539135001 ], [ -117.458940261193007, 47.730690194039802 ], [ -117.458927313773003, 47.7306512842394 ], [ -117.458911748770007, 47.730613626578702 ], [ -117.458908029235005, 47.7305740032523 ], [ -117.458916069392998, 47.730534798078899 ], [ -117.458943261683999, 47.730512570441 ], [ -117.458977743247004, 47.730496069434103 ], [ -117.459013225042, 47.730480482175501 ], [ -117.459063624517995, 47.730460606343499 ], [ -117.459109236741, 47.7304371496854 ], [ -117.459150998908001, 47.730413107370403 ], [ -117.459176152024995, 47.730379058638398 ], [ -117.459202020239999, 47.730344892769303 ], [ -117.459212722234, 47.730306616276003 ], [ -117.459211997473005, 47.730278330596597 ], [ -117.459215489108004, 47.730244218269299 ], [ -117.459327042140004, 47.7302475796415 ], [ -117.459369407742003, 47.730236680382703 ], [ -117.459423450469004, 47.730232591463597 ], [ -117.459470610799002, 47.730225523962602 ], [ -117.459524911380996, 47.7302296767012 ], [ -117.459559380561004, 47.730204685395101 ], [ -117.459609252454996, 47.7302038711357 ], [ -117.459653909557005, 47.730210903888597 ], [ -117.459701981036005, 47.730226151289003 ], [ -117.459738594068995, 47.7302391339786 ], [ -117.459764871944998, 47.730263381718203 ], [ -117.459779374364004, 47.730292835875801 ], [ -117.459835338554001, 47.730292042998002 ], [ -117.459883309248994, 47.730291586245599 ], [ -117.459910949570002, 47.730267593943999 ], [ -117.459929572082004, 47.730241960616503 ], [ -117.459953827505998, 47.730267333924999 ], [ -117.459972856359997, 47.730306933650702 ], [ -117.459994995886007, 47.7303432709571 ], [ -117.460015703924995, 47.730367584152802 ], [ -117.460070023301995, 47.730377483350701 ], [ -117.460106867134002, 47.730393481006203 ], [ -117.460109511474002, 47.730425248268297 ], [ -117.460111067377994, 47.730459264805098 ], [ -117.460108965293998, 47.730497237873401 ], [ -117.460120234767004, 47.730530878053798 ], [ -117.460142846376996, 47.7305597714901 ], [ -117.460147845321998, 47.730593889390398 ], [ -117.460183332244995, 47.730612675431303 ], [ -117.460233660743995, 47.730612783127498 ], [ -117.460234075995004, 47.730645080288198 ], [ -117.460221744861002, 47.730677137941598 ], [ -117.460228339666003, 47.730709374329997 ], [ -117.460241005552007, 47.730740437371999 ], [ -117.460208438921001, 47.7308814745994 ], [ -117.460255166642, 47.731224091843501 ], [ -117.460484985966005, 47.731263715979999 ], [ -117.460691067655006, 47.731089643858901 ], [ -117.460981016841004, 47.731132712839901 ], [ -117.461077305163997, 47.730280845222303 ], [ -117.461089111442007, 47.729994186955302 ], [ -117.461231888308006, 47.729943789684597 ], [ -117.461346372994996, 47.729984094219901 ], [ -117.461470650406, 47.730119477819201 ], [ -117.461763676391996, 47.730104710918297 ], [ -117.461868670019001, 47.730090368161598 ], [ -117.461907636950002, 47.730077817079803 ], [ -117.461955607210001, 47.730070096567303 ], [ -117.461999511298998, 47.730083494570202 ], [ -117.462028369932, 47.730105844598199 ], [ -117.462063496029998, 47.730131141305002 ], [ -117.462099599509003, 47.730156415170498 ], [ -117.462136500770995, 47.7301776458714 ], [ -117.462182638258994, 47.7301915827667 ], [ -117.462232169402995, 47.730188437451098 ], [ -117.462283580988, 47.730193583962702 ], [ -117.462335035517, 47.730199513073003 ], [ -117.462388981884004, 47.730197676154397 ], [ -117.462441183902001, 47.730208950402798 ], [ -117.462473892758993, 47.730238053728399 ], [ -117.46250764797, 47.730263174970801 ], [ -117.462550757640997, 47.730278544647902 ], [ -117.462520888521993, 47.730450428181399 ], [ -117.462514049549995, 47.730689005667699 ], [ -117.462512065762994, 47.730717699937003 ], [ -117.462011055925004, 47.730748404276397 ], [ -117.461960146584005, 47.730812021879402 ], [ -117.461950292847007, 47.730963042829003 ], [ -117.461972810898999, 47.731231698161302 ], [ -117.461945373825998, 47.731419025168599 ], [ -117.461956064624999, 47.731473937910401 ], [ -117.461967441913998, 47.731510260566303 ], [ -117.462005546976002, 47.7316319072984 ], [ -117.462006389638006, 47.731666262286502 ], [ -117.461981354423003, 47.731701740882102 ], [ -117.461978991709003, 47.731738898041002 ], [ -117.461993560774005, 47.731774643692198 ], [ -117.462024117008994, 47.731804257872398 ], [ -117.462055465969001, 47.731822167424902 ], [ -117.462104660603003, 47.731841110022401 ], [ -117.462143930899003, 47.731848536897999 ], [ -117.462189373225996, 47.731872218329201 ], [ -117.462232704922997, 47.731897014952899 ], [ -117.462279346304001, 47.731914668500302 ], [ -117.462330285443997, 47.731922750123502 ], [ -117.462384792546999, 47.731923641732699 ], [ -117.462434476932003, 47.731935512771599 ], [ -117.462485979856993, 47.731943247444498 ], [ -117.462540733786, 47.7319358637574 ], [ -117.462594148343001, 47.731930850022202 ], [ -117.462653741731003, 47.731923419780898 ], [ -117.462707280980993, 47.731918634030301 ], [ -117.462763725917, 47.731914407887999 ], [ -117.462817464221004, 47.7319046950767 ], [ -117.462872976154003, 47.731898278119402 ], [ -117.462927790006006, 47.731894206036301 ], [ -117.462983762815, 47.731894799025497 ], [ -117.463039846773995, 47.731906576502297 ], [ -117.463095255273004, 47.731918431357698 ], [ -117.463147082613006, 47.7319286009851 ], [ -117.463200707804006, 47.731939677492697 ], [ -117.463253654721996, 47.731946153521797 ], [ -117.463300401886997, 47.731963510204999 ], [ -117.463343535443002, 47.731985296599603 ], [ -117.463352720855994, 47.731965194782099 ], [ -117.463353112565997, 47.731928014961703 ], [ -117.463352397267002, 47.731897894658303 ], [ -117.463352323730007, 47.731869157399899 ], [ -117.463350272981003, 47.731831318915702 ], [ -117.463352557245997, 47.731790990377803 ], [ -117.463358972894, 47.7317527308116 ], [ -117.463358696431996, 47.731712243456499 ], [ -117.463356854441002, 47.731683805760603 ], [ -117.463356078512007, 47.731656021487602 ], [ -117.463352974681001, 47.731615533850402 ], [ -117.463356724036004, 47.731575438732797 ], [ -117.463364681781997, 47.7315475994018 ], [ -117.463367522325996, 47.731516911384603 ], [ -117.463373964854995, 47.7314761242705 ], [ -117.463375528135998, 47.731448036328899 ], [ -117.463374887998, 47.731418721908099 ], [ -117.463381252795003, 47.731379246962398 ], [ -117.463376817823004, 47.7313515215507 ], [ -117.463379500415996, 47.731310997951397 ], [ -117.463373209335003, 47.731282558423104 ], [ -117.463375522055003, 47.731241984130399 ], [ -117.463373952805995, 47.731202195709599 ], [ -117.463375629519007, 47.731161938901799 ], [ -117.463378353606004, 47.731121282868301 ], [ -117.463382386020996, 47.731093708617699 ], [ -117.463384054065003, 47.731066006249797 ], [ -117.463383925962006, 47.731026007762402 ], [ -117.463386527957994, 47.730997899428601 ], [ -117.463389288949998, 47.730968771919798 ], [ -117.463390687914, 47.730940354425599 ], [ -117.463394401285996, 47.7309121471284 ], [ -117.463394815461996, 47.730881562479901 ], [ -117.463392943836993, 47.730852188245798 ], [ -117.463394682002004, 47.730822018440698 ], [ -117.463400830294006, 47.730792273511597 ], [ -117.463400440182994, 47.730762730437696 ], [ -117.463404117766999, 47.730733497552897 ], [ -117.463405872481999, 47.7307036911848 ], [ -117.463408385798004, 47.730675060444099 ], [ -117.463407699905005, 47.730645700316302 ], [ -117.463413517082998, 47.730616968957101 ], [ -117.463415901377999, 47.730587776384297 ], [ -117.463419616706005, 47.730558290512 ], [ -117.463421308445007, 47.730529654990001 ], [ -117.463419099027007, 47.730500839072498 ], [ -117.463422813440999, 47.730472453614702 ], [ -117.463423133104996, 47.730432119502701 ], [ -117.463429083174006, 47.730402586815003 ], [ -117.463425592205994, 47.730374079292602 ], [ -117.463427033632996, 47.730346393131697 ], [ -117.463422005103993, 47.730307675897002 ], [ -117.463427967301001, 47.730267485454803 ], [ -117.463429730173999, 47.730239654033099 ], [ -117.463429901422003, 47.730211303576198 ], [ -117.463430548144999, 47.730172509437402 ], [ -117.463430426017993, 47.730132736760503 ], [ -117.463435470706003, 47.7300937548058 ], [ -117.463433160399006, 47.7300540161581 ], [ -117.463432422837002, 47.730016276733103 ], [ -117.463378032739001, 47.730012867610299 ], [ -117.463380674803005, 47.729976501974903 ], [ -117.463323707910007, 47.729930960080701 ], [ -117.463585064544006, 47.729600655735602 ], [ -117.463613586546003, 47.729827561801102 ], [ -117.463984548005001, 47.729863808599298 ], [ -117.464007547901005, 47.729896720754603 ], [ -117.464431550932005, 47.7299026653249 ], [ -117.464546417272004, 47.729905237116803 ], [ -117.464671456206005, 47.729909576131099 ], [ -117.464805187406, 47.729908485718603 ], [ -117.464940858991994, 47.729910688523503 ], [ -117.465069113658004, 47.7299143149597 ], [ -117.465191406196993, 47.7299179951127 ], [ -117.465304095774997, 47.7299221729509 ], [ -117.465399581043997, 47.729926133424399 ], [ -117.465481281608007, 47.729925708495401 ], [ -117.465560256198998, 47.729912858027198 ], [ -117.465647385742997, 47.729873664413503 ], [ -117.465646617302994, 47.729844010406303 ], [ -117.465647835678993, 47.729808191251301 ], [ -117.465649538525, 47.729766428987801 ], [ -117.465651437537005, 47.729709270963497 ], [ -117.465652267126998, 47.729644648335601 ], [ -117.465652896419996, 47.729572815809597 ], [ -117.465655013813006, 47.729494077852898 ], [ -117.465656518770999, 47.729415605111299 ], [ -117.465658407815994, 47.729340275486003 ], [ -117.465660064605999, 47.729262379774802 ], [ -117.465660437156998, 47.729179998550102 ], [ -117.465661682223995, 47.729097954794597 ], [ -117.465663122406994, 47.729019996975502 ], [ -117.465670895684994, 47.728949502195398 ], [ -117.465680998946993, 47.728884566600399 ], [ -117.465709171436004, 47.728827005028101 ], [ -117.465747653695999, 47.728773014161099 ], [ -117.465798099194998, 47.728730054422101 ], [ -117.465851319991998, 47.728689357998903 ], [ -117.465901146101999, 47.728657564103997 ], [ -117.465944864942998, 47.728631223261701 ], [ -117.465985621795994, 47.728606522103398 ], [ -117.466062305454997, 47.728567170831198 ], [ -117.466122728646994, 47.728566388268597 ], [ -117.465801788801997, 47.728371198135903 ], [ -117.466117415027, 47.728051863399401 ], [ -117.466040394415998, 47.728006264824003 ], [ -117.463918306259998, 47.726749878628603 ], [ -117.463830621097998, 47.726697962137102 ], [ -117.463797042899998, 47.726662097364702 ], [ -117.463155694795006, 47.7259770568023 ], [ -117.463192721455002, 47.725963682620602 ], [ -117.463234058056003, 47.725956928594002 ], [ -117.463281182583003, 47.7259597003899 ], [ -117.463323469643001, 47.725958623608399 ], [ -117.463359944884004, 47.725973898307601 ], [ -117.463389691033996, 47.725938486728602 ], [ -117.463397932228006, 47.725906016033598 ], [ -117.463385839476999, 47.725868834398597 ], [ -117.463356635709999, 47.725842252697298 ], [ -117.463328881235995, 47.725820903567303 ], [ -117.463280838649993, 47.725789627351503 ], [ -117.463289845158997, 47.725756536335297 ], [ -117.463288583605006, 47.725726454195097 ], [ -117.463255611104003, 47.725704043695202 ], [ -117.463231076886998, 47.725674389309901 ], [ -117.463211244470003, 47.725648623619598 ], [ -117.463197651846002, 47.725614916610297 ], [ -117.463194538842004, 47.725586271667503 ], [ -117.463207481493995, 47.725559904007604 ], [ -117.463244133383, 47.725527758628601 ], [ -117.463304540495002, 47.725550366997197 ], [ -117.463346282580005, 47.725489530930602 ], [ -117.463409154852002, 47.725472392079404 ], [ -117.463452972946996, 47.725462359107098 ], [ -117.463508206759002, 47.725450023401301 ], [ -117.463548263137994, 47.725445417670997 ], [ -117.463596586258006, 47.725445809116799 ], [ -117.463643188825003, 47.725412352943401 ], [ -117.463647172517, 47.7253843100751 ], [ -117.463682589455004, 47.725415753223302 ], [ -117.463701158896995, 47.725370418223903 ], [ -117.463703993929997, 47.725342772292201 ], [ -117.463726441432001, 47.725310689550199 ], [ -117.463778623807997, 47.725317565225502 ], [ -117.463848038451999, 47.725329928174901 ], [ -117.463884401328002, 47.725315307577503 ], [ -117.463928068895996, 47.7253107240075 ], [ -117.463976829106997, 47.725286619228498 ], [ -117.464037001012997, 47.7252953528902 ], [ -117.464077598421994, 47.725301683228203 ], [ -117.464119987252005, 47.725300115369301 ], [ -117.464154040140997, 47.725272556412698 ], [ -117.464194755508998, 47.7252585434492 ], [ -117.464230984059, 47.7252355752669 ], [ -117.464261524796996, 47.725208960842203 ], [ -117.464260120158997, 47.725174993204 ], [ -117.464247098727995, 47.7251335955145 ], [ -117.464282551362004, 47.725105707840697 ], [ -117.464324213720005, 47.725102990246597 ], [ -117.464365416082998, 47.725098029585297 ], [ -117.46441132935, 47.7250979814564 ], [ -117.464458104024999, 47.7250920795517 ], [ -117.464508979409004, 47.7250832017031 ], [ -117.464551771583999, 47.725084275561102 ], [ -117.464590376290005, 47.725095514803499 ], [ -117.464622953494995, 47.725113340421302 ], [ -117.465094291027, 47.724953083351899 ], [ -117.465114020797003, 47.724941778823201 ], [ -117.465148165067006, 47.724923969951099 ], [ -117.465193250186999, 47.724907459168399 ], [ -117.465218783208002, 47.7248837161412 ], [ -117.465263521777999, 47.7248720213775 ], [ -117.465317379515, 47.724867898932999 ], [ -117.465359660624003, 47.7248436506787 ], [ -117.465399328396003, 47.724827974269999 ], [ -117.465451943519994, 47.7248277725785 ], [ -117.465486668316998, 47.724846706749702 ], [ -117.465528554068996, 47.724836315516498 ], [ -117.465555098124995, 47.724805288314798 ], [ -117.465601109458007, 47.724803853673897 ], [ -117.465653453906, 47.724805303156899 ], [ -117.465684957779004, 47.7248027756483 ], [ -117.465704061040995, 47.724801242307798 ], [ -117.465762044830001, 47.724799551170896 ], [ -117.465809899665004, 47.724809255251998 ], [ -117.465842941987006, 47.724827023750997 ], [ -117.465880761102994, 47.724847058251399 ], [ -117.466362523249003, 47.724911675076697 ], [ -117.466388738082003, 47.724918062144901 ], [ -117.466441306895007, 47.724929541835699 ], [ -117.466486369647001, 47.724915947673402 ], [ -117.466535542944001, 47.724907812752001 ], [ -117.46656046423, 47.724876858497502 ], [ -117.466606895818003, 47.7248736510074 ], [ -117.466645354334005, 47.724886854340298 ], [ -117.466684143904004, 47.724906663287697 ], [ -117.466720735696001, 47.724923164626802 ], [ -117.466763585332004, 47.724923813636998 ], [ -117.466809059200997, 47.7249063936749 ], [ -117.466812789615005, 47.724877957626298 ], [ -117.466850997847999, 47.724850309881802 ], [ -117.466895910023993, 47.724832569154401 ], [ -117.466940796098001, 47.724814298554001 ], [ -117.466985526130998, 47.724819004968197 ], [ -117.467031026493004, 47.724799942738898 ], [ -117.467068137141993, 47.724784532592402 ], [ -117.467406632492001, 47.7247820792103 ], [ -117.467463748821004, 47.724790603078603 ], [ -117.467516329144004, 47.7248036550195 ], [ -117.467569822545997, 47.724818153637202 ], [ -117.467625653992997, 47.724830760394603 ], [ -117.467680227073004, 47.724842669536699 ], [ -117.467721389139001, 47.724870058882203 ], [ -117.467756711541995, 47.724898304297803 ], [ -117.467791508782, 47.7249274651045 ], [ -117.467836397317001, 47.724952534020602 ], [ -117.467875024310004, 47.724978255583601 ], [ -117.467919408862002, 47.725004217289097 ], [ -117.467964597055996, 47.725024912075497 ], [ -117.468006849280002, 47.7250469864601 ], [ -117.468048544639004, 47.725069563369502 ], [ -117.468083385705995, 47.725085128460599 ], [ -117.468128671475995, 47.725108959364697 ], [ -117.468177157376999, 47.725130374823301 ], [ -117.468223690472996, 47.725148747126099 ], [ -117.468273385873005, 47.725168221315101 ], [ -117.468325169611006, 47.725174459516602 ], [ -117.468371976792994, 47.725190075560498 ], [ -117.468433397156005, 47.725197434179599 ], [ -117.468483782698996, 47.725204185484102 ], [ -117.468548755379004, 47.725206470161901 ], [ -117.468590510669998, 47.725205357619402 ], [ -117.468637258429993, 47.725199024033401 ], [ -117.468693611823994, 47.725217712349597 ], [ -117.468693076150998, 47.725245702623802 ], [ -117.468739098339995, 47.725263280512102 ], [ -117.468792914272001, 47.725278114653499 ], [ -117.468839683406998, 47.725276536155199 ], [ -117.468882086120999, 47.725274007331201 ], [ -117.468923674433, 47.725265279739801 ], [ -117.469202375848994, 47.725224958530497 ], [ -117.469230566182006, 47.725222000012302 ], [ -117.469283865340998, 47.7252168504588 ], [ -117.469336922270003, 47.7252116055964 ], [ -117.469391058401001, 47.7252093750066 ], [ -117.469445435482996, 47.725208879951801 ], [ -117.469498595451995, 47.725210058914499 ], [ -117.469553347830995, 47.725204583874003 ], [ -117.469597946598995, 47.725189726218801 ], [ -117.469643145473, 47.725180512115202 ], [ -117.469683502733005, 47.725175044635598 ], [ -117.469907347898996, 47.725214453038802 ], [ -117.469925655397006, 47.725207764801603 ], [ -117.469939256266997, 47.725180539806097 ], [ -117.469924489765006, 47.725148443575598 ], [ -117.469905788760002, 47.725116121416903 ], [ -117.469901682501998, 47.7250822701793 ], [ -117.469905777199003, 47.725051822463399 ], [ -117.469922487923995, 47.725024023281897 ], [ -117.469964959492003, 47.725004568297202 ], [ -117.470009970226002, 47.724991067439198 ], [ -117.470042711169, 47.724975460983003 ], [ -117.470052210245996, 47.7249709313487 ], [ -117.470192050909006, 47.725043351011699 ], [ -117.470280049083001, 47.725119278802197 ], [ -117.473198517992998, 47.727637262999799 ], [ -117.473492487193994, 47.727502604603103 ], [ -117.473791847960001, 47.727379729001498 ], [ -117.474177133593997, 47.727695139156602 ], [ -117.474178772906996, 47.727875749319402 ], [ -117.474355400934996, 47.728058826873003 ], [ -117.474441562560997, 47.728038347465201 ], [ -117.476636999888996, 47.727516514803703 ], [ -117.476721263727001, 47.726903024662398 ], [ -117.47666703326, 47.726914659842201 ], [ -117.476626377328003, 47.726925023036998 ], [ -117.476547894136004, 47.726942416605397 ], [ -117.476499844592993, 47.726952445152797 ], [ -117.476446301511004, 47.7269628419971 ], [ -117.476395835012994, 47.726973543661799 ], [ -117.476355221876005, 47.7269814448264 ], [ -117.476288762457003, 47.726992769781603 ], [ -117.476234265388996, 47.727000634049404 ], [ -117.476180857887996, 47.7270118714871 ], [ -117.475936218000996, 47.726545430651498 ], [ -117.476572333272998, 47.726368978717197 ], [ -117.476981338811996, 47.725895084694898 ], [ -117.477214896798003, 47.725924292725999 ], [ -117.477433343724002, 47.725916012361402 ], [ -117.477580265955993, 47.7258527378048 ], [ -117.477755649868001, 47.725914671027297 ], [ -117.477908980314993, 47.725954579602501 ], [ -117.478047632819994, 47.725869286548097 ], [ -117.478059974344006, 47.725735771208903 ], [ -117.478057783778993, 47.725679997608303 ], [ -117.478052352510005, 47.725622736698902 ], [ -117.478041928227, 47.725564707493803 ], [ -117.478027613766997, 47.7255069311298 ], [ -117.478009719632993, 47.725450549913397 ], [ -117.477986653170007, 47.725392598552801 ], [ -117.477956171369996, 47.725335109958102 ], [ -117.477926794983006, 47.725274837377199 ], [ -117.477887652974005, 47.725216556145497 ], [ -117.477843877984995, 47.725160408638899 ], [ -117.477792483472001, 47.725106010490002 ], [ -117.477738506902995, 47.725051993769803 ], [ -117.477682688426995, 47.724998364391503 ], [ -117.477626968771006, 47.724945175459197 ], [ -117.477570462591999, 47.724892583617503 ], [ -117.477513530975997, 47.724838368542201 ], [ -117.477455833177999, 47.724783327942198 ], [ -117.477397885434996, 47.724727334601603 ], [ -117.477339469911996, 47.7246713575732 ], [ -117.477280595394006, 47.7246165044306 ], [ -117.477222618777006, 47.724561250727099 ], [ -117.477166141705993, 47.7245079594449 ], [ -117.477111194497994, 47.724454840827299 ], [ -117.477054980199, 47.724403577367397 ], [ -117.476999215507007, 47.724353640963798 ], [ -117.476945800872997, 47.724304182438601 ], [ -117.476894963364003, 47.724253782821499 ], [ -117.476843620056997, 47.724204934678802 ], [ -117.476791966606996, 47.724154821831704 ], [ -117.476738236605996, 47.724103346345501 ], [ -117.476686943800004, 47.724048016013597 ], [ -117.476631441090007, 47.723993097240502 ], [ -117.476572444379997, 47.723935792376601 ], [ -117.476513539598997, 47.723877587334997 ], [ -117.476455735391994, 47.723818979997098 ], [ -117.476397996798994, 47.723760973400303 ], [ -117.476339771322998, 47.723702787942102 ], [ -117.476280810115, 47.723645356811403 ], [ -117.476222233545997, 47.723588855310702 ], [ -117.476166204989994, 47.723533339247403 ], [ -117.476112306744, 47.723480383147901 ], [ -117.476062714974006, 47.723428082182302 ], [ -117.476017719151002, 47.723378206793399 ], [ -117.475976445933, 47.723330181159902 ], [ -117.475936976566999, 47.723282259601099 ], [ -117.475899420903005, 47.7232375728465 ], [ -117.475865439866993, 47.723197964827897 ], [ -117.475835634335994, 47.723164992350398 ], [ -117.475788621207002, 47.723115090143303 ], [ -117.475800812049002, 47.723080874611298 ], [ -117.475830995794993, 47.723058745702303 ], [ -117.475870972517995, 47.723037807056102 ], [ -117.475904997252002, 47.723018977835103 ], [ -117.475942994581004, 47.723001790395898 ], [ -117.475977646784003, 47.722984659107297 ], [ -117.476013783957001, 47.722963963976603 ], [ -117.476051543799002, 47.722949697224799 ], [ -117.476082238862006, 47.722927947628399 ], [ -117.476082966465, 47.722898774217697 ], [ -117.476045815239999, 47.722875337387897 ], [ -117.476020101665, 47.7228527078803 ], [ -117.475998600105001, 47.722826380855999 ], [ -117.475965726948004, 47.722791851943398 ], [ -117.475959412269006, 47.722757944382899 ], [ -117.475985355893002, 47.722733670881397 ], [ -117.476035539223005, 47.722729796181099 ], [ -117.476063716298995, 47.722750306416202 ], [ -117.476066645699007, 47.7227495564563 ], [ -117.476067553429004, 47.722730932046503 ], [ -117.476102191200994, 47.722712094824097 ], [ -117.476138935446002, 47.7226916112784 ], [ -117.476162234840004, 47.722661494834 ], [ -117.476192868211996, 47.7226392910813 ], [ -117.476237585622997, 47.722623998456498 ], [ -117.476276514464004, 47.722605183862903 ], [ -117.476282019484998, 47.722583599037797 ], [ -117.476285543158994, 47.722569782912203 ], [ -117.476292386796999, 47.722537942403399 ], [ -117.476297926306003, 47.722506538294397 ], [ -117.476294183088001, 47.722478421765103 ], [ -117.476306211508998, 47.722450138103099 ], [ -117.476319287259997, 47.722419140898801 ], [ -117.476340309433994, 47.722387324314198 ], [ -117.476363694670994, 47.722359045691597 ], [ -117.476391543446994, 47.722333170703401 ], [ -117.476418696088004, 47.722306265667598 ], [ -117.476443180491003, 47.722277749425899 ], [ -117.476450717866001, 47.722246839982297 ], [ -117.476452536443006, 47.722214351799202 ], [ -117.476436254461007, 47.722186764206299 ], [ -117.476417721263005, 47.722160155004197 ], [ -117.476381437943004, 47.7221432415759 ], [ -117.476330706669998, 47.722130094240299 ], [ -117.476292817846002, 47.722114192485897 ], [ -117.47625046492, 47.722099918925601 ], [ -117.476221504329999, 47.722076803565599 ], [ -117.476199950284993, 47.722048936394899 ], [ -117.476177248463003, 47.722021977347197 ], [ -117.476151992382995, 47.7219987368264 ], [ -117.476133488017993, 47.721973658859 ], [ -117.476083248715995, 47.7219411617153 ], [ -117.476054120906994, 47.721916359046197 ], [ -117.476029355174006, 47.721894239371302 ], [ -117.475999731973005, 47.721865988142397 ], [ -117.476015858270003, 47.721829390772697 ], [ -117.476045652959996, 47.7217949429265 ], [ -117.476081997923004, 47.721775194360497 ], [ -117.476117466721007, 47.721749143861203 ], [ -117.476159604093993, 47.721728530857398 ], [ -117.476194983404, 47.721701301112702 ], [ -117.476225479087006, 47.721680585230899 ], [ -117.476274880535001, 47.721660968672097 ], [ -117.476308521308994, 47.721626169181697 ], [ -117.476299047473006, 47.721583458842296 ], [ -117.476226857040999, 47.721561550429101 ], [ -117.476202047933, 47.721533636480103 ], [ -117.476178428205003, 47.721507619694798 ], [ -117.476120472806997, 47.721487697313897 ], [ -117.476073132709004, 47.721486216550197 ], [ -117.476035506613002, 47.721473479894598 ], [ -117.476081217391993, 47.721453167013301 ], [ -117.476118916358004, 47.721436584490696 ], [ -117.476166591646006, 47.721416761894801 ], [ -117.476203155487994, 47.721404677483598 ], [ -117.47624314414, 47.7213906155595 ], [ -117.476273493191997, 47.721369926365497 ], [ -117.476308969616994, 47.721354115105598 ], [ -117.476345919362004, 47.721338442581498 ], [ -117.476381079782996, 47.721318834700398 ], [ -117.476419423306993, 47.721305987029197 ], [ -117.476455200314007, 47.7212893700856 ], [ -117.476489380855995, 47.721271105090601 ], [ -117.47652802, 47.721253980469299 ], [ -117.476570020189001, 47.721243972519702 ], [ -117.476610145427998, 47.721229267467301 ], [ -117.476653858508996, 47.721219498008999 ], [ -117.476694457879006, 47.721209559715398 ], [ -117.476737033069, 47.721196815828002 ], [ -117.476782668544999, 47.721179851006603 ], [ -117.476806884086997, 47.721156143245999 ], [ -117.476834885024999, 47.721128917863503 ], [ -117.476870928704002, 47.721109989983198 ], [ -117.476915467853004, 47.721094176865499 ], [ -117.476951561324995, 47.721076765757701 ], [ -117.476986308471993, 47.721052243987899 ], [ -117.477011894583001, 47.721025029498499 ], [ -117.477024109341002, 47.7209954727103 ], [ -117.477084765651995, 47.721006886920897 ], [ -117.477127150729004, 47.721019350613197 ], [ -117.477161106942006, 47.721039791568401 ], [ -117.477203355572996, 47.721054684267301 ], [ -117.477232819207003, 47.721078291262899 ], [ -117.477260458819998, 47.721101172527703 ], [ -117.477287076487997, 47.721126471207597 ], [ -117.477322034593001, 47.7211535221251 ], [ -117.477340713001993, 47.721186528815103 ], [ -117.477392094292, 47.721186976409101 ], [ -117.477426325330995, 47.721208869263599 ], [ -117.477456919651999, 47.7212279276809 ], [ -117.477492706590994, 47.721260593234099 ], [ -117.477454776810006, 47.721274472473802 ], [ -117.477432303781995, 47.721303089440703 ], [ -117.477443286354998, 47.721331474542502 ], [ -117.477472740574001, 47.721357670140399 ], [ -117.477491362238993, 47.7213822597339 ], [ -117.477468146489002, 47.721412628941899 ], [ -117.477470699299005, 47.721440136751198 ], [ -117.477492375891003, 47.721471299917603 ], [ -117.477534941170006, 47.721493216545703 ], [ -117.477585450169002, 47.7214868933481 ], [ -117.477636395928002, 47.721477296762799 ], [ -117.477691061824999, 47.721483010376602 ], [ -117.477718268653007, 47.721510284187403 ], [ -117.477728694293006, 47.721545403625498 ], [ -117.477737204807994, 47.721583691911398 ], [ -117.477745699094996, 47.721611015721003 ], [ -117.477764197626996, 47.721644427083397 ], [ -117.477803570364998, 47.721625592124298 ], [ -117.477830222250006, 47.721648887655597 ], [ -117.477853245554996, 47.7216733068013 ], [ -117.477883092623003, 47.721700132292199 ], [ -117.477924822896, 47.721729997182003 ], [ -117.477956425689001, 47.721753420526298 ], [ -117.477990722512999, 47.721778794129499 ], [ -117.478035535103004, 47.721804068133203 ], [ -117.478076877261003, 47.7218126263367 ], [ -117.478117466906994, 47.721806705034403 ], [ -117.478150307343, 47.721782052295303 ], [ -117.478164170522007, 47.721752290572603 ], [ -117.478188219914003, 47.721722997470302 ], [ -117.478228034213004, 47.721694433160501 ], [ -117.478265294663004, 47.721657529655602 ], [ -117.478308269688995, 47.721648991723498 ], [ -117.478351012418003, 47.721640569913603 ], [ -117.478396630429003, 47.721626227340998 ], [ -117.478437785086001, 47.721627859800897 ], [ -117.478490392130993, 47.721633539328501 ], [ -117.478526115471993, 47.721659304520898 ], [ -117.478553378553002, 47.721693390923399 ], [ -117.478575616721997, 47.721722165364298 ], [ -117.478600019246002, 47.721749797069798 ], [ -117.478633575516994, 47.721775372417802 ], [ -117.478929260548995, 47.721800297679998 ], [ -117.478951279187001, 47.721776726404002 ], [ -117.478951296610006, 47.721747932034098 ], [ -117.478971121718004, 47.7217166472212 ], [ -117.478982463912999, 47.721677973845502 ], [ -117.478981688857004, 47.7216393879348 ], [ -117.478996963979995, 47.721610976163902 ], [ -117.478979821680994, 47.721583485194998 ], [ -117.478945154927004, 47.721560269268501 ], [ -117.478891424343999, 47.721545623974997 ], [ -117.478857467520001, 47.7215265358831 ], [ -117.478808045042001, 47.7215061941532 ], [ -117.478822649487995, 47.721468902717199 ], [ -117.478840292792995, 47.721437873564497 ], [ -117.478872925179004, 47.721415170377 ], [ -117.478906354955996, 47.721395381792298 ], [ -117.478935036124, 47.721367992001099 ], [ -117.478947356294, 47.721337098417401 ], [ -117.478945939314997, 47.7213015033049 ], [ -117.478927587878005, 47.721271116528698 ], [ -117.478917815475995, 47.721234319107602 ], [ -117.478928248946005, 47.7212029979124 ], [ -117.478963605204996, 47.721187705497002 ], [ -117.479000481976996, 47.721167953783898 ], [ -117.479026921314997, 47.721133995139198 ], [ -117.479034485849994, 47.721106523409802 ], [ -117.479030222524997, 47.721073165298797 ], [ -117.479041225127006, 47.721046048121103 ], [ -117.479078270360006, 47.721018070021401 ], [ -117.479096547721994, 47.7209929667357 ], [ -117.479116337318004, 47.720965702194597 ], [ -117.479151723753006, 47.720931330063202 ], [ -117.479169434446007, 47.720891404592102 ], [ -117.479199864017005, 47.720870929329003 ], [ -117.479230723865996, 47.720852011554904 ], [ -117.479261487344004, 47.720828113072002 ], [ -117.479294486832003, 47.720807842994603 ], [ -117.479332600261998, 47.720788781527098 ], [ -117.479373785972001, 47.720765088715801 ], [ -117.479416251778005, 47.720760007594301 ], [ -117.479461930829999, 47.720761879018198 ], [ -117.479508851061993, 47.720749487550201 ], [ -117.479551169953993, 47.7207433659636 ], [ -117.479588225336997, 47.720758678982897 ], [ -117.479619667273994, 47.720777198822297 ], [ -117.479660010703, 47.720798452725802 ], [ -117.479709323628995, 47.720783077449298 ], [ -117.479765121610001, 47.720771421664402 ], [ -117.479801875205993, 47.720742240662098 ], [ -117.479848584742996, 47.720701397544197 ], [ -117.479884513911998, 47.720685977380299 ], [ -117.479918765082004, 47.720666719523599 ], [ -117.479948281717, 47.720636030139197 ], [ -117.479974183257994, 47.720607780735797 ], [ -117.479999455848997, 47.720584078673902 ], [ -117.480043526144001, 47.720560778450199 ], [ -117.480097224171999, 47.720551492272797 ], [ -117.480161735924, 47.720566730728201 ], [ -117.480220175880007, 47.720564601183902 ], [ -117.480256935613994, 47.720580961652502 ], [ -117.480034818356003, 47.720261684144198 ], [ -117.480444408872003, 47.719957586683996 ], [ -117.479125393098997, 47.719200312158399 ], [ -117.478825710525996, 47.719028253655203 ], [ -117.478793302699003, 47.719045327866702 ], [ -117.478771561143006, 47.719009667274001 ], [ -117.478786962488002, 47.719015040303802 ], [ -117.478791546503999, 47.719016638957598 ], [ -117.478836323240998, 47.719017990730897 ], [ -117.478841438027004, 47.719018144843197 ], [ -117.478884200243002, 47.719015003474397 ], [ -117.478931154305002, 47.718995402271901 ], [ -117.478968899864995, 47.718966883213703 ], [ -117.479011489954999, 47.718946714444499 ], [ -117.479028001111004, 47.718911846174002 ], [ -117.479066765995, 47.718884865027199 ], [ -117.479097208138995, 47.718865156331603 ], [ -117.479095869375001, 47.718836058989197 ], [ -117.479044429563004, 47.7188129769903 ], [ -117.478990738730005, 47.718806872151397 ], [ -117.478951683041998, 47.718788155370802 ], [ -117.478916615342001, 47.718768559958001 ], [ -117.478884829, 47.718749399824603 ], [ -117.478835180144003, 47.718745246733597 ], [ -117.478799937345997, 47.718726760527403 ], [ -117.478770516032995, 47.7186995546842 ], [ -117.478738973660001, 47.718675432182501 ], [ -117.478695345410003, 47.718646444665502 ], [ -117.478663228523004, 47.718613306184302 ], [ -117.478639909471994, 47.718588953205497 ], [ -117.478613683575006, 47.7185600649278 ], [ -117.478591397440994, 47.718533186486503 ], [ -117.478583046064003, 47.718495398749504 ], [ -117.478581971137999, 47.7184658144254 ], [ -117.478588005408, 47.718435489637798 ], [ -117.478580634295994, 47.718420442098598 ], [ -117.478572973778995, 47.7184048037197 ], [ -117.478554938547006, 47.718375322515101 ], [ -117.478545337179995, 47.718338621505801 ], [ -117.478537855786996, 47.718302354340103 ], [ -117.478514454347007, 47.718276408192501 ], [ -117.478475599836997, 47.718256010546298 ], [ -117.478435994867993, 47.718238253230197 ], [ -117.478387695948001, 47.718216340132898 ], [ -117.478343246643007, 47.718212228137197 ], [ -117.478299464293002, 47.718216159952703 ], [ -117.478299228485, 47.718216180730401 ], [ -117.478261939511, 47.718238771809801 ], [ -117.478229323275002, 47.718256933650501 ], [ -117.478189976115004, 47.718281039491799 ], [ -117.478145407732001, 47.718258670761998 ], [ -117.478121129154999, 47.718232721890402 ], [ -117.478083623459, 47.718220264326298 ], [ -117.478041323951004, 47.718211392492499 ], [ -117.47800502746, 47.718198918168497 ], [ -117.477959768513998, 47.718178876338698 ], [ -117.477936757657005, 47.718154779264999 ], [ -117.477911408398001, 47.718130414797102 ], [ -117.477883212568997, 47.718110575404303 ], [ -117.477854361729996, 47.7180885082118 ], [ -117.477801560670002, 47.718071855651999 ], [ -117.477754357942999, 47.718089735278703 ], [ -117.477713199801997, 47.718088581264702 ], [ -117.477653675626001, 47.718088205500003 ], [ -117.477597981803996, 47.718076711549202 ], [ -117.477541865849005, 47.718070087962502 ], [ -117.477517321050001, 47.718036265317302 ], [ -117.477480100262994, 47.718023292603696 ], [ -117.477436260657001, 47.718022260318598 ], [ -117.477396467996996, 47.718015133261098 ], [ -117.477346440957007, 47.7180011628515 ], [ -117.477320696253003, 47.7179757984578 ], [ -117.477288898797994, 47.717951946546101 ], [ -117.4772690044, 47.717922603336199 ], [ -117.477249260250005, 47.717895256078997 ], [ -117.477233048936, 47.717868149660099 ], [ -117.477206728631998, 47.717832885707701 ], [ -117.477183858608001, 47.7178025462186 ], [ -117.477172688693003, 47.717770337847902 ], [ -117.477165242455001, 47.7177307979942 ], [ -117.477161947441004, 47.717702862258697 ], [ -117.477150678808002, 47.717663926744201 ], [ -117.477143925408996, 47.717635575299298 ], [ -117.477125734366993, 47.717605266729798 ], [ -117.477114172718998, 47.717576291041503 ], [ -117.477102995007996, 47.717547454119199 ], [ -117.477083947994004, 47.717518747086203 ], [ -117.477073367669007, 47.717481880862898 ], [ -117.477076692465005, 47.717453787137302 ], [ -117.477087065815994, 47.7174227047771 ], [ -117.477106676429003, 47.717398649875797 ], [ -117.477146218008997, 47.717388116567101 ], [ -117.477183780659004, 47.717375944901399 ], [ -117.477195759596995, 47.717372062985497 ], [ -117.477239890041005, 47.717352296056497 ], [ -117.477277019842006, 47.717333173666702 ], [ -117.477307610809007, 47.717307594746501 ], [ -117.477337827271995, 47.717279262291598 ], [ -117.477358234218997, 47.717250009683802 ], [ -117.477370887413002, 47.717214998431302 ], [ -117.477354393064005, 47.717176886363298 ], [ -117.477334964969998, 47.717145140645002 ], [ -117.477309530225995, 47.717121988381201 ], [ -117.477275997712994, 47.717081094908202 ], [ -117.477266614697996, 47.717047884869203 ], [ -117.477301132250005, 47.717031379057801 ], [ -117.477339315102995, 47.7170032060165 ], [ -117.477368097619006, 47.716980807176903 ], [ -117.477393972105006, 47.716952559349998 ], [ -117.477406369459004, 47.716925164777898 ], [ -117.477414767875004, 47.716887364847999 ], [ -117.477402553405, 47.716858880474099 ], [ -117.477375575663999, 47.716832463092601 ], [ -117.477343252794995, 47.7168107161311 ], [ -117.477294133756004, 47.716800708989297 ], [ -117.477241566917002, 47.716794212656801 ], [ -117.477191424007998, 47.716792535266499 ], [ -117.477132736366997, 47.716799799268799 ], [ -117.477095963270003, 47.716819694829702 ], [ -117.477047349526998, 47.716842838270601 ], [ -117.477014138135004, 47.716866592492799 ], [ -117.476981611645002, 47.716885046034598 ], [ -117.476927067849005, 47.7169045952121 ], [ -117.476880080013999, 47.716924609635299 ], [ -117.476843945303003, 47.7169449352497 ], [ -117.476808870369993, 47.716971088734198 ], [ -117.476768815184002, 47.716985801676202 ], [ -117.476726658485006, 47.716984704543599 ], [ -117.476687932754999, 47.716981605559901 ], [ -117.476035924388995, 47.716463063072197 ], [ -117.476061856403007, 47.716465084344499 ], [ -117.476123289872007, 47.716452789700497 ], [ -117.476161236430997, 47.716430852510001 ], [ -117.476187645649006, 47.716409449955798 ], [ -117.476215524923006, 47.716386672750403 ], [ -117.476240748652003, 47.716351498780597 ], [ -117.476257115072002, 47.71632331136 ], [ -117.476261423067001, 47.716293191797099 ], [ -117.476289002954005, 47.716268735052303 ], [ -117.476324790687997, 47.716248401152903 ], [ -117.476354730181995, 47.716229623820801 ], [ -117.476392199518003, 47.716202751515603 ], [ -117.476429772114003, 47.7161769728853 ], [ -117.476462663522994, 47.716155577545798 ], [ -117.476497912840998, 47.716137039061898 ], [ -117.476528178132, 47.7161154035729 ], [ -117.476561403171004, 47.7160985839311 ], [ -117.476591439901, 47.716079230282197 ], [ -117.476632791598007, 47.716050323597798 ], [ -117.476665192129005, 47.716033598226602 ], [ -117.476709582938, 47.716008273457398 ], [ -117.476749699180004, 47.715979433046797 ], [ -117.476798124016995, 47.715958016264899 ], [ -117.476825438709, 47.715926605296701 ], [ -117.476828214717003, 47.715891402996803 ], [ -117.476843688182996, 47.715857457096 ], [ -117.476855074696005, 47.715826234673202 ], [ -117.476845486260004, 47.715796758577603 ], [ -117.476862747705994, 47.7157626792767 ], [ -117.476865230146004, 47.715723069338999 ], [ -117.476864562597001, 47.715686437221301 ], [ -117.476858704129995, 47.715652083288099 ], [ -117.476849818570997, 47.715614740312098 ], [ -117.476808818904004, 47.715588213700698 ], [ -117.476781308205005, 47.715554128779097 ], [ -117.476742470830004, 47.715525665860099 ], [ -117.476723947287994, 47.71551068702 ], [ -117.476774670666003, 47.715486833127201 ], [ -117.476841785527995, 47.715396837647802 ], [ -117.476986062655001, 47.715395303189503 ], [ -117.477638596686006, 47.715597011513204 ], [ -117.477991399131, 47.715579675150899 ], [ -117.478005139567998, 47.7155490510494 ], [ -117.477984257249005, 47.715523443398503 ], [ -117.477974444645, 47.715492115709701 ], [ -117.477967401046001, 47.715457124334399 ], [ -117.477976300064995, 47.715428793210698 ], [ -117.478007226230005, 47.715403287378997 ], [ -117.478084002385003, 47.7153772918101 ], [ -117.478107878868997, 47.7154078212887 ], [ -117.478120613667997, 47.715438964036402 ], [ -117.478142720647995, 47.715470186502003 ] ], [ [ -117.487618712151004, 47.711978807529803 ], [ -117.486818524409003, 47.712314647293702 ], [ -117.486557077056005, 47.712287992908102 ], [ -117.486042105894001, 47.711962814737902 ], [ -117.484726947168994, 47.711872190640598 ], [ -117.484403335381003, 47.711982948123598 ], [ -117.483385393212004, 47.712286215175602 ], [ -117.482582076775003, 47.712824663366803 ], [ -117.482076171277001, 47.713385799657097 ], [ -117.481861545027002, 47.714258436575903 ], [ -117.481867677165994, 47.714922704089197 ], [ -117.482125229141005, 47.715758183011403 ], [ -117.482401176782005, 47.716799934535203 ], [ -117.482487027703996, 47.717253760361999 ], [ -117.482419573133996, 47.717889110666597 ], [ -117.483497052681997, 47.717990384062801 ], [ -117.483742654571003, 47.7174786830942 ], [ -117.485755005428999, 47.717398728590801 ], [ -117.485913458167005, 47.718752596415101 ], [ -117.489854286215007, 47.721424218684298 ], [ -117.489144351600999, 47.721687001162302 ], [ -117.487402195841995, 47.720459365502997 ], [ -117.487049541236004, 47.720620513616197 ], [ -117.486867669906999, 47.720493684169 ], [ -117.487171529067993, 47.720335517746697 ], [ -117.486408985720004, 47.719784939258801 ], [ -117.486105343860999, 47.719930249600999 ], [ -117.485917523956999, 47.719751244812002 ], [ -117.486255599380002, 47.719563814980503 ], [ -117.485782921330994, 47.719205801585197 ], [ -117.485200680049005, 47.719111032495 ], [ -117.484286625921996, 47.719058382823299 ], [ -117.483820208449998, 47.719125773988502 ], [ -117.483435178625996, 47.719513272080498 ], [ -117.483497785156999, 47.7200629236564 ], [ -117.483694995812996, 47.720528333260503 ], [ -117.484067502955995, 47.7209326685051 ], [ -117.484587137375996, 47.721299094149202 ], [ -117.485009731652994, 47.721840303967603 ], [ -117.485310241351996, 47.722320438690801 ], [ -117.485748487524006, 47.7225963034535 ], [ -117.486379110789002, 47.722732147729999 ], [ -117.486720315347, 47.7223741555187 ], [ -117.487005175163006, 47.722378367189997 ], [ -117.487033348151002, 47.722715300694503 ], [ -117.487256725305002, 47.7227031000022 ], [ -117.489088527180002, 47.722692208898302 ], [ -117.489059723089994, 47.722345963303802 ], [ -117.489461055804, 47.722260262746701 ], [ -117.489846797816, 47.722004695796301 ], [ -117.490666338734997, 47.721564440289903 ], [ -117.489753372314993, 47.720874450721602 ], [ -117.488932856589997, 47.720266086229302 ], [ -117.488769025897, 47.720045109692897 ], [ -117.488740771493994, 47.719717892470896 ], [ -117.488716544965996, 47.719373079340997 ], [ -117.488730193064995, 47.717838292766899 ], [ -117.489256816234999, 47.717853123622 ], [ -117.489270496317005, 47.717317242749303 ], [ -117.489851385826995, 47.7173257525737 ], [ -117.489864915729996, 47.716875646054099 ], [ -117.491570165197999, 47.716970799730603 ], [ -117.491368120247003, 47.716485890999898 ], [ -117.491382263234001, 47.716188192163699 ], [ -117.491404489334002, 47.715933992105597 ], [ -117.491246895139, 47.715645805760801 ], [ -117.490885236148003, 47.715448695696701 ], [ -117.490897360004993, 47.715261101861699 ], [ -117.491322482087, 47.714846957191099 ], [ -117.491002236561002, 47.7146025160744 ], [ -117.491116449828993, 47.714084270890403 ], [ -117.491474021242993, 47.714049211125797 ], [ -117.491467668411005, 47.7137863318342 ], [ -117.491156374208003, 47.713747861616703 ], [ -117.491153198115001, 47.713001960257401 ], [ -117.491582021414004, 47.712916469138101 ], [ -117.491550256064997, 47.712702742264199 ], [ -117.491162727740004, 47.712668544962497 ], [ -117.491115080944994, 47.7119059910506 ], [ -117.491556608402007, 47.7119059910045 ], [ -117.491569314375994, 47.711033960372397 ], [ -117.491204020949993, 47.7110104489728 ], [ -117.490997551139003, 47.711232732936701 ], [ -117.490692609638003, 47.711388758573101 ], [ -117.490708492742002, 47.711514861426203 ], [ -117.490527433641006, 47.7115276852061 ], [ -117.490474486465999, 47.7117926986339 ], [ -117.490407480705997, 47.712128070017499 ], [ -117.489322079231002, 47.712042777053803 ], [ -117.487618712151004, 47.711978807529803 ] ] ] ] } }
]
}
