{
"type": "FeatureCollection",
"name": "spokane_2026_fairview",
"crs": { "type": "name", "properties": { "name": "urn:ogc:def:crs:OGC:1.3:CRS84" } },
"features": [
{ "type": "Feature", "properties": { "OBJECTID": 57138, "poly_SourceOID": 34841, "poly_IncidentName": "FAIRVIEW", "poly_FeatureCategory": "Wildfire Daily Fire Perimeter", "poly_MapMethod": "IR Image Interpretation", "poly_GISAcres": 992.43407288417507, "poly_DeleteThis": "No", "poly_FeatureAccess": "Public", "poly_FeatureStatus": "Approved", "poly_IsVisible": "Yes", "poly_CreateDate": 1785642689000, "poly_DateCurrent": 1786467726000, "poly_PolygonDateTime": 1785984300000, "poly_IRWINID": "{1C524FE5-7F69-4030-A197-9200BA919915}", "poly_FORID": null, "poly_Acres_AutoCalc": 992.4302777336103, "poly_SourceGlobalID": "{79E78872-9DA9-44D1-9DF3-1D437EA7B2EF}", "poly_Source": "2026 NIFS", "attr_SourceOID": 43306551, "attr_ABCDMisc": null, "attr_ADSPermissionState": "DEFAULT", "attr_CalculatedAcres": null, "attr_ContainmentDateTime": null, "attr_ControlDateTime": null, "attr_CreatedBySystem": "wildcade", "attr_IncidentSize": 992, "attr_DiscoveryAcres": 5, "attr_DispatchCenterID": "WANEC", "attr_EstimatedCostToDate": 1412963, "attr_FinalAcres": null, "attr_FFReportApprovedByTitle": null, "attr_FFReportApprovedByUnit": null, "attr_FFReportApprovedDate": null, "attr_FireBehaviorGeneral": "Minimal", "attr_FireBehaviorGeneral1": "Smoldering", "attr_FireBehaviorGeneral2": "Creeping", "attr_FireBehaviorGeneral3": "Smoldering", "attr_FireCause": "Human", "attr_FireCauseGeneral": null, "attr_FireCauseSpecific": null, "attr_FireCode": "SVUU", "attr_FireDepartmentID": null, "attr_FireDiscoveryDateTime": 1785618720000, "attr_FireMgmtComplexity": null, "attr_FireOutDateTime": null, "attr_FireStrategyConfinePercent": 0, "attr_FireStrategyFullSuppPrcnt": 100, "attr_FireStrategyMonitorPercent": 0, "attr_FireStrategyPointZonePrcnt": 0, "attr_FSJobCode": "PN", "attr_FSOverrideCode": "1542", "attr_GACC": "NWCC", "attr_ICS209ReportDateTime": 1786843273000, "attr_ICS209RptForTimePeriodFrom": 1786755600000, "attr_ICS209RptForTimePeriodTo": 1786842000000, "attr_ICS209ReportStatus": "F", "attr_IncidentManagementOrg": "Type 5 IC", "attr_IncidentName": "FAIRVIEW", "attr_IncidentShortDescription": "2 Miles NE from Spokane, WA", "attr_IncidentTypeCategory": "WF", "attr_IncidentTypeKind": "FI", "attr_InitialLatitude": 47.752791, "attr_InitialLongitude": -117.356558, "attr_InitialResponseAcres": null, "attr_InitialResponseDateTime": null, "attr_IrwinID": "{1C524FE5-7F69-4030-A197-9200BA919915}", "attr_IsFireCauseInvestigated": null, "attr_IsFireCodeRequested": 0, "attr_IsFSAssisted": 1, "attr_IsMultiJurisdictional": 0, "attr_IsQuarantined": 0, "attr_IsReimbursable": 1, "attr_IsTrespass": 0, "attr_IsUnifiedCommand": 0, "attr_IsValid": 1, "attr_LocalIncidentIdentifier": "001852", "attr_ModifiedBySystem": "wildcade", "attr_PercentContained": 100, "attr_PercentPerimToBeContained": 100, "attr_POOCity": "Spokane", "attr_POOCounty": "Spokane", "attr_POODispatchCenterID": "WANEC", "attr_POOFips": "53063", "attr_POOJurisdictionalAgency": null, "attr_POOJurisdictionalUnit": null, "attr_POOJurisdictUnitParentUnit": null, "attr_POOLandownerCategory": "Private", "attr_POOLandownerKind": "Private", "attr_POOLegalDescPrincipalMerid": "Willamette", "attr_POOLegalDescQtr": null, "attr_POOLegalDescQtrQtr": null, "attr_POOLegalDescRange": "43", "attr_POOLegalDescSection": 15, "attr_POOLegalDescTownship": "26", "attr_POOPredictiveServiceAreaID": "NW10", "attr_POOProtectingAgency": "DNR", "attr_POOProtectingUnit": "WANES", "attr_POOState": "US-WA", "attr_PredominantFuelGroup": null, "attr_PredominantFuelModel": null, "attr_PrimaryFuelModel": "Timber (Litter and Understory)", "attr_SecondaryFuelModel": "Timber (Grass and Understory)", "attr_TotalIncidentPersonnel": 10, "attr_UniqueFireIdentifier": "2026-WANES-001852", "attr_FORID": null, "attr_WFDSSDecisionStatus": "No Decision", "attr_EstimatedFinalCost": null, "attr_OrganizationalAssessment": null, "attr_StratDecisionPublishDate": null, "attr_CreatedOnDateTime_dt": 1785620573073, "attr_ModifiedOnDateTime_dt": 1787068650083, "attr_Source": "IRWIN", "attr_IsCpxChild": 0, "attr_CpxName": null, "attr_CpxID": null, "attr_SourceGlobalID": "{E73D8DFF-36B7-46AA-AA68-66224490AED5}", "GlobalID": "4513abcf-b8f7-4f66-8c41-7ad18410bbfb", "Shape__Area": 0.00048168641387746902, "Shape__Length": 0.24648998341736927, "attr_IncidentComplexityLevel": "Type 5 Incident" }, "geometry": { "type": "Polygon", "coordinates": [ [ [ -117.339657813, 47.748771242 ], [ -117.339614352, 47.748765604 ], [ -117.339571283, 47.7487655850001 ], [ -117.339529533, 47.748763869000101 ], [ -117.33948471, 47.748760108000099 ], [ -117.339442469, 47.748758557 ], [ -117.339381648, 47.74876198 ], [ -117.339337855, 47.748763829 ], [ -117.339291849, 47.748772995000103 ], [ -117.339269099, 47.748767833 ], [ -117.339250061, 47.7487635150001 ], [ -117.339214611, 47.748745970000101 ], [ -117.339185788, 47.748740533 ], [ -117.33916189, 47.748736026000103 ], [ -117.33912041, 47.748708214 ], [ -117.339097865, 47.748680663000101 ], [ -117.339065598, 47.748657167 ], [ -117.339025202, 47.748643945 ], [ -117.33897402, 47.748620329000097 ], [ -117.338933676, 47.748590250000099 ], [ -117.338877861, 47.748580968000098 ], [ -117.338823623, 47.748569397 ], [ -117.338767201, 47.748566323 ], [ -117.338711147, 47.748564941 ], [ -117.33865866, 47.748553309 ], [ -117.338622251, 47.748540661 ], [ -117.338577726, 47.748542818 ], [ -117.338549022, 47.748514904 ], [ -117.338492125, 47.748516705 ], [ -117.338440718, 47.748505138 ], [ -117.338381483, 47.748491171000097 ], [ -117.338339019, 47.748487372000099 ], [ -117.338301655, 47.748475670000097 ], [ -117.33826089, 47.748468904 ], [ -117.338201568, 47.748462842 ], [ -117.338159946, 47.748459462 ], [ -117.338117221, 47.748458325000101 ], [ -117.338072753, 47.748446578 ], [ -117.338026716, 47.748439958000098 ], [ -117.337983503, 47.748434344 ], [ -117.33794028, 47.748427886000101 ], [ -117.337897638, 47.748413578000097 ], [ -117.337837438, 47.74840407 ], [ -117.337793127, 47.748402721 ], [ -117.337750375, 47.748394429 ], [ -117.337707211, 47.748388688 ], [ -117.33765946, 47.748379587 ], [ -117.337598413, 47.748370135000101 ], [ -117.337555926, 47.7483708520001 ], [ -117.337492192, 47.748367983 ], [ -117.337456889, 47.748353916 ], [ -117.337430348, 47.748324811 ], [ -117.337401297, 47.748292066 ], [ -117.337360076, 47.748278231 ], [ -117.337321466, 47.7482611 ], [ -117.337278985, 47.748257524000103 ], [ -117.337238508, 47.748261327000101 ], [ -117.337191152, 47.748265698000097 ], [ -117.337150282, 47.748265704000097 ], [ -117.337105267, 47.748265705000101 ], [ -117.337054139, 47.748250795 ], [ -117.337009449, 47.748236562 ], [ -117.336966984, 47.7482204780001 ], [ -117.33692296, 47.748214925000099 ], [ -117.336870761, 47.748223494000101 ], [ -117.336420403, 47.748167910000099 ], [ -117.336405613, 47.748220186 ], [ -117.336385716, 47.748193109000098 ], [ -117.336378164, 47.748226983000102 ], [ -117.336390847, 47.748261599 ], [ -117.336387284, 47.748297399000101 ], [ -117.336378357, 47.748334449 ], [ -117.336391457, 47.74837131 ], [ -117.336386079, 47.748406137000103 ], [ -117.336383835, 47.748443337 ], [ -117.336384621, 47.748480098000101 ], [ -117.336385008, 47.748516339 ], [ -117.336381267, 47.748554580000103 ], [ -117.336369486, 47.748591709 ], [ -117.336364168, 47.748619015 ], [ -117.336355824, 47.748660145 ], [ -117.3363661, 47.748699959000099 ], [ -117.336364541, 47.748737912000102 ], [ -117.336370917, 47.748765084000098 ], [ -117.336362933, 47.748793386 ], [ -117.336380365, 47.748823937000097 ], [ -117.336377789, 47.748859641000102 ], [ -117.336318654, 47.748854865000098 ], [ -117.336313734, 47.748893424000102 ], [ -117.336347377, 47.7489241500001 ], [ -117.336360572, 47.748950473 ], [ -117.336370001, 47.748977495000098 ], [ -117.336388931, 47.749004032000101 ], [ -117.336396971, 47.749033289000103 ], [ -117.336406632, 47.749062332000101 ], [ -117.336418193, 47.7490913090001 ], [ -117.336436582, 47.749122185 ], [ -117.336426676, 47.749152951 ], [ -117.336423329, 47.749183630000097 ], [ -117.336428839, 47.749215914 ], [ -117.336431464, 47.7492491510001 ], [ -117.336427216, 47.749280867 ], [ -117.336417035, 47.749313032 ], [ -117.336411547, 47.749347548000102 ], [ -117.336409195, 47.749380654 ], [ -117.336410978, 47.7494145410001 ], [ -117.336446103, 47.749450588000101 ], [ -117.336423311, 47.7494888680001 ], [ -117.336365716, 47.749477756 ], [ -117.336350922, 47.749508116000101 ], [ -117.33635094, 47.749543509 ], [ -117.336339594, 47.749583578000099 ], [ -117.336337787, 47.749618409 ], [ -117.336339523, 47.749654306000103 ], [ -117.336341764, 47.749688189 ], [ -117.33633746, 47.749718686000101 ], [ -117.336340488, 47.749750646000102 ], [ -117.33634131, 47.749780231 ], [ -117.336342126, 47.749811697 ], [ -117.336337619, 47.749848639 ], [ -117.336340413, 47.749878932000101 ], [ -117.336339641, 47.749917614 ], [ -117.336336196, 47.749955702000101 ], [ -117.336336379, 47.749992567 ], [ -117.336331107, 47.750029643000097 ], [ -117.336376463, 47.7500431180001 ], [ -117.336427291, 47.750048218000103 ], [ -117.336467804, 47.750043317000099 ], [ -117.336509579, 47.750047159000097 ], [ -117.336572477, 47.750046277000102 ], [ -117.336618803, 47.750052554 ], [ -117.336660436, 47.750035770000103 ], [ -117.336707609, 47.750023234 ], [ -117.336753141, 47.750035739000097 ], [ -117.336793906, 47.750035727000103 ], [ -117.336836082, 47.750034794 ], [ -117.336877215, 47.750031798000101 ], [ -117.336937466, 47.75003322 ], [ -117.336995877, 47.750033691000098 ], [ -117.33705393, 47.7500295030001 ], [ -117.337114406, 47.750031125000099 ], [ -117.337170858, 47.750032259000101 ], [ -117.33722965, 47.750032389000097 ], [ -117.337270438, 47.750035243000099 ], [ -117.337329864, 47.750032512000097 ], [ -117.337385879, 47.750033470000098 ], [ -117.337445777, 47.750034171 ], [ -117.337501293, 47.750030487000103 ], [ -117.337556176, 47.750029267000102 ], [ -117.337611467, 47.7500284340001 ], [ -117.337670874, 47.750029394000101 ], [ -117.337730273, 47.750029717000103 ], [ -117.337771697, 47.750031022 ], [ -117.337814891, 47.750030817 ], [ -117.337857681, 47.750032532 ], [ -117.337900423, 47.750032600000097 ], [ -117.337942526, 47.750034859 ], [ -117.337985756, 47.750040073 ], [ -117.338030324, 47.750034662000097 ], [ -117.338088505, 47.750032487000098 ], [ -117.338129681, 47.750030146 ], [ -117.338184547, 47.7500296810001 ], [ -117.338240793, 47.750034075 ], [ -117.338297909, 47.750036197 ], [ -117.3383537, 47.7500315 ], [ -117.338413641, 47.750030456 ], [ -117.338453986, 47.750036286000103 ], [ -117.338513138, 47.750031054 ], [ -117.33856696, 47.750033222000098 ], [ -117.338624946, 47.750031138000097 ], [ -117.338667246, 47.750029965000103 ], [ -117.338712967, 47.750029194 ], [ -117.338756476, 47.750026072 ], [ -117.33881585, 47.750026728000101 ], [ -117.338858441, 47.750025438000101 ], [ -117.338902292, 47.750025152 ], [ -117.338943968, 47.750025243 ], [ -117.33898482, 47.750026375000097 ], [ -117.339026935, 47.750027648000099 ], [ -117.339085593, 47.75002928 ], [ -117.339145685, 47.750026475 ], [ -117.339205192, 47.750030029000101 ], [ -117.339259198, 47.750027599000099 ], [ -117.339300537, 47.750029821000098 ], [ -117.339342013, 47.750030165000098 ], [ -117.339394001, 47.7500303690001 ], [ -117.339434712, 47.750034957 ], [ -117.339479494, 47.750024559000103 ], [ -117.33959395, 47.7500128900001 ], [ -117.339631981, 47.75002268 ], [ -117.339680292, 47.750047548000097 ], [ -117.339712224, 47.750078142000099 ], [ -117.339720015, 47.750115452 ], [ -117.339730827, 47.750142078000103 ], [ -117.339754063, 47.750166252 ], [ -117.33976346, 47.750195042 ], [ -117.339757957, 47.750224348000103 ], [ -117.339756854, 47.750254222000102 ], [ -117.339783338, 47.750277109000102 ], [ -117.339811504, 47.750297902000099 ], [ -117.339834803, 47.750321808000102 ], [ -117.339842186, 47.750350205000103 ], [ -117.339840005, 47.750379747000103 ], [ -117.339827297, 47.7504094170001 ], [ -117.339816242, 47.750438503000098 ], [ -117.339799036, 47.7504657550001 ], [ -117.339765218, 47.750481564 ], [ -117.339727226, 47.750494996 ], [ -117.339697553, 47.750526449000098 ], [ -117.339703576, 47.750558123000097 ], [ -117.339692166, 47.750592902000101 ], [ -117.339679647, 47.750619244000099 ], [ -117.339643225, 47.750651721000096 ], [ -117.339612303, 47.750670066000097 ], [ -117.339570364, 47.750676924000103 ], [ -117.339540559, 47.750696184 ], [ -117.339515779, 47.750729834 ], [ -117.339491854, 47.750761056 ], [ -117.339491714, 47.7507933790001 ], [ -117.339462419, 47.750825727000098 ], [ -117.339460157, 47.750858077 ], [ -117.339431308, 47.750894465 ], [ -117.339388213, 47.750914003 ], [ -117.339344528, 47.750928159000097 ], [ -117.339316163, 47.750949170000098 ], [ -117.339345135, 47.750974005 ], [ -117.33930408, 47.750989749 ], [ -117.339248351, 47.7509901970001 ], [ -117.339200346, 47.750990213000101 ], [ -117.339155138, 47.750992116000099 ], [ -117.33911178, 47.750990634000097 ], [ -117.339068626, 47.750988081000102 ], [ -117.339007093, 47.75098811 ], [ -117.338965431, 47.750988560000103 ], [ -117.338913438, 47.750984909000103 ], [ -117.338859917, 47.750986422 ], [ -117.338803571, 47.750984226000099 ], [ -117.33874871, 47.750982114000102 ], [ -117.338701459, 47.750986841 ], [ -117.338655221, 47.750989612000097 ], [ -117.33860148, 47.751000183 ], [ -117.338591666, 47.750997964000099 ], [ -117.338600611, 47.7510258020001 ], [ -117.33859821, 47.751061473 ], [ -117.338606505, 47.751099207 ], [ -117.338603288, 47.751126957000103 ], [ -117.338589754, 47.751161027000101 ], [ -117.338564484, 47.751185752 ], [ -117.338544942, 47.751212429000098 ], [ -117.338515514, 47.751234706 ], [ -117.338491854, 47.751271826 ], [ -117.338448943, 47.751290252 ], [ -117.338396062, 47.751289061000101 ], [ -117.338347844, 47.751278865000103 ], [ -117.338304093, 47.751279436000097 ], [ -117.338286396, 47.751305071 ], [ -117.338315576, 47.751327402000101 ], [ -117.338341119, 47.751353621000099 ], [ -117.338348286, 47.751384495000103 ], [ -117.338341305, 47.751416722 ], [ -117.338311938, 47.75144492 ], [ -117.338274843, 47.751473825000097 ], [ -117.338235724, 47.7514898700001 ], [ -117.338201433, 47.751520042 ], [ -117.338167729, 47.751538742 ], [ -117.338137237, 47.751564492000099 ], [ -117.33810616, 47.751588248000097 ], [ -117.338077155, 47.7516105730001 ], [ -117.338037724, 47.751630938000098 ], [ -117.337999615, 47.751660591000103 ], [ -117.337999515, 47.751660669 ], [ -117.337956515, 47.751677792000102 ], [ -117.337920205, 47.751693785 ], [ -117.337886109, 47.75171132 ], [ -117.337838713, 47.751728095 ], [ -117.337798665, 47.751746774 ], [ -117.337748053, 47.751765641000098 ], [ -117.337708387, 47.751786097 ], [ -117.337665134, 47.751785672 ], [ -117.337618243, 47.751790617 ], [ -117.337572861, 47.751802917000099 ], [ -117.337537926, 47.751817746 ], [ -117.337491702, 47.751840497 ], [ -117.337451047, 47.751853454000099 ], [ -117.337403236, 47.751863111 ], [ -117.337362637, 47.751869528 ], [ -117.337316696, 47.7518797130001 ], [ -117.337296214, 47.751884082000103 ], [ -117.337275733, 47.751888450000102 ], [ -117.33723221, 47.75189878 ], [ -117.33718889, 47.751911395 ], [ -117.337147571, 47.751920964000099 ], [ -117.337103928, 47.751932966 ], [ -117.33706283, 47.751940300000101 ], [ -117.337019458, 47.751953119000099 ], [ -117.336983058, 47.751967234000098 ], [ -117.336939823, 47.751976580000097 ], [ -117.336890417, 47.751987267000104 ], [ -117.336852884, 47.751997988 ], [ -117.336809473, 47.752000086000102 ], [ -117.336763156, 47.752005768000103 ], [ -117.336715702, 47.752015664000098 ], [ -117.3366664, 47.75202195 ], [ -117.336621333, 47.752023413000103 ], [ -117.336574407, 47.752030889 ], [ -117.336520262, 47.752039568 ], [ -117.336471647, 47.752044515000101 ], [ -117.336430048, 47.752050338000103 ], [ -117.336385597, 47.752058791000103 ], [ -117.336336998, 47.752058768 ], [ -117.336282374, 47.752061500000103 ], [ -117.336240141, 47.752071140000098 ], [ -117.336250639, 47.752107441000099 ], [ -117.336210027, 47.75212565 ], [ -117.336174394, 47.7521491460001 ], [ -117.336150426, 47.752176629000097 ], [ -117.336115763, 47.752200769000098 ], [ -117.336065734, 47.752206525000098 ], [ -117.336021123, 47.752220731000101 ], [ -117.335982251, 47.75224036 ], [ -117.335947251, 47.752260613 ], [ -117.335915675, 47.75227999 ], [ -117.335892154, 47.752307480000098 ], [ -117.335857194, 47.752326659000097 ], [ -117.335811327, 47.752341383 ], [ -117.335762277, 47.7523545190001 ], [ -117.335721413, 47.7523682120001 ], [ -117.33568213, 47.752398809000098 ], [ -117.335636897, 47.752413952 ], [ -117.335588947, 47.7524241 ], [ -117.335539238, 47.752427495000099 ], [ -117.33549299, 47.752435011 ], [ -117.335438067, 47.752437025000098 ], [ -117.335383965, 47.752438113 ], [ -117.335332991, 47.752441748000102 ], [ -117.335285905, 47.752445531 ], [ -117.335234492, 47.752452536000099 ], [ -117.335183633, 47.752457476000103 ], [ -117.335133662, 47.752468749000101 ], [ -117.335082959, 47.752479844 ], [ -117.335016798, 47.752485445 ], [ -117.334959488, 47.7524756030001 ], [ -117.334909232, 47.75247183 ], [ -117.334868585, 47.752462363000099 ], [ -117.334824537, 47.75245684 ], [ -117.334773161, 47.752452055 ], [ -117.334723437, 47.752454771 ], [ -117.334673281, 47.7524554680001 ], [ -117.334625964, 47.752455093 ], [ -117.334580431, 47.752458492000102 ], [ -117.334533421, 47.752457153000101 ], [ -117.334477681, 47.752455432 ], [ -117.334430236, 47.752459496 ], [ -117.33437924, 47.752457316000097 ], [ -117.334333143, 47.752456787 ], [ -117.334284369, 47.752453940000102 ], [ -117.334242052, 47.752448681 ], [ -117.334185769, 47.752449006000099 ], [ -117.334134003, 47.752453358 ], [ -117.334080691, 47.752454789000097 ], [ -117.334022983, 47.752450122 ], [ -117.333976284, 47.752449812000101 ], [ -117.333928988, 47.752452141 ], [ -117.333876367, 47.752454757000102 ], [ -117.333827561, 47.7524564080001 ], [ -117.333774572, 47.752455072 ], [ -117.333734435, 47.752460505 ], [ -117.333686953, 47.7524600140001 ], [ -117.333639383, 47.752453955000099 ], [ -117.333590985, 47.752460581 ], [ -117.333541146, 47.752464957 ], [ -117.333493326, 47.752468803000099 ], [ -117.333444017, 47.752471658 ], [ -117.333396143, 47.752469111 ], [ -117.333353403, 47.752468402 ], [ -117.333302402, 47.752468102000101 ], [ -117.333258226, 47.752462256000101 ], [ -117.333205582, 47.752461576 ], [ -117.333159221, 47.752460799000097 ], [ -117.333157178, 47.752460422000098 ], [ -117.33315356, 47.752460676000098 ], [ -117.333102203, 47.752458553000103 ], [ -117.333079385, 47.752460163000102 ], [ -117.333056298, 47.752461792000098 ], [ -117.333008586, 47.752466528000099 ], [ -117.332960403, 47.752451773000097 ], [ -117.332956387, 47.752448968000103 ], [ -117.332930826, 47.752431106000103 ], [ -117.332875297, 47.752431484000098 ], [ -117.332830495, 47.7524263500001 ], [ -117.332782606, 47.752427072 ], [ -117.332734426, 47.752426527000097 ], [ -117.332685437, 47.752429561 ], [ -117.332638116, 47.752427402000102 ], [ -117.332593118, 47.752439318 ], [ -117.332548692, 47.752454797 ], [ -117.332504169, 47.752457546000102 ], [ -117.332452175, 47.7524546510001 ], [ -117.332397409, 47.752453511000098 ], [ -117.33235504, 47.752455555 ], [ -117.332302457, 47.752450464 ], [ -117.332249381, 47.752453038000098 ], [ -117.332201199, 47.7524470110001 ], [ -117.332148221, 47.752451569000101 ], [ -117.332101637, 47.752453907000103 ], [ -117.332055841, 47.752455302 ], [ -117.332012356, 47.752457801 ], [ -117.331964103, 47.752458136 ], [ -117.331908897, 47.752456278000103 ], [ -117.33185967, 47.752461232 ], [ -117.331811681, 47.752462439000098 ], [ -117.33176618, 47.752467258000102 ], [ -117.331716394, 47.752465448000102 ], [ -117.331674556, 47.7524570140001 ], [ -117.331625599, 47.752457318 ], [ -117.331600408, 47.75245707 ], [ -117.331580151, 47.752456871 ], [ -117.331538465, 47.752454623000098 ], [ -117.331516647, 47.752459562000098 ], [ -117.33149483, 47.752464501000098 ], [ -117.331442777, 47.752480122000101 ], [ -117.331424203, 47.752484542 ], [ -117.331402895, 47.752489613000101 ], [ -117.331381975, 47.752487673000097 ], [ -117.331361053, 47.7524857330001 ], [ -117.331315551, 47.752482180000101 ], [ -117.331304557, 47.752480979 ], [ -117.331274637, 47.752477712 ], [ -117.331230836, 47.7524720380001 ], [ -117.331180824, 47.752470427 ], [ -117.331145636, 47.7524897770001 ], [ -117.331098717, 47.752508194 ], [ -117.331057506, 47.752512954000103 ], [ -117.331075435, 47.752537772 ], [ -117.331127565, 47.752532124 ], [ -117.331144231, 47.752539067 ], [ -117.331165649, 47.752547989 ], [ -117.331153614, 47.752565213 ], [ -117.33114158, 47.752582436000097 ], [ -117.331103294, 47.752601499 ], [ -117.331087222, 47.752605360000103 ], [ -117.331064564, 47.752610802 ], [ -117.33102155, 47.752618861 ], [ -117.331001311, 47.752646662000103 ], [ -117.330968814, 47.752665347000097 ], [ -117.330952772, 47.752699846 ], [ -117.330936316, 47.752726342000102 ], [ -117.330927656, 47.752764067 ], [ -117.330923662, 47.752795554 ], [ -117.330923591, 47.752796117000102 ], [ -117.330933338, 47.752829717000097 ], [ -117.330905832, 47.752852243000099 ], [ -117.33088242, 47.752843511 ], [ -117.330864109, 47.752836682000101 ], [ -117.330867231, 47.752806215000099 ], [ -117.330857647, 47.752780045000101 ], [ -117.33085748, 47.752779588000102 ], [ -117.330857736, 47.7527778890001 ], [ -117.330858515, 47.752759060000102 ], [ -117.330847945, 47.752722141 ], [ -117.330843394, 47.752693437000097 ], [ -117.33084195, 47.752665504 ], [ -117.330829528, 47.752631024 ], [ -117.33082851, 47.752613179 ], [ -117.330817421, 47.752596692000097 ], [ -117.330812727, 47.752592177000103 ], [ -117.330800534, 47.752580449 ], [ -117.3307911, 47.752571375000102 ], [ -117.330745074, 47.752567035 ], [ -117.330697026, 47.752568121000103 ], [ -117.330650277, 47.752566556 ], [ -117.330597429, 47.7525638010001 ], [ -117.330548393, 47.752566349000098 ], [ -117.330497631, 47.752571325000098 ], [ -117.33045706, 47.752577591 ], [ -117.330423957, 47.752599893000102 ], [ -117.330395205, 47.7526294520001 ], [ -117.330403829, 47.752660205 ], [ -117.330370854, 47.752683385000097 ], [ -117.330329879, 47.752704634000096 ], [ -117.330291994, 47.752718396 ], [ -117.330259883, 47.752735734000098 ], [ -117.330258329, 47.752737281000101 ], [ -117.330234229, 47.752761283 ], [ -117.330221186, 47.7527879290001 ], [ -117.330194098, 47.752817349000097 ], [ -117.33017212, 47.75284207 ], [ -117.330131956, 47.752866285 ], [ -117.330094035, 47.752886735000097 ], [ -117.33005926, 47.752909567000103 ], [ -117.330013627, 47.752919496000104 ], [ -117.329962653, 47.752919991000098 ], [ -117.329919963, 47.752927536000101 ], [ -117.329879491, 47.752937029000101 ], [ -117.329841061, 47.752951778000103 ], [ -117.329808018, 47.752971424000101 ], [ -117.329767684, 47.75297973 ], [ -117.329724398, 47.7529742 ], [ -117.329685221, 47.752964015 ], [ -117.329695687, 47.752957358000103 ], [ -117.329708569, 47.752940382000098 ], [ -117.329559994, 47.7530003520001 ], [ -117.32956042, 47.752994337000104 ], [ -117.329560939, 47.752981281000103 ], [ -117.329561529, 47.752968432 ], [ -117.329562242, 47.752954833 ], [ -117.329562532, 47.752941327 ], [ -117.329561257, 47.752928753 ], [ -117.329555322, 47.752903891000102 ], [ -117.329552842, 47.752891645 ], [ -117.329553168, 47.752879146000097 ], [ -117.329556386, 47.752864562000099 ], [ -117.329555748, 47.752851609000103 ], [ -117.329549964, 47.752839978000097 ], [ -117.329545877, 47.752827859 ], [ -117.329534802, 47.752813901000103 ], [ -117.329525916, 47.752802943000098 ], [ -117.329511206, 47.752791561 ], [ -117.329496075, 47.752779554 ], [ -117.329476422, 47.7527741110001 ], [ -117.329450633, 47.752786099 ], [ -117.329423687, 47.752802319000097 ], [ -117.329400882, 47.752810704000098 ], [ -117.329374968, 47.752830556 ], [ -117.329338719, 47.752840018 ], [ -117.329304903, 47.7528323760001 ], [ -117.32926587, 47.752847088000102 ], [ -117.329236682, 47.752844713000101 ], [ -117.329212959, 47.752820888 ], [ -117.329192383, 47.752799828 ], [ -117.32916522, 47.752782435 ], [ -117.329126766, 47.7527880600001 ], [ -117.329094481, 47.752799947 ], [ -117.329070036, 47.752817141 ], [ -117.329041927, 47.752836148 ], [ -117.329014523, 47.752850789 ], [ -117.329004444, 47.752868072000098 ], [ -117.328966198, 47.752875474000099 ], [ -117.328932021, 47.752874179000102 ], [ -117.328888518, 47.752875770000102 ], [ -117.328885937, 47.752898337 ], [ -117.32887166, 47.752916603000102 ], [ -117.3288462, 47.752932017 ], [ -117.328821137, 47.75294891 ], [ -117.328789329, 47.752953711 ], [ -117.32876207, 47.7529714510001 ], [ -117.32875647, 47.752996799000101 ], [ -117.328758492, 47.753022093 ], [ -117.328781176, 47.753041907000103 ], [ -117.328801933, 47.7530606770001 ], [ -117.328826086, 47.753079732000103 ], [ -117.328849506, 47.753096542 ], [ -117.328865965, 47.753118189000098 ], [ -117.328883111, 47.753140787000099 ], [ -117.328903042, 47.753164151000099 ], [ -117.328916252, 47.753186718000102 ], [ -117.328920702, 47.753212039000097 ], [ -117.328936173, 47.753235536 ], [ -117.328961045, 47.753255093000099 ], [ -117.328978958, 47.753280949 ], [ -117.328965951, 47.753304431000103 ], [ -117.328939685, 47.753316834 ], [ -117.328908973, 47.7533272370001 ], [ -117.328880801, 47.753337748 ], [ -117.328845264, 47.753348698000103 ], [ -117.328826702, 47.753371274000102 ], [ -117.328815107, 47.753394132 ], [ -117.32880584, 47.7534045620001 ], [ -117.328791906, 47.753426419 ], [ -117.328783602, 47.7534373 ], [ -117.328778252, 47.753449789000101 ], [ -117.328775518, 47.753461445 ], [ -117.328770074, 47.753472407000103 ], [ -117.328761803, 47.753481498 ], [ -117.32875334, 47.753492385000101 ], [ -117.328744443, 47.753502340000097 ], [ -117.328734374, 47.753511504000102 ], [ -117.328724161, 47.753521552000102 ], [ -117.328712368, 47.753530687000101 ], [ -117.328704003, 47.753540235000102 ], [ -117.328694784, 47.753549706000101 ], [ -117.328681048, 47.7535572580001 ], [ -117.328670992, 47.753566572000103 ], [ -117.328658298, 47.753575698000098 ], [ -117.32863509, 47.753595524 ], [ -117.328619094, 47.753601846 ], [ -117.328601242, 47.753609727 ], [ -117.328589347, 47.753619868 ], [ -117.328578831, 47.753630097 ], [ -117.328569123, 47.753640201000103 ], [ -117.328555083, 47.753648697000102 ], [ -117.328539341, 47.7536583790001 ], [ -117.328522762, 47.753666711000101 ], [ -117.328505312, 47.753672763000097 ], [ -117.328490463, 47.753680777000099 ], [ -117.328476235, 47.753690350000099 ], [ -117.328448458, 47.753708515 ], [ -117.328429573, 47.753712375000099 ], [ -117.328410255, 47.753715682000099 ], [ -117.328385632, 47.753728866000102 ], [ -117.328362415, 47.753746147000101 ], [ -117.328340374, 47.753762150000099 ], [ -117.328318085, 47.7537761500001 ], [ -117.328287363, 47.7537857680001 ], [ -117.328267318, 47.753793586 ], [ -117.328234963, 47.7537981790001 ], [ -117.32819779, 47.753798237000098 ], [ -117.32816086, 47.753794415000101 ], [ -117.328128097, 47.753782137 ], [ -117.328101083, 47.753761794000098 ], [ -117.328066044, 47.753745113 ], [ -117.328045971, 47.753719706 ], [ -117.328046923, 47.753697160000101 ], [ -117.328072497, 47.753677794000097 ], [ -117.328091431, 47.753655649000102 ], [ -117.328093442, 47.7536306740001 ], [ -117.328109791, 47.753608688 ], [ -117.32811968, 47.753584726 ], [ -117.328116011, 47.75356013 ], [ -117.328117295, 47.753534965 ], [ -117.328117308, 47.753507449 ], [ -117.328114445, 47.753487394 ], [ -117.328105367, 47.753462773000102 ], [ -117.328087834, 47.753437732000101 ], [ -117.328068028, 47.753419070000099 ], [ -117.328039298, 47.753399566 ], [ -117.328005374, 47.753388886 ], [ -117.327996064, 47.753386372000101 ], [ -117.327977902, 47.753370729 ], [ -117.327938866, 47.753357057000102 ], [ -117.327883373, 47.753335338000099 ], [ -117.327863481, 47.7533105360001 ], [ -117.327824316, 47.753288958 ], [ -117.327772785, 47.753276097 ], [ -117.327735268, 47.753259199000098 ], [ -117.327707313, 47.753233899000101 ], [ -117.327707064, 47.7532338070001 ], [ -117.327700691, 47.753224668 ], [ -117.327679378, 47.753206205 ], [ -117.327656873, 47.753199431 ], [ -117.327633607, 47.753183792000101 ], [ -117.3276088, 47.753165282000097 ], [ -117.3275876, 47.753153905 ], [ -117.327549896, 47.753147362 ], [ -117.327511561, 47.753135512 ], [ -117.327497219, 47.753128153 ], [ -117.327466444, 47.753122737000098 ], [ -117.327433078, 47.753117475000103 ], [ -117.327401706, 47.753118447000098 ], [ -117.327370617, 47.753120208 ], [ -117.327342498, 47.7531236720001 ], [ -117.327306549, 47.753121421000102 ], [ -117.32726807, 47.7531161140001 ], [ -117.327224858, 47.753123136000099 ], [ -117.327194104, 47.753128927 ], [ -117.327162409, 47.753138384000103 ], [ -117.327140435, 47.753137701000099 ], [ -117.327108164, 47.753140051000102 ], [ -117.327080902, 47.75314597 ], [ -117.327063896, 47.753147564000102 ], [ -117.327026979, 47.753159082000103 ], [ -117.326993756, 47.753174482000098 ], [ -117.326974795, 47.753179003000099 ], [ -117.32693934, 47.753176753 ], [ -117.326896873, 47.753182479 ], [ -117.326873456, 47.753212537000103 ], [ -117.326835893, 47.753218924000102 ], [ -117.326810366, 47.753220277 ], [ -117.326781832, 47.753223902000101 ], [ -117.326752991, 47.753212671 ], [ -117.326727378, 47.753213185 ], [ -117.326692425, 47.753206393 ], [ -117.326653617, 47.753204163000099 ], [ -117.326618996, 47.753193734 ], [ -117.326586283, 47.7531906930001 ], [ -117.32654775, 47.753195437 ], [ -117.326510101, 47.753200595000102 ], [ -117.326471612, 47.753201419 ], [ -117.326439187, 47.753204919 ], [ -117.326408025, 47.7532091 ], [ -117.326374274, 47.753218735000097 ], [ -117.326341345, 47.753220026000101 ], [ -117.326308621, 47.753228807 ], [ -117.326279458, 47.753233865 ], [ -117.326246694, 47.75323753 ], [ -117.326211876, 47.75324614 ], [ -117.326180411, 47.753253771000097 ], [ -117.326144722, 47.753261087000098 ], [ -117.326112796, 47.753263749 ], [ -117.326082143, 47.753268111000096 ], [ -117.326046031, 47.753269782000103 ], [ -117.326017878, 47.753275878000103 ], [ -117.32598382, 47.753278518000101 ], [ -117.325959816, 47.7532791080001 ], [ -117.325925236, 47.753291993000097 ], [ -117.325897166, 47.753304487 ], [ -117.325862987, 47.753311813 ], [ -117.325830557, 47.753321751 ], [ -117.325806001, 47.753335732 ], [ -117.325781558, 47.753347121 ], [ -117.325752707, 47.753363291 ], [ -117.325726437, 47.753381269 ], [ -117.32570307, 47.753399304 ], [ -117.325677133, 47.753424092 ], [ -117.325667252, 47.753448523 ], [ -117.325656165, 47.753471027 ], [ -117.325632342, 47.753490349000103 ], [ -117.325596704, 47.753503142000099 ], [ -117.32556148, 47.753515239000102 ], [ -117.325526043, 47.753526486000098 ], [ -117.325485836, 47.753533308 ], [ -117.325446767, 47.7535423530001 ], [ -117.325406617, 47.7535528290001 ], [ -117.325364908, 47.753565777000098 ], [ -117.325323876, 47.753580496 ], [ -117.325294101, 47.7536014 ], [ -117.325263369, 47.753615843 ], [ -117.325243217, 47.753638540000097 ], [ -117.325253669, 47.753663571000097 ], [ -117.32522886, 47.753677407000097 ], [ -117.325196516, 47.753686036 ], [ -117.325160474, 47.753694077 ], [ -117.325123777, 47.753697536000097 ], [ -117.325090998, 47.753701052000103 ], [ -117.325056493, 47.753701335000102 ], [ -117.325026224, 47.753707426000098 ], [ -117.32499797, 47.753718989 ], [ -117.32495744, 47.75372643 ], [ -117.324907645, 47.753732589 ], [ -117.324861883, 47.753736382000099 ], [ -117.324818571, 47.753740667 ], [ -117.324781314, 47.753750293000103 ], [ -117.324742627, 47.753756822000099 ], [ -117.324698141, 47.753764291 ], [ -117.324662925, 47.753770035000102 ], [ -117.32461634, 47.753775491000098 ], [ -117.324566185, 47.75378499 ], [ -117.324518157, 47.753793835000103 ], [ -117.324481592, 47.753798815 ], [ -117.324434056, 47.753804696 ], [ -117.32440726, 47.7538139440001 ], [ -117.324369333, 47.753822584 ], [ -117.324339013, 47.753831184 ], [ -117.324308689, 47.753838919 ], [ -117.324273716, 47.753845645000098 ], [ -117.324242044, 47.753853931 ], [ -117.324208336, 47.753853512 ], [ -117.324172803, 47.753853806000102 ], [ -117.324142691, 47.753858842000099 ], [ -117.324104098, 47.753869472000098 ], [ -117.324070396, 47.753869138 ], [ -117.324065264, 47.753869088 ], [ -117.32402998, 47.753866117 ], [ -117.324003114, 47.753870302000102 ], [ -117.323975345, 47.75388288 ], [ -117.323938035, 47.753886107 ], [ -117.32390359, 47.753888827 ], [ -117.323884626, 47.753881712000101 ], [ -117.323847952, 47.753880044 ], [ -117.323817996, 47.753878098 ], [ -117.323779147, 47.753880511 ], [ -117.323742441, 47.7538838460001 ], [ -117.32371613, 47.7538835390001 ], [ -117.323684714, 47.753882969000102 ], [ -117.323651247, 47.753885034000099 ], [ -117.323613994, 47.753885387 ], [ -117.323568626, 47.753875605000097 ], [ -117.32353854, 47.7538561920001 ], [ -117.323533129, 47.753827358000102 ], [ -117.323536501, 47.7538216 ], [ -117.323548852, 47.753800512000097 ], [ -117.323577929, 47.753781594 ], [ -117.323617048, 47.753776151000103 ], [ -117.323656643, 47.753769304000102 ], [ -117.32369654, 47.753763304000103 ], [ -117.323735194, 47.753757005000097 ], [ -117.323774166, 47.7537568750001 ], [ -117.323793646, 47.75375818 ], [ -117.323833185, 47.7537637040001 ], [ -117.323872937, 47.753763720000102 ], [ -117.323907063, 47.753763989 ], [ -117.323945734, 47.753769320000103 ], [ -117.323966517, 47.75377051 ], [ -117.32396678, 47.753770543 ], [ -117.323966897, 47.753770531 ], [ -117.323985245, 47.75377158 ], [ -117.324024045, 47.753772658000102 ], [ -117.324058766, 47.753772322 ], [ -117.324069929, 47.753773935 ], [ -117.324125984, 47.7537727650001 ], [ -117.324175621, 47.753765536000103 ], [ -117.324224204, 47.753747310000101 ], [ -117.324231317, 47.753743470000103 ], [ -117.324246581, 47.75374021 ], [ -117.324287993, 47.753745854 ], [ -117.324324898, 47.753735684 ], [ -117.324360617, 47.753735319 ], [ -117.324392561, 47.753744716 ], [ -117.324426583, 47.753739468 ], [ -117.324463737, 47.753735576000103 ], [ -117.32450948, 47.753733909000097 ], [ -117.324551213, 47.753725402 ], [ -117.324584065, 47.753710921 ], [ -117.324601869, 47.753690388000102 ], [ -117.324623842, 47.753668905 ], [ -117.324655211, 47.753651095000102 ], [ -117.324683221, 47.753636267 ], [ -117.324714482, 47.753620961000102 ], [ -117.32474563, 47.753615809000102 ], [ -117.324780795, 47.7536111800001 ], [ -117.324820338, 47.753607877 ], [ -117.32486314, 47.7535979 ], [ -117.324908721, 47.753594243000101 ], [ -117.324943726, 47.753587708000097 ], [ -117.324983548, 47.753578753000099 ], [ -117.325011909, 47.753556233 ], [ -117.325022644, 47.753530282 ], [ -117.325026951, 47.753505152000102 ], [ -117.325026238, 47.753480779 ], [ -117.325013758, 47.753457987 ], [ -117.325002877, 47.7534320090001 ], [ -117.325008128, 47.753403940000098 ], [ -117.325016563, 47.753380329 ], [ -117.325039338, 47.753359541000101 ], [ -117.325060825, 47.753338492000097 ], [ -117.325077373, 47.753318511 ], [ -117.325095422, 47.753299191000103 ], [ -117.325107288, 47.753279322 ], [ -117.325114367, 47.75325745 ], [ -117.325114613, 47.753231562000103 ], [ -117.325121147, 47.753205593000096 ], [ -117.325122538, 47.7531825390001 ], [ -117.325124576, 47.753160973 ], [ -117.325123993, 47.753134655000103 ], [ -117.325118459, 47.753111187000101 ], [ -117.325102792, 47.753094488 ], [ -117.325069889, 47.753080626 ], [ -117.325030615, 47.753070960000102 ], [ -117.324996977, 47.7530590060001 ], [ -117.324962588, 47.753037161000101 ], [ -117.324946403, 47.753011549000099 ], [ -117.324963851, 47.75298622 ], [ -117.325001288, 47.752988297000101 ], [ -117.325041749, 47.7529896940001 ], [ -117.325072423, 47.752984659 ], [ -117.325109006, 47.752989515000102 ], [ -117.325147762, 47.752991971 ], [ -117.325168548, 47.752973797 ], [ -117.325171348, 47.752951037000102 ], [ -117.325169735, 47.752926657 ], [ -117.325164164, 47.752901763000096 ], [ -117.325156999, 47.752876887000099 ], [ -117.325150124, 47.752853045000101 ], [ -117.325139454, 47.752831121 ], [ -117.32514216, 47.752806219 ], [ -117.325162484, 47.752785360000097 ], [ -117.325170902, 47.752763823000102 ], [ -117.325179002, 47.752737017000101 ], [ -117.325179228, 47.752716115000098 ], [ -117.325152748, 47.752709307 ], [ -117.325141665, 47.752694954 ], [ -117.325135477, 47.752670305 ], [ -117.325125781, 47.752645725 ], [ -117.325140431, 47.752621618 ], [ -117.325168629, 47.752602081000099 ], [ -117.325199454, 47.752587439000102 ], [ -117.325235815, 47.752579933 ], [ -117.325275083, 47.7525719590001 ], [ -117.325310141, 47.752565829 ], [ -117.325360163, 47.752563392000098 ], [ -117.325387103, 47.752562674 ], [ -117.325420472, 47.752566048000098 ], [ -117.325458069, 47.752563784000102 ], [ -117.325477177, 47.752563806000097 ], [ -117.325499807, 47.752582626 ], [ -117.325530824, 47.752594096000102 ], [ -117.325570113, 47.752603643 ], [ -117.32560673, 47.752605362000097 ], [ -117.325649079, 47.752603781000097 ], [ -117.325681826, 47.752603047 ], [ -117.325719118, 47.752601539000104 ], [ -117.325757571, 47.7525966850001 ], [ -117.325793664, 47.752596229000098 ], [ -117.32582925, 47.7525976370001 ], [ -117.325872752, 47.752598961 ], [ -117.325908956, 47.752604105 ], [ -117.325944206, 47.752607850000103 ], [ -117.325981696, 47.7526140350001 ], [ -117.326022153, 47.752616006 ], [ -117.326061653, 47.752615823 ], [ -117.326103578, 47.752615808 ], [ -117.326142801, 47.752616300000099 ], [ -117.3261807, 47.752623132000103 ], [ -117.326218163, 47.7526258870001 ], [ -117.326247255, 47.752628847 ], [ -117.326282789, 47.752634392000097 ], [ -117.326313898, 47.752635876000099 ], [ -117.326342561, 47.7526377350001 ], [ -117.326366883, 47.752646644 ], [ -117.326403763, 47.752650560000099 ], [ -117.326433581, 47.752653498 ], [ -117.326465603, 47.752656394 ], [ -117.326494863, 47.752660495 ], [ -117.326516296, 47.752663926 ], [ -117.326549415, 47.752671445 ], [ -117.326590412, 47.752673353 ], [ -117.326627371, 47.752676524 ], [ -117.326653473, 47.752678860000103 ], [ -117.326686587, 47.752672132 ], [ -117.326707429, 47.752654207 ], [ -117.32674124, 47.752644528000097 ], [ -117.326785344, 47.752638448 ], [ -117.326800581, 47.752614982000097 ], [ -117.326805736, 47.752588812000099 ], [ -117.326806935, 47.752561465 ], [ -117.326800279, 47.752534351000101 ], [ -117.326803074, 47.752506977000102 ], [ -117.326802058, 47.752478516000103 ], [ -117.326804877, 47.752450008 ], [ -117.326805966, 47.7524237740001 ], [ -117.326804287, 47.752397782000102 ], [ -117.326802738, 47.752371306 ], [ -117.326804334, 47.752346379000102 ], [ -117.326806752, 47.752319274000101 ], [ -117.32680477, 47.752293253000097 ], [ -117.326803605, 47.7522761970001 ], [ -117.326803047, 47.752268038000103 ], [ -117.326804002, 47.752262558 ], [ -117.326807757, 47.752241039000097 ], [ -117.326810108, 47.752213312 ], [ -117.326806806, 47.752185899 ], [ -117.326806419, 47.752179786000099 ], [ -117.326834605, 47.751214297 ], [ -117.326795264, 47.751200567000097 ], [ -117.326776063, 47.751200314000101 ], [ -117.326742973, 47.751199877 ], [ -117.326701512, 47.75118932 ], [ -117.326649647, 47.751188547 ], [ -117.326599344, 47.751199084000099 ], [ -117.326552024, 47.751200604000097 ], [ -117.3264963, 47.751210295000099 ], [ -117.326455404, 47.751201260000101 ], [ -117.326401962, 47.751203531 ], [ -117.326347848, 47.751200207000103 ], [ -117.326312479, 47.751199365 ], [ -117.326301106, 47.7511990940001 ], [ -117.326279313, 47.7512007650001 ], [ -117.326245662, 47.751203346000104 ], [ -117.326200399, 47.751204180000101 ], [ -117.32615062, 47.751188051 ], [ -117.326106188, 47.751168414000098 ], [ -117.32609316, 47.75116525 ], [ -117.326060888, 47.751158572000101 ], [ -117.326026576, 47.7511489830001 ], [ -117.326025923, 47.751148792 ], [ -117.326012147, 47.7511453810001 ], [ -117.325958236, 47.751132874000099 ], [ -117.325953438, 47.7511307340001 ], [ -117.325916665, 47.751120493 ], [ -117.325881041, 47.751108182000102 ], [ -117.325849394, 47.751095466 ], [ -117.325818422, 47.751079619000102 ], [ -117.325787229, 47.751062829 ], [ -117.325780781, 47.751056193000103 ], [ -117.325766981, 47.751048609000101 ], [ -117.325722737, 47.751026786000097 ], [ -117.325778513, 47.751004485000102 ], [ -117.325827728, 47.751007374 ], [ -117.325874636, 47.75100058 ], [ -117.325922181, 47.751001560000098 ], [ -117.32597391, 47.750994089000102 ], [ -117.326030324, 47.75099714 ], [ -117.326087013, 47.750993833000102 ], [ -117.326132455, 47.751002661 ], [ -117.326191785, 47.751005031 ], [ -117.326248607, 47.751012879 ], [ -117.326296942, 47.751008436000099 ], [ -117.326351856, 47.751008455 ], [ -117.326412226, 47.751004847 ], [ -117.326459212, 47.751007595 ], [ -117.326499749, 47.751017864000097 ], [ -117.326542322, 47.751014493000099 ], [ -117.326556409, 47.7510152340001 ], [ -117.326572794, 47.751013706 ], [ -117.326610023, 47.751014573000099 ], [ -117.326620996, 47.751010736000097 ], [ -117.32665814, 47.750997747 ], [ -117.326677295, 47.750987419000097 ], [ -117.32668182, 47.750985348 ], [ -117.326681863, 47.750984956000103 ], [ -117.326685788, 47.750982839000102 ], [ -117.326715424, 47.750966095000102 ], [ -117.326746545, 47.750954267000097 ], [ -117.32677532, 47.75094798 ], [ -117.326802085, 47.7509334430001 ], [ -117.326815356, 47.750912278 ], [ -117.326815034, 47.7508896860001 ], [ -117.326811343, 47.750865115000103 ], [ -117.326813471, 47.7508399640001 ], [ -117.3268115, 47.750818339 ], [ -117.32681166, 47.750805083 ], [ -117.326810594, 47.7507795490001 ], [ -117.326810611, 47.75075302 ], [ -117.32681094, 47.750738049000098 ], [ -117.326809997, 47.750712133 ], [ -117.326807765, 47.7506986980001 ], [ -117.326804416, 47.750673387000099 ], [ -117.326806094, 47.750659515000102 ], [ -117.326809595, 47.7506453620001 ], [ -117.326813645, 47.750618078000102 ], [ -117.326809201, 47.750593091 ], [ -117.326805623, 47.750565790000103 ], [ -117.326808438, 47.75054063 ], [ -117.326807354, 47.750530308000101 ], [ -117.326805625, 47.750513834000103 ], [ -117.326808919, 47.750483628 ], [ -117.3268081, 47.750456127000099 ], [ -117.326807105, 47.750428982000102 ], [ -117.326800176, 47.750407282 ], [ -117.326784521, 47.750391188 ], [ -117.326779636, 47.750370497000098 ], [ -117.326776206, 47.750348494 ], [ -117.326776325, 47.750324636000101 ], [ -117.326769714, 47.750296463 ], [ -117.326748576, 47.750270711 ], [ -117.326725104, 47.750249387000103 ], [ -117.326695367, 47.750231117000098 ], [ -117.326670356, 47.750209501 ], [ -117.326637159, 47.750187572000101 ], [ -117.326602109, 47.750176582000101 ], [ -117.326572607, 47.750173039000103 ], [ -117.326539999, 47.750178764000097 ], [ -117.326500592, 47.7501856740001 ], [ -117.326466482, 47.750181186000098 ], [ -117.326422545, 47.7501821540001 ], [ -117.326390856, 47.750177729 ], [ -117.326345167, 47.750179479000103 ], [ -117.326303393, 47.750186807 ], [ -117.32627096, 47.7501900070001 ], [ -117.326229217, 47.7502003560001 ], [ -117.326191287, 47.750200881000097 ], [ -117.326148104, 47.7502028930001 ], [ -117.326093549, 47.75020239 ], [ -117.326056262, 47.750201212 ], [ -117.326023167, 47.750195958000099 ], [ -117.325976133, 47.750189125000098 ], [ -117.325930016, 47.750181995 ], [ -117.325908109, 47.750179459 ], [ -117.325871753, 47.750179483000103 ], [ -117.325845231, 47.750181607000101 ], [ -117.325820715, 47.750182444000103 ], [ -117.325789782, 47.750187393 ], [ -117.325763308, 47.750194755000102 ], [ -117.325733777, 47.750186268 ], [ -117.325706175, 47.750179349000099 ], [ -117.325672888, 47.750166123 ], [ -117.325641559, 47.750158017 ], [ -117.325604345, 47.750148629000101 ], [ -117.325582775, 47.750133149000099 ], [ -117.325560336, 47.750109517000098 ], [ -117.325536804, 47.750089558000099 ], [ -117.325514544, 47.750066749 ], [ -117.325498166, 47.750032074 ], [ -117.325476038, 47.750001652 ], [ -117.325463469, 47.749981450000099 ], [ -117.325449971, 47.749955695 ], [ -117.325439587, 47.749933416 ], [ -117.325428916, 47.749911374000099 ], [ -117.325419026, 47.749885512 ], [ -117.325406979, 47.749854175000102 ], [ -117.325398513, 47.749829574 ], [ -117.325378455, 47.749805513000098 ], [ -117.325363097, 47.749782928000101 ], [ -117.325350632, 47.7497529010001 ], [ -117.325344299, 47.749726739 ], [ -117.325328523, 47.74969915 ], [ -117.325314444, 47.749675813000103 ], [ -117.325308543, 47.749651335000102 ], [ -117.325291652, 47.749627636000099 ], [ -117.325272228, 47.749588458000098 ], [ -117.325243845, 47.749556382 ], [ -117.325228079, 47.749529108 ], [ -117.325210923, 47.74950541 ], [ -117.325185301, 47.749486114 ], [ -117.325141162, 47.749460944000099 ], [ -117.325106184, 47.749433833000097 ], [ -117.325069202, 47.749418602 ], [ -117.325034771, 47.749410442000098 ], [ -117.3250012, 47.749403647000101 ], [ -117.324954962, 47.749394651 ], [ -117.324928937, 47.749378182 ], [ -117.324893975, 47.749362229 ], [ -117.324865046, 47.749341476 ], [ -117.324837197, 47.749323919000098 ], [ -117.324799008, 47.749300223 ], [ -117.324757214, 47.749287098000103 ], [ -117.324714596, 47.749261117000103 ], [ -117.324675339, 47.749231494000099 ], [ -117.324637353, 47.749210263000101 ], [ -117.324601527, 47.749187982000102 ], [ -117.324571864, 47.749164309 ], [ -117.324535503, 47.749142447000096 ], [ -117.324514947, 47.74910815 ], [ -117.324499623, 47.749073671000097 ], [ -117.324459899, 47.749052325 ], [ -117.324415774, 47.749016050000101 ], [ -117.324394977, 47.748976221000099 ], [ -117.324347964, 47.748934558 ], [ -117.324300928, 47.748902587 ], [ -117.324236446, 47.7489041790001 ], [ -117.324191045, 47.748913824000098 ], [ -117.324131466, 47.748920661000099 ], [ -117.324095748, 47.748938348000102 ], [ -117.324051615, 47.748966668 ], [ -117.324029274, 47.748999006000098 ], [ -117.324010668, 47.749024093000102 ], [ -117.324000739, 47.749050139000097 ], [ -117.324007236, 47.749071050000097 ], [ -117.324014416, 47.749090345000099 ], [ -117.324031639, 47.749113821 ], [ -117.324047524, 47.749134775000101 ], [ -117.324056801, 47.749153284 ], [ -117.324060581, 47.7491714330001 ], [ -117.324060861, 47.749193143000099 ], [ -117.324056365, 47.749213092 ], [ -117.32403546, 47.749240681000103 ], [ -117.324013977, 47.749251315 ], [ -117.323990557, 47.749251003 ], [ -117.323961629, 47.749246634 ], [ -117.323944056, 47.749226055000101 ], [ -117.32392016, 47.7492019170001 ], [ -117.323906791, 47.749174782000097 ], [ -117.323900606, 47.749147821000101 ], [ -117.32390411, 47.749132664000101 ], [ -117.323896495, 47.749102346 ], [ -117.323868107, 47.749075230000102 ], [ -117.323842611, 47.749075487 ], [ -117.323813403, 47.749068831 ], [ -117.323785759, 47.749077395 ], [ -117.323760996, 47.749068309000101 ], [ -117.323749691, 47.749082721 ], [ -117.323729206, 47.749097535 ], [ -117.32370493, 47.749110694000102 ], [ -117.323669427, 47.749133091 ], [ -117.323649768, 47.749152247 ], [ -117.323643423, 47.749179395000098 ], [ -117.323633738, 47.749203798000103 ], [ -117.323617632, 47.749235810000101 ], [ -117.3236136, 47.749262394 ], [ -117.323597713, 47.749275353 ], [ -117.323573608, 47.749295887000102 ], [ -117.323549389, 47.749322217 ], [ -117.323529955, 47.749348739 ], [ -117.323520171, 47.749368634000099 ], [ -117.323494567, 47.7493865100001 ], [ -117.323471731, 47.749403333 ], [ -117.323443158, 47.7494201310001 ], [ -117.323413394, 47.749429029000098 ], [ -117.323382951, 47.749450374 ], [ -117.323345913, 47.7494660690001 ], [ -117.323309822, 47.749477397000099 ], [ -117.323273795, 47.749491777000102 ], [ -117.323232289, 47.749504571 ], [ -117.323199595, 47.749508771000102 ], [ -117.323165003, 47.749508377 ], [ -117.323140523, 47.749508251000101 ], [ -117.323104645, 47.749509541000101 ], [ -117.323074715, 47.749511824000102 ], [ -117.32303589, 47.749519234 ], [ -117.323009882, 47.749532298000098 ], [ -117.322991721, 47.749547853000102 ], [ -117.322997076, 47.749565229 ], [ -117.322981908, 47.749569742000098 ], [ -117.322951295, 47.749567630000101 ], [ -117.322935204, 47.749564492 ], [ -117.322898519, 47.749558374000102 ], [ -117.322873173, 47.749554498000101 ], [ -117.322847922, 47.749558529000097 ], [ -117.322822551, 47.749567181 ], [ -117.322799421, 47.749580259 ], [ -117.3227743, 47.749595588 ], [ -117.32275497, 47.749611124000097 ], [ -117.322730924, 47.749630256 ], [ -117.322722865, 47.749653624000103 ], [ -117.322707612, 47.749678393000103 ], [ -117.322696135, 47.749705885 ], [ -117.322679881, 47.749730313 ], [ -117.322676367, 47.749778406000097 ], [ -117.322668524, 47.749800521000097 ], [ -117.322653639, 47.7498251150001 ], [ -117.322641265, 47.749849594000104 ], [ -117.322626642, 47.749877293000097 ], [ -117.322628306, 47.749898395000102 ], [ -117.322621074, 47.749923409000097 ], [ -117.322630692, 47.749944813000099 ], [ -117.322628625, 47.749968156000101 ], [ -117.322624503, 47.749988305 ], [ -117.322631696, 47.750005791 ], [ -117.322619638, 47.750035629000102 ], [ -117.322588573, 47.750050494 ], [ -117.322564326, 47.750047179 ], [ -117.3225488, 47.750030935 ], [ -117.322551391, 47.750004915 ], [ -117.322571697, 47.749978797 ], [ -117.322569662, 47.749955009000097 ], [ -117.322574731, 47.749928669 ], [ -117.322575197, 47.749904595 ], [ -117.322573513, 47.749883477 ], [ -117.322573423, 47.749859521000097 ], [ -117.322586541, 47.749823421 ], [ -117.322595058, 47.749799667 ], [ -117.322587463, 47.749762135 ], [ -117.322567471, 47.749741639 ], [ -117.32255113, 47.749709624 ], [ -117.322519053, 47.749689322000101 ], [ -117.322484162, 47.749686759 ], [ -117.32243365, 47.749693231 ], [ -117.322394516, 47.749695821 ], [ -117.322343284, 47.749698076000101 ], [ -117.322304158, 47.749702427 ], [ -117.322264736, 47.749703551 ], [ -117.322216492, 47.749699853 ], [ -117.322155198, 47.749712794000096 ], [ -117.322102974, 47.749708335 ], [ -117.322051709, 47.7497087630001 ], [ -117.322005394, 47.749715436 ], [ -117.321969794, 47.749738696000101 ], [ -117.32193371, 47.7497716600001 ], [ -117.321904341, 47.749803687000103 ], [ -117.321892278, 47.749837461 ], [ -117.321894381, 47.749861847 ], [ -117.321886142, 47.749883289000103 ], [ -117.321887411, 47.749910873 ], [ -117.321891308, 47.749936269 ], [ -117.321901812, 47.749961073000101 ], [ -117.321906701, 47.749990585 ], [ -117.32191645, 47.750025015000098 ], [ -117.321929467, 47.750053759000103 ], [ -117.321940318, 47.750076783000097 ], [ -117.321950918, 47.7501004000001 ], [ -117.321965457, 47.750119880000099 ], [ -117.321975177, 47.750148939 ], [ -117.321979619, 47.750170557 ], [ -117.321991644, 47.750193071000098 ], [ -117.321989161, 47.750223318000103 ], [ -117.321981707, 47.750248140000103 ], [ -117.321983591, 47.750270873 ], [ -117.321976515, 47.750299151 ], [ -117.321961391, 47.750330196 ], [ -117.321946471, 47.750360192000102 ], [ -117.321933092, 47.750383178 ], [ -117.321927135, 47.750407149000097 ], [ -117.321937476, 47.750431434000099 ], [ -117.321932175, 47.750460981000103 ], [ -117.321908156, 47.750489452000103 ], [ -117.321911444, 47.750516733 ], [ -117.321913542, 47.750538367 ], [ -117.321906259, 47.750560763000102 ], [ -117.321896437, 47.750595884000099 ], [ -117.321902542, 47.750619199 ], [ -117.321916093, 47.750642779 ], [ -117.321910225, 47.750673054000103 ], [ -117.321905365, 47.750706025000099 ], [ -117.321896978, 47.750736367000101 ], [ -117.321890529, 47.750762028000103 ], [ -117.321883816, 47.750784279000101 ], [ -117.321881331, 47.750818167 ], [ -117.321884325, 47.750842208000101 ], [ -117.321882872, 47.750866173000098 ], [ -117.321908454, 47.750891177 ], [ -117.321912595, 47.7509167360001 ], [ -117.321918644, 47.750944203000103 ], [ -117.321927663, 47.7509658500001 ], [ -117.32194048, 47.750992485 ], [ -117.321946643, 47.7510190960001 ], [ -117.321973048, 47.7510378220001 ], [ -117.322000375, 47.751055183000098 ], [ -117.322034631, 47.751068014000097 ], [ -117.322067726, 47.751081681000102 ], [ -117.322105333, 47.751083517 ], [ -117.322135485, 47.751082301000103 ], [ -117.322171414, 47.751083389 ], [ -117.322200629, 47.751083279000099 ], [ -117.322239484, 47.751082918000101 ], [ -117.322282263, 47.751081890000101 ], [ -117.322322404, 47.751084742 ], [ -117.32236008, 47.751084722 ], [ -117.32239914, 47.751083455000099 ], [ -117.32244142, 47.751081738 ], [ -117.322487625, 47.751085966000097 ], [ -117.322522981, 47.75108393 ], [ -117.322563149, 47.751084209000098 ], [ -117.32259561, 47.7510877510001 ], [ -117.322634474, 47.751086019000098 ], [ -117.322661316, 47.7510860350001 ], [ -117.322691827, 47.751084716 ], [ -117.322728251, 47.751083238 ], [ -117.322762986, 47.751085905000103 ], [ -117.3228053, 47.751086487000101 ], [ -117.322838451, 47.751081068000097 ], [ -117.322877209, 47.751080703000099 ], [ -117.322912765, 47.751081269000103 ], [ -117.32294119, 47.751079327000099 ], [ -117.32299004, 47.751084227 ], [ -117.323028324, 47.751082239 ], [ -117.323063378, 47.751079499000099 ], [ -117.323090102, 47.751079706 ], [ -117.323126486, 47.751079477000097 ], [ -117.323165795, 47.751080992 ], [ -117.323206727, 47.751080773000098 ], [ -117.323251181, 47.751086347000097 ], [ -117.32328667, 47.75107977 ], [ -117.323319344, 47.751079151000098 ], [ -117.323356745, 47.751079315 ], [ -117.323398048, 47.751077488000099 ], [ -117.323439735, 47.751078203000098 ], [ -117.323481979, 47.751082847000099 ], [ -117.323513648, 47.751082419000099 ], [ -117.323567344, 47.751081580000097 ], [ -117.323608362, 47.751074296000098 ], [ -117.32363582, 47.751071628 ], [ -117.323674551, 47.751073023000103 ], [ -117.323710489, 47.751072931000103 ], [ -117.323747418, 47.751070898000101 ], [ -117.32378563, 47.751070584 ], [ -117.323818975, 47.7510716130001 ], [ -117.323861669, 47.751059536000099 ], [ -117.323873763, 47.751062826000101 ], [ -117.323892696, 47.751067975000097 ], [ -117.323904763, 47.751088970000097 ], [ -117.323902295, 47.7510972420001 ], [ -117.323896871, 47.7511154150001 ], [ -117.323873806, 47.751140714 ], [ -117.323865077, 47.751158935 ], [ -117.323862449, 47.751170157 ], [ -117.323859821, 47.751181379000101 ], [ -117.32387282, 47.751198261000098 ], [ -117.323877015, 47.751221498000099 ], [ -117.323877468, 47.7512477060001 ], [ -117.323881288, 47.7512647080001 ], [ -117.323874839, 47.751281389 ], [ -117.323873649, 47.751302208 ], [ -117.323890536, 47.751316445 ], [ -117.323894293, 47.751336654000099 ], [ -117.323887782, 47.751355416000102 ], [ -117.323883225, 47.7513761290001 ], [ -117.323873532, 47.751402 ], [ -117.323860113, 47.751419395 ], [ -117.32384007, 47.751443006 ], [ -117.323826933, 47.751458083 ], [ -117.323812474, 47.751482089 ], [ -117.323795824, 47.751495651 ], [ -117.323768857, 47.751512644000101 ], [ -117.323751988, 47.751532173 ], [ -117.323735864, 47.751552498000102 ], [ -117.323725234, 47.751566854 ], [ -117.323708458, 47.751584737 ], [ -117.323694804, 47.751601019000098 ], [ -117.32369147, 47.751614254000103 ], [ -117.323679159, 47.751626503000097 ], [ -117.323665383, 47.751647154000104 ], [ -117.323658524, 47.751658120000101 ], [ -117.32364782, 47.751672962 ], [ -117.323639208, 47.751687414000102 ], [ -117.323626196, 47.751698192 ], [ -117.323619653, 47.751715765 ], [ -117.323624887, 47.75173361 ], [ -117.323614939, 47.751744198 ], [ -117.323583327, 47.75175203 ], [ -117.323558235, 47.751756440000101 ], [ -117.32353594, 47.751762690000099 ], [ -117.323519701, 47.751769757 ], [ -117.323512362, 47.751779504000098 ], [ -117.323476428, 47.751784687000097 ], [ -117.32345003, 47.751787816 ], [ -117.323429192, 47.751789919 ], [ -117.323397923, 47.751791690000097 ], [ -117.323367467, 47.751793988 ], [ -117.323335024, 47.751789634 ], [ -117.323304538, 47.751790148000097 ], [ -117.323266863, 47.751784516 ], [ -117.323238986, 47.751781706 ], [ -117.323210701, 47.751781259 ], [ -117.323181964, 47.751780879000101 ], [ -117.323151474, 47.751780643000103 ], [ -117.323118338, 47.7517758340001 ], [ -117.323083453, 47.751773882000101 ], [ -117.323051239, 47.751776971 ], [ -117.323023877, 47.751778139000102 ], [ -117.322992919, 47.751778184 ], [ -117.322968106, 47.751777354000097 ], [ -117.322935358, 47.75177796 ], [ -117.322910566, 47.7517811270001 ], [ -117.322872669, 47.751779594 ], [ -117.322841249, 47.751779264 ], [ -117.322809776, 47.751776797 ], [ -117.322775507, 47.751777137 ], [ -117.322749459, 47.751776625 ], [ -117.322714109, 47.751774926000103 ], [ -117.322684245, 47.7517713330001 ], [ -117.322641944, 47.751768099000103 ], [ -117.322611771, 47.751757857 ], [ -117.322572273, 47.751744573000103 ], [ -117.322546156, 47.751741059 ], [ -117.322514895, 47.751742867000097 ], [ -117.322489948, 47.751744514000102 ], [ -117.322464459, 47.7517435070001 ], [ -117.322436662, 47.751741533 ], [ -117.322407268, 47.751740235000099 ], [ -117.322392107, 47.751739608 ], [ -117.322362175, 47.751740493000099 ], [ -117.322341194, 47.751739445000098 ], [ -117.322322903, 47.751739808000103 ], [ -117.3222977, 47.751742542 ], [ -117.322276418, 47.751742451 ], [ -117.322242072, 47.751742887 ], [ -117.322224059, 47.751744292000097 ], [ -117.322200739, 47.751743914 ], [ -117.322181741, 47.751740716 ], [ -117.322158882, 47.751740095000102 ], [ -117.322126956, 47.751746138 ], [ -117.322098348, 47.751746266000097 ], [ -117.322065981, 47.751743700000098 ], [ -117.322046073, 47.751744493 ], [ -117.322028456, 47.751746581000099 ], [ -117.321994565, 47.751750472 ], [ -117.321973309, 47.7517480160001 ], [ -117.32194787, 47.751750494000099 ], [ -117.321913365, 47.751747713 ], [ -117.321879513, 47.751747125000101 ], [ -117.32186036, 47.751745854 ], [ -117.321823935, 47.751743876 ], [ -117.321804086, 47.751741849 ], [ -117.321770819, 47.751740869000102 ], [ -117.321747398, 47.751740017 ], [ -117.321726303, 47.751735316000101 ], [ -117.321694294, 47.751731368 ], [ -117.321661119, 47.751731061 ], [ -117.321643204, 47.751747988 ], [ -117.321629602, 47.751762318 ], [ -117.321610201, 47.751776759000101 ], [ -117.321577167, 47.751792173000098 ], [ -117.321581635, 47.751811973 ], [ -117.321588547, 47.751836497000099 ], [ -117.321584163, 47.751850578000102 ], [ -117.321574971, 47.751865356000103 ], [ -117.32156767, 47.751884721000103 ], [ -117.321568269, 47.751899652000098 ], [ -117.321570057, 47.751918600000103 ], [ -117.321567186, 47.751939660000097 ], [ -117.321567926, 47.751957106000098 ], [ -117.321566186, 47.751976339000102 ], [ -117.321576335, 47.751992514000101 ], [ -117.321575436, 47.752014969000101 ], [ -117.321573088, 47.752031429000098 ], [ -117.321565387, 47.752047846 ], [ -117.321563429, 47.752064397 ], [ -117.321565973, 47.752085718 ], [ -117.321566581, 47.752109922 ], [ -117.321567285, 47.7521311140001 ], [ -117.321575413, 47.752152822 ], [ -117.321577785, 47.752172479000102 ], [ -117.321573633, 47.752198615000097 ], [ -117.321568566, 47.752222243000098 ], [ -117.321573034, 47.752241855000101 ], [ -117.32157929, 47.752264759000099 ], [ -117.321578166, 47.7522866730001 ], [ -117.32157846, 47.752302152 ], [ -117.321580099, 47.752318807000101 ], [ -117.321560599, 47.752343127000103 ], [ -117.321531041, 47.752353628 ], [ -117.321498252, 47.752359775000102 ], [ -117.321476213, 47.752364349000104 ], [ -117.321456099, 47.752368886000099 ], [ -117.321431185, 47.752376651000098 ], [ -117.321407636, 47.75238348 ], [ -117.321390631, 47.752390611000102 ], [ -117.321375622, 47.7524062540001 ], [ -117.321347631, 47.752415654000103 ], [ -117.321319621, 47.752417343 ], [ -117.321284025, 47.752419368000098 ], [ -117.321264877, 47.752416840000102 ], [ -117.321249694, 47.75239951 ], [ -117.321234081, 47.752380560000098 ], [ -117.321238828, 47.752366373 ], [ -117.321248153, 47.75234972 ], [ -117.321259774, 47.752333277 ], [ -117.321228768, 47.752326115000102 ], [ -117.321195775, 47.752327546000103 ], [ -117.321159859, 47.752324740000098 ], [ -117.321136425, 47.752327172 ], [ -117.321108949, 47.752331889000097 ], [ -117.321093651, 47.752352067000103 ], [ -117.321069515, 47.752362378 ], [ -117.32106268, 47.752378038000103 ], [ -117.321051642, 47.752384787 ], [ -117.321043823, 47.752377726000098 ], [ -117.321005004, 47.752362143 ], [ -117.320981228, 47.752330629 ], [ -117.320937495, 47.752310374 ], [ -117.320889794, 47.752289603000101 ], [ -117.320839303, 47.752293223 ], [ -117.32078673, 47.752297969 ], [ -117.320738773, 47.752308034000102 ], [ -117.32072436, 47.752308118 ], [ -117.320717744, 47.752310194000103 ], [ -117.320674759, 47.752313113000099 ], [ -117.320627313, 47.752316206 ], [ -117.32056724, 47.752315167000098 ], [ -117.320527727, 47.752310966 ], [ -117.320513799, 47.752307615000099 ], [ -117.320511505, 47.7523074120001 ], [ -117.32046851, 47.752292378 ], [ -117.320420233, 47.752269902000101 ], [ -117.320373466, 47.752243676 ], [ -117.320340861, 47.752216258 ], [ -117.32031565, 47.752193842000104 ], [ -117.320294596, 47.752158042000097 ], [ -117.320282808, 47.752128625000097 ], [ -117.320281896, 47.752099974 ], [ -117.320261876, 47.752072753 ], [ -117.320263007, 47.752036875 ], [ -117.320251816, 47.7520014770001 ], [ -117.320234959, 47.751964046000097 ], [ -117.32020827, 47.75193469 ], [ -117.320175102, 47.751906754000103 ], [ -117.320140149, 47.751885899000101 ], [ -117.320112648, 47.751852017 ], [ -117.320088876, 47.751817591000098 ], [ -117.32015779, 47.751409387000102 ], [ -117.320202498, 47.751142607000098 ], [ -117.320238199, 47.7509295790001 ], [ -117.320242401, 47.750823422000103 ], [ -117.320292234, 47.750500716 ], [ -117.320255788, 47.750485245 ], [ -117.320230592, 47.750379261 ], [ -117.32022918, 47.750346837000102 ], [ -117.320237043, 47.750311267 ], [ -117.320253717, 47.750276302 ], [ -117.320258598, 47.7502653230001 ], [ -117.320268826, 47.750242316 ], [ -117.32026583, 47.750235900000099 ], [ -117.320255072, 47.750212861000101 ], [ -117.320279621, 47.750179795000101 ], [ -117.320297832, 47.750146244000099 ], [ -117.320317169, 47.750116295000097 ], [ -117.320322526, 47.750083477 ], [ -117.320341796, 47.750048464 ], [ -117.320342826, 47.750018313000098 ], [ -117.320364425, 47.749802338000102 ], [ -117.320525242, 47.74958608 ], [ -117.32077652, 47.749386716000103 ], [ -117.321037848, 47.749271829000101 ], [ -117.32135697, 47.74912146 ], [ -117.32136702, 47.749042052 ], [ -117.32153789, 47.748996435 ], [ -117.321580606, 47.748886615000103 ], [ -117.321658502, 47.748802137 ], [ -117.321736399, 47.748712592000103 ], [ -117.321648451, 47.748577428 ], [ -117.321532864, 47.7484895710001 ], [ -117.321364508, 47.748465917 ], [ -117.320851902, 47.748465917 ], [ -117.320099586, 47.748427846 ], [ -117.319869941, 47.748374139000099 ], [ -117.319688611, 47.748374511000101 ], [ -117.31966996, 47.748372858 ], [ -117.319619404, 47.748374653 ], [ -117.319565671, 47.748369844000102 ], [ -117.319509783, 47.748364094000102 ], [ -117.319458597, 47.748364629 ], [ -117.319404688, 47.748358239 ], [ -117.319345917, 47.748358786 ], [ -117.319295102, 47.748360268000098 ], [ -117.319249954, 47.748358119 ], [ -117.319192722, 47.748352552 ], [ -117.319135221, 47.748352798 ], [ -117.319086251, 47.74835849 ], [ -117.319032224, 47.748356665000102 ], [ -117.318974905, 47.7483577530001 ], [ -117.318305968, 47.748299805 ], [ -117.317773172, 47.7481218080001 ], [ -117.317278085, 47.747868999 ], [ -117.317139159, 47.747736537 ], [ -117.317057162, 47.747662759 ], [ -117.317044988, 47.747648449000103 ], [ -117.317026999, 47.7476356190001 ], [ -117.316977543, 47.747591121 ], [ -117.316941261, 47.747563990000103 ], [ -117.31688508, 47.747552451 ], [ -117.316831177, 47.747536866000097 ], [ -117.31678397, 47.747525555 ], [ -117.316733692, 47.747524346 ], [ -117.316682814, 47.747521615 ], [ -117.3166292, 47.747520112000103 ], [ -117.316580452, 47.7475248820001 ], [ -117.316525834, 47.747522666000101 ], [ -117.316520824, 47.747521914000103 ], [ -117.316472272, 47.747514630000097 ], [ -117.316424138, 47.747515854 ], [ -117.316368412, 47.747511557000102 ], [ -117.316312424, 47.7475068910001 ], [ -117.316258806, 47.747508871 ], [ -117.316200099, 47.747502063000098 ], [ -117.316157253, 47.747501160000098 ], [ -117.316152541, 47.747501637 ], [ -117.316114139, 47.747505528 ], [ -117.31606722, 47.747495829000101 ], [ -117.316030955, 47.747508455000101 ], [ -117.315985493, 47.747520249 ], [ -117.315943602, 47.7475328290001 ], [ -117.315916549, 47.747556713000101 ], [ -117.315873191, 47.7475749070001 ], [ -117.315851245, 47.747598841000098 ], [ -117.315829198, 47.747627584 ], [ -117.315794187, 47.747650028000102 ], [ -117.315772876, 47.747680945000099 ], [ -117.315730298, 47.747700286000097 ], [ -117.315704644, 47.747727368 ], [ -117.315700507, 47.7477316760001 ], [ -117.31563825, 47.747775318 ], [ -117.315606941, 47.747792541000102 ], [ -117.31557795, 47.7478175890001 ], [ -117.315540874, 47.747843686000103 ], [ -117.315500062, 47.747869042 ], [ -117.315480395, 47.747898198 ], [ -117.315465558, 47.747932250000098 ], [ -117.315462087, 47.747974155000101 ], [ -117.315447704, 47.747995523 ], [ -117.315451678, 47.748031157000099 ], [ -117.315454912, 47.7480607970001 ], [ -117.315455587, 47.748066991 ], [ -117.315451386, 47.748103364 ], [ -117.315442474, 47.748140225 ], [ -117.315442575, 47.748147835000097 ], [ -117.315429695, 47.748212843 ], [ -117.315415489, 47.748253019000103 ], [ -117.31538748, 47.748279 ], [ -117.315392494, 47.748308003 ], [ -117.315407725, 47.748337656 ], [ -117.315486919, 47.7483588280001 ], [ -117.315522874, 47.74836844 ], [ -117.315605123, 47.7483904280001 ], [ -117.315658239, 47.748405294000101 ], [ -117.315709759, 47.748420597000099 ], [ -117.315752626, 47.748438835000101 ], [ -117.315801908, 47.748457434 ], [ -117.315289649, 47.748903021 ], [ -117.315374588, 47.750255375000101 ], [ -117.315384745, 47.750511473000103 ], [ -117.315301189, 47.7507105030001 ], [ -117.315258289, 47.750715535 ], [ -117.315210578, 47.750725284000097 ], [ -117.315160606, 47.750733498 ], [ -117.3151073, 47.750740505000103 ], [ -117.315058476, 47.750751558 ], [ -117.315011282, 47.750767517 ], [ -117.314973978, 47.750790229000103 ], [ -117.314945138, 47.750817299000097 ], [ -117.314919993, 47.750845426000097 ], [ -117.314893101, 47.750873080000098 ], [ -117.314864485, 47.750900558000097 ], [ -117.314841869, 47.750928122000097 ], [ -117.314820527, 47.750957811 ], [ -117.314714473, 47.751067803000097 ], [ -117.30958295, 47.751149054000102 ], [ -117.309563049, 47.751088856000102 ], [ -117.309612312, 47.751005479000099 ], [ -117.309715934, 47.750964361000101 ], [ -117.30994017, 47.751007763000104 ], [ -117.310087962, 47.751058018 ], [ -117.310281618, 47.751078577 ], [ -117.310358063, 47.750928954000102 ], [ -117.310363159, 47.750677678 ], [ -117.31032069, 47.750465234 ], [ -117.310152513, 47.7502105290001 ], [ -117.310137225, 47.749924985000099 ], [ -117.310123634, 47.749813621 ], [ -117.309387285, 47.749153259000103 ], [ -117.309424628, 47.749046113000098 ], [ -117.309252052, 47.748978243000103 ], [ -117.309237312, 47.74897852 ], [ -117.309219281, 47.748983070000101 ], [ -117.309221497, 47.748995805 ], [ -117.309227529, 47.749005567 ], [ -117.309208008, 47.749020741 ], [ -117.309182598, 47.749039238000101 ], [ -117.30920196, 47.749056812 ], [ -117.309209221, 47.749073866000103 ], [ -117.30918657, 47.749083885000097 ], [ -117.309155439, 47.749093393000102 ], [ -117.309145544, 47.749105709 ], [ -117.309145122, 47.74911905 ], [ -117.309148929, 47.749135141000103 ], [ -117.309141664, 47.74914863 ], [ -117.309135288, 47.749171761000099 ], [ -117.309134732, 47.749188764000102 ], [ -117.309154146, 47.749196826000102 ], [ -117.309173377, 47.749211575000103 ], [ -117.30918241, 47.749219756000102 ], [ -117.309159789, 47.749230749 ], [ -117.309154411, 47.749244517000101 ], [ -117.309162085, 47.749261272000098 ], [ -117.309162607, 47.749273836 ], [ -117.309156706, 47.749293614000102 ], [ -117.309156795, 47.749309422000103 ], [ -117.309147942, 47.749325328000097 ], [ -117.309141582, 47.7493392330001 ], [ -117.309146578, 47.749357965000101 ], [ -117.309143839, 47.749376438000098 ], [ -117.309142563, 47.749391476 ], [ -117.309135205, 47.749411216000098 ], [ -117.309135068, 47.7494213780001 ], [ -117.309130848, 47.749436874 ], [ -117.309134491, 47.74946068 ], [ -117.309143271, 47.749474745 ], [ -117.309145417, 47.749494718000101 ], [ -117.309133593, 47.7495062200001 ], [ -117.309120653, 47.749522845000101 ], [ -117.309120432, 47.7495426240001 ], [ -117.309124504, 47.749559796 ], [ -117.309118211, 47.749579248 ], [ -117.309102499, 47.749594866000102 ], [ -117.309089494, 47.749615725000098 ], [ -117.309076799, 47.749634993 ], [ -117.309084763, 47.749653995000102 ], [ -117.309088599, 47.749673034000097 ], [ -117.309096309, 47.749692812 ], [ -117.309083179, 47.749700331 ], [ -117.309082062, 47.7497117630001 ], [ -117.309074464, 47.749728064000102 ], [ -117.309070948, 47.749747293 ], [ -117.309065722, 47.749765466 ], [ -117.309056171, 47.749784292000101 ], [ -117.309051396, 47.749801334 ], [ -117.309050989, 47.749821576 ], [ -117.309047231, 47.7498370120001 ], [ -117.30903731, 47.749852802000099 ], [ -117.309024539, 47.749871903 ], [ -117.3090157, 47.7498891380001 ], [ -117.309013689, 47.749900013000101 ], [ -117.309016582, 47.7499103970001 ], [ -117.309003112, 47.749919846000097 ], [ -117.308997988, 47.749935341 ], [ -117.30899671, 47.7499500750001 ], [ -117.309022742, 47.749959405 ], [ -117.309032801, 47.749968837 ], [ -117.309024586, 47.749981041000098 ], [ -117.309007646, 47.749992438 ], [ -117.308986751, 47.750000288000102 ], [ -117.308962114, 47.750009165000101 ], [ -117.308939743, 47.750016008 ], [ -117.308921469, 47.750029778000098 ], [ -117.308893481, 47.7500390820001 ], [ -117.308866816, 47.750047030000097 ], [ -117.30884263, 47.750058061000097 ], [ -117.308822737, 47.750071259 ], [ -117.308812444, 47.750087701 ], [ -117.308805846, 47.750101542 ], [ -117.308795054, 47.750116967000103 ], [ -117.308768245, 47.750129385 ], [ -117.308744899, 47.750141775 ], [ -117.308728415, 47.750157389 ], [ -117.308710221, 47.750172056000103 ], [ -117.30870593, 47.7501847280001 ], [ -117.308694471, 47.750198446000098 ], [ -117.308689306, 47.7502128470001 ], [ -117.308675454, 47.75022124 ], [ -117.308670222, 47.750230743 ], [ -117.308660276, 47.750243747000098 ], [ -117.308640279, 47.750247903000101 ], [ -117.308618171, 47.75024827 ], [ -117.308602205, 47.750255649000103 ], [ -117.308594089, 47.75026798 ], [ -117.308594657, 47.750282117 ], [ -117.3085897, 47.750295797 ], [ -117.308569108, 47.750302604000098 ], [ -117.308554603, 47.750319731 ], [ -117.308548045, 47.750335209000099 ], [ -117.308544095, 47.750351293000101 ], [ -117.308540174, 47.750366174000099 ], [ -117.308542271, 47.750385136 ], [ -117.308544498, 47.750398335000099 ], [ -117.308525925, 47.750412600000097 ], [ -117.308506574, 47.750428609 ], [ -117.308485302, 47.750444469000101 ], [ -117.308464471, 47.750460156 ], [ -117.308436128, 47.750466463000102 ], [ -117.308408955, 47.750467243000102 ], [ -117.30839289, 47.750482935 ], [ -117.308372634, 47.750490205000098 ], [ -117.308341466, 47.750493503 ], [ -117.30830967, 47.750495776 ], [ -117.3082782, 47.750498740000097 ], [ -117.308252802, 47.7505029820001 ], [ -117.308238554, 47.750521899 ], [ -117.30821704, 47.750535107000097 ], [ -117.308195499, 47.75054873 ], [ -117.308177505, 47.750563453 ], [ -117.30815355, 47.750574683000103 ], [ -117.308128543, 47.750585054000098 ], [ -117.308104135, 47.750596099000099 ], [ -117.308075053, 47.750602195000099 ], [ -117.308057303, 47.7506134220001 ], [ -117.308036918, 47.750623888000099 ], [ -117.308023674, 47.750640622 ], [ -117.308005036, 47.750649701 ], [ -117.307982685, 47.750654916 ], [ -117.307954786, 47.750658154000099 ], [ -117.307931629, 47.750663161 ], [ -117.307907781, 47.750673251000102 ], [ -117.307888444, 47.750682450000099 ], [ -117.307874952, 47.750697055 ], [ -117.307860554, 47.750706936 ], [ -117.307844523, 47.750716408000102 ], [ -117.307811989, 47.750715802000101 ], [ -117.307786765, 47.750712771000103 ], [ -117.307766888, 47.7507212370001 ], [ -117.307753865, 47.750737896 ], [ -117.307744525, 47.750745014000103 ], [ -117.307732805, 47.750756179000099 ], [ -117.30771437, 47.750764332000102 ], [ -117.307700957, 47.750772889000103 ], [ -117.307683897, 47.750776268 ], [ -117.307667839, 47.750784072 ], [ -117.307654942, 47.750791708000101 ], [ -117.307640242, 47.750788672000098 ], [ -117.307626062, 47.750790889 ], [ -117.30760558, 47.750802126000103 ], [ -117.307594431, 47.750808705000097 ], [ -117.307576849, 47.750818886 ], [ -117.30756282, 47.750819788000101 ], [ -117.307538319, 47.750827370000103 ], [ -117.307512296, 47.750831611000102 ], [ -117.307488426, 47.750829919000097 ], [ -117.307463723, 47.750826769000099 ], [ -117.307440952, 47.750827403000102 ], [ -117.307411897, 47.750827864 ], [ -117.307389063, 47.750824057 ], [ -117.307364714, 47.750817801 ], [ -117.307345613, 47.750804480000099 ], [ -117.307326776, 47.750790882 ], [ -117.307295105, 47.750787861 ], [ -117.307264201, 47.750788984000103 ], [ -117.30723127, 47.750792800000099 ], [ -117.30719889, 47.750802376000102 ], [ -117.307165716, 47.750800855000101 ], [ -117.307133057, 47.7507954370001 ], [ -117.307103163, 47.750782990000097 ], [ -117.307082883, 47.750773833 ], [ -117.307072976, 47.75075316 ], [ -117.307046397, 47.750735238000097 ], [ -117.307018491, 47.750731462 ], [ -117.306994086, 47.750737568 ], [ -117.306974431, 47.750743886000102 ], [ -117.306952815, 47.750747388 ], [ -117.306931314, 47.750740625 ], [ -117.306925219, 47.750728463 ], [ -117.306922307, 47.750717997 ], [ -117.306920378, 47.750701607000103 ], [ -117.306920683, 47.750681769 ], [ -117.306919736, 47.750658277000099 ], [ -117.306912466, 47.750645528000099 ], [ -117.306899076, 47.750632428000102 ], [ -117.306874883, 47.750622857000103 ], [ -117.306847111, 47.750632924000101 ], [ -117.306826445, 47.750642308000103 ], [ -117.306809081, 47.750651317000099 ], [ -117.30679136, 47.750666253000098 ], [ -117.306767335, 47.750671473000097 ], [ -117.306749731, 47.750674893000102 ], [ -117.306724708, 47.750679842000103 ], [ -117.306706117, 47.750690597000101 ], [ -117.306683016, 47.750694453000101 ], [ -117.306661444, 47.750708304000099 ], [ -117.306639045, 47.750717152 ], [ -117.306620044, 47.750725075 ], [ -117.306597504, 47.750735508 ], [ -117.306576027, 47.750745395000102 ], [ -117.306549568, 47.750753922000101 ], [ -117.306524383, 47.750759694000102 ], [ -117.30649548, 47.750762683000097 ], [ -117.30647114, 47.750766281 ], [ -117.306441203, 47.750773601 ], [ -117.30642292, 47.750776699 ], [ -117.306399098, 47.750786253000101 ], [ -117.306378058, 47.750797170000098 ], [ -117.306364982, 47.750812645000103 ], [ -117.306354821, 47.7508264800001 ], [ -117.306346698, 47.750834080000097 ], [ -117.306335133, 47.750848447000102 ], [ -117.30632495, 47.750866817 ], [ -117.306311612, 47.750881011 ], [ -117.306293175, 47.750892747000101 ], [ -117.306271182, 47.750904896000101 ], [ -117.306246233, 47.750913999 ], [ -117.306218182, 47.750923795000098 ], [ -117.306192613, 47.7509323190001 ], [ -117.306168081, 47.750938790000099 ], [ -117.306137157, 47.750938475000098 ], [ -117.306106825, 47.750935459000097 ], [ -117.30608815, 47.7509239520001 ], [ -117.306061616, 47.750917309 ], [ -117.306041186, 47.750899127 ], [ -117.306029709, 47.750880085000098 ], [ -117.306025154, 47.750862613 ], [ -117.306013877, 47.750843935 ], [ -117.305993938, 47.750830171000104 ], [ -117.305966669, 47.750819873000097 ], [ -117.305943961, 47.75081335 ], [ -117.305926251, 47.750822431000103 ], [ -117.305905569, 47.750837614 ], [ -117.305883003, 47.750848111 ], [ -117.305853916, 47.750853745 ], [ -117.305837569, 47.750869395000102 ], [ -117.305813151, 47.750882292 ], [ -117.305803364, 47.750889667000102 ], [ -117.30578489, 47.750889155 ], [ -117.305761567, 47.750877761 ], [ -117.305731251, 47.750866130000098 ], [ -117.305702395, 47.75086688 ], [ -117.305678026, 47.750878627000098 ], [ -117.305654169, 47.750891111 ], [ -117.305629114, 47.750898266 ], [ -117.305597543, 47.75090333 ], [ -117.305568945, 47.75090543 ], [ -117.305548938, 47.750891163000098 ], [ -117.305527868, 47.750877092000103 ], [ -117.305499835, 47.750867456 ], [ -117.305479989, 47.750850472000103 ], [ -117.305462836, 47.750831337000101 ], [ -117.305439685, 47.750817289000103 ], [ -117.305420075, 47.750801985000102 ], [ -117.305397682, 47.750782061000102 ], [ -117.305366793, 47.750763435000103 ], [ -117.305342694, 47.75076269 ], [ -117.30530668, 47.7507699350001 ], [ -117.30527865, 47.750770610000103 ], [ -117.305245739, 47.750764573 ], [ -117.305212219, 47.750760781000103 ], [ -117.305180953, 47.750753686000103 ], [ -117.305149288, 47.750743762000099 ], [ -117.305119006, 47.750729086 ], [ -117.305098108, 47.750712059000101 ], [ -117.305080068, 47.750692672000099 ], [ -117.305058215, 47.7506703540001 ], [ -117.305037773, 47.750652225000103 ], [ -117.305016759, 47.750632903000103 ], [ -117.30498697, 47.7506139380001 ], [ -117.304956201, 47.750597762 ], [ -117.304941608, 47.750589557000097 ], [ -117.304912313, 47.750571503000103 ], [ -117.304894932, 47.750563347000103 ], [ -117.304857338, 47.7505558350001 ], [ -117.30484129, 47.750550974000099 ], [ -117.304815504, 47.750536568 ], [ -117.304795614, 47.750522544 ], [ -117.304767864, 47.750516043000097 ], [ -117.304736703, 47.750506671 ], [ -117.304709301, 47.750494925000098 ], [ -117.304678681, 47.750488555000103 ], [ -117.30464429, 47.75048409 ], [ -117.304615387, 47.750472129000102 ], [ -117.304592305, 47.750461005 ], [ -117.304562118, 47.750461542 ], [ -117.304532223, 47.750462736 ], [ -117.3045037, 47.750457918000102 ], [ -117.304470236, 47.750452063000097 ], [ -117.304438613, 47.750450735000101 ], [ -117.304405681, 47.750454792 ], [ -117.304376132, 47.750457528 ], [ -117.304347586, 47.750456306 ], [ -117.304314617, 47.75045671 ], [ -117.30428669, 47.750455098 ], [ -117.304258363, 47.750452903000102 ], [ -117.304226083, 47.750454155000099 ], [ -117.304191955, 47.750449228 ], [ -117.304161483, 47.7504480690001 ], [ -117.304132205, 47.75045535 ], [ -117.304106885, 47.7504587110001 ], [ -117.304073737, 47.750459646000103 ], [ -117.304039141, 47.750457333 ], [ -117.304005071, 47.750456499000101 ], [ -117.303973326, 47.750459372000101 ], [ -117.303936666, 47.750464135000101 ], [ -117.303902804, 47.750464312000098 ], [ -117.303880623, 47.750461221000101 ], [ -117.303854308, 47.750469855000098 ], [ -117.303821969, 47.750480535000101 ], [ -117.303784763, 47.750487311 ], [ -117.303781065, 47.750486678000101 ], [ -117.303769701, 47.750496235000099 ], [ -117.303735266, 47.750506267 ], [ -117.303720753, 47.750497743 ], [ -117.303714332, 47.750481201000099 ], [ -117.303698378, 47.750457426 ], [ -117.303692761, 47.750436027 ], [ -117.30368457, 47.750414170000099 ], [ -117.303677129, 47.750392013000102 ], [ -117.303674467, 47.750372459000097 ], [ -117.303670625, 47.750351237000103 ], [ -117.30366919, 47.750331055000103 ], [ -117.303667443, 47.750311039000103 ], [ -117.303667182, 47.750288632 ], [ -117.303670371, 47.750268758000097 ], [ -117.303666994, 47.750258135000102 ], [ -117.303662443, 47.750235129 ], [ -117.303658948, 47.750222609 ], [ -117.303650107, 47.750199082000101 ], [ -117.303644637, 47.750187963 ], [ -117.303632611, 47.750177917 ], [ -117.303612648, 47.7501620130001 ], [ -117.303614562, 47.750141262000099 ], [ -117.303611728, 47.750130441000103 ], [ -117.303607398, 47.7501197550001 ], [ -117.303595387, 47.750096614 ], [ -117.303599117, 47.750077176 ], [ -117.303612185, 47.750067327000103 ], [ -117.303622668, 47.750052431 ], [ -117.303637712, 47.750035781000101 ], [ -117.303645594, 47.750014775000103 ], [ -117.303659845, 47.750001113000103 ], [ -117.303656993, 47.749982238 ], [ -117.303651987, 47.749969456 ], [ -117.303662779, 47.749950752000103 ], [ -117.303668332, 47.749935603 ], [ -117.303668684, 47.749917073000098 ], [ -117.303657931, 47.749899675000101 ], [ -117.303641276, 47.749882993 ], [ -117.303653265, 47.749871391000099 ], [ -117.303672866, 47.749855486000101 ], [ -117.303682649, 47.749839555000101 ], [ -117.303675497, 47.749821525000101 ], [ -117.303666604, 47.749805113 ], [ -117.303657759, 47.749784502000097 ], [ -117.303634139, 47.74976773 ], [ -117.303613048, 47.749755156 ], [ -117.303609769, 47.749734081 ], [ -117.303602061, 47.749715572000099 ], [ -117.303590616, 47.749696276000101 ], [ -117.303586707, 47.7496715300001 ], [ -117.303582165, 47.749651087000103 ], [ -117.303563968, 47.749633223 ], [ -117.303534381, 47.7496201330001 ], [ -117.303511059, 47.749609351000103 ], [ -117.303481975, 47.74960543 ], [ -117.303447414, 47.749599842000102 ], [ -117.303417974, 47.749591698000103 ], [ -117.303396237, 47.7495768100001 ], [ -117.303366425, 47.749565601 ], [ -117.303338525, 47.749558962 ], [ -117.303309758, 47.749556878000099 ], [ -117.30328211, 47.749542627 ], [ -117.303250318, 47.749536431000102 ], [ -117.303218536, 47.749536795 ], [ -117.303178682, 47.749530513000103 ], [ -117.303149584, 47.7495164810001 ], [ -117.303164115, 47.749512391000103 ], [ -117.303189448, 47.749506776 ], [ -117.303219925, 47.749501639000101 ], [ -117.303246803, 47.74949925 ], [ -117.303280492, 47.749496578 ], [ -117.303314358, 47.749492461 ], [ -117.303349428, 47.749490423000097 ], [ -117.303380315, 47.7494860790001 ], [ -117.303411063, 47.749478797000101 ], [ -117.303438153, 47.749473333 ], [ -117.303472154, 47.749469829000098 ], [ -117.303507901, 47.749466359000102 ], [ -117.303537441, 47.749462443 ], [ -117.303574464, 47.749456397000102 ], [ -117.303590035, 47.749455589 ], [ -117.303615551, 47.749457664 ], [ -117.303629995, 47.749460872 ], [ -117.303656408, 47.749466709 ], [ -117.303673837, 47.749466514000098 ], [ -117.303701582, 47.749465478 ], [ -117.303714161, 47.749460275 ], [ -117.303733407, 47.749450506000102 ], [ -117.303741827, 47.749433034 ], [ -117.303751002, 47.749417327000103 ], [ -117.303751688, 47.749402862000103 ], [ -117.303775924, 47.749403847000103 ], [ -117.303792125, 47.749389843000102 ], [ -117.303794813, 47.749368785000101 ], [ -117.303797912, 47.749347842000098 ], [ -117.303796212, 47.749325485 ], [ -117.303795556, 47.749302406 ], [ -117.303792117, 47.749278292 ], [ -117.303793387, 47.749254355000097 ], [ -117.303808512, 47.749234224000098 ], [ -117.303826766, 47.749212848000099 ], [ -117.30383265, 47.749188888 ], [ -117.303832681, 47.749162064000103 ], [ -117.303838243, 47.7491389730001 ], [ -117.303846086, 47.749116133 ], [ -117.30385154, 47.74909081 ], [ -117.303855508, 47.74906564 ], [ -117.303854348, 47.749039645 ], [ -117.303859493, 47.749015426 ], [ -117.303862533, 47.748990295000098 ], [ -117.30386244, 47.748966065 ], [ -117.303867462, 47.748941731000102 ], [ -117.303868366, 47.7489175810001 ], [ -117.303852888, 47.748891849000103 ], [ -117.303839677, 47.74887282 ], [ -117.303852898, 47.748858286 ], [ -117.303859685, 47.748834345 ], [ -117.303856211, 47.748816060000102 ], [ -117.303854918, 47.748795068 ], [ -117.303834004, 47.748770499 ], [ -117.303811067, 47.748755311000103 ], [ -117.303776846, 47.748743496 ], [ -117.303754684, 47.748747138000098 ], [ -117.303730232, 47.748749594000103 ], [ -117.303709711, 47.748750438000101 ], [ -117.303687861, 47.748753179000097 ], [ -117.303671389, 47.748755268000103 ], [ -117.303649205, 47.748757876000099 ], [ -117.303620396, 47.748761974 ], [ -117.303602295, 47.748761152 ], [ -117.303582272, 47.748760199000102 ], [ -117.303567093, 47.748762643000099 ], [ -117.303549229, 47.748766319 ], [ -117.30352643, 47.748773798000101 ], [ -117.303503473, 47.748774743000098 ], [ -117.303483766, 47.748780752000101 ], [ -117.303462324, 47.748786613 ], [ -117.303439127, 47.748789043 ], [ -117.303433756, 47.7487788890001 ], [ -117.303417583, 47.748778197 ], [ -117.303394378, 47.748783887000101 ], [ -117.303377832, 47.748796643 ], [ -117.303373575, 47.748814454000097 ], [ -117.303382656, 47.748829823000101 ], [ -117.30339284, 47.748838519000103 ], [ -117.303398797, 47.748840436000101 ], [ -117.303397473, 47.748841949000102 ], [ -117.30338415, 47.748846883000098 ], [ -117.303370838, 47.748852668 ], [ -117.303355926, 47.748865012000103 ], [ -117.303342074, 47.748877548000102 ], [ -117.303332277, 47.7488868390001 ], [ -117.303325584, 47.748899329 ], [ -117.303308962, 47.748906390000101 ], [ -117.303289726, 47.748915399000097 ], [ -117.303263969, 47.748925611000097 ], [ -117.303238236, 47.748938397000103 ], [ -117.303214461, 47.748947330000099 ], [ -117.303192052, 47.748954909000098 ], [ -117.303173703, 47.748965299000098 ], [ -117.303154804, 47.748971230000102 ], [ -117.303170698, 47.748960632 ], [ -117.303188594, 47.748946446 ], [ -117.303208887, 47.748931264000099 ], [ -117.303218281, 47.748917614 ], [ -117.303224482, 47.748902449000099 ], [ -117.303238897, 47.748887731000103 ], [ -117.303256654, 47.748871438 ], [ -117.303273538, 47.748854817000101 ], [ -117.303295724, 47.748843062 ], [ -117.303317181, 47.748831716 ], [ -117.303333199, 47.748816209 ], [ -117.303339733, 47.748799568 ], [ -117.303355911, 47.748782535 ], [ -117.303366683, 47.748775307000102 ], [ -117.303384908, 47.748763825 ], [ -117.303392763, 47.748746454000099 ], [ -117.303411129, 47.748733945 ], [ -117.303421212, 47.748714981 ], [ -117.303432426, 47.748701325000098 ], [ -117.303450533, 47.748687118000099 ], [ -117.303470858, 47.748676698000097 ], [ -117.303487304, 47.748661967 ], [ -117.303488742, 47.748660679000103 ], [ -117.303491345, 47.748659382 ], [ -117.303520873, 47.748640499 ], [ -117.303626308, 47.748567213000101 ], [ -117.303695264, 47.748513071 ], [ -117.303725515, 47.748466706 ], [ -117.303728184, 47.748404188000102 ], [ -117.303735302, 47.748304279000102 ], [ -117.303730408, 47.748224412000098 ], [ -117.303748205, 47.748104461 ], [ -117.303737081, 47.748032071000097 ], [ -117.303753096, 47.747918701000103 ], [ -117.303790912, 47.747899855000099 ], [ -117.303896792, 47.747903146000098 ], [ -117.30399155, 47.747908231000103 ], [ -117.304140137, 47.747934853000103 ], [ -117.304254471, 47.747959382 ], [ -117.304354123, 47.747973142 ], [ -117.304449772, 47.747992885 ], [ -117.30454186, 47.747999166000099 ], [ -117.30464774, 47.748000064000102 ], [ -117.304716696, 47.748010534000102 ], [ -117.304840817, 47.74802549 ], [ -117.304962267, 47.748013526000101 ], [ -117.305080603, 47.747984808000098 ], [ -117.305215847, 47.747907633000104 ], [ -117.305332403, 47.747821783000099 ], [ -117.305441843, 47.747704821000099 ], [ -117.305512133, 47.747572006 ], [ -117.305570412, 47.747522649000103 ], [ -117.305750141, 47.747338981 ], [ -117.305890277, 47.747199884000104 ], [ -117.305953894, 47.747167876 ], [ -117.306121166, 47.747086511000099 ], [ -117.306195016, 47.746998864 ], [ -117.306240839, 47.746983009000097 ], [ -117.306318246, 47.747011129 ], [ -117.306368072, 47.747038051000096 ], [ -117.306436583, 47.747068563 ], [ -117.306479291, 47.747071255 ], [ -117.306553585, 47.747081126000097 ], [ -117.306634997, 47.7470826220001 ], [ -117.306722193, 47.747079332000098 ], [ -117.306817396, 47.747077836000102 ], [ -117.306894359, 47.747095784000102 ], [ -117.306950415, 47.747126595000097 ], [ -117.307027377, 47.747150227000098 ], [ -117.307074978, 47.747166979 ], [ -117.307143934, 47.747186422 ], [ -117.307198209, 47.747198089000101 ], [ -117.307259602, 47.747191208000103 ], [ -117.307318771, 47.747177748000098 ], [ -117.307382387, 47.747173260000103 ], [ -117.307430434, 47.747176551000102 ], [ -117.307506508, 47.747170269 ], [ -117.307580801, 47.747181338000097 ], [ -117.307617281, 47.747213045000102 ], [ -117.307663103, 47.747247446000102 ], [ -117.30770937, 47.747277359000101 ], [ -117.307746295, 47.747293812000102 ], [ -117.307810356, 47.747309965000099 ], [ -117.30785262, 47.747305478 ], [ -117.307894438, 47.747293812000102 ], [ -117.307940706, 47.7472806500001 ], [ -117.308010995, 47.747265394000102 ], [ -117.308082918, 47.747243562000101 ], [ -117.308146535, 47.747232196 ], [ -117.308203924, 47.747216042 ], [ -117.308285336, 47.747181343000101 ], [ -117.308313127, 47.747172 ], [ -117.308324834, 47.747168064 ], [ -117.308328933, 47.747166685000103 ], [ -117.308417463, 47.747169975000098 ], [ -117.308465065, 47.7471819410001 ], [ -117.308477076, 47.7472097610001 ], [ -117.308533132, 47.747224119000101 ], [ -117.308605647, 47.747234888 ], [ -117.308665704, 47.747259117000098 ], [ -117.308747561, 47.747266596 ], [ -117.308813402, 47.747279458 ], [ -117.308827943, 47.7472827180001 ], [ -117.308832262, 47.747283030000098 ], [ -117.308856421, 47.747287375 ], [ -117.308869066, 47.747290656000096 ], [ -117.308898863, 47.747298994000097 ], [ -117.308922587, 47.747307936 ], [ -117.308925503, 47.747309534000102 ], [ -117.308930849, 47.747311466 ], [ -117.308939298, 47.747317090000102 ], [ -117.308944322, 47.747319841 ], [ -117.308948405, 47.747323151 ], [ -117.308974447, 47.747340482 ], [ -117.30900673, 47.747351908 ], [ -117.309140473, 47.747349476000103 ], [ -117.309843629, 47.747489967 ], [ -117.310089333, 47.747618249 ], [ -117.31011832, 47.747622168000099 ], [ -117.310121389, 47.747622216000103 ], [ -117.310146717, 47.747622625000098 ], [ -117.310212956, 47.747611084 ], [ -117.310280184, 47.7476059480001 ], [ -117.310296918, 47.747602972 ], [ -117.310328442, 47.747595485 ], [ -117.310358977, 47.747597526 ], [ -117.310376865, 47.747593115 ], [ -117.310410116, 47.747590122000098 ], [ -117.310431057, 47.7475982 ], [ -117.310451438, 47.747604904000099 ], [ -117.310462611, 47.747597073000101 ], [ -117.310476536, 47.747593019000099 ], [ -117.310494055, 47.7475922470001 ], [ -117.310531358, 47.747589889 ], [ -117.31056819, 47.747584217000103 ], [ -117.310595227, 47.74756445 ], [ -117.310617414, 47.747541543000096 ], [ -117.310640371, 47.747518066000097 ], [ -117.310651549, 47.747507299000098 ], [ -117.310662727, 47.747496531000102 ], [ -117.310686467, 47.7474747730001 ], [ -117.310708276, 47.747453376000102 ], [ -117.310734179, 47.747431864000099 ], [ -117.310754688, 47.747411682000099 ], [ -117.310777827, 47.747389866 ], [ -117.310804094, 47.747369866 ], [ -117.31082582, 47.747349988000103 ], [ -117.310851241, 47.747327820000102 ], [ -117.310876673, 47.747307413 ], [ -117.310891704, 47.747285512000097 ], [ -117.310875465, 47.747260172 ], [ -117.310861825, 47.747238581 ], [ -117.310866531, 47.747223756 ], [ -117.310855808, 47.747212754 ], [ -117.310859006, 47.747200314000096 ], [ -117.310861517, 47.747183482 ], [ -117.310857993, 47.747167673 ], [ -117.310847085, 47.747146628000102 ], [ -117.310847243, 47.747128202000098 ], [ -117.310867081, 47.74711676 ], [ -117.310870414, 47.7470971340001 ], [ -117.310882696, 47.7470833470001 ], [ -117.310896028, 47.7470630010001 ], [ -117.310909351, 47.74704797 ], [ -117.310927448, 47.747033894 ], [ -117.310943101, 47.747014542 ], [ -117.310939422, 47.746992881 ], [ -117.310953079, 47.746972367000097 ], [ -117.310975521, 47.746955554000102 ], [ -117.31098328, 47.746930867000103 ], [ -117.311004834, 47.746914209000103 ], [ -117.31103915, 47.746896033 ], [ -117.311040429, 47.746873779000097 ], [ -117.311020594, 47.746854591 ], [ -117.311027389, 47.746835074 ], [ -117.311064711, 47.746816384000098 ], [ -117.311072921, 47.746793354 ], [ -117.311056887, 47.746774219 ], [ -117.311030529, 47.7467634670001 ], [ -117.311028679, 47.746747096 ], [ -117.311025223, 47.746727274000101 ], [ -117.311039839, 47.7467074670001 ], [ -117.311070257, 47.74669678 ], [ -117.311103934, 47.746695722 ], [ -117.311138561, 47.746689633000102 ], [ -117.311154454, 47.746672993000097 ], [ -117.311153896, 47.746650673 ], [ -117.311161707, 47.746628012 ], [ -117.311163882, 47.746604928000103 ], [ -117.311157372, 47.74658279 ], [ -117.311154543, 47.746570636000101 ], [ -117.311158628, 47.74654803 ], [ -117.311166675, 47.746537352000097 ], [ -117.311175707, 47.746529577 ], [ -117.311192759, 47.746509466000099 ], [ -117.311216822, 47.746490105000099 ], [ -117.311241322, 47.746470179 ], [ -117.311258484, 47.746452033 ], [ -117.311270957, 47.746440634000102 ], [ -117.311292675, 47.7464186730001 ], [ -117.311312693, 47.746399683 ], [ -117.311333029, 47.746378861 ], [ -117.31134004, 47.746352666000099 ], [ -117.311360525, 47.746307103 ], [ -117.311378856, 47.746287804000097 ], [ -117.311397612, 47.746267207000102 ], [ -117.311412568, 47.746248879000099 ], [ -117.311434711, 47.7462335660001 ], [ -117.311457946, 47.746219437 ], [ -117.311483165, 47.746200069000103 ], [ -117.311530046, 47.746176717 ], [ -117.311540522, 47.746171954 ], [ -117.311572889, 47.746155378 ], [ -117.311595704, 47.746134387 ], [ -117.311618649, 47.746116251 ], [ -117.311641896, 47.746096053 ], [ -117.311666852, 47.746074659 ], [ -117.311685349, 47.746056224 ], [ -117.311701917, 47.746045837000104 ], [ -117.311709733, 47.746040937 ], [ -117.311733497, 47.746022302 ], [ -117.31175338, 47.745997837000097 ], [ -117.311832982, 47.745915663000098 ], [ -117.31185937, 47.745893139 ], [ -117.311877457, 47.745875178000098 ], [ -117.311879326, 47.74587252 ], [ -117.311942027, 47.745814149000097 ], [ -117.312002168, 47.745783396 ], [ -117.312035228, 47.7457706960001 ], [ -117.312044571, 47.7457670430001 ], [ -117.312102376, 47.74574475 ], [ -117.31213223, 47.745734148000103 ], [ -117.312165625, 47.745721941000099 ], [ -117.312198038, 47.745707857000099 ], [ -117.312358146, 47.745639826000101 ], [ -117.312390943, 47.745629457000099 ], [ -117.312427537, 47.745615433000097 ], [ -117.312460849, 47.745604508 ], [ -117.312493831, 47.745591991 ], [ -117.312525119, 47.7455771200001 ], [ -117.312554834, 47.745563870000097 ], [ -117.3125834, 47.745549538 ], [ -117.312613537, 47.745532873000101 ], [ -117.312655537, 47.745529803000103 ], [ -117.312690234, 47.745534232000097 ], [ -117.312731981, 47.745539169 ], [ -117.312750637, 47.745540132 ], [ -117.312785945, 47.745536306000098 ], [ -117.31280299, 47.745532361000102 ], [ -117.312841495, 47.745528071000102 ], [ -117.312860692, 47.745522396000098 ], [ -117.312896937, 47.745512305 ], [ -117.312914903, 47.745503493000101 ], [ -117.312939727, 47.7454810730001 ], [ -117.312953385, 47.745471806000097 ], [ -117.312976531, 47.745451913000103 ], [ -117.312998111, 47.745430740000103 ], [ -117.313023741, 47.745408639000097 ], [ -117.313049694, 47.745386557000103 ], [ -117.313073085, 47.745364427 ], [ -117.313100124, 47.745343211 ], [ -117.313125759, 47.745322384000097 ], [ -117.313149739, 47.745299336000102 ], [ -117.313173905, 47.745278641 ], [ -117.313194559, 47.745257441 ], [ -117.313220962, 47.74523738 ], [ -117.313253885, 47.745227212 ], [ -117.313288984, 47.745231634 ], [ -117.313326506, 47.745234895000102 ], [ -117.313365173, 47.745237164000102 ], [ -117.313406254, 47.7452394970001 ], [ -117.313448002, 47.745239978 ], [ -117.313488317, 47.745237964000097 ], [ -117.313526177, 47.745242498 ], [ -117.313567328, 47.745242232000102 ], [ -117.313610648, 47.745243884 ], [ -117.313652361, 47.745246047000101 ], [ -117.313693705, 47.7452440060001 ], [ -117.313732504, 47.745248104 ], [ -117.313774338, 47.745250804000101 ], [ -117.31381417, 47.74524949 ], [ -117.313856649, 47.745246813000101 ], [ -117.313895959, 47.745246479000102 ], [ -117.313918722, 47.745244587000101 ], [ -117.313957386, 47.745243097000099 ], [ -117.313999188, 47.745242847 ], [ -117.314038217, 47.745241618000101 ], [ -117.314077488, 47.745240904000099 ], [ -117.314116628, 47.745238847000103 ], [ -117.314157727, 47.745238190000101 ], [ -117.314197954, 47.74523458 ], [ -117.31423912, 47.745232661 ], [ -117.31427672, 47.745230396000103 ], [ -117.314316519, 47.745228226000101 ], [ -117.3143559, 47.74522582 ], [ -117.314396986, 47.745224553000099 ], [ -117.314437353, 47.745220207 ], [ -117.314474334, 47.745214351000101 ], [ -117.314514197, 47.7452046860001 ], [ -117.314551406, 47.745200914000101 ], [ -117.314591028, 47.745195738000099 ], [ -117.314632538, 47.745187294000097 ], [ -117.31466887, 47.745181726000098 ], [ -117.31471085, 47.745168601 ], [ -117.314738841, 47.745144563000103 ], [ -117.314747494, 47.745106985000099 ], [ -117.314721277, 47.745099763 ], [ -117.314702609, 47.7450913220001 ], [ -117.314668626, 47.745088453000101 ], [ -117.314632194, 47.745080400000099 ], [ -117.31459846, 47.745072303 ], [ -117.314559867, 47.745064337 ], [ -117.314540675, 47.7450625110001 ], [ -117.314504497, 47.745058368000102 ], [ -117.314486404, 47.745055019000098 ], [ -117.314450135, 47.745048275 ], [ -117.314434414, 47.745039149 ], [ -117.31441608, 47.745020043000103 ], [ -117.314402579, 47.744995990000099 ], [ -117.314384408, 47.744972866000097 ], [ -117.314360148, 47.744952459 ], [ -117.314338615, 47.7449308220001 ], [ -117.314320901, 47.744909168 ], [ -117.314296765, 47.744890565 ], [ -117.31427436, 47.744870083000102 ], [ -117.314250991, 47.74485072 ], [ -117.31422656, 47.744827238 ], [ -117.314200199, 47.744809139 ], [ -117.314166171, 47.744794615 ], [ -117.314134687, 47.744782595000103 ], [ -117.314107054, 47.744765330000099 ], [ -117.314078204, 47.744751993000101 ], [ -117.314047167, 47.744738266000098 ], [ -117.314026775, 47.744719931000098 ], [ -117.314013979, 47.744699022000098 ], [ -117.313992929, 47.744679214 ], [ -117.3139747, 47.744659656000103 ], [ -117.31395313, 47.744639238 ], [ -117.313929795, 47.744622116000102 ], [ -117.313906377, 47.744605068000098 ], [ -117.313877869, 47.744587261 ], [ -117.31386097, 47.744573518 ], [ -117.313840557, 47.744558232 ], [ -117.313828481, 47.744549392000103 ], [ -117.313816207, 47.744540406000098 ], [ -117.313795439, 47.744521007000102 ], [ -117.313772605, 47.744502383000103 ], [ -117.313748137, 47.744487673 ], [ -117.313725451, 47.744472071000096 ], [ -117.313700223, 47.744456140000104 ], [ -117.313684388, 47.744440793000102 ], [ -117.313668027, 47.744420943000101 ], [ -117.313649268, 47.744397177000103 ], [ -117.31364446, 47.744376506 ], [ -117.313643731, 47.744353595000099 ], [ -117.313643803, 47.744329512 ], [ -117.313652449, 47.744307195 ], [ -117.313658918, 47.744279921 ], [ -117.313665053, 47.7442538560001 ], [ -117.313664502, 47.74422574 ], [ -117.313664909, 47.744199219000102 ], [ -117.313675517, 47.74417837 ], [ -117.313699566, 47.744155641000098 ], [ -117.313728571, 47.744137941000098 ], [ -117.313756411, 47.744152474 ], [ -117.313797334, 47.744169729000099 ], [ -117.313831713, 47.744152792000101 ], [ -117.313863993, 47.744162073 ], [ -117.31389938, 47.744173981000102 ], [ -117.313933095, 47.744183280000101 ], [ -117.313958637, 47.744196023 ], [ -117.313984753, 47.744215798 ], [ -117.314025479, 47.744234064000104 ], [ -117.314072546, 47.744245254000099 ], [ -117.314095844, 47.744221748 ], [ -117.314108974, 47.7441980850001 ], [ -117.314127981, 47.744189154 ], [ -117.314152876, 47.744173996 ], [ -117.31418139, 47.744157703 ], [ -117.314210731, 47.744141931000101 ], [ -117.314227888, 47.744123567 ], [ -117.314245022, 47.744104381000099 ], [ -117.314247759, 47.744102564000102 ], [ -117.314263331, 47.744092221000102 ], [ -117.314277198, 47.744079473000099 ], [ -117.314296804, 47.744067615000098 ], [ -117.314323091, 47.744058194 ], [ -117.314346523, 47.744047994 ], [ -117.314369412, 47.744039807 ], [ -117.314398245, 47.744026057 ], [ -117.314425061, 47.744017980000102 ], [ -117.314454253, 47.744008282 ], [ -117.314478873, 47.74400232 ], [ -117.31450343, 47.7440018120001 ], [ -117.314534629, 47.7439982490001 ], [ -117.314561412, 47.74398755 ], [ -117.314578203, 47.743970488000102 ], [ -117.314590995, 47.743954911000102 ], [ -117.314609073, 47.743947823 ], [ -117.314628147, 47.743940841 ], [ -117.314641916, 47.743925875000102 ], [ -117.314647727, 47.743907214 ], [ -117.314648612, 47.743904609 ], [ -117.314653907, 47.743889022000097 ], [ -117.314664673, 47.743874189000103 ], [ -117.314680505, 47.7438552260001 ], [ -117.314699981, 47.743844417 ], [ -117.314729226, 47.743835362 ], [ -117.314756896, 47.743829251000101 ], [ -117.314786615, 47.743824296000099 ], [ -117.314808318, 47.74381843 ], [ -117.314822083, 47.7438122350001 ], [ -117.314835848, 47.743806039 ], [ -117.314866164, 47.743800068 ], [ -117.314893086, 47.743806194000101 ], [ -117.314914477, 47.74380763 ], [ -117.314926973, 47.74380847 ], [ -117.314944122, 47.743818653000098 ], [ -117.314971599, 47.7438323330001 ], [ -117.315002571, 47.743840126000102 ], [ -117.315035648, 47.743847124000098 ], [ -117.315060329, 47.743859286 ], [ -117.315082256, 47.743875688000102 ], [ -117.315101348, 47.743890286000102 ], [ -117.315117828, 47.743909334000101 ], [ -117.315137843, 47.743920135000103 ], [ -117.315166993, 47.743913288 ], [ -117.315202033, 47.743906851000098 ], [ -117.315224133, 47.743903469 ], [ -117.315253882, 47.743906225 ], [ -117.315285488, 47.743903036000098 ], [ -117.315317603, 47.743898507 ], [ -117.315348836, 47.743889018000097 ], [ -117.315368627, 47.74387432 ], [ -117.315380221, 47.743863241 ], [ -117.31540362, 47.743848482 ], [ -117.315420112, 47.743830435000099 ], [ -117.315435027, 47.7438157180001 ], [ -117.31545341, 47.7437966520001 ], [ -117.315475558, 47.743787607000101 ], [ -117.315505266, 47.7437746270001 ], [ -117.315533331, 47.743765131 ], [ -117.315565054, 47.743762245 ], [ -117.31559216, 47.743755936000099 ], [ -117.315622168, 47.74375273 ], [ -117.315654897, 47.743747664000097 ], [ -117.315685808, 47.7437416450001 ], [ -117.315709655, 47.743731913 ], [ -117.315719635, 47.743713355000096 ], [ -117.315729343, 47.743691776 ], [ -117.315731421, 47.743671674 ], [ -117.315715877, 47.743655061 ], [ -117.315697281, 47.743636838 ], [ -117.315667788, 47.743633516 ], [ -117.315640446, 47.743638768 ], [ -117.31561479, 47.743642595 ], [ -117.315585071, 47.74364941 ], [ -117.315553587, 47.743654289000098 ], [ -117.315524694, 47.743655855 ], [ -117.315490955, 47.743653013 ], [ -117.315460394, 47.743649275000102 ], [ -117.315437297, 47.74363572 ], [ -117.315427959, 47.743614282000102 ], [ -117.31542417, 47.7435966050001 ], [ -117.315440857, 47.743586413000102 ], [ -117.315453831, 47.743567881 ], [ -117.315460186, 47.743549613 ], [ -117.315476928, 47.74353648 ], [ -117.315488617, 47.743523679000099 ], [ -117.315494346, 47.743512413000097 ], [ -117.315496312, 47.743508546 ], [ -117.315510546, 47.743493324 ], [ -117.315531652, 47.743477817 ], [ -117.315556047, 47.743462989000101 ], [ -117.315581403, 47.743446857 ], [ -117.315598963, 47.743429744 ], [ -117.315617927, 47.743413109000102 ], [ -117.315636774, 47.743394267 ], [ -117.315644675, 47.743384872 ], [ -117.315652575, 47.743375476 ], [ -117.315667673, 47.743355138 ], [ -117.315684371, 47.743337262000097 ], [ -117.315701651, 47.743316018 ], [ -117.315722358, 47.743299499 ], [ -117.315745594, 47.743282523000097 ], [ -117.315757982, 47.743262294 ], [ -117.315772325, 47.743246454 ], [ -117.315789128, 47.743230379000103 ], [ -117.315807467, 47.743221696 ], [ -117.315822578, 47.743207855 ], [ -117.315833788, 47.743192048 ], [ -117.315845547, 47.743176010000099 ], [ -117.315861653, 47.743159897000098 ], [ -117.315875091, 47.7431398350001 ], [ -117.315896045, 47.7431247970001 ], [ -117.315911597, 47.743108863 ], [ -117.315926396, 47.7430979230001 ], [ -117.315942423, 47.743083379 ], [ -117.315959139, 47.743067361 ], [ -117.315975375, 47.743054001000097 ], [ -117.315991734, 47.743041361000103 ], [ -117.316012419, 47.743026492000098 ], [ -117.316029908, 47.743012449 ], [ -117.316046007, 47.74299476 ], [ -117.316069129, 47.742978579000102 ], [ -117.316087619, 47.74296236 ], [ -117.316108525, 47.742947780000101 ], [ -117.316122443, 47.7429311510001 ], [ -117.316139506, 47.742913392 ], [ -117.316159932, 47.742897428 ], [ -117.316176741, 47.742876892 ], [ -117.316194306, 47.742859841 ], [ -117.316217533, 47.742842274000097 ], [ -117.316233516, 47.742828513000099 ], [ -117.316249306, 47.742810455 ], [ -117.316262478, 47.742792195 ], [ -117.316283297, 47.742780817 ], [ -117.316304609, 47.742765019 ], [ -117.316326484, 47.742749258000103 ], [ -117.316350865, 47.742732172 ], [ -117.31636543, 47.742716942000101 ], [ -117.316386559, 47.742701371000102 ], [ -117.31640709, 47.742685953 ], [ -117.316435296, 47.742667271000101 ], [ -117.316472641, 47.742661311000099 ], [ -117.316486454, 47.7426691860001 ], [ -117.316491246, 47.742671917000102 ], [ -117.316501554, 47.742684417000099 ], [ -117.316496786, 47.742697262 ], [ -117.316498457, 47.742709435000101 ], [ -117.316490166, 47.742721082000102 ], [ -117.316487182, 47.742729421 ], [ -117.316484766, 47.742736175000097 ], [ -117.316495021, 47.742745940000098 ], [ -117.316498707, 47.742758164000101 ], [ -117.316499757, 47.742778447 ], [ -117.31649914, 47.74278911 ], [ -117.316498427, 47.742801401000101 ], [ -117.316502991, 47.742807389000099 ], [ -117.316504533, 47.742814708 ], [ -117.316510124, 47.742823346000101 ], [ -117.316511248, 47.742834927 ], [ -117.316525807, 47.742855571000099 ], [ -117.31652683, 47.742857022000102 ], [ -117.316542443, 47.742877121 ], [ -117.31655099, 47.742890539 ], [ -117.316576358, 47.742897374000101 ], [ -117.316595776, 47.742905843000102 ], [ -117.316615457, 47.742912545000102 ], [ -117.31663628, 47.74291779 ], [ -117.316662576, 47.742917146000103 ], [ -117.316683693, 47.742914329 ], [ -117.316712311, 47.742913308 ], [ -117.3167389, 47.742910857 ], [ -117.316748242, 47.742909774000097 ], [ -117.316766306, 47.742907681000098 ], [ -117.316792453, 47.742912786 ], [ -117.316815027, 47.742915663000097 ], [ -117.31683999, 47.742914394000103 ], [ -117.31685901, 47.742918928000101 ], [ -117.316886566, 47.742921816 ], [ -117.316909735, 47.7429235480001 ], [ -117.316934853, 47.742928331 ], [ -117.316957213, 47.7429358360001 ], [ -117.316984646, 47.74293113 ], [ -117.317003221, 47.742929289000102 ], [ -117.317020889, 47.742929635000102 ], [ -117.317039386, 47.742926482 ], [ -117.317064941, 47.7429231670001 ], [ -117.317085352, 47.7429151320001 ], [ -117.3170972, 47.742908733 ], [ -117.317124257, 47.742909095000101 ], [ -117.317145124, 47.742902247000103 ], [ -117.317168394, 47.742897267 ], [ -117.317171572, 47.742884440000097 ], [ -117.317166838, 47.742866425 ], [ -117.317156121, 47.742847793000102 ], [ -117.317134842, 47.742831927000097 ], [ -117.317116113, 47.742820952 ], [ -117.317108367, 47.742814824 ], [ -117.317097086, 47.742805897 ], [ -117.317090982, 47.742788914000101 ], [ -117.317098489, 47.742773926 ], [ -117.317121409, 47.742773365000097 ], [ -117.317142614, 47.742777557000103 ], [ -117.317176965, 47.742781618 ], [ -117.317194154, 47.742783501000098 ], [ -117.317215302, 47.742785818000101 ], [ -117.317248935, 47.74278458 ], [ -117.317284681, 47.74278357 ], [ -117.317322143, 47.742782468 ], [ -117.317355489, 47.742779396000103 ], [ -117.317367858, 47.742776678 ], [ -117.31737812, 47.742776312 ], [ -117.317419754, 47.742768648 ], [ -117.317426186, 47.742767966 ], [ -117.317462111, 47.742763377000102 ], [ -117.317497144, 47.742756111000098 ], [ -117.317531193, 47.742750121 ], [ -117.31756053, 47.742748580000097 ], [ -117.317594889, 47.742748604 ], [ -117.31762882, 47.742746004 ], [ -117.317665684, 47.742750936 ], [ -117.317701061, 47.742751233 ], [ -117.31773255, 47.742752082 ], [ -117.317768799, 47.7427505160001 ], [ -117.317802116, 47.742750528 ], [ -117.317837655, 47.742754673 ], [ -117.317872393, 47.7427590980001 ], [ -117.317907997, 47.742763202 ], [ -117.317938333, 47.742768398000102 ], [ -117.317971722, 47.7427757190001 ], [ -117.318011625, 47.742786783 ], [ -117.318043435, 47.742787039000099 ], [ -117.318072173, 47.7427720210001 ], [ -117.318094612, 47.742759885000098 ], [ -117.318120619, 47.742745346 ], [ -117.318150476, 47.742730761000097 ], [ -117.318184203, 47.742723192 ], [ -117.318197888, 47.742706605000102 ], [ -117.318220472, 47.742685868000102 ], [ -117.318245413, 47.742678266 ], [ -117.318244443, 47.742663261000096 ], [ -117.318243124, 47.742649488 ], [ -117.318252694, 47.742635416 ], [ -117.318249899, 47.742629118000103 ], [ -117.318247484, 47.742623681000097 ], [ -117.318247358, 47.7426123320001 ], [ -117.318259035, 47.742604454000102 ], [ -117.318275172, 47.742607014 ], [ -117.318280185, 47.74260781 ], [ -117.318312199, 47.742600892 ], [ -117.318334911, 47.742588896 ], [ -117.318356685, 47.742573607000097 ], [ -117.318383363, 47.742560913 ], [ -117.318418223, 47.742548725000098 ], [ -117.318446785, 47.742535896 ], [ -117.318474309, 47.742521024 ], [ -117.318498742, 47.742505281 ], [ -117.318529318, 47.742489970000101 ], [ -117.318559293, 47.74247632 ], [ -117.318585975, 47.742460493000102 ], [ -117.318610989, 47.742447425000101 ], [ -117.318644417, 47.742433709000103 ], [ -117.318671544, 47.742419477000098 ], [ -117.318696884, 47.742408969000103 ], [ -117.318728198, 47.742396378000102 ], [ -117.318759102, 47.742384477 ], [ -117.318789967, 47.742369314 ], [ -117.318820396, 47.742356674000099 ], [ -117.318850841, 47.742343632 ], [ -117.318884585, 47.742329380000101 ], [ -117.318921637, 47.742315517000101 ], [ -117.31895119, 47.742306433000103 ], [ -117.318963069, 47.742300870000101 ], [ -117.31899089, 47.742288135000102 ], [ -117.31902486, 47.742283667 ], [ -117.319058258, 47.742272819 ], [ -117.319077958, 47.742253693000102 ], [ -117.319099305, 47.742236724000101 ], [ -117.31912472, 47.742232956000102 ], [ -117.319164158, 47.742221558 ], [ -117.319195531, 47.742220494 ], [ -117.319218426, 47.7422311 ], [ -117.31924834, 47.742246295 ], [ -117.319264117, 47.742270303000097 ], [ -117.319296708, 47.7422857870001 ], [ -117.31933089, 47.742283059 ], [ -117.319367339, 47.742281734000102 ], [ -117.319402794, 47.742283454000102 ], [ -117.319440985, 47.7422830840001 ], [ -117.319478484, 47.742279832000101 ], [ -117.319515661, 47.742276025000102 ], [ -117.319551327, 47.74227462 ], [ -117.319590336, 47.742277694000101 ], [ -117.319627411, 47.742278814 ], [ -117.319663276, 47.742274221000102 ], [ -117.319701542, 47.742272860000099 ], [ -117.319741134, 47.742270559000097 ], [ -117.319776651, 47.742264258 ], [ -117.319815184, 47.7422596380001 ], [ -117.31985641, 47.742262177 ], [ -117.319890972, 47.742263761000103 ], [ -117.319930356, 47.742270004 ], [ -117.319967903, 47.742276679 ], [ -117.320003664, 47.742287776000097 ], [ -117.320045438, 47.7422958020001 ], [ -117.320065528, 47.7422967030001 ], [ -117.320101157, 47.742295668000096 ], [ -117.32012111, 47.742297349000097 ], [ -117.32015901, 47.742300214000103 ], [ -117.320180219, 47.742300486 ], [ -117.320216766, 47.742300195 ], [ -117.320236777, 47.742296921 ], [ -117.320274263, 47.742279709000101 ], [ -117.320293197, 47.742276821000097 ], [ -117.320309709, 47.742283492000098 ], [ -117.320337689, 47.742304180000097 ], [ -117.320368192, 47.742322897000101 ], [ -117.320393552, 47.742336088000101 ], [ -117.320423947, 47.742346005000101 ], [ -117.320456292, 47.742347862 ], [ -117.320486825, 47.742342488000098 ], [ -117.320514335, 47.742339106 ], [ -117.320544511, 47.742330820000099 ], [ -117.32057783, 47.742325202000103 ], [ -117.320613988, 47.742324077 ], [ -117.320650882, 47.742321088 ], [ -117.320689141, 47.742312824000102 ], [ -117.320723629, 47.742308190000102 ], [ -117.32074439, 47.742281977000097 ], [ -117.320773656, 47.742268642000099 ], [ -117.320793103, 47.742281531000103 ], [ -117.320791046, 47.742301196 ], [ -117.32078, 47.742329021 ], [ -117.320786226, 47.742353892 ], [ -117.320780189, 47.742377215 ], [ -117.320781007, 47.742411481 ], [ -117.320798843, 47.742421076 ], [ -117.320830038, 47.742416375000097 ], [ -117.320863595, 47.742412302 ], [ -117.320901073, 47.742407345000103 ], [ -117.320933426, 47.742400911000097 ], [ -117.320970991, 47.742392694 ], [ -117.321004543, 47.7423844670001 ], [ -117.321038752, 47.74237406 ], [ -117.32107292, 47.7423657000001 ], [ -117.321100475, 47.742348055 ], [ -117.321097706, 47.742326852000097 ], [ -117.321089324, 47.742303734000103 ], [ -117.321082207, 47.742279761000098 ], [ -117.321081643, 47.742256005000101 ], [ -117.321092329, 47.742232219000101 ], [ -117.321098885, 47.742209008 ], [ -117.321102573, 47.7421815390001 ], [ -117.321102702, 47.742154373000098 ], [ -117.321105171, 47.742127165000099 ], [ -117.321104518, 47.742100968 ], [ -117.321104931, 47.742074616000103 ], [ -117.321107858, 47.742048387000096 ], [ -117.321103296, 47.742023303000103 ], [ -117.321099913, 47.741995501000098 ], [ -117.321098991, 47.741969885000103 ], [ -117.321089976, 47.741936379 ], [ -117.321098002, 47.741918258000098 ], [ -117.321135749, 47.741905858000102 ], [ -117.321168328, 47.741895856 ], [ -117.321206409, 47.741889332 ], [ -117.321243376, 47.741880473 ], [ -117.321279282, 47.741874478000099 ], [ -117.321316713, 47.741865655 ], [ -117.321356457, 47.741862286000099 ], [ -117.321393919, 47.741857513000099 ], [ -117.32141111, 47.741853604 ], [ -117.321429566, 47.741851938000103 ], [ -117.321467212, 47.741847932 ], [ -117.321504353, 47.741846594 ], [ -117.321520222, 47.7418469610001 ], [ -117.321553163, 47.741850510000098 ], [ -117.321570931, 47.74185121 ], [ -117.321605032, 47.741851056 ], [ -117.321625277, 47.741851748 ], [ -117.321662572, 47.741850805000098 ], [ -117.321702963, 47.741852772000101 ], [ -117.321741124, 47.741856668 ], [ -117.321777587, 47.7418662870001 ], [ -117.321810889, 47.741878835000101 ], [ -117.321851346, 47.741882846000102 ], [ -117.321888887, 47.741878394 ], [ -117.321925249, 47.741884091 ], [ -117.321954566, 47.741896592 ], [ -117.321970056, 47.7419188000001 ], [ -117.321999742, 47.7419351200001 ], [ -117.322029433, 47.741936028000097 ], [ -117.322050801, 47.741939042000098 ], [ -117.322084379, 47.741933883000101 ], [ -117.322121188, 47.741941 ], [ -117.322143835, 47.741955106 ], [ -117.322176746, 47.741954605 ], [ -117.322202589, 47.741962876000102 ], [ -117.322229661, 47.741973848 ], [ -117.322257158, 47.741991334 ], [ -117.322275581, 47.742011852000097 ], [ -117.322285991, 47.74203263 ], [ -117.322299302, 47.742054580000101 ], [ -117.322298083, 47.742073507 ], [ -117.322302183, 47.7420991010001 ], [ -117.322315987, 47.742124636 ], [ -117.322326681, 47.742153181 ], [ -117.322335498, 47.742179546 ], [ -117.322351081, 47.742209685 ], [ -117.322375337, 47.742234501 ], [ -117.322414171, 47.742232455000099 ], [ -117.322449176, 47.742236191000103 ], [ -117.322489069, 47.742242377 ], [ -117.322520655, 47.742242579 ], [ -117.3225556, 47.742242872000098 ], [ -117.32259215, 47.7422508390001 ], [ -117.322627734, 47.74226366 ], [ -117.322667846, 47.742272387000099 ], [ -117.322707934, 47.742280462000103 ], [ -117.3227514, 47.742289679000102 ], [ -117.322792697, 47.7422978540001 ], [ -117.322834756, 47.742309168000098 ], [ -117.322870573, 47.742318052 ], [ -117.322913028, 47.742325945000097 ], [ -117.322953662, 47.74233414 ], [ -117.322990766, 47.742336163000097 ], [ -117.323031103, 47.742347391000102 ], [ -117.323067383, 47.742352021 ], [ -117.323108246, 47.742359463000099 ], [ -117.323154089, 47.742360638 ], [ -117.323193548, 47.742363668000102 ], [ -117.323241455, 47.74237033 ], [ -117.323283401, 47.7423747 ], [ -117.323322553, 47.742375606000103 ], [ -117.323364943, 47.742379409000101 ], [ -117.323404752, 47.742381532000103 ], [ -117.323445795, 47.742385462000101 ], [ -117.32346243, 47.742385895 ], [ -117.323503783, 47.7423927030001 ], [ -117.323541812, 47.742396856 ], [ -117.323583985, 47.742400195000101 ], [ -117.323615961, 47.742398765000097 ], [ -117.323650582, 47.74240028 ], [ -117.32367022, 47.742401666 ], [ -117.323691498, 47.742401356000101 ], [ -117.323733139, 47.742399559 ], [ -117.323783127, 47.742397147000098 ], [ -117.32379499, 47.742416176000098 ], [ -117.323791955, 47.742426601 ], [ -117.323795943, 47.742437672000101 ], [ -117.323797086, 47.742448900000099 ], [ -117.323774343, 47.742449913 ], [ -117.32374396, 47.742450573 ], [ -117.323712923, 47.742454653 ], [ -117.323677283, 47.742455928 ], [ -117.323644962, 47.742457667000103 ], [ -117.323610095, 47.742459284000098 ], [ -117.323574869, 47.742461375000097 ], [ -117.323539125, 47.742460557000101 ], [ -117.323502835, 47.742458775 ], [ -117.323470995, 47.742457661000103 ], [ -117.32343668, 47.742456489000098 ], [ -117.323403568, 47.7424565950001 ], [ -117.323372465, 47.742453374 ], [ -117.32333482, 47.742452529 ], [ -117.323297842, 47.742450229 ], [ -117.323258392, 47.742448774000103 ], [ -117.323228765, 47.742448546 ], [ -117.323201632, 47.742442974 ], [ -117.323174278, 47.742439905 ], [ -117.323153697, 47.742440893 ], [ -117.32313406, 47.742447939 ], [ -117.32314652, 47.742461887 ], [ -117.323162893, 47.742476013 ], [ -117.323184514, 47.742493477 ], [ -117.323185792, 47.742511158000099 ], [ -117.323180977, 47.742523897000098 ], [ -117.323172571, 47.742532071 ], [ -117.323164582, 47.742541311 ], [ -117.323154441, 47.742548792 ], [ -117.323151467, 47.742561322 ], [ -117.323140818, 47.742569581000097 ], [ -117.323134284, 47.742578796 ], [ -117.323133883, 47.742590316000097 ], [ -117.323137128, 47.742602307 ], [ -117.323131454, 47.742613116 ], [ -117.323134545, 47.742627901 ], [ -117.323127534, 47.742638837000101 ], [ -117.323134526, 47.742649934 ], [ -117.323121296, 47.742661608 ], [ -117.323100763, 47.74266887 ], [ -117.323074979, 47.742679115 ], [ -117.323055353, 47.742687523 ], [ -117.323051596, 47.742703867 ], [ -117.323034169, 47.74271265 ], [ -117.323029464, 47.7427264250001 ], [ -117.323019531, 47.742733778000101 ], [ -117.323009028, 47.742744084 ], [ -117.322993788, 47.742756331000102 ], [ -117.322999055, 47.742772793 ], [ -117.32300319, 47.742782634 ], [ -117.323017862, 47.742792167000097 ], [ -117.323039006, 47.742796961000103 ], [ -117.323052976, 47.742801929000102 ], [ -117.323062378, 47.742812537000098 ], [ -117.32307267, 47.7428205900001 ], [ -117.323090631, 47.742829305 ], [ -117.323111157, 47.742840559000101 ], [ -117.323131699, 47.742849561000099 ], [ -117.323158366, 47.742851644 ], [ -117.323180697, 47.742842155000098 ], [ -117.32320388, 47.742838909000099 ], [ -117.323226551, 47.742847471000097 ], [ -117.323255398, 47.7428570820001 ], [ -117.323286509, 47.742859382000098 ], [ -117.323319407, 47.742862864000102 ], [ -117.323349858, 47.742869309000099 ], [ -117.323384133, 47.7428779950001 ], [ -117.323411374, 47.742880751 ], [ -117.32343599, 47.742877470000103 ], [ -117.32346195, 47.7428734040001 ], [ -117.323486565, 47.742866579000101 ], [ -117.323507815, 47.742851792000103 ], [ -117.323519266, 47.742838887000097 ], [ -117.323531544, 47.742826668000099 ], [ -117.323538085, 47.742813060000103 ], [ -117.323544872, 47.742796262000098 ], [ -117.323554728, 47.742781270000101 ], [ -117.323559353, 47.742769762000101 ], [ -117.323577592, 47.742759118 ], [ -117.323591362, 47.742750064000099 ], [ -117.323596463, 47.742737722000101 ], [ -117.323595479, 47.742726467000097 ], [ -117.32360492, 47.7427168930001 ], [ -117.323619808, 47.742701491 ], [ -117.323641729, 47.742690375000102 ], [ -117.323666124, 47.742680303 ], [ -117.323691643, 47.742669331000101 ], [ -117.323720228, 47.742659189000101 ], [ -117.32374627, 47.742654374 ], [ -117.323770944, 47.742644526 ], [ -117.323792854, 47.742633176 ], [ -117.323810949, 47.742621753 ], [ -117.323836897, 47.742622984 ], [ -117.323864149, 47.742625172 ], [ -117.323895334, 47.742629239000102 ], [ -117.323929633, 47.74264327 ], [ -117.323957626, 47.742650931000099 ], [ -117.323986269, 47.742657643 ], [ -117.324018102, 47.742668108 ], [ -117.324047408, 47.742678239 ], [ -117.324079816, 47.7426872240001 ], [ -117.324116921, 47.7426900950001 ], [ -117.324156145, 47.742677859 ], [ -117.324180324, 47.742675577000099 ], [ -117.324209047, 47.742673063 ], [ -117.324230657, 47.742666421000102 ], [ -117.324260362, 47.742669957 ], [ -117.324282589, 47.742673445 ], [ -117.324300105, 47.742688625 ], [ -117.324317474, 47.742701764000103 ], [ -117.32434134, 47.742699284 ], [ -117.324360883, 47.742702975 ], [ -117.324390442, 47.742707088 ], [ -117.324417404, 47.742712838 ], [ -117.324442194, 47.742716888000103 ], [ -117.324471474, 47.7427227680001 ], [ -117.324494127, 47.742737175000102 ], [ -117.324521959, 47.742747654 ], [ -117.324557802, 47.742752108 ], [ -117.324581659, 47.742753908000097 ], [ -117.324606924, 47.742749041000103 ], [ -117.324635369, 47.742750394 ], [ -117.324660465, 47.742761693 ], [ -117.324688922, 47.742772828000099 ], [ -117.324717617, 47.742778233000102 ], [ -117.324744705, 47.742765339000101 ], [ -117.324771556, 47.7427605190001 ], [ -117.324804462, 47.742752108 ], [ -117.324833743, 47.742743432000097 ], [ -117.324856853, 47.7427259070001 ], [ -117.324879231, 47.74270892 ], [ -117.324910352, 47.742701657000097 ], [ -117.324938481, 47.7426892820001 ], [ -117.324973664, 47.742682898000098 ], [ -117.325004292, 47.742680822000104 ], [ -117.325040568, 47.74268053 ], [ -117.325075001, 47.742683201 ], [ -117.32510915, 47.742688616000102 ], [ -117.325138599, 47.742702013 ], [ -117.325154486, 47.742722094 ], [ -117.325172777, 47.742740897 ], [ -117.325195469, 47.742763461 ], [ -117.325224193, 47.742775709000099 ], [ -117.325235311, 47.742763619000101 ], [ -117.325238113, 47.742751283000104 ], [ -117.325240017, 47.742729279000102 ], [ -117.325242375, 47.742702877000099 ], [ -117.325236589, 47.742680259000103 ], [ -117.325215814, 47.742659098 ], [ -117.325195341, 47.742641559 ], [ -117.32517088, 47.742626917000102 ], [ -117.325154426, 47.742622942 ], [ -117.325130038, 47.742618452 ], [ -117.325099526, 47.742609861000098 ], [ -117.325094046, 47.74259461 ], [ -117.32508948, 47.742573080000099 ], [ -117.32508743, 47.742552547000102 ], [ -117.325099799, 47.742527419000098 ], [ -117.32510762, 47.742507812 ], [ -117.325136558, 47.742498407 ], [ -117.325160915, 47.742487686000104 ], [ -117.325152637, 47.742477042000097 ], [ -117.325129755, 47.74247015 ], [ -117.325110586, 47.742461561 ], [ -117.325082721, 47.742460061 ], [ -117.325063142, 47.7424499050001 ], [ -117.325047008, 47.742444432000099 ], [ -117.325023878, 47.742434644000099 ], [ -117.324997186, 47.742423794 ], [ -117.324975885, 47.742410262000099 ], [ -117.324956992, 47.742392500000101 ], [ -117.324944451, 47.742377689000101 ], [ -117.324932893, 47.742360395 ], [ -117.324938716, 47.742345156000098 ], [ -117.324952626, 47.742333981000101 ], [ -117.324980367, 47.742332961 ], [ -117.325010607, 47.742331829000101 ], [ -117.32502997, 47.742321189000101 ], [ -117.325038054, 47.742311391 ], [ -117.325047625, 47.742298384 ], [ -117.325052254, 47.742280571 ], [ -117.325053181, 47.7422620070001 ], [ -117.325063389, 47.742244183 ], [ -117.325081174, 47.742231266 ], [ -117.32509768, 47.742216685000102 ], [ -117.325113567, 47.742202498 ], [ -117.325139829, 47.742193682 ], [ -117.325163871, 47.742183882000099 ], [ -117.325178248, 47.742170599000097 ], [ -117.325180468, 47.742156000000101 ], [ -117.325182407, 47.742141785000101 ], [ -117.325194584, 47.742126328 ], [ -117.325191861, 47.742107349 ], [ -117.325171771, 47.742093961000101 ], [ -117.325144556, 47.742083714 ], [ -117.32513275, 47.7420683 ], [ -117.325123744, 47.742052017 ], [ -117.325108948, 47.742033562000103 ], [ -117.325102949, 47.742016763 ], [ -117.325122142, 47.742007226000098 ], [ -117.325143367, 47.741993620000102 ], [ -117.325163054, 47.741977642000101 ], [ -117.32518129, 47.7419647850001 ], [ -117.325200229, 47.74195071 ], [ -117.325227984, 47.741945522 ], [ -117.325242257, 47.741927956 ], [ -117.325240772, 47.741910288 ], [ -117.325242951, 47.741893186 ], [ -117.325242401, 47.741873383 ], [ -117.325241173, 47.741854775 ], [ -117.325240976, 47.7418336590001 ], [ -117.325240438, 47.741816072000098 ], [ -117.325238349, 47.741796746 ], [ -117.325241247, 47.741773912 ], [ -117.325236487, 47.741750042 ], [ -117.325236897, 47.741727661 ], [ -117.325236456, 47.7417042820001 ], [ -117.325235141, 47.741680042 ], [ -117.325235903, 47.74165592 ], [ -117.325232795, 47.741633429 ], [ -117.325230871, 47.741609740000101 ], [ -117.325228106, 47.741589229000098 ], [ -117.325226502, 47.741564034000099 ], [ -117.325235513, 47.741541191000103 ], [ -117.32523515, 47.741522146000101 ], [ -117.325232347, 47.741501577000101 ], [ -117.325231407, 47.74148002 ], [ -117.325231144, 47.741458939 ], [ -117.325231416, 47.741436624000102 ], [ -117.325229725, 47.7414168110001 ], [ -117.325230807, 47.741395455 ], [ -117.325227764, 47.741373324000101 ], [ -117.325227305, 47.741351392000098 ], [ -117.325227587, 47.741328739 ], [ -117.325226473, 47.741305911 ], [ -117.325228159, 47.741281828000098 ], [ -117.325227749, 47.741260003 ], [ -117.325224657, 47.7412402530001 ], [ -117.325224407, 47.741217636 ], [ -117.32522477, 47.741197412000098 ], [ -117.325226681, 47.741175186000099 ], [ -117.325226675, 47.741153877 ], [ -117.325227758, 47.741133172 ], [ -117.325229424, 47.7411145310001 ], [ -117.325228656, 47.741095694000101 ], [ -117.325230091, 47.741076976 ], [ -117.325241627, 47.741063491 ], [ -117.325265104, 47.741051181 ], [ -117.325282084, 47.741033327 ], [ -117.325276507, 47.741014290000102 ], [ -117.325269136, 47.740996894 ], [ -117.325238331, 47.740987350000097 ], [ -117.325227975, 47.740969241000101 ], [ -117.325224642, 47.740940369 ], [ -117.32522258, 47.740907238 ], [ -117.325215149, 47.740882836 ], [ -117.325206113, 47.740854220000102 ], [ -117.325209697, 47.7408268410001 ], [ -117.325213344, 47.740791327000103 ], [ -117.325215135, 47.740753605000101 ], [ -117.325218109, 47.740749221 ], [ -117.325264991, 47.740680109 ], [ -117.325300346, 47.740653322000099 ], [ -117.32535297, 47.740644026 ], [ -117.325480048, 47.740657911 ], [ -117.32565997, 47.740677066 ], [ -117.325835581, 47.7406987620001 ], [ -117.326028275, 47.740729274 ], [ -117.326228298, 47.740761808000101 ], [ -117.326426744, 47.740797289000099 ], [ -117.326450894, 47.740801306 ], [ -117.3265837, 47.7408234010001 ], [ -117.326634162, 47.740831796000101 ], [ -117.326859651, 47.740880037000103 ], [ -117.327089084, 47.740931204 ], [ -117.327294044, 47.740981881 ], [ -117.327506017, 47.741028849 ], [ -117.327732815, 47.7410675 ], [ -117.327964597, 47.741099531 ], [ -117.328166977, 47.741130637 ], [ -117.328268239, 47.741148108000097 ], [ -117.328505452, 47.741202669000103 ], [ -117.32929459, 47.741371548000103 ], [ -117.329646729, 47.741427680000101 ], [ -117.329972568, 47.7414890740001 ], [ -117.330147334, 47.741496090000098 ], [ -117.330245092, 47.741502521 ], [ -117.330261366, 47.7415049580001 ], [ -117.330363413, 47.741516108 ], [ -117.330456916, 47.741520277000099 ], [ -117.330546501, 47.741517077 ], [ -117.33058599, 47.741511678000101 ], [ -117.330607242, 47.741505985000103 ], [ -117.330676721, 47.7415431310001 ], [ -117.330671242, 47.741566735 ], [ -117.3306705, 47.741585028 ], [ -117.330688108, 47.741602235000101 ], [ -117.330670598, 47.741621137 ], [ -117.330667901, 47.741646505000098 ], [ -117.330625712, 47.741689231000102 ], [ -117.330668047, 47.741715523 ], [ -117.330724903, 47.741728568 ], [ -117.330789301, 47.74171806 ], [ -117.330857303, 47.741756815 ], [ -117.330907379, 47.741774663000101 ], [ -117.330962043, 47.741786231 ], [ -117.330994601, 47.741812454000097 ], [ -117.331058469, 47.741802627 ], [ -117.33110442, 47.741801719000101 ], [ -117.331151581, 47.7417900740001 ], [ -117.331184727, 47.741769551000097 ], [ -117.331232376, 47.741763701000103 ], [ -117.33131713, 47.741756784000103 ], [ -117.331345023, 47.7417580360001 ], [ -117.331402647, 47.741752122 ], [ -117.331457738, 47.741768108 ], [ -117.331497585, 47.7417986150001 ], [ -117.331517686, 47.741839625000097 ], [ -117.33157343, 47.7418495860001 ], [ -117.331631203, 47.741864147000101 ], [ -117.331688573, 47.741867130000102 ], [ -117.331733802, 47.741882776000097 ], [ -117.331785592, 47.7418755590001 ], [ -117.331824942, 47.741895979 ], [ -117.331867357, 47.741914132 ], [ -117.331894847, 47.741941615 ], [ -117.331900741, 47.741975329000098 ], [ -117.331924789, 47.7420011130001 ], [ -117.331968484, 47.742011276 ], [ -117.332012394, 47.742014476000101 ], [ -117.33205732, 47.7420023970001 ], [ -117.332113699, 47.741997850000097 ], [ -117.332163313, 47.742002488 ], [ -117.332208582, 47.742014512 ], [ -117.33226951, 47.742016918 ], [ -117.332320293, 47.742030258000099 ], [ -117.332376994, 47.742048037000103 ], [ -117.332436795, 47.742036611000103 ], [ -117.332484306, 47.742053769000101 ], [ -117.332525214, 47.742071894 ], [ -117.332570807, 47.742087558 ], [ -117.332613906, 47.742093136000101 ], [ -117.332616646, 47.742093755 ], [ -117.332618312, 47.74209398 ], [ -117.332665449, 47.742104772000097 ], [ -117.33267063, 47.742105942000101 ], [ -117.332670699, 47.742105974 ], [ -117.332670823, 47.742106003000103 ], [ -117.332699329, 47.742119415 ], [ -117.332733056, 47.742134863 ], [ -117.33277559, 47.742142836 ], [ -117.332822478, 47.742154191000097 ], [ -117.332852382, 47.742170076 ], [ -117.332888637, 47.742203108000098 ], [ -117.332961703, 47.7422225870001 ], [ -117.332984617, 47.742226556 ], [ -117.332984857, 47.74222876 ], [ -117.332987784, 47.742255636 ], [ -117.333019666, 47.742255748 ], [ -117.333040824, 47.7422558210001 ], [ -117.333070542, 47.742246086000101 ], [ -117.333096303, 47.742236646 ], [ -117.333165225, 47.7422356860001 ], [ -117.333209023, 47.742234585000098 ], [ -117.33324903, 47.742227844000098 ], [ -117.333278999, 47.742202298000102 ], [ -117.333326425, 47.742186440000097 ], [ -117.333381851, 47.742186223 ], [ -117.333431291, 47.742185768000098 ], [ -117.333482017, 47.742188948 ], [ -117.333529986, 47.742193887 ], [ -117.333606434, 47.742180033000103 ], [ -117.333708835, 47.742170091 ], [ -117.333759131, 47.742152257 ], [ -117.33384802, 47.742132597000101 ], [ -117.333883884, 47.742118582 ], [ -117.333912719, 47.742102038 ], [ -117.333960176, 47.74208817 ], [ -117.333991373, 47.742067027000097 ], [ -117.334029483, 47.742050372000101 ], [ -117.334069997, 47.742043046 ], [ -117.334106307, 47.742024199000099 ], [ -117.334122466, 47.742000807000103 ], [ -117.334165982, 47.741986961000102 ], [ -117.334212457, 47.741998955 ], [ -117.334240389, 47.742029334000101 ], [ -117.334275421, 47.742045451000102 ], [ -117.334310503, 47.742045667000099 ], [ -117.334328686, 47.742044144 ], [ -117.334355871, 47.742041867000097 ], [ -117.334392477, 47.7420490740001 ], [ -117.334426957, 47.742054026000098 ], [ -117.334478324, 47.742056575 ], [ -117.334522861, 47.742050656000103 ], [ -117.334570908, 47.742058835000101 ], [ -117.334600077, 47.742064164000098 ], [ -117.334636622, 47.742077827000102 ], [ -117.334701161, 47.742091657000103 ], [ -117.334780156, 47.742115158 ], [ -117.334818528, 47.742139904000098 ], [ -117.334822851, 47.742142522000101 ], [ -117.334824332, 47.742143648000102 ], [ -117.334838948, 47.742154758 ], [ -117.334851874, 47.742164583 ], [ -117.334855469, 47.742168344 ], [ -117.334863042, 47.742174572000103 ], [ -117.334900424, 47.742212536000103 ], [ -117.334909738, 47.742228913000098 ], [ -117.334964045, 47.742258023 ], [ -117.335135476, 47.742390383 ], [ -117.335153444, 47.742395482000099 ], [ -117.335200986, 47.742429404000099 ], [ -117.335252212, 47.742457995000102 ], [ -117.335304314, 47.742491829000102 ], [ -117.33532124, 47.742508589000103 ], [ -117.335332279, 47.74251952 ], [ -117.335351445, 47.742532607 ], [ -117.335372355, 47.742539963000098 ], [ -117.335380301, 47.742544841 ], [ -117.335393113, 47.742547266 ], [ -117.335515062, 47.742570349000097 ], [ -117.335516337, 47.742570526000101 ], [ -117.335596544, 47.742550245000103 ], [ -117.33583627, 47.742573364000101 ], [ -117.335930728, 47.7425833140001 ], [ -117.335959839, 47.742589227000103 ], [ -117.335982916, 47.742573695 ], [ -117.336039906, 47.742583558 ], [ -117.33609418, 47.742592951000098 ], [ -117.336193151, 47.742581106 ], [ -117.336231686, 47.742572499000097 ], [ -117.336268837, 47.742564553000101 ], [ -117.336314039, 47.742570221000101 ], [ -117.336353285, 47.742579267000103 ], [ -117.336378687, 47.742585576000103 ], [ -117.336411725, 47.742593848000098 ], [ -117.336439311, 47.742608150000102 ], [ -117.33646633, 47.7426206640001 ], [ -117.336480922, 47.742628690000103 ], [ -117.336514494, 47.742642847000099 ], [ -117.336525734, 47.742661049 ], [ -117.336522938, 47.742668949000098 ], [ -117.336708215, 47.742796173 ], [ -117.336714107, 47.742811196 ], [ -117.33671903, 47.742814941000098 ], [ -117.336739978, 47.742844054 ], [ -117.33674389, 47.74285337 ], [ -117.336750463, 47.742869025000097 ], [ -117.336766774, 47.742888744 ], [ -117.336784481, 47.742902628000103 ], [ -117.336789644, 47.742933462000103 ], [ -117.336799993, 47.742967504 ], [ -117.336816908, 47.742997458 ], [ -117.336816405, 47.743015534000101 ], [ -117.336828977, 47.7430523250001 ], [ -117.336851433, 47.743118083000098 ], [ -117.336872932, 47.743147540000102 ], [ -117.336905217, 47.743170866000099 ], [ -117.336932009, 47.743186053 ], [ -117.33695923, 47.743194422 ], [ -117.336970759, 47.743197033000101 ], [ -117.336990878, 47.743201589000101 ], [ -117.337018748, 47.743215843 ], [ -117.337048419, 47.743227327000099 ], [ -117.337084377, 47.743242394 ], [ -117.337119009, 47.7432403970001 ], [ -117.337153982, 47.74324935 ], [ -117.337197832, 47.743257304000103 ], [ -117.337278121, 47.743291521000103 ], [ -117.337353863, 47.743297535000103 ], [ -117.337422465, 47.743337737 ], [ -117.33750458, 47.743340348000103 ], [ -117.337536879, 47.743327306 ], [ -117.337582629, 47.743316301 ], [ -117.337620624, 47.743313633000099 ], [ -117.337668763, 47.743313199000099 ], [ -117.337710811, 47.7433152360001 ], [ -117.337749051, 47.743316718000102 ], [ -117.337858978, 47.743308221000099 ], [ -117.337904694, 47.743298341000099 ], [ -117.3379303, 47.743276819000101 ], [ -117.337973187, 47.743284720000098 ], [ -117.338006063, 47.7432940690001 ], [ -117.338053806, 47.743300108 ], [ -117.338098822, 47.743307766 ], [ -117.338177962, 47.7433172 ], [ -117.338218095, 47.743328496000103 ], [ -117.338251075, 47.743343978 ], [ -117.338276393, 47.743358308 ], [ -117.338304338, 47.743372786000101 ], [ -117.338370286, 47.743390885000103 ], [ -117.338407587, 47.743407451000103 ], [ -117.338472847, 47.743429409 ], [ -117.338582196, 47.743473032000097 ], [ -117.338613842, 47.743480446 ], [ -117.338647324, 47.743490527000098 ], [ -117.338684299, 47.743506973000102 ], [ -117.338713789, 47.743520277000101 ], [ -117.338742, 47.743539084000098 ], [ -117.33877151, 47.743565753 ], [ -117.338801716, 47.743582059000097 ], [ -117.338820139, 47.743606801000098 ], [ -117.338861264, 47.74361893 ], [ -117.338892793, 47.743634091 ], [ -117.338927732, 47.743649192000099 ], [ -117.338964126, 47.743662698 ], [ -117.338997986, 47.743680487000098 ], [ -117.339111055, 47.743694434000098 ], [ -117.339192717, 47.743703107 ], [ -117.33923261, 47.743705948000098 ], [ -117.339271437, 47.743712676 ], [ -117.339310981, 47.743707831000101 ], [ -117.339328199, 47.743702662 ], [ -117.339347107, 47.743696984000103 ], [ -117.339387407, 47.743692215000102 ], [ -117.339422372, 47.7436781050001 ], [ -117.339459202, 47.743665843 ], [ -117.339484946, 47.743647317000097 ], [ -117.339511505, 47.743628142 ], [ -117.339545418, 47.743615988 ], [ -117.339602611, 47.743591295 ], [ -117.339609377, 47.743588375000101 ], [ -117.339602599, 47.743591187 ], [ -117.339592694, 47.743505813000098 ], [ -117.339724606, 47.743407253 ], [ -117.339923768, 47.743683804000099 ], [ -117.339943892, 47.74369489 ], [ -117.339980139, 47.743710841000102 ], [ -117.340012739, 47.743723619 ], [ -117.340046357, 47.743735654 ], [ -117.340074449, 47.743751034000098 ], [ -117.340108296, 47.743766128000097 ], [ -117.340140791, 47.743780184000101 ], [ -117.340173358, 47.743790905 ], [ -117.340204978, 47.743801454 ], [ -117.340235273, 47.743817805 ], [ -117.340273726, 47.743828160000099 ], [ -117.340319724, 47.743809846 ], [ -117.340347033, 47.74379149 ], [ -117.340381715, 47.743784712 ], [ -117.340409374, 47.743768373000101 ], [ -117.340440995, 47.743758802000102 ], [ -117.340477279, 47.743752095 ], [ -117.340509064, 47.743739911 ], [ -117.340538212, 47.743722569000099 ], [ -117.340567788, 47.743705905000098 ], [ -117.34059326, 47.743686197 ], [ -117.340622054, 47.743671815 ], [ -117.340645246, 47.74365277 ], [ -117.340675868, 47.743640513000102 ], [ -117.340714395, 47.743636616000103 ], [ -117.340744769, 47.743622737000102 ], [ -117.340779064, 47.743609458 ], [ -117.340814786, 47.743595918 ], [ -117.34085302, 47.743590652000101 ], [ -117.340876977, 47.743569222000097 ], [ -117.340896384, 47.743546101 ], [ -117.340930547, 47.74353561 ], [ -117.340963654, 47.743542534 ], [ -117.341008734, 47.743547015 ], [ -117.341041273, 47.743543724000098 ], [ -117.341083909, 47.743533411 ], [ -117.34112364, 47.7435222410001 ], [ -117.341159314, 47.743510113000099 ], [ -117.341191652, 47.74349885 ], [ -117.34122781, 47.743487770000101 ], [ -117.341261114, 47.743477634 ], [ -117.341295042, 47.743469822000101 ], [ -117.341324556, 47.743456012000102 ], [ -117.341350533, 47.743440638 ], [ -117.341381487, 47.743425837000103 ], [ -117.341400646, 47.743410854 ], [ -117.341427476, 47.74340311 ], [ -117.341465464, 47.743391988 ], [ -117.341501005, 47.743381205 ], [ -117.341534396, 47.743366954000102 ], [ -117.341561271, 47.7433536180001 ], [ -117.341582941, 47.743344596 ], [ -117.341600344, 47.743333445000097 ], [ -117.34163916, 47.743320266000097 ], [ -117.341679275, 47.743317258 ], [ -117.341718151, 47.743309716000098 ], [ -117.341755955, 47.743304289 ], [ -117.341797308, 47.743304442000102 ], [ -117.341839986, 47.743306436000097 ], [ -117.341881976, 47.743305076000098 ], [ -117.34192306, 47.743303092000097 ], [ -117.341957587, 47.743298526 ], [ -117.341999466, 47.743302574 ], [ -117.34203419, 47.743295219000103 ], [ -117.342062733, 47.743276027 ], [ -117.342088612, 47.743255965000102 ], [ -117.342106894, 47.743233334000102 ], [ -117.342129327, 47.7432104600001 ], [ -117.342154042, 47.743187427000102 ], [ -117.342166894, 47.7431612560001 ], [ -117.342174708, 47.743135112000097 ], [ -117.342182226, 47.743109229 ], [ -117.342193536, 47.743088140000097 ], [ -117.34219903, 47.743063560000103 ], [ -117.34222518, 47.743038473000098 ], [ -117.342314007, 47.743006149000102 ], [ -117.342357493, 47.743017953 ], [ -117.34240403, 47.743015918 ], [ -117.342437884, 47.743017706 ], [ -117.342479451, 47.743027443000102 ], [ -117.342512373, 47.743031697 ], [ -117.342559146, 47.743028397 ], [ -117.342578856, 47.742984589000102 ], [ -117.342577931, 47.742959877 ], [ -117.34257791, 47.742936715 ], [ -117.342587908, 47.7429011790001 ], [ -117.342587512, 47.742867078000103 ], [ -117.342599159, 47.742841029 ], [ -117.342594267, 47.742814106 ], [ -117.34259966, 47.7427864530001 ], [ -117.342598274, 47.74275843 ], [ -117.34259643, 47.742730235000103 ], [ -117.34255722, 47.742708492000098 ], [ -117.342502116, 47.742707952 ], [ -117.34245693, 47.7427129860001 ], [ -117.342416163, 47.742712391000097 ], [ -117.342372955, 47.742709089000101 ], [ -117.342328411, 47.742707736000099 ], [ -117.342291003, 47.742702582 ], [ -117.342247069, 47.742698057 ], [ -117.342201578, 47.742675228000103 ], [ -117.342214393, 47.7426395580001 ], [ -117.342222347, 47.742595054 ], [ -117.342233015, 47.7425483600001 ], [ -117.342245935, 47.742492657000099 ], [ -117.342259863, 47.742435164 ], [ -117.342260368, 47.742432891000099 ], [ -117.342273282, 47.742374789000102 ], [ -117.342288431, 47.742310487000097 ], [ -117.342301161, 47.742248053 ], [ -117.342314897, 47.742191096000099 ], [ -117.342325289, 47.742155613000101 ], [ -117.342338766, 47.742119185 ], [ -117.342392875, 47.742082123 ], [ -117.342473173, 47.742070786000099 ], [ -117.342570284, 47.742059643000097 ], [ -117.342683123, 47.742065336000103 ], [ -117.342800148, 47.742069153 ], [ -117.342927316, 47.742070772 ], [ -117.343061803, 47.742068808000099 ], [ -117.343220631, 47.742064867000103 ], [ -117.343381094, 47.742062905000097 ], [ -117.34353374, 47.742060747 ], [ -117.343683531, 47.742058937000103 ], [ -117.343843128, 47.742056197000103 ], [ -117.344025813, 47.742052459 ], [ -117.344210046, 47.742042468000101 ], [ -117.34438544, 47.742024244 ], [ -117.344542094, 47.742003228 ], [ -117.344688635, 47.741977057 ], [ -117.344830386, 47.741953093000099 ], [ -117.344971221, 47.741930311 ], [ -117.345035259, 47.741922216 ], [ -117.34510512, 47.741915034 ], [ -117.345183374, 47.741907989 ], [ -117.345268634, 47.741902960000097 ], [ -117.345356828, 47.741897721 ], [ -117.345445853, 47.74189757 ], [ -117.345528763, 47.741901184 ], [ -117.345618985, 47.741904021 ], [ -117.345709489, 47.741906071000102 ], [ -117.345803818, 47.7419091350001 ], [ -117.345902363, 47.741912128000102 ], [ -117.34600176, 47.741914825 ], [ -117.346103905, 47.741917403000102 ], [ -117.346207402, 47.741920673 ], [ -117.346310743, 47.741925302 ], [ -117.346411095, 47.741932248000097 ], [ -117.346511393, 47.741938665000099 ], [ -117.346611478, 47.741947016 ], [ -117.346707101, 47.741954687 ], [ -117.346721284, 47.74195537 ], [ -117.346800804, 47.741959197 ], [ -117.346895417, 47.741959777 ], [ -117.346991764, 47.741953215000102 ], [ -117.347073474, 47.741940409000101 ], [ -117.347142622, 47.7419212880001 ], [ -117.347204482, 47.741893689000101 ], [ -117.347253443, 47.741858298000103 ], [ -117.347299402, 47.741822595 ], [ -117.347348656, 47.7417833310001 ], [ -117.347400457, 47.741737847000103 ], [ -117.347457159, 47.741687515000102 ], [ -117.34751327, 47.741635696000102 ], [ -117.347568061, 47.741586247 ], [ -117.347628694, 47.741529545 ], [ -117.347688064, 47.741476193 ], [ -117.347747873, 47.741420822000102 ], [ -117.347806109, 47.741364881 ], [ -117.347863657, 47.741310927 ], [ -117.347921164, 47.741257966 ], [ -117.348029705, 47.741155822000103 ], [ -117.348081617, 47.741105409000099 ], [ -117.348130629, 47.741056644 ], [ -117.348178802, 47.741009190000099 ], [ -117.348226264, 47.740964007000102 ], [ -117.348320772, 47.740877816000101 ], [ -117.348424574, 47.740785692 ], [ -117.348542145, 47.740677894 ], [ -117.348665189, 47.740562352 ], [ -117.348795405, 47.740437271000097 ], [ -117.348938621, 47.74030543 ], [ -117.349038107, 47.740221559000098 ], [ -117.349082093, 47.740184476000103 ], [ -117.349229836, 47.740094743 ], [ -117.34929295, 47.740074501 ], [ -117.349389153, 47.740043648 ], [ -117.349554261, 47.740009512 ], [ -117.349715567, 47.739993990000102 ], [ -117.34988384, 47.739990698 ], [ -117.350068177, 47.739990704 ], [ -117.350151086, 47.739992022000102 ], [ -117.350241272, 47.7399934580001 ], [ -117.350411666, 47.739994885 ], [ -117.350588474, 47.739994251 ], [ -117.350773432, 47.739997601 ], [ -117.350959997, 47.7400030700001 ], [ -117.351148054, 47.740006157 ], [ -117.351326815, 47.740002188000098 ], [ -117.351501033, 47.740000467000101 ], [ -117.351669053, 47.739987480000103 ], [ -117.35183712, 47.739946125000102 ], [ -117.352003287, 47.739882990000098 ], [ -117.352172664, 47.739794543000102 ], [ -117.352348658, 47.739686226000103 ], [ -117.35252994, 47.739568833000099 ], [ -117.352707672, 47.739453624000099 ], [ -117.352880047, 47.739342897 ], [ -117.353055448, 47.739228797000102 ], [ -117.353236161, 47.739113247 ], [ -117.353409086, 47.739002173000102 ], [ -117.353568163, 47.738899193000101 ], [ -117.353724921, 47.738798126000098 ], [ -117.353888658, 47.738693702 ], [ -117.354059067, 47.738585134000097 ], [ -117.35423334, 47.7384749550001 ], [ -117.354425501, 47.738353314000101 ], [ -117.354619083, 47.738231483 ], [ -117.354805313, 47.738115111000099 ], [ -117.354988655, 47.738000611000103 ], [ -117.355084881, 47.737939974 ], [ -117.355184571, 47.737877061000098 ], [ -117.355282926, 47.737815270000098 ], [ -117.355376803, 47.737757026000097 ], [ -117.355464173, 47.73770211 ], [ -117.355546256, 47.737650396 ], [ -117.355625765, 47.737597146 ], [ -117.355702187, 47.737542790000099 ], [ -117.355779488, 47.737489066000101 ], [ -117.355859453, 47.737436893000101 ], [ -117.355941231, 47.737384547 ], [ -117.356023429, 47.737331962 ], [ -117.356107404, 47.737278786 ], [ -117.356193384, 47.737224356000098 ], [ -117.356281138, 47.737168537000102 ], [ -117.356371896, 47.737110629 ], [ -117.356467402, 47.737051118000103 ], [ -117.356562703, 47.736990379000098 ], [ -117.356655593, 47.73693059 ], [ -117.356744705, 47.736871746000098 ], [ -117.356830638, 47.736813228000102 ], [ -117.356911759, 47.736758475 ], [ -117.356988757, 47.736708246 ], [ -117.357060333, 47.736660343 ], [ -117.357128108, 47.736611191000101 ], [ -117.357190184, 47.736561754 ], [ -117.357241367, 47.736516851 ], [ -117.357282079, 47.7364796580001 ], [ -117.357311681, 47.736451939000098 ], [ -117.357326954, 47.736438176 ], [ -117.357335486, 47.736430515000102 ], [ -117.357344251, 47.736422381000096 ], [ -117.357358048, 47.736408172 ], [ -117.357376087, 47.736386494 ], [ -117.357401301, 47.736357465 ], [ -117.357428392, 47.736323674000097 ], [ -117.357457471, 47.736285632 ], [ -117.357489913, 47.736244122000102 ], [ -117.357525836, 47.736202975 ], [ -117.357565611, 47.736159753 ], [ -117.357606019, 47.736117853000103 ], [ -117.357643681, 47.736081554000101 ], [ -117.357644917, 47.736080363 ], [ -117.357681442, 47.736045041000096 ], [ -117.357715054, 47.736014569000098 ], [ -117.357737658, 47.735996941000103 ], [ -117.357758235, 47.736011022000099 ], [ -117.357743143, 47.736027755000102 ], [ -117.357796712, 47.7360427200001 ], [ -117.357897358, 47.736016682000098 ], [ -117.357957135, 47.735978728000099 ], [ -117.358015946, 47.7359413900001 ], [ -117.358031818, 47.735932279000103 ], [ -117.358065644, 47.735919063 ], [ -117.35810138, 47.7359251 ], [ -117.358154453, 47.735919306 ], [ -117.358192198, 47.735911820000098 ], [ -117.358242151, 47.73589904 ], [ -117.358291911, 47.735884036000101 ], [ -117.358323579, 47.735886494000098 ], [ -117.358375242, 47.735890886 ], [ -117.358423699, 47.735898047 ], [ -117.358476984, 47.735896944 ], [ -117.358525029, 47.735903922 ], [ -117.358565669, 47.735919076000101 ], [ -117.358589639, 47.735936663000103 ], [ -117.358609323, 47.735956613 ], [ -117.358641409, 47.7359607490001 ], [ -117.358657348, 47.735934148000098 ], [ -117.35866072, 47.735909592 ], [ -117.358660154, 47.7358774080001 ], [ -117.35864112, 47.7358486890001 ], [ -117.35862677, 47.735822895000098 ], [ -117.358648209, 47.735810870000101 ], [ -117.358676196, 47.735807101 ], [ -117.358711993, 47.73580006 ], [ -117.358748248, 47.735793704000102 ], [ -117.358788082, 47.735796370000102 ], [ -117.35882399, 47.735804167 ], [ -117.358861558, 47.7358066890001 ], [ -117.358894831, 47.735809463000102 ], [ -117.358931369, 47.735798758 ], [ -117.358948518, 47.735810839000102 ], [ -117.358961511, 47.735836168 ], [ -117.3589835, 47.735857378 ], [ -117.35900634, 47.7358602360001 ], [ -117.359027019, 47.735859108000099 ], [ -117.359046997, 47.735851521 ], [ -117.359071877, 47.735853713 ], [ -117.359092066, 47.7358585650001 ], [ -117.359121591, 47.735869486000098 ], [ -117.359135452, 47.735882479000097 ], [ -117.359157473, 47.735896546 ], [ -117.35917182, 47.7359080740001 ], [ -117.35919356, 47.735913223000097 ], [ -117.359219653, 47.7359221950001 ], [ -117.359238913, 47.735933544 ], [ -117.359254515, 47.735944316 ], [ -117.359267721, 47.735956544 ], [ -117.359272872, 47.735970219000102 ], [ -117.359280479, 47.7359862980001 ], [ -117.35928141, 47.736002071 ], [ -117.359285492, 47.736018021000099 ], [ -117.359295552, 47.736031122 ], [ -117.359303598, 47.736046786 ], [ -117.359311658, 47.7360621730001 ], [ -117.359318869, 47.736077456 ], [ -117.359330348, 47.736092021 ], [ -117.359341036, 47.736106233 ], [ -117.359351844, 47.736119764000101 ], [ -117.359365547, 47.736132692000098 ], [ -117.359373646, 47.736147190000104 ], [ -117.359385533, 47.73615993 ], [ -117.359393083, 47.7361735960001 ], [ -117.359405961, 47.736184016 ], [ -117.359403798, 47.736200108 ], [ -117.359402546, 47.7362148 ], [ -117.35942394, 47.7362392060001 ], [ -117.359438973, 47.73625185 ], [ -117.359453202, 47.736263339000097 ], [ -117.359461036, 47.7362758350001 ], [ -117.359468415, 47.736290678 ], [ -117.359481012, 47.736303189000097 ], [ -117.359497955, 47.736312609 ], [ -117.359511162, 47.736325026 ], [ -117.359518756, 47.736339861 ], [ -117.359520516, 47.736341702000097 ], [ -117.359529934, 47.736351556 ], [ -117.359532398, 47.7363648460001 ], [ -117.359543123, 47.736376812000103 ], [ -117.359557481, 47.736387951 ], [ -117.359567233, 47.736400936000102 ], [ -117.359579661, 47.736411932000102 ], [ -117.359591783, 47.7364237150001 ], [ -117.359601954, 47.736435275000098 ], [ -117.359614954, 47.736444995000099 ], [ -117.359627969, 47.736456144 ], [ -117.359627594, 47.736474458 ], [ -117.359628882, 47.736489177000102 ], [ -117.359630451, 47.736506270000099 ], [ -117.359638965, 47.736518635 ], [ -117.359653493, 47.736533496 ], [ -117.359661529, 47.736546874000098 ], [ -117.359667044, 47.7365613260001 ], [ -117.359671028, 47.736576273 ], [ -117.35968121, 47.736588738000101 ], [ -117.359691031, 47.736601858 ], [ -117.35970192, 47.736614516 ], [ -117.359698408, 47.736630453 ], [ -117.359684854, 47.736644607000102 ], [ -117.359667365, 47.7366512890001 ], [ -117.359646067, 47.73665478 ], [ -117.359632302, 47.736661731 ], [ -117.359622657, 47.736672137 ], [ -117.359618016, 47.736685751 ], [ -117.359615364, 47.736698532 ], [ -117.359602533, 47.736715909000097 ], [ -117.359580882, 47.736730188000102 ], [ -117.359566304, 47.736738321000097 ], [ -117.359559857, 47.7367488840001 ], [ -117.35957353, 47.73676305 ], [ -117.359599982, 47.736771683 ], [ -117.359618578, 47.736779954 ], [ -117.3596264, 47.736793659000099 ], [ -117.359634541, 47.736805374 ], [ -117.359646527, 47.736813185000102 ], [ -117.359652053, 47.736823128 ], [ -117.359656362, 47.736833836000102 ], [ -117.359650414, 47.73685434 ], [ -117.359641104, 47.736865108000103 ], [ -117.35965339, 47.736874306000097 ], [ -117.359669368, 47.736879452 ], [ -117.359668397, 47.736900174 ], [ -117.359671065, 47.736912127 ], [ -117.359671409, 47.736924030000097 ], [ -117.359665588, 47.736935241 ], [ -117.359657331, 47.736946867 ], [ -117.359684541, 47.736955257 ], [ -117.35970288, 47.736941631 ], [ -117.359684532, 47.736930773 ], [ -117.359682222, 47.73691896 ], [ -117.36041135, 47.736686246 ], [ -117.360932229, 47.736075579 ], [ -117.36187664, 47.735897536 ], [ -117.362132688, 47.735849264000102 ], [ -117.362279447, 47.735872287000099 ], [ -117.362909104, 47.735693117 ], [ -117.36310861, 47.736002363000097 ], [ -117.363493702, 47.736062777 ], [ -117.365316447, 47.736348698 ], [ -117.365316724, 47.736348690000099 ], [ -117.366040009, 47.737351292 ], [ -117.366764591, 47.738355650000102 ], [ -117.362331365, 47.738619322 ], [ -117.359848479, 47.742749325 ], [ -117.359700421, 47.742995580000098 ], [ -117.359461338, 47.74310374 ], [ -117.359342881, 47.743144156 ], [ -117.359172752, 47.743224776 ], [ -117.359024747, 47.743285305 ], [ -117.358906598, 47.743370769000101 ], [ -117.35872228, 47.743546537 ], [ -117.358206284, 47.744053706 ], [ -117.357572329, 47.744676365 ], [ -117.357387899, 47.744837116 ], [ -117.357099811, 47.745033228000104 ], [ -117.356604716, 47.745345109 ], [ -117.353877466, 47.747000362000101 ], [ -117.353806074, 47.747121844 ], [ -117.353814994, 47.747151030000097 ], [ -117.353816596, 47.7471786 ], [ -117.353839173, 47.747206812000101 ], [ -117.353857736, 47.747238544 ], [ -117.353858722, 47.7472691850001 ], [ -117.353849732, 47.747301447 ], [ -117.353846755, 47.747334024000097 ], [ -117.35384126, 47.7473715450001 ], [ -117.353847929, 47.7473997660001 ], [ -117.353863877, 47.747427519 ], [ -117.353898807, 47.747447092000101 ], [ -117.353904181, 47.747474512000103 ], [ -117.353910267, 47.747503300000098 ], [ -117.353861456, 47.747513536 ], [ -117.353815122, 47.747523534 ], [ -117.353763815, 47.747530322 ], [ -117.353708949, 47.747540802000103 ], [ -117.353657197, 47.747544373 ], [ -117.353611975, 47.747546971000098 ], [ -117.353570293, 47.747543182000101 ], [ -117.353523706, 47.747543922 ], [ -117.353481095, 47.747540920000098 ], [ -117.353428481, 47.747536509 ], [ -117.35337862, 47.747538500000097 ], [ -117.353328402, 47.747531715 ], [ -117.353288501, 47.747540709000099 ], [ -117.353233997, 47.747517676 ], [ -117.353196472, 47.747537375 ], [ -117.353187593, 47.747570397000104 ], [ -117.353189848, 47.74760129 ], [ -117.353175691, 47.747630891 ], [ -117.353177832, 47.747666124 ], [ -117.35320013, 47.747700961000099 ], [ -117.353241595, 47.74770829 ], [ -117.353290258, 47.747697094 ], [ -117.353346144, 47.747700292 ], [ -117.353365767, 47.747727473000097 ], [ -117.35335257, 47.74775814 ], [ -117.35331837, 47.747783109000103 ], [ -117.353275469, 47.7477968090001 ], [ -117.353240825, 47.747823805000102 ], [ -117.353237072, 47.747855446000102 ], [ -117.353243608, 47.747888401000097 ], [ -117.353250958, 47.747916889000102 ], [ -117.353273039, 47.747945411 ], [ -117.353232415, 47.747954482000097 ], [ -117.353181816, 47.747961382 ], [ -117.353138263, 47.747974135 ], [ -117.353099126, 47.7479916570001 ], [ -117.353057894, 47.747997965000103 ], [ -117.353016826, 47.747995681000099 ], [ -117.352978885, 47.747977159000101 ], [ -117.352935334, 47.747957668 ], [ -117.35289303, 47.747951063000102 ], [ -117.352857375, 47.747966686 ], [ -117.352826462, 47.747990655000102 ], [ -117.352833223, 47.748019847000101 ], [ -117.352851003, 47.748046354000103 ], [ -117.352849462, 47.748076254000097 ], [ -117.352852247, 47.748079369 ], [ -117.352870648, 47.7480999570001 ], [ -117.352917242, 47.748102469000102 ], [ -117.352931585, 47.748130967000101 ], [ -117.352908447, 47.748154235000101 ], [ -117.352877697, 47.7481760370001 ], [ -117.352862023, 47.748209625000101 ], [ -117.352853336, 47.748239551 ], [ -117.35282044, 47.748259103000102 ], [ -117.352787207, 47.748276336000103 ], [ -117.35275265, 47.748295655 ], [ -117.352707255, 47.748304158000103 ], [ -117.35265844, 47.748309123000098 ], [ -117.352603484, 47.748313619 ], [ -117.352553653, 47.748318512 ], [ -117.352510232, 47.748320883000098 ], [ -117.352458695, 47.748316911000103 ], [ -117.352406494, 47.748303559000099 ], [ -117.352356589, 47.74829758 ], [ -117.35230358, 47.7482965250001 ], [ -117.352254287, 47.7482884080001 ], [ -117.352199079, 47.748284812000101 ], [ -117.352172842, 47.748289083 ], [ -117.352146606, 47.748293352000097 ], [ -117.352095731, 47.748306192 ], [ -117.352088646, 47.7483416520001 ], [ -117.352093646, 47.748375924000101 ], [ -117.352097382, 47.748403986 ], [ -117.352078312, 47.748435784 ], [ -117.352058554, 47.748462057 ], [ -117.352051003, 47.74849385 ], [ -117.352044829, 47.748526208 ], [ -117.352040841, 47.748560266 ], [ -117.352041936, 47.748593239000101 ], [ -117.352037675, 47.748620848 ], [ -117.35203516, 47.748655447 ], [ -117.352038537, 47.748686082000098 ], [ -117.35203827, 47.74872205 ], [ -117.352030785, 47.748759553000099 ], [ -117.352035618, 47.7487967120001 ], [ -117.352044966, 47.7488252690001 ], [ -117.352056497, 47.748860223000101 ], [ -117.352059263, 47.748893606000102 ], [ -117.35208683, 47.748916821000101 ], [ -117.352122264, 47.748938416 ], [ -117.35215795, 47.748957301000097 ], [ -117.352192698, 47.748972172 ], [ -117.352233473, 47.748991443000101 ], [ -117.352262862, 47.74901197 ], [ -117.352294667, 47.749035636 ], [ -117.352317918, 47.749059263 ], [ -117.352342162, 47.749095826 ], [ -117.352349759, 47.749123129000097 ], [ -117.352355484, 47.749159069 ], [ -117.352366978, 47.749188602000103 ], [ -117.352396903, 47.749219332000102 ], [ -117.352414016, 47.749248734 ], [ -117.352421435, 47.749278953 ], [ -117.352433362, 47.749309933000099 ], [ -117.352439901, 47.749338873000099 ], [ -117.352452399, 47.749368574000101 ], [ -117.352464417, 47.749401812 ], [ -117.352462184, 47.749440764 ], [ -117.352469695, 47.7494767210001 ], [ -117.352477158, 47.749512173 ], [ -117.352487879, 47.749542084 ], [ -117.352485529, 47.749580146 ], [ -117.352490289, 47.749612938 ], [ -117.352486041, 47.749642447 ], [ -117.352492903, 47.74968047 ], [ -117.352494951, 47.749712953 ], [ -117.352495471, 47.74974251 ], [ -117.352496893, 47.749777290000097 ], [ -117.352492732, 47.749813850000102 ], [ -117.352488531, 47.749851233000101 ], [ -117.352492158, 47.74988038 ], [ -117.352495719, 47.7499118060001 ], [ -117.352488645, 47.7499432480001 ], [ -117.35249093, 47.749973781000101 ], [ -117.352492449, 47.750004079000099 ], [ -117.352497554, 47.750036533000099 ], [ -117.352507498, 47.750068965 ], [ -117.352521749, 47.750096545000098 ], [ -117.35254016, 47.750124037 ], [ -117.35257214, 47.7501428200001 ], [ -117.352592002, 47.750168825000102 ], [ -117.352593106, 47.750198949 ], [ -117.352604203, 47.750227285000101 ], [ -117.352604217, 47.750262241 ], [ -117.352621472, 47.7502917260001 ], [ -117.35263161, 47.750322917000098 ], [ -117.352660535, 47.750350442000098 ], [ -117.35266794, 47.750378139000098 ], [ -117.352668948, 47.750381915 ], [ -117.352678088, 47.750417697 ], [ -117.352677001, 47.750453320000098 ], [ -117.35269383, 47.750481374000103 ], [ -117.352701796, 47.75051598 ], [ -117.352706359, 47.750551965000099 ], [ -117.352718555, 47.750585171000097 ], [ -117.352737492, 47.750617612 ], [ -117.352737393, 47.750646402 ], [ -117.352744365, 47.750681885000098 ], [ -117.352748021, 47.750713026 ], [ -117.352747534, 47.750744465 ], [ -117.35275833, 47.750776684000101 ], [ -117.35277239, 47.750810186000102 ], [ -117.3527765, 47.750841074 ], [ -117.352743616, 47.750876029 ], [ -117.352739731, 47.750910600000097 ], [ -117.352743279, 47.750938078 ], [ -117.352711848, 47.750962706000102 ], [ -117.352701589, 47.750992993000096 ], [ -117.352698069, 47.7510233020001 ], [ -117.352705156, 47.751054922 ], [ -117.352702215, 47.751086208000103 ], [ -117.352681796, 47.751111002000101 ], [ -117.352645386, 47.751136669000097 ], [ -117.352611735, 47.751156346000101 ], [ -117.352589593, 47.7511802020001 ], [ -117.352586536, 47.751220563000103 ], [ -117.352630496, 47.751245555 ], [ -117.35268165, 47.751247751000101 ], [ -117.352726758, 47.751255630000102 ], [ -117.352766283, 47.751273158000103 ], [ -117.352801571, 47.751289039 ], [ -117.3528236, 47.751315025000103 ], [ -117.352826363, 47.751344816 ], [ -117.352868705, 47.751347108000097 ], [ -117.352915976, 47.751358971000101 ], [ -117.352932427, 47.751385462 ], [ -117.352947113, 47.751414522000097 ], [ -117.352954931, 47.751448827 ], [ -117.352970899, 47.7514797810001 ], [ -117.352987328, 47.751505122 ], [ -117.353022009, 47.75153512 ], [ -117.353027685, 47.751562416000098 ], [ -117.353041437, 47.751591986000101 ], [ -117.353055477, 47.751621014000101 ], [ -117.353072624, 47.751656978 ], [ -117.353086079, 47.75169004 ], [ -117.353101021, 47.751718482000101 ], [ -117.353107959, 47.751747906 ], [ -117.353119263, 47.751778020000103 ], [ -117.353133279, 47.751811272000097 ], [ -117.353159967, 47.751843058000098 ], [ -117.353179993, 47.75186784 ], [ -117.353204696, 47.751895028 ], [ -117.353234038, 47.751914234 ], [ -117.353258009, 47.751941811000101 ], [ -117.35326921, 47.751972221000102 ], [ -117.353267275, 47.752014714 ], [ -117.353238279, 47.752042789 ], [ -117.353216206, 47.752075218000101 ], [ -117.353191156, 47.752104679000098 ], [ -117.35316944, 47.752133608000101 ], [ -117.353155207, 47.7521600520001 ], [ -117.353154891, 47.752188667 ], [ -117.353186659, 47.752215824000103 ], [ -117.353232151, 47.752220356000102 ], [ -117.353272838, 47.752226642 ], [ -117.353316157, 47.752225222 ], [ -117.353368437, 47.752228566 ], [ -117.353415594, 47.752235754 ], [ -117.353467842, 47.752231791 ], [ -117.353514361, 47.7522367770001 ], [ -117.353569441, 47.752244186 ], [ -117.353616381, 47.752243052 ], [ -117.353659403, 47.752245832 ], [ -117.35370085, 47.752264389000104 ], [ -117.353742333, 47.752270394 ], [ -117.353791159, 47.752279255000097 ], [ -117.353815974, 47.752278801 ], [ -117.353838421, 47.7522783900001 ], [ -117.3538795, 47.752282905000101 ], [ -117.353933792, 47.752284735 ], [ -117.353979205, 47.752290362000103 ], [ -117.354031063, 47.752295570000101 ], [ -117.354079405, 47.752300539 ], [ -117.354122478, 47.7523042810001 ], [ -117.354166112, 47.7523171 ], [ -117.354214267, 47.752330123 ], [ -117.354258949, 47.752340158 ], [ -117.354295995, 47.752352553 ], [ -117.35434303, 47.752366098 ], [ -117.354385579, 47.752382749 ], [ -117.354415568, 47.752404742000103 ], [ -117.354442889, 47.752426251 ], [ -117.354466587, 47.752452874 ], [ -117.354482922, 47.752484967 ], [ -117.354503673, 47.752513183000097 ], [ -117.354515459, 47.752544967000098 ], [ -117.354522706, 47.752572553 ], [ -117.354532088, 47.752602783 ], [ -117.354541249, 47.752631924000099 ], [ -117.354544173, 47.752664462 ], [ -117.354557231, 47.752690833 ], [ -117.354559305, 47.7527309500001 ], [ -117.354551067, 47.752763266 ], [ -117.354553075, 47.752792106000101 ], [ -117.354560831, 47.752820831000101 ], [ -117.354568867, 47.752858606000103 ], [ -117.354564341, 47.752887278000102 ], [ -117.354561837, 47.752916768 ], [ -117.354548284, 47.752946007 ], [ -117.354549036, 47.752978240000097 ], [ -117.354530782, 47.753010991000103 ], [ -117.354517333, 47.753045989 ], [ -117.354504794, 47.7530739870001 ], [ -117.354492892, 47.753101812000097 ], [ -117.354475795, 47.753131380000099 ], [ -117.354458007, 47.753160263 ], [ -117.35442643, 47.75318538 ], [ -117.354406422, 47.753215948 ], [ -117.354388014, 47.7532421700001 ], [ -117.354376362, 47.753275557000102 ], [ -117.354364574, 47.753313704 ], [ -117.354357005, 47.753348819000102 ], [ -117.354349128, 47.753386589000101 ], [ -117.35433758, 47.753419173000097 ], [ -117.354322334, 47.753455607 ], [ -117.354319312, 47.753489889 ], [ -117.354312236, 47.7535209710001 ], [ -117.354306076, 47.753549875 ], [ -117.354303586, 47.753578304 ], [ -117.354292884, 47.753607308 ], [ -117.354298078, 47.753646633000102 ], [ -117.35427257, 47.753675039 ], [ -117.354238859, 47.753694543000101 ], [ -117.354221928, 47.753726388000103 ], [ -117.354202325, 47.753756904000099 ], [ -117.354169001, 47.753784475 ], [ -117.354126727, 47.753812097 ], [ -117.354097913, 47.753833808000103 ], [ -117.354068878, 47.753853563000099 ], [ -117.354038019, 47.753877548 ], [ -117.353987434, 47.753897554 ], [ -117.353949407, 47.753917032000103 ], [ -117.353910098, 47.753934499000103 ], [ -117.353884659, 47.753960331 ], [ -117.353844005, 47.753986932 ], [ -117.353805586, 47.7540109440001 ], [ -117.353765788, 47.754028387000098 ], [ -117.353711021, 47.754045316 ], [ -117.353665925, 47.754069471 ], [ -117.353623437, 47.754078642000103 ], [ -117.353589068, 47.754096061 ], [ -117.353562471, 47.754124180000098 ], [ -117.353526613, 47.75415 ], [ -117.353484572, 47.754171579000101 ], [ -117.353442264, 47.754179639 ], [ -117.353406338, 47.754207952000101 ], [ -117.353393972, 47.754178766000102 ], [ -117.353383894, 47.754148536000102 ], [ -117.353388831, 47.754120232 ], [ -117.353404503, 47.754084524000099 ], [ -117.353372753, 47.754064417000102 ], [ -117.353342186, 47.754042749000099 ], [ -117.353322981, 47.7540150560001 ], [ -117.353321653, 47.754012349 ], [ -117.353308185, 47.753984898000098 ], [ -117.353298645, 47.753966518 ], [ -117.353289106, 47.753948138000098 ], [ -117.353285475, 47.7539187940001 ], [ -117.353275187, 47.753888076000102 ], [ -117.353274266, 47.753853806000102 ], [ -117.353245929, 47.753831834 ], [ -117.353209551, 47.753817715 ], [ -117.353170392, 47.753797125000098 ], [ -117.353132747, 47.753784205 ], [ -117.353126058, 47.75378191 ], [ -117.353114589, 47.753771488 ], [ -117.353092301, 47.753751236 ], [ -117.353072217, 47.753734426000101 ], [ -117.35306388, 47.753727449000102 ], [ -117.353029085, 47.753707557 ], [ -117.353017727, 47.753702053 ], [ -117.352995805, 47.753704724 ], [ -117.352952006, 47.753705984000099 ], [ -117.352904979, 47.753698577000101 ], [ -117.352892626, 47.753694849000098 ], [ -117.352853281, 47.753682977 ], [ -117.352804805, 47.753676337000101 ], [ -117.352758715, 47.753685815 ], [ -117.352709124, 47.753678143000101 ], [ -117.352672304, 47.753661781000098 ], [ -117.352631774, 47.7536461340001 ], [ -117.352587318, 47.753640840000102 ], [ -117.352543625, 47.753641025 ], [ -117.352504613, 47.753631099000103 ], [ -117.352469703, 47.753614683000102 ], [ -117.352465897, 47.753612852000103 ], [ -117.352433306, 47.753597173000102 ], [ -117.352419722, 47.753590113 ], [ -117.352398036, 47.753578844000103 ], [ -117.352397304, 47.753578463000103 ], [ -117.352351105, 47.753574941000103 ], [ -117.352308513, 47.753570908 ], [ -117.352267181, 47.753560568000097 ], [ -117.352243023, 47.753563641 ], [ -117.352212993, 47.753567462 ], [ -117.352171753, 47.753561887 ], [ -117.352160027, 47.753562894 ], [ -117.352143343, 47.753564327 ], [ -117.352127237, 47.75356571 ], [ -117.352083673, 47.753574933 ], [ -117.352043029, 47.753589644 ], [ -117.35201764, 47.753613990000098 ], [ -117.352020073, 47.753638480000099 ], [ -117.352003376, 47.753645524 ], [ -117.352019397, 47.753647797 ], [ -117.35201572, 47.753658525 ], [ -117.352010803, 47.753672877 ], [ -117.352042039, 47.75370337 ], [ -117.352060467, 47.753735421 ], [ -117.352065127, 47.753740231000101 ], [ -117.352085157, 47.753760908000103 ], [ -117.352115612, 47.753784681000099 ], [ -117.352161561, 47.753797591000101 ], [ -117.352162083, 47.753799052 ], [ -117.352163163, 47.753802072 ], [ -117.352163988, 47.753804382000098 ], [ -117.35217197, 47.753826710000098 ], [ -117.352193496, 47.753851073000099 ], [ -117.352216778, 47.753875642 ], [ -117.352240959, 47.753901137000099 ], [ -117.352244496, 47.753932163000101 ], [ -117.352246832, 47.753965175000097 ], [ -117.352242841, 47.753977302000102 ], [ -117.352236952, 47.753995196000098 ], [ -117.352218621, 47.754021062 ], [ -117.352228678, 47.754049022000103 ], [ -117.352229435, 47.754060231 ], [ -117.352235284, 47.754146787000103 ], [ -117.352204197, 47.754174815000098 ], [ -117.352154091, 47.754219994 ], [ -117.352141466, 47.754237469 ], [ -117.35213625, 47.7542446900001 ], [ -117.352128806, 47.754244744000097 ], [ -117.352114, 47.754244853 ], [ -117.35209175, 47.754245015 ], [ -117.35204056, 47.7542406210001 ], [ -117.352036545, 47.754240276000097 ], [ -117.351992781, 47.754239064 ], [ -117.351991774, 47.754239036000101 ], [ -117.351963193, 47.754247791000097 ], [ -117.351941502, 47.754254436000103 ], [ -117.351901018, 47.754267469000098 ], [ -117.351917575, 47.754298430000098 ], [ -117.35186888, 47.754290904000101 ], [ -117.351913503, 47.754301399 ], [ -117.351924334, 47.7543072940001 ], [ -117.351938473, 47.754325277000099 ], [ -117.351973243, 47.754344588 ], [ -117.352005146, 47.754364282 ], [ -117.352039555, 47.754389117000102 ], [ -117.352037995, 47.754420081 ], [ -117.352012533, 47.7544437930001 ], [ -117.351987672, 47.754467744000102 ], [ -117.351998407, 47.7545070460001 ], [ -117.351994227, 47.754519163000097 ], [ -117.351989961, 47.754531533 ], [ -117.351988015, 47.754537173000102 ], [ -117.351984894, 47.7545707210001 ], [ -117.351986344, 47.754576061000101 ], [ -117.351992583, 47.754599025000097 ], [ -117.352003658, 47.754610721000098 ], [ -117.352014732, 47.754622416000103 ], [ -117.351982236, 47.754645502000102 ], [ -117.351978125, 47.754648663000097 ], [ -117.351949602, 47.7546705990001 ], [ -117.351909414, 47.754686877 ], [ -117.351878162, 47.7547089440001 ], [ -117.351852024, 47.75472648 ], [ -117.351849171, 47.754728395 ], [ -117.351824954, 47.754754565 ], [ -117.351789029, 47.754772870000103 ], [ -117.351774433, 47.754745914000097 ], [ -117.351735188, 47.754731375000098 ], [ -117.351715274, 47.754728329 ], [ -117.351684402, 47.754723607000102 ], [ -117.351680049, 47.754724618000097 ], [ -117.351662597, 47.754728672000098 ], [ -117.3516548, 47.754730484 ], [ -117.35163642, 47.754734753 ], [ -117.3516267, 47.754741251 ], [ -117.351602625, 47.754757346000098 ], [ -117.35158129, 47.754781893 ], [ -117.351577558, 47.754786187 ], [ -117.351560886, 47.754818102000101 ], [ -117.351554112, 47.754846341000103 ], [ -117.35153789, 47.754874534000102 ], [ -117.351513384, 47.7548985130001 ], [ -117.351489615, 47.7549224690001 ], [ -117.351461738, 47.754946673000099 ], [ -117.351443676, 47.754977701 ], [ -117.351426602, 47.755003521 ], [ -117.351390722, 47.755030829000098 ], [ -117.351358274, 47.755054537 ], [ -117.351329777, 47.755079911000102 ], [ -117.351290407, 47.755094849 ], [ -117.351260373, 47.755119655 ], [ -117.351257946, 47.755120670000103 ], [ -117.35124441, 47.75512818 ], [ -117.351219739, 47.755140834 ], [ -117.351172151, 47.755151459 ], [ -117.35114069, 47.755164163000103 ], [ -117.351123627, 47.755168680000097 ], [ -117.351081286, 47.755168260000097 ], [ -117.351041273, 47.755179450000099 ], [ -117.351021999, 47.755185407000099 ], [ -117.350976234, 47.755186178 ], [ -117.350930061, 47.755185342000097 ], [ -117.350890598, 47.755178472000097 ], [ -117.350848679, 47.755182373 ], [ -117.350803883, 47.755191572000101 ], [ -117.350766365, 47.7552098130001 ], [ -117.350723712, 47.7552298700001 ], [ -117.350694685, 47.755254612 ], [ -117.350685484, 47.755283783 ], [ -117.350690185, 47.755316337000103 ], [ -117.350694474, 47.755351317000098 ], [ -117.350713477, 47.755377197 ], [ -117.35073024, 47.755409827000101 ], [ -117.350743005, 47.755445798 ], [ -117.350770213, 47.755480682 ], [ -117.350793644, 47.755513751000102 ], [ -117.350803353, 47.755546260000102 ], [ -117.35080963, 47.755577505000097 ], [ -117.350822355, 47.755616600000103 ], [ -117.350836041, 47.755643221000099 ], [ -117.350843129, 47.7556710160001 ], [ -117.350850175, 47.755703226 ], [ -117.35085491, 47.755717813 ], [ -117.350860793, 47.755735942000101 ], [ -117.35086478, 47.755771661 ], [ -117.350839374, 47.755759807000103 ], [ -117.350828369, 47.755754671 ], [ -117.35083903, 47.755728005 ], [ -117.350812384, 47.755707280000102 ], [ -117.350818725, 47.755679824 ], [ -117.350804101, 47.755653685 ], [ -117.350798489, 47.755621017000102 ], [ -117.35077232, 47.755598196000101 ], [ -117.350750612, 47.755564361 ], [ -117.350713601, 47.755551702 ], [ -117.350667564, 47.7555359690001 ], [ -117.35065514, 47.755509268 ], [ -117.350646424, 47.755480424 ], [ -117.350620298, 47.75545443 ], [ -117.350607363, 47.7554271220001 ], [ -117.350602604, 47.75539201 ], [ -117.350589381, 47.755363532 ], [ -117.350563273, 47.755338837000103 ], [ -117.350527314, 47.755309123000103 ], [ -117.350524683, 47.755287624000097 ], [ -117.350523465, 47.755277664000097 ], [ -117.350505212, 47.755249638000102 ], [ -117.350458904, 47.755243930000098 ], [ -117.350422494, 47.755220000000101 ], [ -117.350383605, 47.755203657 ], [ -117.350353229, 47.755181801 ], [ -117.350312515, 47.755161003000097 ], [ -117.350274644, 47.755147557 ], [ -117.350226847, 47.755150041 ], [ -117.350181565, 47.755141747 ], [ -117.3501888, 47.755110964 ], [ -117.350185269, 47.755077789 ], [ -117.350137414, 47.755071544 ], [ -117.350103089, 47.755053516 ], [ -117.350063758, 47.755032969000098 ], [ -117.350014781, 47.755021875000097 ], [ -117.349969337, 47.755024318 ], [ -117.34992978, 47.755016176 ], [ -117.349888059, 47.755005502000103 ], [ -117.349840889, 47.7549961570001 ], [ -117.349790953, 47.754992191 ], [ -117.349742616, 47.754985897 ], [ -117.349700902, 47.754983330000101 ], [ -117.349690101, 47.755015790000101 ], [ -117.349683315, 47.755051729000101 ], [ -117.349689633, 47.755081078 ], [ -117.349695537, 47.755124137000102 ], [ -117.349699734, 47.755155681000097 ], [ -117.349691967, 47.755193128 ], [ -117.349689989, 47.755231258 ], [ -117.349691528, 47.755264175 ], [ -117.349681507, 47.755296175000097 ], [ -117.349690328, 47.7553336490001 ], [ -117.349693973, 47.7553662770001 ], [ -117.349695597, 47.755398671000101 ], [ -117.349687879, 47.755427524 ], [ -117.349702174, 47.755468472000103 ], [ -117.349719804, 47.755496595000103 ], [ -117.349719432, 47.755525746 ], [ -117.349711723, 47.755560417 ], [ -117.349708702, 47.755596796000098 ], [ -117.349695154, 47.755633165000098 ], [ -117.349688269, 47.7556770630001 ], [ -117.34968576, 47.755699695 ], [ -117.349683889, 47.755716568 ], [ -117.349667735, 47.755748135 ], [ -117.349645597, 47.755779585 ], [ -117.349634627, 47.7558155030001 ], [ -117.349615924, 47.755824052 ], [ -117.349632517, 47.755893132 ], [ -117.34948574, 47.756143854000101 ], [ -117.349456034, 47.756239697000098 ], [ -117.349413199, 47.75625081 ], [ -117.349376631, 47.756266674000102 ], [ -117.349333088, 47.756262941 ], [ -117.349348123, 47.756236391000101 ], [ -117.349349435, 47.756202565000102 ], [ -117.349319133, 47.756183855000103 ], [ -117.349267066, 47.756178665 ], [ -117.349209181, 47.756174358000102 ], [ -117.349163643, 47.756180486000098 ], [ -117.349125814, 47.756165436000103 ], [ -117.349125661, 47.756127198000101 ], [ -117.349134422, 47.756097709000102 ], [ -117.349115203, 47.756061619 ], [ -117.349113048, 47.756032156000103 ], [ -117.349080139, 47.756013562000099 ], [ -117.349062786, 47.756005684000101 ], [ -117.34903188, 47.755991653000102 ], [ -117.349000935, 47.755973066000102 ], [ -117.348963634, 47.755957972 ], [ -117.348956838, 47.755924166000099 ], [ -117.34897549, 47.755895913000103 ], [ -117.349005492, 47.755866776000097 ], [ -117.349040264, 47.755833161000098 ], [ -117.349075464, 47.755800553 ], [ -117.349105847, 47.755781155000101 ], [ -117.349128121, 47.755755734 ], [ -117.349107792, 47.755718650000098 ], [ -117.349068631, 47.755707669000103 ], [ -117.349026474, 47.755697071 ], [ -117.348969393, 47.755698825000103 ], [ -117.348926202, 47.755706948000103 ], [ -117.348888672, 47.755735786000102 ], [ -117.348871506, 47.755766955000098 ], [ -117.348862269, 47.755795778 ], [ -117.348848439, 47.755821866000097 ], [ -117.348848601, 47.755861769 ], [ -117.348848082, 47.755891459000097 ], [ -117.348839827, 47.755919096000099 ], [ -117.348823899, 47.755944518 ], [ -117.348786338, 47.7559603340001 ], [ -117.348729947, 47.755968518 ], [ -117.348688859, 47.755973693 ], [ -117.348647685, 47.755984214000101 ], [ -117.348607187, 47.755998495 ], [ -117.348596112, 47.756040085000102 ], [ -117.348590252, 47.756069709 ], [ -117.348553881, 47.756098713 ], [ -117.348518186, 47.756113625000097 ], [ -117.34850004, 47.756149740000097 ], [ -117.348444183, 47.756159497000098 ], [ -117.348402833, 47.756150328 ], [ -117.348360666, 47.756147652 ], [ -117.348306989, 47.756135653000101 ], [ -117.348251068, 47.756125871000101 ], [ -117.348210357, 47.756121246000099 ], [ -117.348169663, 47.756111969000102 ], [ -117.348124649, 47.756104399 ], [ -117.348085624, 47.756113416000098 ], [ -117.348046934, 47.7561261970001 ], [ -117.348007726, 47.756139694000098 ], [ -117.347970499, 47.756161691 ], [ -117.347924591, 47.756175652000103 ], [ -117.347868139, 47.756188432 ], [ -117.347829309, 47.756209014 ], [ -117.347783275, 47.756218813 ], [ -117.347744115, 47.75620861 ], [ -117.347690368, 47.756219147000103 ], [ -117.347650996, 47.756256572 ], [ -117.347670711, 47.756281222 ], [ -117.347675784, 47.756312634 ], [ -117.347678176, 47.756350217 ], [ -117.347680359, 47.756384116 ], [ -117.34767786, 47.756415737000097 ], [ -117.34767401, 47.756451499 ], [ -117.347669676, 47.756487664000097 ], [ -117.347669901, 47.756489637000101 ], [ -117.347673046, 47.756517117 ], [ -117.347675715, 47.756552202000101 ], [ -117.347675195, 47.7565797560001 ], [ -117.347646325, 47.756604928000101 ], [ -117.347649163, 47.756634664 ], [ -117.347649672, 47.756663339000099 ], [ -117.34763078, 47.7566373780001 ], [ -117.347583824, 47.756623866 ], [ -117.347560221, 47.756597362 ], [ -117.347537547, 47.756597603 ], [ -117.347514874, 47.756597842000097 ], [ -117.347463783, 47.756602623 ], [ -117.34741091, 47.756597112000101 ], [ -117.347369428, 47.756601753 ], [ -117.347316577, 47.756615060000101 ], [ -117.34726898, 47.7566181890001 ], [ -117.34721746, 47.756630605000097 ], [ -117.347190034, 47.756610178000102 ], [ -117.347186964, 47.756589792000099 ], [ -117.347185014, 47.756576847000098 ], [ -117.347188272, 47.7565486190001 ], [ -117.347190988, 47.756520721000101 ], [ -117.347206513, 47.756488409 ], [ -117.347203985, 47.756455087000099 ], [ -117.34716583, 47.756471512000097 ], [ -117.347123787, 47.7564736510001 ], [ -117.347083626, 47.756454164 ], [ -117.347089059, 47.756418814 ], [ -117.347057015, 47.756396332000101 ], [ -117.347010547, 47.756390145000097 ], [ -117.346953055, 47.756385421000097 ], [ -117.346903889, 47.756391097000098 ], [ -117.34688103, 47.756366765000102 ], [ -117.346892679, 47.756329118000103 ], [ -117.346912312, 47.756298078 ], [ -117.346902357, 47.756269908 ], [ -117.34686433, 47.756255612000103 ], [ -117.346819011, 47.756250216000097 ], [ -117.346775567, 47.756255633000102 ], [ -117.346716371, 47.756250914000098 ], [ -117.346666757, 47.756247683 ], [ -117.34660794, 47.756245916000097 ], [ -117.346563928, 47.756255908000099 ], [ -117.346515674, 47.756257543000103 ], [ -117.346470878, 47.756262629 ], [ -117.3464286, 47.756266334 ], [ -117.346367927, 47.756270462 ], [ -117.346323699, 47.756273158000099 ], [ -117.346261532, 47.756279603000102 ], [ -117.34621889, 47.756276688000099 ], [ -117.346159895, 47.756275547 ], [ -117.346115893, 47.756280417 ], [ -117.346073794, 47.756287652 ], [ -117.346012412, 47.75629243 ], [ -117.3459699, 47.756295024000103 ], [ -117.345929948, 47.756302191 ], [ -117.345887274, 47.756310748 ], [ -117.345845603, 47.7563188130001 ], [ -117.345787919, 47.756315153000102 ], [ -117.345766213, 47.756283799000101 ], [ -117.345743232, 47.756260415 ], [ -117.345710498, 47.756232266 ], [ -117.345687277, 47.756208355000098 ], [ -117.345641728, 47.756199902 ], [ -117.345632599, 47.756167168 ], [ -117.345651567, 47.756136788 ], [ -117.3456729, 47.756112609000098 ], [ -117.345670894, 47.75607782 ], [ -117.345617526, 47.756074835 ], [ -117.345556283, 47.756076009 ], [ -117.3455195, 47.756090188 ], [ -117.345474162, 47.756099637 ], [ -117.345415638, 47.756115543000099 ], [ -117.345370893, 47.756116537 ], [ -117.345325688, 47.756144122000102 ], [ -117.345307412, 47.756169627000098 ], [ -117.345285188, 47.756204027000102 ], [ -117.345264675, 47.756228290000102 ], [ -117.345244093, 47.756265641 ], [ -117.345209052, 47.756298410000099 ], [ -117.345190986, 47.756322985000097 ], [ -117.345190319, 47.756358781000102 ], [ -117.345215667, 47.756380677 ], [ -117.345223016, 47.7564088 ], [ -117.345218958, 47.756445295 ], [ -117.345213592, 47.756480567 ], [ -117.345215445, 47.75652089 ], [ -117.345214668, 47.756549539 ], [ -117.345208213, 47.756579874000103 ], [ -117.3451477, 47.7565790620001 ], [ -117.345100273, 47.756580141 ], [ -117.345058487, 47.756571256 ], [ -117.345012635, 47.7565624530001 ], [ -117.344969348, 47.756545111 ], [ -117.34492675, 47.756527064000103 ], [ -117.344895021, 47.756505037000103 ], [ -117.344838389, 47.7565032850001 ], [ -117.344792224, 47.756482633000097 ], [ -117.34474959, 47.756489218000098 ], [ -117.34468642, 47.756488519000101 ], [ -117.344662721, 47.756453634000103 ], [ -117.34461204, 47.756447026 ], [ -117.344556431, 47.756447278000103 ], [ -117.344498326, 47.756438932 ], [ -117.344454812, 47.756446530000098 ], [ -117.344415573, 47.756432270000097 ], [ -117.344377243, 47.75641546 ], [ -117.344331919, 47.7564050840001 ], [ -117.344284741, 47.756390516000103 ], [ -117.344232521, 47.756373265 ], [ -117.344166024, 47.756415542000099 ], [ -117.344124079, 47.756413570000099 ], [ -117.34408352, 47.756416689 ], [ -117.344029646, 47.756412643 ], [ -117.343978284, 47.756408575000101 ], [ -117.3439311, 47.756405922000098 ], [ -117.343888504, 47.7563949500001 ], [ -117.343846375, 47.756396128000098 ], [ -117.343794599, 47.756400227 ], [ -117.34372908, 47.756397197000098 ], [ -117.3436874, 47.756391955 ], [ -117.343629684, 47.756388911 ], [ -117.343588866, 47.756391388000097 ], [ -117.343529743, 47.7563952940001 ], [ -117.34348815, 47.756397024000101 ], [ -117.343431216, 47.7563812510001 ], [ -117.34338107, 47.75635993 ], [ -117.343327706, 47.7563392610001 ], [ -117.343274581, 47.756320903000102 ], [ -117.343234227, 47.75631422 ], [ -117.343192784, 47.756304580000098 ], [ -117.34315781, 47.7562718 ], [ -117.343152888, 47.756242353000097 ], [ -117.343141142, 47.7562128530001 ], [ -117.343132158, 47.756185157000097 ], [ -117.343123181, 47.7561575410001 ], [ -117.343115407, 47.756129475000101 ], [ -117.343097365, 47.75609991 ], [ -117.343082481, 47.756071842 ], [ -117.343062782, 47.756044741 ], [ -117.343057055, 47.756032044000101 ], [ -117.343050585, 47.756017703000097 ], [ -117.343027207, 47.755994474 ], [ -117.343008501, 47.755966964 ], [ -117.343008267, 47.755939294 ], [ -117.343004457, 47.755910265000097 ], [ -117.342998277, 47.7558704160001 ], [ -117.34299245, 47.755842251 ], [ -117.342969679, 47.755811580000099 ], [ -117.342963482, 47.755783489000102 ], [ -117.342964986, 47.755754404000101 ], [ -117.342964498, 47.755724907000101 ], [ -117.342961819, 47.755693666000099 ], [ -117.342961726, 47.755677849000101 ], [ -117.342961622, 47.755662032 ], [ -117.342960382, 47.755622886 ], [ -117.34297598, 47.755580954 ], [ -117.343022165, 47.755559092000098 ], [ -117.343062388, 47.755548511 ], [ -117.343110239, 47.755545829 ], [ -117.343149852, 47.755566804000097 ], [ -117.343182064, 47.755584047000099 ], [ -117.343223522, 47.755600534000102 ], [ -117.34326639, 47.755616946 ], [ -117.34330977, 47.755622873 ], [ -117.343352036, 47.7556330990001 ], [ -117.343393943, 47.755645560000097 ], [ -117.34343924, 47.755660607 ], [ -117.34348237, 47.755676151 ], [ -117.343517884, 47.7556981050001 ], [ -117.343550955, 47.755718005000098 ], [ -117.343555761, 47.755720685 ], [ -117.343604776, 47.755748013000101 ], [ -117.343604055, 47.755782141000097 ], [ -117.343621226, 47.755807019 ], [ -117.343652835, 47.755827487 ], [ -117.343683609, 47.755847368 ], [ -117.343705754, 47.755879247000102 ], [ -117.343695481, 47.755915662000099 ], [ -117.343711376, 47.755942903000097 ], [ -117.343748972, 47.755972001 ], [ -117.343795607, 47.755976023000102 ], [ -117.343836576, 47.755964201 ], [ -117.343884124, 47.755945948 ], [ -117.343910232, 47.755920024 ], [ -117.343936891, 47.755893826 ], [ -117.344000571, 47.755898366000103 ], [ -117.344043041, 47.755894178000098 ], [ -117.344083727, 47.755895344000102 ], [ -117.344143538, 47.755897490000102 ], [ -117.344193345, 47.755916557 ], [ -117.344225245, 47.7559392490001 ], [ -117.344278445, 47.755959647000097 ], [ -117.344327902, 47.7559550060001 ], [ -117.344386187, 47.755949495 ], [ -117.344425861, 47.755957264000102 ], [ -117.344470981, 47.755957338 ], [ -117.344515322, 47.755947644000102 ], [ -117.344558165, 47.7559390750001 ], [ -117.34459313, 47.755916804 ], [ -117.344618261, 47.755889935 ], [ -117.344660667, 47.755861175000099 ], [ -117.34470369, 47.755837189 ], [ -117.34474465, 47.755822149 ], [ -117.344786625, 47.755808295000101 ], [ -117.34482808, 47.755793651 ], [ -117.344870715, 47.755775509 ], [ -117.344920112, 47.755781461 ], [ -117.34495336, 47.755807065000099 ], [ -117.344981567, 47.755833437 ], [ -117.344996782, 47.755868601 ], [ -117.345000644, 47.755902675000101 ], [ -117.345002259, 47.755938620000101 ], [ -117.345017821, 47.755972013000097 ], [ -117.345031802, 47.7560098390001 ], [ -117.345037034, 47.756049789 ], [ -117.345042421, 47.756085392 ], [ -117.345049548, 47.756117939 ], [ -117.345049304, 47.756147276 ], [ -117.345057919, 47.756175386000102 ], [ -117.345053101, 47.7562035730001 ], [ -117.345093501, 47.756207004 ], [ -117.345127723, 47.756188611 ], [ -117.34517013, 47.756170741000098 ], [ -117.345216991, 47.756154531 ], [ -117.345264133, 47.75613887 ], [ -117.345303443, 47.756127132000103 ], [ -117.345344087, 47.756107896000103 ], [ -117.345377634, 47.756088532 ], [ -117.345423021, 47.756069348 ], [ -117.345460951, 47.756052442000097 ], [ -117.345504456, 47.756033046 ], [ -117.345550314, 47.756018652000101 ], [ -117.345596028, 47.75599872 ], [ -117.345646926, 47.7559782370001 ], [ -117.345693285, 47.755955937000103 ], [ -117.345708636, 47.755928037 ], [ -117.345738624, 47.755907406000098 ], [ -117.34577586, 47.755895325 ], [ -117.345829557, 47.755882744000097 ], [ -117.345889997, 47.755862695000097 ], [ -117.345944916, 47.75584601 ], [ -117.345984176, 47.755834791 ], [ -117.346027235, 47.755823707 ], [ -117.346085592, 47.7558060040001 ], [ -117.34611985, 47.7557899560001 ], [ -117.346138877, 47.755763232 ], [ -117.346134396, 47.755735254000101 ], [ -117.346126457, 47.755700569000098 ], [ -117.34610966, 47.755664691 ], [ -117.346090177, 47.755633323 ], [ -117.346076362, 47.755596568 ], [ -117.346054994, 47.755562577 ], [ -117.346032639, 47.755530396 ], [ -117.346023098, 47.755496303 ], [ -117.346040169, 47.755461359 ], [ -117.346096877, 47.755465074 ], [ -117.346150078, 47.755473798 ], [ -117.34619192, 47.755471287 ], [ -117.346246354, 47.7554625430001 ], [ -117.346288429, 47.75544999 ], [ -117.346327645, 47.755441393000098 ], [ -117.346390267, 47.755432003000102 ], [ -117.34643111, 47.755427693000101 ], [ -117.346477181, 47.75542568 ], [ -117.346537704, 47.755427499000099 ], [ -117.346602781, 47.755424158 ], [ -117.346670128, 47.755417168000101 ], [ -117.346671759, 47.755370997000099 ], [ -117.346710423, 47.75535409 ], [ -117.346752549, 47.755343768 ], [ -117.346797822, 47.755336494000098 ], [ -117.346847159, 47.755326567000097 ], [ -117.346905129, 47.755337893 ], [ -117.346946097, 47.755357363 ], [ -117.346981532, 47.75537273 ], [ -117.347021948, 47.755365275 ], [ -117.34705468, 47.755346427000099 ], [ -117.347074378, 47.755321907000102 ], [ -117.347087437, 47.7552940530001 ], [ -117.347077242, 47.755261412 ], [ -117.347057831, 47.75522512 ], [ -117.347046067, 47.755188577000098 ], [ -117.346997971, 47.755162356 ], [ -117.346999531, 47.755134088 ], [ -117.347003567, 47.755098193 ], [ -117.347000259, 47.755067158 ], [ -117.347025147, 47.755034644 ], [ -117.347041283, 47.75499512 ], [ -117.347032047, 47.754965490000103 ], [ -117.347014197, 47.754938978 ], [ -117.347007457, 47.754908827000101 ], [ -117.347000442, 47.754867175000101 ], [ -117.346996949, 47.754829741 ], [ -117.346995557, 47.754794864000097 ], [ -117.346989628, 47.754751992000102 ], [ -117.346984923, 47.7547198030001 ], [ -117.346991388, 47.754686894 ], [ -117.347009117, 47.754649928 ], [ -117.347045677, 47.7546210470001 ], [ -117.347080102, 47.754587732000097 ], [ -117.347065875, 47.754561882000097 ], [ -117.347048811, 47.754521493 ], [ -117.34704815, 47.754484975 ], [ -117.347053515, 47.754456583 ], [ -117.347057308, 47.754427813000099 ], [ -117.347063089, 47.7543889 ], [ -117.347063455, 47.754350493000103 ], [ -117.347042873, 47.754313875 ], [ -117.347043935, 47.754278281 ], [ -117.34703294, 47.754246788 ], [ -117.347021698, 47.754219145 ], [ -117.347016636, 47.754182564000097 ], [ -117.347053441, 47.754155350000097 ], [ -117.347094238, 47.7541475740001 ], [ -117.347125986, 47.754122244 ], [ -117.347136061, 47.754089166 ], [ -117.347091118, 47.754076443 ], [ -117.347041059, 47.754061138000097 ], [ -117.347010764, 47.754034175000101 ], [ -117.346981651, 47.754001245 ], [ -117.346971142, 47.753973206000097 ], [ -117.346928549, 47.753984253000098 ], [ -117.346968065, 47.753958157000099 ], [ -117.346930073, 47.753930096 ], [ -117.346936579, 47.7538965580001 ], [ -117.346903924, 47.753879111000103 ], [ -117.34684659, 47.753872810000097 ], [ -117.34687502, 47.753852869000099 ], [ -117.346890543, 47.753822152000097 ], [ -117.346883691, 47.753787741000103 ], [ -117.346894953, 47.753752584 ], [ -117.346923046, 47.753731671 ], [ -117.346966602, 47.753703879000099 ], [ -117.346961685, 47.753670105 ], [ -117.346946384, 47.7536403020001 ], [ -117.346947447, 47.753599882000103 ], [ -117.346962343, 47.753557458 ], [ -117.346964019, 47.753529342 ], [ -117.346963168, 47.75350071 ], [ -117.346993568, 47.753467044 ], [ -117.346998414, 47.753436666 ], [ -117.346995038, 47.753408416000099 ], [ -117.346996273, 47.753377865000097 ], [ -117.346988749, 47.753342832 ], [ -117.346992771, 47.753303911 ], [ -117.346996932, 47.753274759000099 ], [ -117.347004696, 47.753247015000099 ], [ -117.34700759, 47.753217888000101 ], [ -117.347004637, 47.753190017000101 ], [ -117.347001339, 47.753147933 ], [ -117.347004738, 47.753113489 ], [ -117.346999975, 47.753081554000097 ], [ -117.3470001, 47.753048534000101 ], [ -117.347002629, 47.753019565 ], [ -117.347001808, 47.752976236000102 ], [ -117.346998906, 47.752935012000101 ], [ -117.346991329, 47.752890845000103 ], [ -117.346997674, 47.752854228 ], [ -117.346980353, 47.752818695 ], [ -117.346977961, 47.752788547000101 ], [ -117.346982709, 47.752758673000102 ], [ -117.346960441, 47.752724916 ], [ -117.346983489, 47.752696391 ], [ -117.346993015, 47.752658614 ], [ -117.346988723, 47.752621014000098 ], [ -117.346978195, 47.7525939430001 ], [ -117.346982117, 47.752564589 ], [ -117.346988421, 47.752534915000098 ], [ -117.346991989, 47.752500977000103 ], [ -117.346989182, 47.752472317000098 ], [ -117.346988338, 47.752442099000099 ], [ -117.346985933, 47.7524107630001 ], [ -117.346984616, 47.752378965 ], [ -117.346991801, 47.752348766000097 ], [ -117.346991024, 47.752317914000102 ], [ -117.346976934, 47.752292151000098 ], [ -117.346958439, 47.7522652870001 ], [ -117.346928318, 47.752233031000102 ], [ -117.34688154, 47.75223864 ], [ -117.346837526, 47.752236789000101 ], [ -117.346804907, 47.7522149280001 ], [ -117.346766716, 47.752193441 ], [ -117.346724734, 47.752161616000102 ], [ -117.346711251, 47.752128421000101 ], [ -117.346704601, 47.752099387 ], [ -117.346704526, 47.752067430000103 ], [ -117.346711561, 47.752035836000097 ], [ -117.346728658, 47.751999041 ], [ -117.346744033, 47.751961650000098 ], [ -117.346711972, 47.751930142 ], [ -117.346668356, 47.751923328 ], [ -117.346627702, 47.75191542 ], [ -117.346568397, 47.751915965000101 ], [ -117.34651991, 47.751919051000101 ], [ -117.346478772, 47.75190659 ], [ -117.346431898, 47.751902927000103 ], [ -117.346388327, 47.751892520000098 ], [ -117.346344019, 47.7518851150001 ], [ -117.346284822, 47.751868524 ], [ -117.346262746, 47.751831767000098 ], [ -117.346244315, 47.751803162 ], [ -117.346252221, 47.7517690070001 ], [ -117.346267095, 47.7517398090001 ], [ -117.346271377, 47.7517103550001 ], [ -117.346272462, 47.751669055 ], [ -117.346277404, 47.7516390850001 ], [ -117.346244467, 47.751612959000099 ], [ -117.346210103, 47.751596416 ], [ -117.346150552, 47.751600409 ], [ -117.346108769, 47.751600499000098 ], [ -117.346065268, 47.751605526 ], [ -117.346021033, 47.751604666 ], [ -117.345976906, 47.751602382 ], [ -117.345916953, 47.751601012 ], [ -117.345873507, 47.751599 ], [ -117.345817165, 47.751597714000098 ], [ -117.345776078, 47.751597522000097 ], [ -117.345729299, 47.7516098030001 ], [ -117.345698305, 47.751629075 ], [ -117.345657109, 47.751638166000099 ], [ -117.34562036, 47.751656498 ], [ -117.345575312, 47.751655273 ], [ -117.345521579, 47.751659969000102 ], [ -117.345478937, 47.751658916000103 ], [ -117.345438302, 47.751648987000102 ], [ -117.345379445, 47.751637816 ], [ -117.345335909, 47.751630285 ], [ -117.345279607, 47.751626426 ], [ -117.345235604, 47.751637371000101 ], [ -117.345197751, 47.751651531 ], [ -117.34516831, 47.751674068000099 ], [ -117.345161052, 47.751703266 ], [ -117.345158834, 47.751742328 ], [ -117.345128064, 47.751770964000102 ], [ -117.345110043, 47.751799574000103 ], [ -117.345109945, 47.751831173 ], [ -117.345109977, 47.751864301000097 ], [ -117.345118779, 47.751897844 ], [ -117.345128831, 47.751927931000097 ], [ -117.345126656, 47.751956543000098 ], [ -117.345122346, 47.7519893750001 ], [ -117.345114447, 47.752020141000102 ], [ -117.34511113, 47.752048902000098 ], [ -117.345130628, 47.752079728000098 ], [ -117.345139124, 47.752112340000103 ], [ -117.345105851, 47.752136589 ], [ -117.345066025, 47.752156753000101 ], [ -117.345082025, 47.752184239 ], [ -117.345114744, 47.752212512 ], [ -117.345097645, 47.752239050000099 ], [ -117.345076376, 47.752263789 ], [ -117.345033812, 47.752267827 ], [ -117.344983795, 47.7522904080001 ], [ -117.344972096, 47.752316792 ], [ -117.344976135, 47.752356330000097 ], [ -117.344920941, 47.752371712000098 ], [ -117.344868801, 47.752371312 ], [ -117.344827966, 47.752383769000097 ], [ -117.344781224, 47.752391039 ], [ -117.34473366, 47.752386847 ], [ -117.34469172, 47.752396740000101 ], [ -117.344646622, 47.752408717 ], [ -117.344606977, 47.752415725 ], [ -117.344562025, 47.752429249 ], [ -117.344528163, 47.752452132 ], [ -117.34453497, 47.752494637 ], [ -117.344516616, 47.752527 ], [ -117.344490639, 47.7525535340001 ], [ -117.34447804, 47.752588729000102 ], [ -117.344476309, 47.752616362 ], [ -117.3444402, 47.752636653000103 ], [ -117.344414946, 47.752609728 ], [ -117.344394851, 47.752573519000101 ], [ -117.344408411, 47.752532121000101 ], [ -117.34441878, 47.752504681000097 ], [ -117.344415675, 47.75246422 ], [ -117.344407174, 47.752435567000099 ], [ -117.344394191, 47.752398268 ], [ -117.344379123, 47.752357270000097 ], [ -117.344377036, 47.752327302 ], [ -117.34437056, 47.752293447000099 ], [ -117.344337456, 47.752261094000097 ], [ -117.344299303, 47.752245935000097 ], [ -117.344259812, 47.752237515 ], [ -117.344216858, 47.752239595 ], [ -117.344173833, 47.752231067 ], [ -117.344117143, 47.752230802 ], [ -117.344064147, 47.752223840000099 ], [ -117.344019168, 47.752229235000101 ], [ -117.343974309, 47.752228530000103 ], [ -117.343918566, 47.7522299950001 ], [ -117.343869167, 47.75223716 ], [ -117.343825545, 47.752239815000102 ], [ -117.343773872, 47.7522290040001 ], [ -117.343747285, 47.752198071000102 ], [ -117.343731852, 47.752167695 ], [ -117.343718736, 47.752132361000101 ], [ -117.343705216, 47.752100913 ], [ -117.343694094, 47.752071539 ], [ -117.343676753, 47.752032947 ], [ -117.343652957, 47.751993062000103 ], [ -117.343622144, 47.751955698000103 ], [ -117.343607484, 47.75192966 ], [ -117.343580705, 47.751897445000097 ], [ -117.343559092, 47.751871541000099 ], [ -117.343618504, 47.751955736000099 ], [ -117.34359554, 47.751932455 ], [ -117.343570912, 47.751894297 ], [ -117.343543238, 47.751873989 ], [ -117.343516957, 47.751838280000101 ], [ -117.343494303, 47.751814754000101 ], [ -117.343468839, 47.751792546 ], [ -117.343446648, 47.7517681080001 ], [ -117.343421691, 47.751745134 ], [ -117.343395072, 47.751722558 ], [ -117.343363153, 47.751688862 ], [ -117.343323671, 47.751661909000099 ], [ -117.343292326, 47.7516440650001 ], [ -117.343248601, 47.7516155550001 ], [ -117.343216699, 47.751595879 ], [ -117.343184547, 47.751578042000098 ], [ -117.343134485, 47.751553921 ], [ -117.343099309, 47.7515384390001 ], [ -117.343063694, 47.751520433000103 ], [ -117.343028684, 47.751498871000102 ], [ -117.342986767, 47.751484138000102 ], [ -117.342948795, 47.751450752 ], [ -117.342950624, 47.751422744000102 ], [ -117.342953066, 47.751396662 ], [ -117.342999929, 47.751410258000099 ], [ -117.343030391, 47.751429645 ], [ -117.343081484, 47.751447129 ], [ -117.343117276, 47.751464732 ], [ -117.343170347, 47.751479511000099 ], [ -117.343199685, 47.751445942 ], [ -117.343201001, 47.751418144000098 ], [ -117.343199599, 47.751388625000097 ], [ -117.343204303, 47.751360391 ], [ -117.343219754, 47.751334058000097 ], [ -117.343245991, 47.7513089730001 ], [ -117.343252316, 47.751278646000102 ], [ -117.343267998, 47.751250607 ], [ -117.34328782, 47.7512232670001 ], [ -117.343314921, 47.751199295 ], [ -117.343339369, 47.751173413000103 ], [ -117.343376684, 47.751155600000097 ], [ -117.343423895, 47.751154983 ], [ -117.3434625, 47.751139918 ], [ -117.343498214, 47.751117693 ], [ -117.343523739, 47.751091505 ], [ -117.343548438, 47.751067655 ], [ -117.343578309, 47.751045274 ], [ -117.343623617, 47.751037510000103 ], [ -117.343690448, 47.751029626 ], [ -117.34367161, 47.750995510000102 ], [ -117.343647542, 47.750970973000101 ], [ -117.34361676, 47.750940981 ], [ -117.343635294, 47.750912516 ], [ -117.343672594, 47.750892196000102 ], [ -117.343691732, 47.750862935 ], [ -117.343716644, 47.75083963 ], [ -117.343743007, 47.750815433000099 ], [ -117.343760546, 47.750788018 ], [ -117.343803172, 47.750764871000101 ], [ -117.343792867, 47.7507325 ], [ -117.343803251, 47.750698534 ], [ -117.343844518, 47.750695883 ], [ -117.343891601, 47.750699213000097 ], [ -117.34393078, 47.750710409000099 ], [ -117.34397926, 47.750719939000099 ], [ -117.34401934, 47.750732750000097 ], [ -117.344065877, 47.750741576000102 ], [ -117.344108437, 47.750753097 ], [ -117.344154246, 47.750759602000102 ], [ -117.344204793, 47.750766916 ], [ -117.344244036, 47.750777971 ], [ -117.344304745, 47.7507909 ], [ -117.344346556, 47.750795929 ], [ -117.344380586, 47.750814272000099 ], [ -117.344383757, 47.750779151000103 ], [ -117.344385199, 47.750750505 ], [ -117.344398706, 47.750710175000101 ], [ -117.344374779, 47.750673462000101 ], [ -117.344374001, 47.750645761 ], [ -117.344393232, 47.750621351000099 ], [ -117.344398559, 47.750578459000103 ], [ -117.344407485, 47.750546201000098 ], [ -117.344413403, 47.750505244000102 ], [ -117.344411587, 47.750473121 ], [ -117.344412624, 47.750440654 ], [ -117.34440579, 47.750406105000103 ], [ -117.344402422, 47.7503732710001 ], [ -117.344402004, 47.750344869000102 ], [ -117.34441895, 47.75031671 ], [ -117.344428198, 47.750275896000097 ], [ -117.344429533, 47.750243814 ], [ -117.344396393, 47.750218784 ], [ -117.344371748, 47.750182479 ], [ -117.344330279, 47.75016148 ], [ -117.344281266, 47.750133126 ], [ -117.344231352, 47.750135021000098 ], [ -117.344172668, 47.750147867000102 ], [ -117.34412785, 47.7501363330001 ], [ -117.344079054, 47.750116812 ], [ -117.344063584, 47.750081482 ], [ -117.344112437, 47.750060867000101 ], [ -117.344118584, 47.750033618 ], [ -117.344138684, 47.749997161000103 ], [ -117.344159221, 47.74995498 ], [ -117.344160558, 47.749919215 ], [ -117.344161734, 47.749887988000097 ], [ -117.344146018, 47.74984993 ], [ -117.344130247, 47.749823750000097 ], [ -117.344109561, 47.749798826000102 ], [ -117.344086188, 47.749772558000103 ], [ -117.344063115, 47.749748606 ], [ -117.344033682, 47.749727902000103 ], [ -117.344002819, 47.749706279000101 ], [ -117.34396648, 47.749690308 ], [ -117.343931588, 47.749671562000103 ], [ -117.343896085, 47.749654037 ], [ -117.343853565, 47.749639090000102 ], [ -117.343815903, 47.749623932000098 ], [ -117.343777284, 47.749609710000101 ], [ -117.343739698, 47.74959477 ], [ -117.34370389, 47.749579525000101 ], [ -117.343664373, 47.749567140000103 ], [ -117.343627368, 47.749552808 ], [ -117.343592989, 47.7495370440001 ], [ -117.343555377, 47.749526449 ], [ -117.343518756, 47.749510151 ], [ -117.343481271, 47.749494026 ], [ -117.343421065, 47.749487648000098 ], [ -117.343361283, 47.749484796 ], [ -117.343308581, 47.749491998000103 ], [ -117.343250658, 47.749500354000098 ], [ -117.343196388, 47.749515986000098 ], [ -117.34314203, 47.74953141 ], [ -117.343114001, 47.74955247 ], [ -117.343082005, 47.749585485000097 ], [ -117.343046398, 47.749616796000097 ], [ -117.343007154, 47.749647975000101 ], [ -117.342969789, 47.749635693000101 ], [ -117.34292841, 47.749635581000099 ], [ -117.342887768, 47.749626306 ], [ -117.342843657, 47.749623179 ], [ -117.34280219, 47.749629652000102 ], [ -117.342761387, 47.749637920000097 ], [ -117.342717544, 47.749636159 ], [ -117.342671344, 47.749641593 ], [ -117.342632184, 47.749658569000097 ], [ -117.342592709, 47.749675729 ], [ -117.34255134, 47.749688798000101 ], [ -117.342508294, 47.749704570000098 ], [ -117.342489465, 47.749732759 ], [ -117.342475411, 47.749761199 ], [ -117.342447812, 47.74978509 ], [ -117.34241188, 47.749804005 ], [ -117.342368805, 47.749819607000099 ], [ -117.342324049, 47.7498106460001 ], [ -117.342278105, 47.749799361 ], [ -117.342235503, 47.749784695000102 ], [ -117.342193219, 47.749773403000098 ], [ -117.342150013, 47.749764625000097 ], [ -117.342110087, 47.749753939000101 ], [ -117.342068849, 47.749746993 ], [ -117.342021563, 47.749736047000098 ], [ -117.341974035, 47.749727689000103 ], [ -117.341928713, 47.749719990000102 ], [ -117.341884369, 47.749713146 ], [ -117.341808119, 47.749710416 ], [ -117.341778785, 47.749732478000098 ], [ -117.341734858, 47.749716655 ], [ -117.341718895, 47.749684314 ], [ -117.341714791, 47.749656351000098 ], [ -117.341705768, 47.749626437000103 ], [ -117.341707062, 47.749593697000101 ], [ -117.341712673, 47.749560348 ], [ -117.341720237, 47.749528102000099 ], [ -117.341711123, 47.749495392 ], [ -117.341721714, 47.749465745000101 ], [ -117.341727867, 47.749433446000097 ], [ -117.341732311, 47.749402647000103 ], [ -117.341735768, 47.749372284000103 ], [ -117.341740503, 47.749336812000102 ], [ -117.341757817, 47.749307247 ], [ -117.3417524, 47.7492714360001 ], [ -117.341767663, 47.7492379030001 ], [ -117.341779908, 47.749227714 ], [ -117.341776, 47.749218292000101 ], [ -117.341772472, 47.74919032 ], [ -117.341775991, 47.749160554000099 ], [ -117.34178342, 47.749133139 ], [ -117.341792654, 47.749103495 ], [ -117.341786068, 47.749075405 ], [ -117.341774296, 47.7490485370001 ], [ -117.341762787, 47.7490204630001 ], [ -117.341762923, 47.748990477000099 ], [ -117.341762487, 47.748960088 ], [ -117.341758789, 47.748928848 ], [ -117.341765225, 47.748899030000103 ], [ -117.341759848, 47.748869378000101 ], [ -117.341757511, 47.748840193 ], [ -117.341754054, 47.748811703000101 ], [ -117.341734954, 47.7487827510001 ], [ -117.341720874, 47.748756579 ], [ -117.341717265, 47.748717043000099 ], [ -117.341714208, 47.748688270000102 ], [ -117.341712914, 47.748660237000102 ], [ -117.341713503, 47.748631326000101 ], [ -117.341714418, 47.748602907000098 ], [ -117.341716037, 47.748574649 ], [ -117.341699674, 47.748541240000101 ], [ -117.341687035, 47.748513073 ], [ -117.341656903, 47.748485431000098 ], [ -117.341610068, 47.748494906000097 ], [ -117.341579524, 47.7485139570001 ], [ -117.341537059, 47.7485185130001 ], [ -117.341505679, 47.748500771000103 ], [ -117.341471893, 47.748483019 ], [ -117.341451834, 47.74845766 ], [ -117.341420207, 47.748438338 ], [ -117.341408487, 47.748411554 ], [ -117.34140678, 47.748370683000097 ], [ -117.341421535, 47.748342734000097 ], [ -117.341441286, 47.74831364 ], [ -117.34147186, 47.748288907000102 ], [ -117.341516036, 47.7482610530001 ], [ -117.341555734, 47.748253171 ], [ -117.341595502, 47.748232821 ], [ -117.341591509, 47.7481973330001 ], [ -117.341564065, 47.748175534 ], [ -117.341516715, 47.748167818000098 ], [ -117.341479025, 47.748152657 ], [ -117.341439264, 47.748134888 ], [ -117.341411234, 47.7481115040001 ], [ -117.341385271, 47.748087578000103 ], [ -117.341361957, 47.74805953 ], [ -117.34135653, 47.748029162000101 ], [ -117.34136369, 47.748000897000097 ], [ -117.341357865, 47.7479695970001 ], [ -117.341352338, 47.747938711000103 ], [ -117.34135013, 47.747908084000102 ], [ -117.341364861, 47.7478813970001 ], [ -117.341392559, 47.747847446 ], [ -117.341416682, 47.74781692 ], [ -117.341378604, 47.747788152000098 ], [ -117.341348577, 47.7477650330001 ], [ -117.341307856, 47.747757329000102 ], [ -117.341264802, 47.747749684 ], [ -117.341220952, 47.747751871 ], [ -117.341177506, 47.747746908000103 ], [ -117.341133009, 47.747741338 ], [ -117.341087978, 47.747737977 ], [ -117.341047093, 47.747747826000101 ], [ -117.341003355, 47.747748382000097 ], [ -117.340960755, 47.747743978000102 ], [ -117.340917925, 47.747733142000101 ], [ -117.340874562, 47.747736240000101 ], [ -117.340830784, 47.747734435 ], [ -117.340787799, 47.7477369530001 ], [ -117.340744063, 47.747739891 ], [ -117.340698043, 47.747742869 ], [ -117.340649993, 47.747739936000102 ], [ -117.340602996, 47.747743842 ], [ -117.340556203, 47.747738885 ], [ -117.34050918, 47.747740403000101 ], [ -117.340465294, 47.747733149000098 ], [ -117.340423143, 47.747724662000103 ], [ -117.340376859, 47.747720431000097 ], [ -117.340338674, 47.747731754 ], [ -117.340298857, 47.747745187000099 ], [ -117.340250167, 47.747739446 ], [ -117.340201974, 47.747744764000103 ], [ -117.340146094, 47.7477485060001 ], [ -117.340113197, 47.747771481 ], [ -117.340115521, 47.747801318 ], [ -117.340108898, 47.747830391 ], [ -117.340100459, 47.747859627 ], [ -117.340101895, 47.747888609 ], [ -117.340107082, 47.747918734000102 ], [ -117.340100409, 47.747947512000103 ], [ -117.340097874, 47.747977101000103 ], [ -117.340100949, 47.748007359 ], [ -117.340100373, 47.748038542000103 ], [ -117.340099618, 47.748069646 ], [ -117.340100926, 47.748101766 ], [ -117.340101451, 47.748133213000102 ], [ -117.340094806, 47.74816359 ], [ -117.340087447, 47.748194761 ], [ -117.340087141, 47.748226641 ], [ -117.340099102, 47.748256685000101 ], [ -117.340098996, 47.748287341 ], [ -117.340102841, 47.748317623 ], [ -117.340094753, 47.748348294 ], [ -117.340115675, 47.748375664 ], [ -117.340106427, 47.748405687000101 ], [ -117.340108792, 47.7484333680001 ], [ -117.340106513, 47.748461688000098 ], [ -117.340102976, 47.748491446000102 ], [ -117.340103912, 47.748524653000104 ], [ -117.340083107, 47.748554744 ], [ -117.340076649, 47.748582375000097 ], [ -117.340060099, 47.748611165000099 ], [ -117.340050279, 47.748638532 ], [ -117.340041429, 47.748668790000103 ], [ -117.340045576, 47.748699003000098 ], [ -117.340057192, 47.748729963000102 ], [ -117.340057421, 47.748762983000098 ], [ -117.340098052, 47.748770669000102 ], [ -117.340056429, 47.748770732 ], [ -117.340022598, 47.748787106000101 ], [ -117.339977443, 47.748805611000101 ], [ -117.339940581, 47.748817209 ], [ -117.339891404, 47.748796612 ], [ -117.339834091, 47.748791675000099 ], [ -117.339792929, 47.748783508 ], [ -117.339750403, 47.748775180000102 ], [ -117.339704818, 47.748773064 ], [ -117.339657813, 47.748771242 ] ] ] } }
]
}
